Scaffold,count
c1ccc2ncccc2c1,2388
c1ccccc1,820
C1CC2CCOC3OC4CCC(C1)C23OO4,568
O=C1CC2CCCC3CCC4OOC32C(O1)O4,451
O=c1c2ccccc2[nH]c2ccccc12,331
c1ccc(Nc2ccnc3ccccc23)cc1,325
c1ccc2c(CC3CC4CCN3CC4)ccnc2c1,313
O=C(C=Cc1ccccc1)c1ccccc1,280
c1ccc2c(CC3CCCCN3)ccnc2c1,208
C1CCC2(CC1)OOC1(CCC3C(CCC4C5CCCC5CCC34)C1)OO2,196
c1ccc(-c2cncnc2)cc1,137
O=C1C=C(C2CCC(c3ccccc3)CC2)C(=O)c2ccccc21,128
c1ccc(C2OOC(c3ccccc3)OO2)cc1,122
c1ccc2[nH+]c3c(cc2c1)[nH]c1ccccc13,116
c1ccc(-c2cscn2)cc1,106
O=C1C2=CC3C(=O)C=CCC3CC2Cc2ccccc21,105
B1OCc2ccc(Oc3cnccn3)cc21,105
C1CCOOC1,97
O=C1c2ccccc2C(=O)c2[nH+]c[nH]c21,96
O=c1c2ccccc2[nH]c2cc(Oc3ccccc3)ccc12,96
c1ccc(-c2ccn3c(c2)nc2ccccc23)cc1,95
c1ccc2[nH]c3nc4ccccc4c-3cc2c1,93
c1ccc2nc3ccccc3cc2c1,93
C1CCC2(CC1)OOC1(CCCCC1)OO2,92
O=c1cc(-c2ccccc2)oc2ccccc12,90
O=C1CC(OC2CCCCO2)CC(OC2CCCCO2)CCCCNCCCCO1,88
c1ccc2c(N3CCN(CCCN4CCN(c5ccnc6ccccc56)CC4)CC3)ccnc2c1,87
c1ccc(OCCCCCOc2ccccc2)cc1,86
O=C1C(c2ccccc2)=[NH+]c2ccccc21,84
c1ccc2c3c[nH]c4ccccc4c-3nc2c1,81
O=C1C=CC(=O)c2ccccc21,81
C(=NNc1ccnc2ccccc12)c1ccccc1,80
C1=NC=NCN1c1ccccc1,79
c1ccc(-c2ccccc2)cc1,78
c1ccc(-c2ccc3ncc(-c4ccccc4)n3n2)cc1,77
c1nncc(-c2cnncn2)n1,77
c1ccc(COc2ccccc2)cc1,71
O=C(C=Cc1cnc2ccccc2c1)c1ccccc1,71
c1ccc2ccccc2c1,70
c1ccc(C2CNCCc3ccccc32)cc1,68
c1ccc(Nc2c3ccccc3nc3ccccc23)cc1,68
c1ncc2ncn(C3CCCO3)c2n1,67
C1=NC=NCN1OCCCOc1ccccc1,65
O=C(NC1CC1)c1ccc(-n2cnc3ccccc32)s1,65
O=C(NC1OC2C3CCCN3C(=O)C(Cc3ccccc3)N2C1=O)C1CNC2Cc3c[nH]c4cccc(c34)C2C1,64
c1ccc(-c2cncc(-c3cccnc3)c2)cc1,63
O=C1CC(OC2CCCCO2)CC(OC2CCCCO2)CCCCN(CCCNC(=S)Nc2ccccc2)CCCCO1,63
c1ccc(CNCCCNc2ccnc3ccccc23)cc1,62
c1ccc(C(Nc2ccnc3ccccc23)c2ccc(CN3CCCC3)cc2)cc1,62
O=c1cc[nH]c2ccccc12,61
O=C1Nc2ccccc2C12NCCc1c2[nH]c2ccccc12,60
O=c1cc(-c2ccc(Cc3ccccc3)cc2)[nH]c2ccccc12,59
c1ccc(-c2ccc(-c3ccccc3)o2)cc1,59
C1=CC(c2ccc[nH]2)=NC1=Cc1ccc[nH]1,58
c1ccc2c(NCCCN3CCNCC3)ccnc2c1,57
c1ccc(C2NCCc3c2[nH]c2ccccc32)cc1,57
c1ccc(-c2c[nH+]c3ccccc3[nH+]2)cc1,56
O=C(NCCCN1CCCCOC(=O)CC(OC2CCCCO2)CC(OC2CCCCO2)CCCC1)Nc1ccccc1,54
c1ccc(Nc2ncnc3ccccc23)cc1,54
O=C(Nc1ccccc1)c1c[nH]c(-c2ccccc2)c1-c1ccccc1,53
c1ccc(Cn2c(Nc3ccccc3)nc3ccccc32)cc1,53
c1ccc(Nc2c(-c3ccccc3)nc3n2CCNC3)cc1,52
c1ccc(Cc2cncnc2)cc1,51
c1ccc2c(NCCNCCCCC3CCC4C3CCC3C5CCCCC5CCC43)ccnc2c1,51
c1ccc(-c2cn(-c3ccccc3)nn2)cc1,51
c1ccc(-c2nc3cnc(Nc4ccccn4)cc3[nH]2)cc1,51
O=C(c1cccnc1)N1N=C(c2ccccc2)CC1c1ccccc1,50
C(=C1c2ccccc2-c2ccccc21)c1ccccc1,50
c1ccc(-c2cc3ncncc3s2)cc1,50
c1ccc(CCN2CCC(Nc3nc4ccccc4n3Cc3ccccc3)CC2)cc1,50
O=C(Cn1cnc2ccccc2c1=O)C1CCCN1,49
c1ccc(-c2cnc3ncncc3n2)cc1,48
O=C1C(=NNc2ccccc2)c2ccccc2N1Cc1cn(OC2CCCCO2)nn1,48
c1ccc2c(c1)[nH]c1cnccc12,48
O=c1c2ccccc2[nH]c2cc(OCc3ccccc3)ccc12,48
O=c1ccn(C2CC2)c2cc(N3CCNCC3)ccc12,47
c1ccc2c(c1)ncc1cccn12,47
c1ccc(Cn2nnc(C(CNc3ccccc3)c3ccccc3)c2-c2ccccc2)cc1,46
c1ccc2c(c1)Nc1ccccc1S2,43
c1ccc(Oc2ccccc2)cc1,43
O=C(C=Cc1ccnc2ccccc12)c1ccccc1,43
c1ccc2c(c1)ncc1c3ccccc3[nH]c21,42
O=C(C=Cc1ccc(-c2ccccc2)o1)Nc1ccc(NC(=O)Cc2ccccc2)c(C(=O)c2ccccc2)c1,42
C1=CCCC2C=C(c3nccc4c3[nH]c3ccccc34)C3CCN(CCCC1)CC31CC3C=CCCCCN3C21,42
c1ccc2c(c1)CC1NCCc3cccc-2c31,42
c1ccc2c(NCCCNCCCNc3c4ccccc4nc4ccccc34)c3ccccc3nc2c1,41
c1ccc2c(c1)CCCC2,40
c1ccc(NCc2ccc(C3OOC(c4ccccc4)OO3)cc2)cc1,40
O=C(Nc1cccc(-c2cccnc2)c1)N1CCc2ccccc21,40
c1ccc(CNCCNc2ccnc3ccccc23)cc1,40
O=C(Nc1ccccc1)c1ccccc1,40
c1ccc(Cc2ccccc2)cc1,40
O=C(Nc1ccccc1)C1CC2CCC1O2,40
c1ccc(-n2cnc3ccccc32)cc1,39
c1ccc(OC2CC3CCCC4CCC5OOC43C(O5)O2)cc1,38
c1ccc(Nc2nc3ccccc3[nH]2)cc1,38
c1ccc(-c2nnn(CCCN3CCN(c4ccnc5ccccc45)CC3)n2)cc1,38
O=c1cc(-c2ccc(-c3ccccc3)nc2)[nH]c2ccccc12,37
c1cc2c3c(c[nH]c3c1)CC1NCCCC21,36
c1ccc(-c2cc(-c3ccccc3)on2)cc1,36
O=c1c2ccccc2[nH]c2ccc(Nc3ccccc3)cc12,36
O=c1c2ccccc2[nH]c2cc(Nc3ccccc3)ccc12,36
O=S(=O)(c1ccccc1)n1cc(-c2ccncn2)c2ccccc21,36
C1=C2CCCCC2C2CCC3CCCC3C2C1,36
O=C(NC(CCNCc1ccccc1)Cc1ccccc1)c1ccccc1,36
C1=CC(c2ccccc2)C=CN1,35
O=C(NCCCN1CCN(CCCNc2ccnc3ccccc23)CC1)c1ccccc1,35
C1=CC2OC3(CCC(NCCNc4ccnc5ccccc45)CC3)OOC2CC1,35
c1ccc(Oc2ncnc3ccccc23)cc1,35
O=C(CC1CCCCN1)Cn1cnc2ccccc2c1=O,34
O=C1c2ccccc2C(=O)c2ccccc21,34
O=C(Cn1nnc(-c2ccccc2)n1)N1CCN(c2ccnc3ccccc23)CC1,34
O=C(C=Cc1ccccc1)Nc1ccc(NC(=O)Cc2ccccc2)c(C(=O)c2ccccc2)c1,34
O=C1C=C(Nc2ccccc2)SC1,34
C1CCC2C(C1)CCC1C3CCCC3CCC21,34
O=C(CCc1ccccc1)c1ccccc1,34
c1ccc(N2CCC(NCCCc3cccc4ccccc34)CC2)cc1,33
B1OCc2ccccc21,33
c1ccncc1,33
C1=NC=NCN1OCCCNc1ccccc1,32
C1CC2CCC3C4CCC5(CC4CCC3C2C1)OOCOO5,32
c1ccc2c(CC3CC4CCN3CC4)cc(CCCC3CCC4C3CCC3C5CCCCC5CCC43)nc2c1,32
O=c1cc[nH]cc1-c1ccc(Oc2ccccc2)cc1,32
O=C(C=Cc1ccccc1)NCc1ccccc1,32
c1ccc2c(NCCCNCCCCC3CCC4C3CCC3C5CCCCC5CCC43)ccnc2c1,32
c1ccc(COC2CC3CCCC4CCC5OOC43C(O2)O5)cc1,31
O=C(CCc1ccccc1)NC1COC(n2cnc3cncnc32)C1,31
c1ccc(-c2cncc(-c3cccnc3)n2)cc1,31
O=C(C=Cc1ccccc1)C=Cc1ccccc1,31
C1CO1,30
c1ccc2c(NCCCNc3ccncn3)ccnc2c1,30
c1ccc(-c2ccc(CNCCCNc3ccnc4ccccc34)s2)cc1,30
O=C(NCCCNc1nc2ccccc2[nH]1)c1ccccc1,30
c1ccc(-c2cc3ccccc3o2)cc1,30
c1ccc2c(CC3CC4CCN3CC4)ccnc2c1.c1ccc2c(CC3CC4CCN3CC4)ccnc2c1,30
c1ccc(-c2ccc3ncc(-c4ccncc4)n3n2)cc1,30
c1ccc(CCN2CCCCC2)cc1,30
c1ccc2c(NCCNc3ccncn3)ccnc2c1,29
c1ccc2[nH]c(NC3CCN(CCc4ccc(-c5ncno5)cc4)CC3)nc2c1,29
c1ccc2c(c1)Sc1ccccc1N2CCCN1CCNCC1,29
c1ccc(-c2nc3ccccc3c3cc[nH]c23)cc1,29
C=C1CCC2C1CCC1C3CCCCC3CCC21,29
O=C(NCCCNc1c2c3ccccc3nc-2[nH]c2ccccc12)Nc1ccccc1,29
c1ccc2c(c1)nc(NCCCNCCCNc1nc3ccccc3n3cccc13)c1cccn12,28
c1cc2cc(c1)Oc1ccc(cc1)CC1NCCc3ccc(cc31)Oc1cccc3c1C(C2)NCC3,28
c1ccc2c(c1)CCc1ccccc1N2,28
c1ccc(Nc2nccc(N3CCN(c4ccnc5ccccc45)CC3)n2)cc1,28
O=C(NCC12CC(CN1Cc1ccccc1)C2)c1ccccc1,28
c1ccc(-c2cncc(-c3ccccc3)c2)cc1,28
O=C(CN1CCCCC1)Nc1cccc(Nc2ccnc3ccccc23)c1,27
O=C(C=Cc1ccccc1)NCCn1c2ccccc2c2ccncc21,27
O=C(C=Cc1ccccc1)NCCCCNc1ccnc2ccccc12,27
c1ccc(CNc2cccc3nc4ccccc4n23)cc1,27
O=C(NC(CCNCc1ccccc1)Cc1ccccc1)c1ccc(Nc2ccncc2)cc1,27
O=C(C=C1CCC2C1CCC1C3CCCCC3CCC21)Oc1ccccc1,27
c1ccc(CNCc2ccccc2)cc1,27
c1ccc(OCc2cn(CCNc3ccnc4ccccc34)nn2)cc1,26
c1ccc2cc(CNCCNc3ccnc4ccccc34)ccc2c1,26
C1CCC2CCCCC2C1,26
O=C1C=CC(=O)C=C1,26
c1cnccn1,26
O=C(Cc1ccccc1)NC1CCCCC1N1CCCC1,26
c1ncc2nc[nH]c2n1,26
c1ccc(Nc2ncnc(Oc3ccccc3)n2)cc1,26
c1ccc(-c2nc3c(N4CCC(CN5CCNCC5)CC4)nccc3[nH]2)cc1,26
C1=CC(c2ccc[nH]2)=NC1=Cc1[nH]ccc1Cc1ccccc1,26
O=C(C=Cc1ccccc1)NCCc1ccccc1,26
C(=Cc1ccccc1)c1ccccc1,26
C1CCC2(CC1)OOC1(O2)C2CC3CC(C2)CC1C3,26
c1ccc(CCNCCc2ccnc3ccccc23)cc1,26
c1ccc(C(OC2CC3CCC(C2)N3)c2ccccc2)cc1,26
C(CCc1cc2ccccc2c2ccccc12)=NN=Cc1ccccc1,26
c1ccc(Cc2ccccn2)cc1,25
c1ccc2c(NC3CCC(NC4CCC5(CC4)OCCOO5)CC3)ccnc2c1,25
O=C(C=Cc1cccc2ccccc12)c1ccccc1,25
O=c1[nH]c2cnc3ccc(-c4ccccc4)cc3c2n1-c1ccccc1,25
O=c1cc(-c2ccccc2)oc2c(CNCCc3ccccc3)cccc12,25
c1ccc2c(c1)C1CCC2c2ccccc21,25
c1ccc2c(c1)[nH]c1c[nH+]ccc12,25
O=C(COc1cccc2oc(=O)ccc12)N1CCc2c([nH]c3ccccc23)C1,25
O=C(C(=Cc1ccccc1)Oc1ccc(C=NNc2ccnc3ccccc23)cc1)c1ccccc1,25
c1ccc(CNCC23CC4CC(CC(C4)C2)C3)cc1,24
O=C(Cc1ccccc1)NC1CNCC1c1ccccc1,24
c1ccc(C(c2ccccc2)(c2ccccc2)n2ccnc2)cc1,24
c1ccc2c(NCCCCNc3ccncn3)ccnc2c1,24
C(CCc1cccc2ccccc12)=NN=Cc1ccccc1,24
c1ccc2c(NCCCNCCCNc3ccnc4ccccc34)ccnc2c1,24
C(=CC1CN2CCC1CC2Cc1ccnc2ccccc12)c1ccccc1,24
c1ccc(COCCC2CC3CCCC4CCC5OOC43C(O2)O5)cc1,24
C1=C(c2ccccc2)CCN(CCCc2ccccc2)C1,24
c1ccc(Nc2nc3ccc(N4CCNCC4)cc3[nH]2)nc1,24
O=C(C=Cc1ccccc1)c1ccc(C=Cc2ccccc2)cc1,24
O=C(CSc1ccccc1)c1c[nH]c2ccccc12,24
C1C2CC3CC1CC(C2)C3,24
c1ccc(-c2ccc(CNCCNc3ccnc4ccccc34)s2)cc1,24
O=C(NCc1ccccc1)c1nc2cccc(COCc3ccccc3)c2c(=O)[nH]1,24
c1ccc2[nH+]c3c(cc2c1)[n-]c1ccccc13,24
O=C(C=Cc1ccccc1)NCCCNc1ccnc2ccccc12,24
O=C1C(=Cc2ccccc2)Oc2ccccc21,24
c1ccc(Nc2ncnc(Nc3ccccc3)n2)cc1,23
O=C(Nc1ccc(-c2nc3ccccc3[nH]2)cc1)c1ccccc1,23
O=C(c1cnc(Oc2ccc3c(c2)BOC3)cn1)N1CCC1,23
C=C1CCC2CCCC3CCCC1C32,23
c1ccc2c3c([nH]c2c1)CNCC3,23
O=c1cc[nH]c2cc(N3CCNCC3)ccc12,23
O=S(=O)(c1ccccc1)c1ccccc1,23
O=S(=O)(NCCON1C=NC=NC1)c1ccccc1,23
O=C(Nc1nccs1)c1ccnn1Cc1ccccc1,23
c1ccc(-c2cccc(Nc3ccnc4ccccc34)c2)cc1,23
c1ccc2c(Nc3cc(CN4CCCC4)cc(CN4CCCC4)c3)c3ncccc3nc2c1,23
O=c1c2ccccc2nc(C(Cc2ccccc2)NS(=O)(=O)c2ccccc2)n1N=Cc1ccccc1,22
O=c1cc[nH]cc1-c1ccc(-c2ccccc2)nc1,22
c1ccc(C(NCCNc2ccnc3ccccc23)c2nnn[nH]2)cc1,22
c1ccc2c(c1)ccc[n+]2CCCCCCCCCC[n+]1cccc2ccccc21,22
c1ccc2c(c1)[nH]c1cc3ccncc3cc12,22
O=c1[nH]cnc2cc(-c3ccccc3)sc12,22
O=C1c2cccc3cccc(c23)C(=O)N1CCC[NH2+]CCCCCC[NH2+]CCCN1C(=O)c2cccc3cccc(c23)C1=O,22
O=C(CN(Cc1ccccc1)C(=O)c1ccccc1)NC1CCCCC1,22
O=c1cc(-c2cnn(Cc3ccccc3)c2)[nH]c2ccccc12,22
c1ccc(C2CCC3(CC2)OOC2(O3)C3CC4CC(C3)CC2C4)cc1,22
O=C1C=C(c2ccccc2)C(=O)c2ccccc21,22
O=C(c1cc2ccccc2s1)N1CCOCC1,22
O=C(NCCn1c2ccccc2c2ccncc21)OCC=Cc1ccccc1,22
c1ccc(CCc2cccc(N=c3cc[nH]cc3)c2)cc1,22
c1cncc(-c2cncc(-c3cccnc3)n2)c1,22
O=C(NCc1ccccc1)C1CNCC1c1ccccc1,22
c1ccc(-c2ccsc2)cc1,22
O=C1NC(=O)C2(CCN(Cc3ccccc3)CC2)N1,22
C1=CN(Cc2ccccc2)CC(Cc2ccccc2)C1=[N+]1CCCC1,22
O=C1C=C2CCC3C4CCCC4CCC3C2CC1,22
O=C(Nc1nc(-c2ccccn2)cs1)c1ccccc1,21
c1ccc(-c2nc(-c3ccccc3)c(-c3ccccc3)[nH]2)cc1,21
O=c1oc2cccc3c(=O)oc4cccc1c4c23,21
c1ccc2nc3cccnc3cc2c1,21
C1CCC2C(C1)CCC1C2CCC2C3CCCC3CCC21,21
c1ccc(CNCCNc2nc3ccccc3[nH]2)cc1,21
O=C1C=CC2(C=C1)CCC1(CCCCO1)O2,21
O=C(NC(CCNCc1ccccc1)Cc1ccccc1)c1ccc(N2CCNCC2)cc1,21
O=C(Cn1cnc2cccnc2c1=O)C1CCCN1,21
C1=CC(c2ccc(N3CCN(c4ccnc5ccccc45)CC3)cc2)c2ccccc2O1,21
c1ccc(C2CC3CCNC2C(c2ccccc2)C3)cc1,21
O=C(COc1ccc2c(=O)cc(-c3ccccc3)oc2c1)N1CCN(Cc2ccccc2)CC1,21
c1ccc(CCCCNCCc2ccccc2)cc1,21
c1ccc(-c2cncc(-c3ccccc3)n2)cc1,21
C1=CC2CCC3Nc4ccc(C5CC6CCCN(CCc7c5[nH]c5ccccc75)C6)cc4C34CCN(C1)C24,21
c1ccc(N2CCN(CCCc3cccc4ccccc34)CC2)cc1,21
O=c1[nH]cnc2[nH]cnc12,20
O=C(NCC1CNC2Cc3c[nH]c4cccc(c34)C2C1)c1ccccc1,20
O=c1c2ccccc2[nH]c2cc(-c3ccccc3)ccc12,20
c1ccc(NCc2cnc3ncncc3n2)cc1,20
O=C1C(=Cc2ccccc2)Nc2ccccc21,20
O=C(CNC(=O)CNC(=O)c1ccc(Oc2ccccc2)cc1)NCCCCNc1cccc2cccnc12,20
C1=CC(c2ccc(Cc3ccccc3)[nH]2)=NC1=Cc1ccc[nH]1,20
C1=CC(c2ccc[nH]2)=NC1=Cc1[nH]c(Cc2ccccc2)cc1Cc1ccccc1,20
c1ccc(Sc2ncnc3ccccc23)cc1,20
O=C1C=C(C(Sc2ccccc2)c2ccccc2)C(=O)c2ccccc21,20
c1cc2cc(c1)Oc1ccc(cc1)CC1NCCc3cccc(c31)Oc1ccc3c(c1)C(C2)NCC3,20
c1ccc(-c2ccc(CNCC3CCNCC3)o2)cc1,20
c1ccc(Nc2ccnc3ccnn23)cc1,20
C1CC2CCC3OOC24C(C1)COC4O3,20
c1ccc(C(Nc2ccc(Nc3ccnc4ccccc34)cc2)c2nnn[nH]2)cc1,19
c1ccc2c(c1)c[nH+]c1c3ccccc3ccc21,19
C1=CC2CCCC3CCC4OOC23C(O1)O4,19
O=C(NNc1ccncn1)C1CCC2(CC1)OOC1(OO2)C2CC3CC(C2)CC1C3,19
O=C(NCc1ccccc1)c1ccccc1,19
c1ccc2c(NCCN3CCNCC3)ccnc2c1,19
O=C(NCc1ccccc1)n1cnc(S(=O)(=O)C2CC3CCC2C3)n1,19
c1ccc(C(c2ccccc2)N2CCN(c3cnccn3)CC2)cc1,19
C(=Cc1ccccc1)Cn1cc(Cn2c3ccccc3c3ccncc32)nn1,19
O=C(NCCCNc1nc2ccccc2c2[nH]c3ccccc3c12)Nc1ccccc1,19
N=C1NC(c2cccc(NC(=O)c3ccccc3)c2)CC(=O)N1C1CCOCC1,19
c1ccc2[nH]ccc2c1,19
O=C(C=Cc1cccc(-c2cccc(C=CC(=O)c3ccccc3)c2)c1)c1ccccc1,19
c1ccc2ncncc2c1,19
c1ccc(-c2c[nH]cc2C(c2ccccc2)n2ccnc2)cc1,19
c1ccc2c(Nc3ccc4ocnc4c3)ccnc2c1,19
O=c1[nH]c2cnc3ccc(-c4cccnc4)cc3c2n1-c1ccccc1,18
c1cnc2c(c1)ccc1c2ccc2cccnc21,18
c1ccc(CNc2ccc3ccncc3c2)cc1,18
C(=Cc1nc2ccccc2[nH]1)c1ccccc1,18
c1cc(C2=NCCN2)ccc1OCCCCCOc1ccc(C2=NCCN2)cc1,18
O=C(c1ccccc1)c1ccccc1NC(=O)C(c1ccccc1)N1CCNCC1,18
O=S(=O)(NCCCN1CCN(CCCNc2ccnc3ccccc23)CC1)c1ccccc1,18
C1=NC=NCN1OCCCSc1ccccc1,18
c1ccc(-c2c[nH]c(CNc3ccnc4ccccc34)n2)cc1,18
c1ccc(C(CCN2CCCCC2)NCCNc2ccnc3ccccc23)cc1,18
c1ccc2nc3c4ccccc4n(CCN4CCCC4)c3cc2c1,18
c1cnc2c(Nc3ccnc4ccnn34)cccc2c1,18
O=C(OCCC1CC2CCCC3CCC4OOC32C(O1)O4)c1ccccc1,18
c1ccc(Nc2ccnc(Nc3ccc(N4CCNCC4)cc3)n2)cc1,18
c1c[nH]nn1,18
O=S(=O)(Nc1ccccc1)c1ccc(Nc2ccnc3ncnn23)cc1,18
c1ccc(C(Nc2ccnc3ccccc23)c2ccc(CN3CCNCC3)cc2)cc1,18
c1ccc(NC2CCCC2)cc1,18
c1ccc(C23CCC4CCCCC4(CO2)OO3)cc1,18
O=c1ccn(C2CCCO2)c(=O)[nH]1,18
O=S1(=O)CC2C(OC(COCc3ccccc3)C(OCc3ccccc3)C2OCc2ccccc2)c2ccccc21,18
c1ccc2c(N3CCNCC3)ccnc2c1,18
c1ccc2c(NCCCNCC34CC5CC(CC(C5)C3)C4)ccnc2c1,18
c1ccc(C(c2ccccc2)(c2ccc(CN3CCCC3)cc2)n2ccnc2)cc1,18
O=C1C=CSC1,17
O=C(C=Cc1ccccc1)C=Cc1ccc(OCc2cn(C3COC(n4ccc(=O)[nH]c4=O)C3)nn2)cc1,17
O=C(OCCc1cn(Cc2cncnc2)nn1)c1ccccc1,17
c1ccc2c(c1)[nH]c1c(NC3CCNCC3)c3ccccc3[nH+]c12,17
c1ccc2c(-c3ccncn3)c[nH]c2c1,17
O=C(C=Cc1ccc(-c2ccccc2)o1)Nc1ccc(NC(=O)CCc2ccccc2)c(C(=O)c2ccccc2)c1,17
O=C1c2ccccc2C(=O)c2cc3c(cc21)CCCC3OC1CCCCO1,17
O=C1C(=Cc2ccccc2)SC(=S)N1CCCNc1ccnc2ccccc12,17
O=C(NC(CCNCc1ccccc1)Cc1ccccc1)c1ccc(Nc2ccccc2)cc1,17
c1ccc(CCCNCCc2ccccc2)cc1,17
c1cc(CN2CCNCC2)cc(Nc2ccnc3ccccc23)c1,17
O=C(CCCC1CCC2C1CCC1C3CCC4(CC3CCC21)OOC1(CCCCC1)OO4)Nc1ccccc1,17
c1ccc2c(NC3CCCCC3)ccnc2c1,17
c1ccc(CC2c3ccccc3C3=NCCN32)cc1,17
c1ccc(CCn2cnc3cccnc32)cc1,17
C=C1C(=O)CC2C3=C(CC4C5C(CC6=CC(=O)OC64C13)CC1CC15)C1CC12,17
C1CC2CCC1O2,17
c1ccc(-c2ccc(-c3ccccc3)cc2)cc1,17
O=C1NC(=Nc2ccccc2)SC1=Cc1ccn(-c2ccccc2)c1,17
C1=CN(Cc2ccccc2)CCC1=[N+]1CCCC1,16
C1CCNC1,16
O=C(C=Cc1ccccc1)NCCOc1ccc2[nH]c3cnccc3c2c1,16
O=C1CNC(=O)CNC(=O)CNC(=O)CNC(=O)CNC(=O)CNC(=O)CNC(=O)CNC(=O)CNC(=O)CNC(=O)CN1,16
O=C1CNCN1CCCCNc1cccc2cccnc12,16
O=C1C=C(Nc2ccc3ccccc3c2)SC1,16
O=C1CC(c2ccccc2)Oc2ccccc21,16
c1ccc2c(c1)CCNC2CC1CCN2CCc3ccccc3C2C1,16
c1ccc(CNCCCCNc2ccnc3ccccc23)cc1,16
c1ccc(C[N+]23CCC(CC2)CC3Cc2ccnc3ccccc23)cc1,16
O=C1OC2OC3CCC4CCCC(C1CCCc1ccccc1)C42OO3,16
C1CC1,16
C(=NNc1ccnc2ccccc12)c1ccc(CN2CCCC2)cc1,16
c1ccc2cc(OCc3c[nH]nn3)ccc2c1,16
c1ccc(Cn2ccc3ccccc32)cc1,16
O=C(NCCc1ccccc1)OCc1ccccc1,16
O=C1NC2(C(=O)Nc3ccccc3)CCC(=O)N2c2ccccc21,16
O=C1C2Cc3c([nH]c4ccccc34)C(c3ccc4c(c3)OCO4)N2C(=O)CN1C1CCN(Cc2ccccc2)C1,16
O=C(Nc1ccccc1)C(c1ccccc1)N1CCN(c2ncnc3sc4c(c23)CCCC4)CC1,16
c1ccc2c(NCCNCCNc3ccnc4ccccc34)ccnc2c1,16
c1ccc2nc3c(nc2c1)c1c(c2ccccc23)OCCC1,16
O=C(C=Cc1ccccc1)NCCOc1ccc2c(c1)[nH]c1cnccc12,16
c1ccc(C(c2ccc(CN3CCCC3)cc2)n2ccnc2)cc1,16
c1ccc(N=C(NCCNc2ccnc3ccccc23)Nc2ccccc2Oc2ccccc2)cc1,16
C(=Cc1c[nH]c2ccccc12)c1ccc2ccccc2[nH+]1,16
c1ccc2c(c1)nc(NCCCN1CCN(CCCNc3nc4ccccc4n4cccc34)CC1)c1cccn12,16
c1ccc(-c2ccc3nccc(-c4ccncc4)c3n2)cc1,16
O=C(C=C1C(=O)N(Cc2ccccc2)c2ccccc21)CC1CCCCO1,16
O=C(C=Cc1cccc(NC(=S)Nc2ccccc2)c1)CC1CCCCO1,16
O=C(C=Cc1cccc(NC(=O)Nc2ccccc2)c1)CC1CCCCO1,16
c1ccc(C(Nc2ccnc3ccccc23)c2ccc(CN3CCOCC3)cc2)cc1,16
c1ccc(N=C(NCCCCNc2ccnc3ccccc23)Nc2ccc(Oc3ccccc3)cc2)cc1,16
c1ccc(Nc2cccc3nc4ccccc4n23)cc1,16
c1ccc(COCC2OC3c4ccccc4[SH+]CC3C(OCc3ccccc3)C2OCc2ccccc2)cc1,16
c1ccc(CCn2cnc3ccccc32)cc1,16
c1ccc2c(c1)[I+]c1ccccc1-2,16
O=C(OCCCOC(=O)c1ccccc1)c1ccccc1,16
c1ccc(-c2nc3c(N4CCC(N5CCNCC5)CC4)nccc3[nH]2)cc1,16
O=C(C=Cc1ccccc1)NCc1cc2c(cn1)[nH]c1ccccc12,16
c1ccc(C(c2ccccc2)N2CCN(c3ncnc4sc5c(c34)CCCC5)CC2)cc1,16
O=c1c2ccccc2[nH]c2ccc(Oc3ccccc3)cc12,16
c1ccc(C(c2ccn(-c3ccccc3)c2)n2ccnc2)cc1,16
c1ccc(Nc2ncnc(Nc3ccc(Nc4ccnc5ccccc45)cc3)n2)cc1,16
C(=Cc1ccccc1)Cn1cc(COc2ccc3c(c2)[nH]c2cnccc23)nn1,16
c1ccc(-c2cccc(-c3ccccc3)c2)cc1,15
O=C(C=Cc1ccccc1)c1ccc(OCc2cn(-c3ccnc4ccccc34)nn2)cc1,15
c1ccc2nc3c(cc2c1)CCCC3,15
C=C1c2ccccc2CCc2ccccc21,15
c1ccc(Cn2nncc2-c2ccccc2)cc1,15
O=C(CC(NC(=O)c1ccccc1)c1ccccc1)OC1C=C2CC(=O)C3CCC4OCC4C3C(OC(=O)c3ccccc3)C(C2)C1,15
O=C(CNc1ccnc2ccccc12)N1CCNCC1,15
c1ccc(CN2CCC(Nc3nc(N4CCNCC4)nc4ccccc34)CC2)cc1,15
O=C(C=Cc1ccccc1)c1ccc(OCc2cn(C3COC(n4ccc(=O)[nH]c4=O)C3)nn2)cc1,15
c1ccc(Nc2cc3[nH]c(Nc4ccc(N5CCNCC5)cn4)nc3cn2)cc1,15
c1ccc2c(NCCCNCCC34CC5CC(CC(C5)C3)C4)ccnc2c1,15
c1ccc(Nc2ccnc3ncnn23)cc1,15
O=C(C=Cc1ccccc1)c1cccc2ccccc12,15
c1ccc(-c2ncnc3ccccc23)cc1,15
O=C(Nc1ccccc1)OC1CCc2ccccc2C1,15
C(#CC1CN2CCC1CC2)c1ccccc1,15
O=C(Nc1ccccc1)Nc1ccccc1,15
O=c1c(-c2ccc(Oc3ccccc3)cc2)c[nH]c2ccccc12,15
c1ccc(C[n+]2ccc3c(c2)[nH]c2ccccc23)cc1,15
c1ccc(CCCN2CCN(c3ccccc3)CC2)cc1,14
O=c1ccc2ccccc2o1,14
c1ccc(-c2cc(NCCCCNc3ccnc4ccccc34)ncn2)cc1,14
O=C(C=Cc1ccccc1)NCC(=O)NC(CCc1ccccc1)C(=O)Nc1ccnc2ccccc12,14
O=C(C=Cc1ccccc1)C=Cc1ccc(OCc2cn(-c3ccnc4ccccc34)nn2)cc1,14
O=C(N=CNCc1ccccc1)c1cnccn1,14
O=C(CCc1ccccc1)CCc1ccccc1,14
c1ccc(N=C(NCCCNc2ccnc3ccccc23)Nc2ccccc2Oc2ccccc2)cc1,14
c1cnc(N2CCC3(CCN(Cc4c[nH]c5ccccc45)C3)CC2)nc1,14
C1=C2C3CCCCC3CCC2C2CCC3CCCCC3C2C1,14
c1ccc([SiH](CCCN2CCCCC2)C2CCCCC2)cc1,14
c1ccc(-c2nc3ccc(-c4nc5ccccc5[nH]4)cc3[nH]2)cc1,14
O=C(CCCN1CCC(c2ccccc2)CC1)c1ccccc1,14
c1ccc(C2CC3(N4CCCC4)CCNC2C(c2ccccc2)C3)cc1,14
C1=CC2=CCCCC2CC1,14
c1ccc(CN2CCC(CNC3CCC(N4CCC4)CC3)C2)cc1,14
c1ccc(Nc2ccnc(NCCCNc3ccnc4ccccc34)n2)cc1,14
c1ccc(CCN2CCC(Cc3ccccc3)CC2)cc1,14
c1ccc2c(NCCCN3CCN(CCCNCC4CC4)CC3)ccnc2c1,14
O=C(NC1CCN(CC2CCCC2)CC1)c1cccc(-c2ccccc2)c1,14
O=C(NC1=NN2C(=NC(c3ccccc3)=CC2c2ccccc2)N1)c1ccccc1,14
N=c1[nH]cnc2c1ncn2C1CCCO1,14
c1ccc(Nc2ccnc(NCCNc3ccnc4ccccc34)n2)cc1,14
O=C(CC1CCCC2(CCCC(Cc3nc4ccccc4o3)O2)O1)c1ccc[nH]1,14
c1ccc(-c2cc(CN3CCCC3)cn2Nc2ccnc3ccccc23)cc1,14
O=C(C=Cc1ccc2ccccc2c1)c1ccccc1,14
c1ccc(C2CC3(N4CCCCC4)CCNC2C(c2ccccc2)C3)cc1,14
c1ccc(Nc2ccnc(NCCCCNc3ccnc4ccccc34)n2)cc1,14
c1ccc(CCN2CCC(Nc3nc4ccccc4[nH]3)CC2)cc1,14
c1ccc(CCCc2ccc(CN3CCCCC3)cc2)cc1,14
c1ccc(-c2nc(-c3ccccc3)c(-c3ccncc3)[nH]2)cc1,14
c1ccc2c(NC3CCNCC3)ncnc2c1,14
c1ccc(N=C(NCCCCNc2ccnc3ccccc23)Nc2ccccc2Oc2ccccc2)cc1,14
c1ccc2c(c1)CC(N1CCNCC1)c1ccccc1S2,14
c1ccc2c(c1)CCc1cccc3c1C2CN1CCCCC31,14
O=C1Cc2cc3n(c(=O)c2CO1)Cc1cc2ccccc2nc1-3,14
c1ccc(CCCN2CCN(CCOC(c3ccccc3)c3ccccc3)CC2)cc1,14
O=C(C=Cc1ccccc1)c1ccc(S(=O)(=O)NCCCNc2cncc3ccccc23)cc1,14
O=c1cc[nH]cc1-c1ccc(OCc2ccccc2)nc1,14
O=C(CCC(=O)OC1CC2CCCC3CCC4OOC32C(O4)O1)NCCCNc1c2c3ccccc3nc-2[nH]c2ccccc12,14
c1ccc2c(c1)CCC(CN1CCN(c3cc(N4CCCC4)nc(N4CCCC4)n3)CC1)O2,14
C1=NOC(c2nc(-c3ccccc3)no2)C1,14
c1ccc(N=C(NCCNc2ccnc3ccccc23)Nc2ccc(Oc3ccccc3)cc2)cc1,14
C1CC2CCC3CCCC4CCC(C1)C2C34,14
O=c1cc(-c2ccccc2)c2ccccc2o1,13
c1cnc(N2CCC3(CN(Cc4c[nH]c5ccccc45)C3)C2)nc1,13
c1ccc2c(c1)NC1NCCC21,13
O=c1ccn(CCCCCCNc2ccnc3ccccc23)cc1,13
C(=Cc1ccccc1)Cn1cc(COc2ccc3c4ccncc4n(Cc4cn(CC=Cc5ccccc5)nn4)c3c2)nn1,13
O=c1ccn(CCCCCCNc2ccnc3ccccc23)cc1OCc1ccccc1,13
c1ccc(-c2cccn2Nc2ccnc3ccccc23)cc1,13
O=C(OC1Cc2ccccc2OC1c1ccccc1)c1ccccc1,13
c1ccc(COc2ncnc3ccccc23)cc1,13
c1ccc(-n2cc(CSC3CCCCO3)nn2)cc1,13
c1ccc(C2CC3(N4CCCCC4)CCC2C(c2ccccc2)C3)cc1,13
C(CCN1CCNCC1)=C1c2ccccc2Sc2ccccc21,13
O=C(C=Cc1ccccc1)NCC(=O)Nc1cccc2cccnc12,13
O=C(C=Cc1ccccc1)Nc1ccccc1,13
O=c1ccn(CCCCNc2ccnc3ccccc23)cc1,13
c1cc2c(c(-c3cccc4ccccc34)c1)CCNC2,13
O=C1C=CC2C(CCC3C2CCC2C(c4ccoc4)C(=NOCc4cn(-c5ccccc5)nn4)C4OC423)C1,13
c1ccc2c(-c3ccc4c(c3)CNCC4)cccc2c1,13
c1cc(C2CCC3(CC2)OOC2(O3)C3CC4CC(C3)CC2C4)ccc1OCCN1CCOCC1,13
c1ccc(-c2cc(CN3CCCCC3)cc(CN3CCCCC3)n2)cc1,13
c1ccc2c(c1)N=C(N1CCNCC1)c1ccccc1O2,13
c1ccc2[nH]c(CN3CCC(Cn4ccnc4)CC3)cc2c1,13
C(=Cc1[nH+]c2ccccc2o1)C=C1Nc2ccccc2S1,13
O=C1c2ccccc2C(=O)N1Cc1nc2ccccc2n1Cc1cn(-c2ccccc2)nn1,13
c1ccc(OCCN2CCNCC2)c(CN2CCCN(c3ccncc3)CC2)c1,13
c1cc(CN2CCCC2)cc(Nc2ccnc3ccccc23)c1,13
O=C(Nc1ccccn1)c1ccccc1,13
c1ccc(N2CCN(CCC3CC4CCCC5CCC6OOC54C(O3)O6)CC2)cc1,13
O=C1C=CC(=O)c2cc3c(cc21)CCCC3,13
c1ccc(CNCC2CC3(c4ccccc4)CCN2C3)cc1,13
O=C1c2ccccc2C(=O)c2c1[nH]c[n+]2C1CC1,13
c1ccc(C2CC3(N4CCCC4)CCC2C(c2ccccc2)C3)cc1,13
c1ccc2oc3cc(=Nc4ccncc4)c4ccccc4c-3nc2c1,13
O=C1OC(=O)C2C3CCC(O3)C12,13
C(=Cc1ccccc1)CN1CCN(C(c2ccccc2)c2ccccc2)CC1,13
c1ccc(Nc2ncnc(Nc3ccc(Nc4c5ccccc5nc5ccccc45)cc3)n2)cc1,13
N=C1NC(c2ccccc2)(c2ccccc2)C(=O)N1C1CCCCC1,13
C1=CCOOC1,13
c1ccc2cc(-c3ccc4ccccc4c3)ccc2c1,13
C1=CC23CCN(Cc4cc5c(cc42)OCO5)C3CC1,13
C1=CCCCC1,13
C(=NNc1ccnc2ccccc12)c1ccc2c(c1)OCO2,12
c1ccc2c(NC3CCCCC3Nc3ccnc4ccccc34)ccnc2c1,12
O=C(CON1C=NC=NC1)Nc1ccccc1,12
C1=NCCc2c1cccc2-c1ccccc1,12
O=C(C=Cc1cccc(NS(=O)(=O)c2ccccc2)c1)CC1CCCCO1,12
c1ccc(Cn2cc[n+](Cc3ccccc3)c2)cc1,12
O=C1CSC(c2ccccc2)N1CCNc1ccnc2ccccc12,12
c1ccc(-c2cc(-c3ccccc3)nc(-c3c[nH]c4ccccc34)c2)cc1,12
c1ccc(-c2cn(CCNc3ccnc4ccccc34)nn2)cc1,12
O=S(=O)(Nc1c(S(=O)(=O)c2ccccc2)c2nc3ccccc3nc2n1CCc1ccccc1)c1ccccc1,12
C1CCNCC1,12
c1ccc(CCNc2ccnc(-c3ccccn3)n2)cc1,12
C1=NC=NC(c2ccccc2)N1OCCCOc1ccccc1,12
O=C1C(=NNc2ccccc2)c2ccccc2N1Cc1cn(CC2CC3OCOC3O2)nn1,12
S=C(NCCCNc1c2c3ccccc3nc-2[nH]c2ccccc12)Nc1ccccc1,12
O=c1cc(-c2ccccc2)oc2c(CNCc3ccccc3)cccc12,12
O=C1C(=Cc2ccccc2)SC(=S)N1CCCCNc1ccnc2ccccc12,12
c1ccc2c(c1)ncc1[nH]ccc12,12
C=C1CN2CCC34c5ccccc5N5C6OC(C(C1CC23)C54)N1c2ccccc2C23CCN4CC(=C)C(CC42)C6C13,12
c1ccc(N=C(NCCCNc2ccnc3ccccc23)Nc2ccc(Oc3ccccc3)cc2)cc1,12
O=C(C=Cc1ccccc1)OCCc1ccccc1,12
O=C(CC1CCC2(CC1)OOC1(OO2)C2CC3CC(C2)CC1C3)N1CCC(N2CCNCC2)CC1,12
O=S(=O)(NCCCON1C=NC=NC1)c1ccccc1,12
O=C(C=CC(=O)Nc1ccccc1)NCCCCNc1cccc2cccnc12,12
C1CCCCC1,12
C=C1CN2C(C3=CC4C5CC6N(CCC67c6ccccc6N(C3=O)C47)CC5=C)CC34c5ccccc5N5C(=O)CC=C(C1CC23)C54,12
c1ccc(CNc2ccnc3ccccc23)cc1,12
c1ccc(OCCCc2ncncc2-c2ccccc2)cc1,12
c1ccc(Cn2cc(-c3ccccc3)nn2)cc1,12
c1ccc(CNc2ncnc3[nH]cnc23)cc1,12
c1ccc2c(NCCN3CCCCC3)ccnc2c1,12
O=C(Nc1ccc(OC2CCNCC2)nc1)c1cn2ccnc2s1,12
O=c1[nH]cnc2c1ncn2CCNCCP(=O)(NCCc1ccccc1)NCCc1ccccc1,12
O=S(=O)(c1ccccc1)N1CCCc2ccccc21,12
c1ccc2c(N3CCN(c4ccncn4)CC3)ccnc2c1,12
c1ccc2[nH]nnc2c1,12
c1ccc(CCCN2CCN(C(c3ccccc3)c3ccccc3)CC2)cc1,12
c1ccc(COC2C(Cn3cnc4cncnc43)OC3OCOC32)cc1,12
c1ccc2c(NCCCNc3ccnc(N4CCNCC4)n3)ccnc2c1,12
c1cc2cc(c1)Oc1ccc(cc1)CC1NCCc3ccc4c(c31)Oc1cc3c(cc1O4)CCNC3C2,12
O=C(NCCN1CCCCOC(=O)CC(OC2CCCCO2)CC(OC2CCCCO2)CCCC1)Nc1ccc2ccccc2c1,12
c1ccc(CCc2ccccc2)cc1,12
C1CCC23COC(CCC2C1)OO3,12
c1ccc2c(-n3ccnn3)ccnc2c1,12
c1ccc2c(NCCCCNCC34CC5CC(CC(C5)C3)C4)ccnc2c1,12
C1CC2CCC3OOC24C(C1)CC(OCCOC1CC2CCCC5CCC6OOC52C(O1)O6)OC4O3,12
C1=C2c3cccc4[nH]cc(c34)CC2NCC1,12
O=C1C=C(Cc2ccccc2)C(=O)c2ccccc21,12
O=c1c2ccccc2[nH]c2ccc(OCc3ccccc3)cc12,12
C1=NC=NCN1OCCCN(Cc1ccccc1)c1ccccc1,12
O=C1Cc2c([nH]c3ccccc23)-c2ccccc2N1,12
O=C(Nc1ccccc1)Nc1ccc(S(=O)(=O)NCc2ccccc2)cc1,12
c1ccc(-c2nc3ccc(NCc4cn(-c5ccccc5)nn4)cc3nc2-c2ccccc2)cc1,12
O=C(c1ccnc(Nc2nc3cnc(Nc4ccccc4)cc3[nH]2)c1)N1CCNCC1,12
O=C(c1ccccc1)c1ccccc1,12
c1ccc(-c2nc3ccc(N(Cc4cn(-c5ccccc5)nn4)Cc4cn(-c5ccccc5)nn4)cc3nc2-c2ccccc2)cc1,12
O=C1OC2CC(CC=CC(OC3CCC(OC4CCCCO4)CO3)CC=CC=C3COC4CC=CC1C34)OC1(CCCCO1)C2.O=C1OC2CC(CC=CC(OC3CCC(OC4CCCCO4)CO3)CC=CC=C3COC4CC=CC1C34)OC1(CCCCO1)C2,12
c1cnc(N2CCC(CNCc3c[nH]c4ccccc34)CC2)nc1,12
c1ccc2nc(N3CCNCC3)ccc2c1,12
O=C1C2=C(NC=CS2(=O)=O)C(=O)c2[nH]ccc21,12
c1ccc2c(c1)CC1CC2CCN1,12
c1ccc2c(NCCNCCOC3CC4CCCC5CCC6OOC54C(O3)O6)ccnc2c1,12
c1ccc2c(NCCCCNCCC34CC5CC(CC(C5)C3)C4)ccnc2c1,12
c1cc(Cc2nnn[nH]2)cc(Nc2ccnc3ccccc23)c1,12
c1ccc2c(c1)[nH]c1ccccc12,12
O=C(C=Cc1ccc(OCc2cn(-c3ccnc4ccccc34)nn2)cc1)c1ccccc1,12
N=C(Nc1c2ccccc2nc2cccnc12)c1ccccc1,12
c1ccc2nc3c(cc2c1)[nH]c1ccccc13,12
C1=NC=NCN1OCc1ccccc1,12
C1CC2(CCN1)OOC1(OO2)C2CC3CC(C2)CC1C3,11
O=C1c2ccccc2-c2nccc3cccc1c23,11
O=[PH]1OCC2OC(n3cnc4cncnc43)CC2O1,11
O=C1C=C(Cn2cc(C(=O)Nc3ccccc3)c(-c3ccccc3)c2-c2ccccc2)CO1,11
O=C(NC1CCN(CCOc2ccccc2)CC1)c1c[nH]c2ccncc2c1=O,11
c1ccc(OCCCOc2ccccc2)cc1,11
c1ccc(Nc2ccc3ncc(-c4ccccc4)n3n2)cc1,11
c1ccc(CNc2ncnc3c2ncn3C2CCCO2)cc1,11
c1ccc2c3cc[nH]cc-3nc2c1,11
C=C(c1ccccc1)C1COC2(OO1)C1CC3CC(C1)CC2C3,11
O=C1C=CCN1,11
c1cnc2c(c1)ccc1cccnc12,11
C(CCc1ccc2ccccc2c1)=NN=Cc1ccccc1,11
O=C1C(OC2CCCCC2)C(c2ccccc2)N1Cc1ccccc1,11
O=C1N=C(Nc2ccccc2)SC1=Cc1ccn(-c2ccccc2)c1,11
O=C(OCC1CCNCC1)c1c[nH]c2ccccc12,11
O=C1C=C(Nc2ccccc2)C(=O)c2ccccc21,11
O=C(NCC1CCCCO1)C1CCCN1,11
C1=NN(c2ccccc2)C2C3N(C=NN3c3ccccc3)c3ccccc3N12,11
c1ccc2c(c1)Cc1ccccc1-2,11
O=C(C=Cc1ccc2ccccc2n1)c1ccccc1,11
C(CC1CC2CCCC3CCC4OOC32C(O1)O4)CC1CC2CCCC3CCC4OOC32C(O1)O4,11
c1ccc(CN2CCN(c3ccnc4ccccc34)CC2)cc1,11
O=C(Nc1ccccc1)Nc1cccc(Nc2nccc(Nc3ccc4cn[nH]c4c3)n2)c1,11
c1ccc(C2CCc3ccccc3O2)cc1,11
c1ccc(CNc2ccccn2)cc1,11
N=C1NC(c2cccc(Nc3ccccc3)c2)CC(=O)N1C1CCOCC1,11
c1ccc(OC2C(Cn3cnc4cncnc43)OC3OCOC32)cc1,11
c1ccc(-c2ccc(N=c3cc[nH]c4ccccc34)cc2)cc1,11
c1ccc2c(NCC3CCCN4CCCCC34)ccnc2c1,11
c1ccc(OCCCCc2ncncc2-c2ccccc2)cc1,11
O=C1C=C(CCn2cc(C(=O)Nc3ccccc3)c(-c3ccccc3)c2-c2ccccc2)CO1,11
C(=NNc1ccnc2cc3c(cc12)OCO3)c1ccccc1,11
c1ccc(Nc2nccc(Nc3ccc4nc[nH]c4c3)n2)cc1,11
O=C(C=Cc1ccccc1)OCc1ccc2c(c1)C(=O)c1ccccc1C2=O,11
c1ccc(-c2ccnc(NCCCCNc3ccnc4ccccc34)n2)cc1,11
C1=NCCc2c1cccc2-c1cccc2ccccc12,11
O=c1cccc(C=Cc2ccccc2)o1,11
C1=C2CN3c4ccccc4C4CCNC(CC2CC2c5[nH]c6ccccc6c5CCN12)C43,11
O=C1C(=NNc2ccccc2)c2ccccc2N1Cc1cn(CC2OC3OCOC3C3OCOC23)nn1,11
O=C1CC2CCCC3CCC=C3C2O1,11
c1ccc(N=c2cc3oc4ccccc4nc-3c3ccccc23)cc1,11
c1ccc(C(c2ccc(CN3CCNCC3)cc2)n2ccnc2)cc1,11
c1ccc2c(c1)CC1NCCC23CCCCC13,11
O=C(Nc1ccccc1)c1csc(N2CCNCC2)n1,11
c1ccc(CC2=NCCN2)cc1,11
O=C(NNc1ccncn1)c1ccc(CN2CCNCC2)cc1,11
O=c1cc(-c2ccc(-c3ccccc3)cc2)[nH]c2ccccc12,11
C(=NNc1ccnc2ccccc12)c1ccc2ccccc2n1,11
O=C1C=C(OCc2cn(-c3ccccc3)nn2)C(=O)c2ccccc21,11
c1ccc(C23CCC(c4ccccc4)(OO2)C2OC23)cc1,10
c1ccc(Cn2cncc2CNc2cc(-c3ccccc3)cs2)cc1,10
c1ccc2c(c1)CCc1ccccc1N2CCCNCCCNc1ccnc2ccccc12,10
O=C(Nc1ccncc1)c1cccc(C(=O)Nc2ccncc2)c1,10
c1ccc(-c2cc3ccccc3[nH]2)cc1,10
O=C(NN=Cc1ccccc1)c1ccccc1,10
O=C(c1ccc(-c2cncc(-c3cccnc3)n2)cc1)N1CCNCC1,10
c1ccc(C2OOC3(CCCCC3)OO2)cc1,10
c1ccc(-c2ccnc(C3CCN(CC45CNCC4C5)CC3)n2)cc1,10
c1ccc2cc(Nc3ccnc4ncnn34)ccc2c1,10
c1ccc2c(NCCNc3ccnc(N4CCNCC4)n3)ccnc2c1,10
O=C1NC(=O)C2C3CCC(O3)C12,10
O=C(NCCNc1ccnc2ccccc12)c1c[nH+]c2ccccc2[nH+]1,10
c1ccc(Nc2cc3[nH]c(-c4cccnc4)nc3cn2)nc1,10
O=C(Nc1ccccc1)OCC1N=C(c2ccccc2)c2ccccc2NC1=O,10
c1ccc(-c2nc3c(N4CCNCC4)nccc3[nH]2)cc1,10
c1ccc(CNCc2cccc(CNc3ccnc4ccccc34)c2)cc1,10
c1ccc(-c2ccnc(OCc3cn(CCCNc4ccnc5ccccc45)nn3)n2)cc1,10
O=C(C=Cc1ccccc1)NCCCCNc1cccc2cccnc12,10
c1ccc(-c2nc3ccccc3n2CCCNc2ccnc3ccccc23)cc1,10
O=C(OCC1OC2OC3CCC4CCCC1C42OO3)c1ccccc1,10
c1c[nH]cn1,10
c1ccc(-c2nc(CNc3ccnc4ccccc34)[nH]c2CN2CCCC2)cc1,10
C(=Cc1ccccc1)Cn1cc(COc2ccc3[nH]c4cnccc4c3c2)nn1,10
c1ccc(CNCCNc2ccncc2)cc1,10
c1ccc(Nc2ccccc2)cc1,10
O=C1C(c2ccccc2)=[NH+]c2cc3c(cc21)OCO3,10
O=C1OC(CN2CCN(c3ccccc3)CC2)CN1CCNc1ccnc2ccccc12,10
O=[PH](OCCC1CC2CCCC3CCC4OOC32C(O1)O4)OCCC1CC2CCCC3CCC4OOC32C(O1)O4,10
O=C(C=Cc1ccccc1)c1ccc2ccccc2c1,10
C(=Cc1cc(C=Cc2ccccc2)n(-c2ccccc2)n1)c1ccccc1,10
c1ccc(CN2CCC(Nc3nc(N4CCCCC4)nc4ccccc34)CC2)cc1,10
C(COC1CC2CCCC3CCC4OOC32C(O1)O4)COC1CC2CCCC3CCC4OOC32C(O1)O4,10
O=C1Nc2ccccc2C1=Cc1ccccc1,10
C1=NC=NC(c2ccccc2)N1c1ccccc1,10
N=C1C(=O)N(CCNc2ccnc3ccccc23)c2ccccc21,10
c1ccc2c(NCCCNc3nccc(N4CCNCC4)n3)ccnc2c1,10
O=C(C=Cc1ccccc1)NCCNc1ccnc2ccccc12,10
c1ccc(Nc2ccc(N3CCNCC3)nn2)nc1,10
O=C(CCCc1cn(S(=O)(=O)c2ccccc2)c2ccccc12)NC12CC3CC(CC(C3)C1)C2,10
c1ccc(CNCCCNCc2ccccc2)cc1,10
O=C(C=Cc1ccc(C(=O)OC2CC3CCCC4CCC5OOC43C(O5)O2)cc1)c1ccccc1,10
O=C1c2ccccc2C(=O)c2cc(C3c4ccccc4C(=O)c4ccccc43)ccc21,10
c1ccc(OCCCOc2cncnc2)cc1,10
O=C1c2ccccc2-n2c1nc1ccccc1c2=O,10
O=C(C=C1C(=O)Nc2ccccc21)CC1CCCCO1,10
O=S(=O)(NCCCCNc1ccnc2c1cnn2-c1ccccc1)c1ccccc1,10
O=C(NCCc1ccccc1)c1ccc2c(c1)CCCC2,10
O=C(COc1ccccc1C(=O)C=Cc1ccccc1)NCCNc1ccnc2ccccc12,10
C(=Cc1ccc2ccccc2[nH+]1)c1ccccc1,10
c1ccc(-c2ccnc(NCCCNc3ccnc4ccccc34)n2)cc1,10
c1ccc2c(Cn3cc(-c4ccncn4)c4ccccc43)c3ccccc3cc2c1,10
O=C(Cc1ccccc1)NCCCNCCCCCCCCCCCCNCCCNC(=O)Cc1ccccc1,10
c1coc(CNCCCNc2ccnc3ccccc23)c1,10
c1cc2cc(c1)Oc1ccc3c(c1)C(Cc1ccc(cc1)Oc1c4c(cc5c1C(C2)NCC5)OCO4)NCC3,10
O=C(NCCCCNc1cccc2cccnc12)c1c[nH+]c2ccccc2[nH+]1,10
c1ccc(CNC2CCN(C3CCNCC3)CC2)cc1,10
c1ccc(-c2c[n+](-c3ccccc3)c3n2CCCCC3)cc1,9
c1ccccc1.c1ccccc1,9
c1cnc2[nH]ncc2c1,9
C(CCc1cc2ccccc2c2ccccc12)=Nc1ccccc1,9
C1CC2CCC3C4CCC5(CC4CCC3C2C1)OOC1(CCC2C(CCC3C4CCCC4CCC23)C1)OO5,9
c1ccc2c(NCCNCc3ccc(-c4ccncn4)s3)ccnc2c1,9
O=c1cc(-c2ccc(Oc3ccccc3)cc2)[nH]c2ccccc12,9
O=C1C=C(CSc2ccccc2)C(=O)c2ccccc21,9
O=S(=O)(NC(CCN1CCN(Cc2ccc3c(c2)OCO3)CC1)Cc1ccccc1)c1ccccc1,9
c1ccc(-c2ccc(-c3ccccn3)cc2)nc1,9
c1ccc(CNCc2ccc(CNc3ccnc4ccccc34)cc2)cc1,9
c1ccc(CCCNC2CCN(c3ccccc3)CC2)cc1,9
O=C(NC(CCNCc1ccccc1)Cc1ccccc1)c1ccc(NC2CCNCC2)cc1,9
c1ccc(CCCCN2CCN(CCCCc3ccccc3)CC2)cc1,9
O=C(NCc1ccccc1)c1cc(-c2ccccc2)nc2ccccc12,9
c1csc(-n2cnc3ccccc32)c1,9
C1CCOCC1,9
c1ccc(-c2cnc3ccc(-c4cccnc4)nn23)cc1,9
c1ccc(CN2C3CCC2CC(NCCCCN2CCNCC2)C3)cc1,9
c1ccc2c(NCCNCC34CC5CC(CC(C5)C3)C4)ccnc2c1,9
c1ccc2c(c1)CCC1CCCCC21,9
c1ccc2[nH]c(-c3c[nH]c4ccccc34)cc2c1,9
O=C(Nc1ccccc1)N1CCN(C2=CC3=NCCN3C=N2)CC1,9
c1ccc2c(N3CCNCCN(c4ccnc5ccccc45)CC3)ccnc2c1,9
O=C1C(=O)c2ccccc2C2=C1CCCO2,9
c1ccc(-c2ccnc(OCc3cn(CCNc4ccnc5ccccc45)nn3)n2)cc1,9
c1ccc2c(c1)c[nH+]c1c3cc4c(cc3ccc21)OCO4,9
O=C(C=Cc1ccc(OCc2cn(C3COC(n4ccc(=O)[nH]c4=O)C3)nn2)cc1)c1ccccc1,9
C1COOC1,9
c1ccc2c(c1)[nH]c1c(N3CCCCC3)nccc12,9
O=C1NCc2nc3ccccc3c(=O)n2C1Cc1c[nH]c2ccccc12,9
O=C1C=CCS1,9
O=C(CCc1ccccc1)NCc1ccccc1,9
c1ccc2c(c1)ccc1ccccc12,9
O=C(CN1C(=O)c2ccccc2C1=O)N1CCN(C(=O)CN2C(=O)c3ccccc3C2=O)CC1,9
O=C1C=CC2CCCC(CCC3=CCOC3=O)C2C1,9
O=c1cc[nH]c(=O)[nH]1,9
O=C1C(c2ccccc2)=Nc2ccccc21,9
c1ccc(N2CCNCC2)cc1,9
c1cnc2cccnc2c1,9
N=C1C(c2ccoc2)C2CCC3C4C=CC(=O)CC4CCC3C23OC13,9
O=S(=O)(NCCNCC=Cc1ccccc1)c1cccc2cnccc12,9
c1ccc2c(NCCNCCC34CC5CC(CC(C5)C3)C4)ccnc2c1,9
C(=CC1c2ccccc2OC2(c3ccccc3)Oc3ccccc3CC12)c1ccccc1,9
O=C1CCCC2c3c(c4ccccc4n3Cc3ccccc3)CCN12,9
c1ccc(CCNC2CCN(C3CCNCC3)CC2)cc1,9
O=c1cc[nH]cc1,9
O=C1OCC2Cc3cc4c(cc3C(c3ccccc3)C12)OCO4,9
O=C(Cc1ccccc1)NC1CCC2(CCCO2)CC1N1CCCC1,9
c1ccc(-c2cc(NC3CCNCC3)n3c(c2)nc2ccccc23)cc1,9
C(=NNc1c2c(nc3ccccc13)CCCC2)c1ccccc1,9
O=S(=O)(c1ccccc1)N1CCN(c2ccnc3ccccc23)CC1,9
c1ccc2nc3c4ccccc4n(CCN4CCOCC4)c3cc2c1,9
c1cnc2c(NCCCCNc3ccnc4ccccc34)cccc2c1,9
O=C(Cn1cc(COc2ccccc2)nn1)NCCNc1ccnc2ccccc12,9
c1cc2c(o1)CC1C(CCC3CCCCC31)C2,9
O=c1ccn2c3c(c(N4CCNCC4)ccc13)OCC2,9
c1cncc(CNCCNc2ccnc3ccccc23)c1,9
O=c1[nH]c2ccccc2cc1-c1ccccc1,9
O=C1C(=Cc2ccccc2)SC(=S)N1CCNc1ccnc2ccccc12,9
c1ccc(Nc2nc(NCCNc3nc(Nc4ccccc4)nc(Oc4ccccc4)n3)nc(Oc3ccccc3)n2)cc1,9
O=C(CCN1CCN(c2ccnc3ccccc23)CC1)NN=Cc1ccccc1,9
c1cnc(NCCCNc2ccnc3ccccc23)nc1,9
c1ccc2c(c1)Cc1c3[nH]c4ccccc4c3cc[n+]1-2,9
c1ccc(NC2=NCCN2)cc1,9
c1ccc(Nc2cc3[nH]c(C4CCCCC4)nc3cn2)nc1,9
C(=Nc1ccnc2ccccc12)c1ccccc1,9
O=S(=O)(Cc1nc(Nc2ccccc2)c2ccccc2n1)c1ccccc1,9
S=C1SCNCN1CCCCCCN1CNCSC1=S,9
c1ccc(C(OCCC2CCCN2)c2ccccc2)cc1,9
c1ccc2c3c([nH]c2c1)C(CC1CCN2CCc4c([nH]c5ccccc45)C2C1)NCC3,9
O=c1cc[nH]c2ccc3nc(-c4ccccc4)c(-c4ccccc4)nc3c12,9
c1ccc(N2CCN(Cc3c[nH]c4ncccc34)CC2)cc1,9
O=C(C=Cc1cccc(CN2CCN(c3ccnc4ccccc34)CC2)c1)c1ccccc1,9
C1=Cc2cc(CNCc3ccccc3)ccc2OC1,9
O=C(CNC(=O)c1ccc(COC2CC3CCCC4CCC5OOC43C(O2)O5)cc1)NCCCc1ccccc1,9
c1ccc(C2CC3CCC2C(c2ccccc2)C3)cc1,9
c1c[nH]c(C2CC3CCCC4CCC5OOC43C(O5)O2)c1,9
c1ccc(CN2CCC(Nc3nc(N4CCCNCC4)nc4ccccc34)CC2)cc1,9
O=C1C=C(CCCCCCCCCC[P+](c2ccccc2)(c2ccccc2)c2ccccc2)C(=O)c2ccccc21,8
O=C1C=COC12Cc1ccccc1O2,8
c1ccc2c(NC3CCNCC3)ccnc2c1,8
c1ccc2c(NCn3ccnn3)ccnc2c1,8
O=c1occcc1Cc1ccccc1,8
c1ccc2c(C(c3ccc(CN4CCCC4)cc3)n3ccnc3)ccnc2c1,8
c1ccc(-c2ccc3nc(-c4ccccc4)cn3c2)cc1,8
O=C(c1ccccc1)n1cc(-c2ccncn2)c2ccccc21,8
c1ccc(CCNCc2cc3ccccc3[nH]2)cc1,8
O=C(CCc1ccccc1)NCCCNCCCCCCCCCCCCNCCCNC(=O)CCc1ccccc1,8
O=C(C=Cc1ccccc1)OCC1CCC(OC(=O)C=Cc2ccccc2)C(Oc2c(-c3ccccc3)oc3ccccc3c2=O)O1,8
O=C(Cc1ccc(N(Cc2ccccc2)C(=O)c2ccccc2)cc1)NCCN1CCCCC1,8
c1cnc(NCCCCNc2ccnc3ccccc23)nc1,8
c1cnc(NCCNc2ccnc3ccccc23)nc1,8
c1ccc2c(c1)CCC2,8
c1ccc2c(N3CC4CNCC4C3)ccnc2c1,8
O=C1C(=Cc2ccc(OCCn3ccnc3)cc2)CCC1=Cc1ccc(OCCn2ccnc2)cc1,8
O=C1C(=Cc2ccc(OCCCCn3ccnc3)cc2)CCC1=Cc1ccc(OCCCCn2ccnc2)cc1,8
c1ccc(CNCCc2ccnc3ccccc23)cc1,8
O=C(CN(Cc1ccccc1)C(=O)c1ccccc1)Nc1ccccc1,8
C(=NNc1ccnc2ccccc12)c1c[nH+]c2ccccc2[nH+]1,8
c1ccc(C(NCCCNc2ccnc3ccccc23)c2nnn[nH]2)cc1,8
O=C(C=Cc1ccccc1)c1ccccn1,8
O=C(NCc1ccccc1)c1nc2cccc(OCCc3ccccc3)c2c(=O)[nH]1,8
C(=NNc1c2ccccc2nc2cccnc12)c1ncc[nH]1,8
O=c1cc(-c2cccc(Cc3ccccc3)c2)[nH]c2ccccc12,8
O=C(Nc1ccc(-c2nc3ccccc3[nH]2)cc1)c1cccnc1,8
O=C1C=C2CC3CCC4C5CCCC4(COC5)C3CC2O1,8
O=C(NC(CCNCc1cccc(CN2CCCCC2)c1)Cc1ccccc1)c1ccc(N2CCNCC2)cc1,8
O=C(CCCc1cn(Cc2ccccc2)c2ccccc12)NC12CC3CC(CC(C3)C1)C2,8
c1ccc2c(c1)Cc1ccccc1O2,8
c1cnc2c(c1)ccc1c2ncc2ccoc21,8
C(=Nc1ccccc1)c1ccc(C2OOC(c3ccccc3)OO2)cc1,8
c1ccc(CN2CCC(Nc3nc(Nc4ccccc4)nc4ccccc34)CC2)cc1,8
C1CCC(OC2CCCOC2)OC1,8
O=C(NCCCNc1ccnc2ccccc12)c1ccccc1,8
c1cc(C2CCC3(CC2)OOC2(OO3)C3CCCC2CCC3)ccc1OCCN1CCCCC1,8
c1ccc2c(Nc3ccc4[nH]cnc4c3)ccnc2c1,8
c1ccc(COc2ccc(-c3[nH]ncc3-c3ccccc3)cc2)cc1,8
c1ccc(-c2nc3c(N4CCCCC4)nccc3[nH]2)cc1,8
c1ccc2c(NCCCCCCNc3c4c(nc5ccccc35)CCCC4)c3c(nc2c1)CCCC3,8
O=C1C=CC2C(CCC3C2CCC2C(c4ccoc4)C(=NOCc4cn(CC(=O)Nc5ccccc5)nn4)C4OC423)C1,8
c1cnc2c(c1)ccc1c2ncc2cc[nH]c21,8
c1ccc(CCn2ccnc2)cc1,8
c1cc(C2CCC3(CC2)OOC2(O3)C3CC4CC(C3)CC2C4)ccc1OCCN1CCNCC1,8
c1ccc(Nc2cc3[nH]c(C4CC4)nc3cn2)nc1,8
c1ccc2c(N3CCN(CCOC4CC5CCCC6CCC7OOC65C(O4)O7)CC3)c3ccccc3nc2c1,8
O=C(Nc1ccccc1)N1CCN(C2CC3CCCC4CCC5OOC43C(O5)O2)CC1,8
c1ccc2c(c1)nc(-c1c[nH]c3ccccc13)c1[nH]ccc12,8
O=C(NCC1CCNCC1)c1cncc(-c2ccccc2)c1,8
O=C(CCc1ccccc1)Nc1ccccc1-c1ccccc1,8
c1ccc2c(NCCCN3CCN(CCCNc4c5ccccc5nc5ccccc45)CC3)c3ccccc3nc2c1,8
c1ccc(C2CC(c3ccc(OCc4cn(CCNc5ccnc6ccccc56)nn4)cc3)=NN2)cc1,8
C(=NNc1ccnc2ccccc12)c1cnc[nH]1,8
c1ccc(-c2c[nH+]on2)cc1,8
O=C(Cn1ccc2ccc(-c3nnco3)cc21)Nc1ccccc1,8
c1ccc2c(Nc3ccc4c(c3)NCNC4)ccnc2c1,8
c1cc(C2CCC3(CC2)OOC2(O3)C3CC4CC(C3)CC2C4)ccc1OCCN1CCCCC1,8
c1ccc(CN(Cc2ccncc2)CC2CCN(C3CCNCC3)CC2)cc1,8
c1cc[n+]2c(c1)CCC2,8
O=C(C=Cc1ccccc1)OCC1CCCC2C1CCC1C3CCC4CCCC4C3CCC21,8
O=C(Cn1cc(COc2ccccc2)nn1)NCCCNc1ccnc2ccccc12,8
C1=Cc2nccc3cccc(c23)O1,8
O=C(OCCCC1CCC2C1CCC1C3CCC(OC(=O)c4ccccc4)CC3=CCC12)c1ccccc1,8
c1ccc2c(NCCN3CCN(Cc4ccc5c(c4)OCO5)CC3)ccnc2c1,8
c1ccc(COC(c2ccnc3ccccc23)C2CC3CC[N+]2(Cc2ccccc2)CC3)cc1,8
O=S(=O)(CC1OOC2CCCC1C2)c1ccccc1,8
C(=NNc1ccnc2ccccc12)c1ccc(N2CCCC2)cc1,8
O=C(C=Cc1ccccc1)OC1CCOC(Oc2c(-c3ccccc3)oc3ccccc3c2=O)C1OC(=O)C=Cc1ccccc1,8
O=C(NCC1CCCN1)c1ccccc1,8
O=C1CCCC2c3[nH]c4ccccc4c3CCN12,8
c1ccc2c(NCCCNCCNc3ccnc4ccccc34)ccnc2c1,8
c1ccc(CN2CCC(Nc3c4ccccc4[nH+]c4c3[nH]c3ccccc34)CC2)cc1,8
O=c1[nH]cnc2c1ncn2CC1CCCN1CCP(=O)(NCCc1ccccc1)NCCc1ccccc1,8
O=C(NC1CCN(c2ccc(=O)[nH]n2)C1)c1c[nH]c(-c2ccccc2)c1,8
O=c1c(-c2ccccc2)coc2ccccc12,8
c1ccc2[nH]c3c4ccccc4nc-3cc2c1,8
O=C(CCC(=O)OC(c1ccnc2ccccc12)C1CCCCN1)OCCOCC1=COC2CCC3CC4CCCC1C42OO3,8
O=C(NCCCN1CCN(CCCN(Cc2ccccc2)Cc2ccccc2)CC1)C12CCCCC1C1=CCC3C4CCCCC4CCC3C1CC2,8
O=C(CCCC(=O)N1CCN(c2ccnc3ccccc23)CCN(c2ccnc3ccccc23)CC1)N1CCN(c2ccnc3ccccc23)CCN(c2ccnc3ccccc23)CC1,8
c1ccc(SSc2ccccc2)cc1,8
c1ccc(C2CCCNC2)cc1,8
C(=CC1CN2CCC1CC2Cc1ccnc2ccccc12)c1ccc(-c2ccccc2)cc1,8
O=C(Nc1nccs1)c1ccccc1,8
O=C1C=C2C(CCC3C2CCC2Cc4c([nH]c5ccccc45)C23)OC1,8
c1ccc(Nc2cc3nc4ccccc4n(-c4ccccc4)c-3cc2=NCC2CCCN3CCCCC23)cc1,8
O=C(CNC(=O)N1CCOCC1)NC(C=CS(=O)(=O)c1ccccc1)CCc1ccccc1,8
c1ccc(CNc2ncnc3c2ncn3CC2OC3OCOC3C2OCc2ccccc2)cc1,8
c1ccc2c(CCNCC3CC3)ccnc2c1,8
c1ccc(N2CCN(Cc3cccc(COC4CC5CCCC6CCC7OOC65C(O4)O7)c3)CC2)cc1,8
c1ccc(CCCCN2CCC(C(c3ccccc3)c3ccccc3)CC2)cc1,8
c1ccc(C(NCCNCCc2ccnc3ccccc23)c2ccccc2)cc1,8
c1ccc2c(-c3ccc4c(c3)CNCC4)cc(-c3cc(-c4ccc5c(c4)CNCC5)c4ccccc4c3)cc2c1,8
c1nc(N2CCCCC2)c2ncnc(N3CCCCC3)c2n1,8
O=S1(=O)CCN(C2CC3CCCC4CCC5OOC43C(O5)O2)CC1,8
O=C(NCc1ccccc1)c1ccc2c(c1)CCCC2,8
C1=C(CN2CCCCC2Cc2ccnc3ccccc23)C2CCCC3CC4CCC(O1)C32OO4,8
c1ccc(COc2ccc(Cc3cncnc3)cc2)cc1,8
C(=NNc1c2ccccc2nc2ccccc12)c1ncc[nH]1,8
O=S(=O)(c1cccc2ccccc12)N1CCCNCC1,8
O=C(CCN1CCCCC1)N1CCN(c2ccnc3ccccc23)CCN(c2ccnc3ccccc23)CC1,8
c1ccc(-c2cnc3cccnn23)cc1,8
O=C(C1CCCN1S(=O)(=O)c1ccccc1)N1CCN(c2ccnc3ccccc23)CC1,8
O=S(=O)(C=Cc1ccccc1)c1ccccc1,8
O=C(c1ccc(-c2cncc(-c3ccccc3)n2)cc1)N1CCNCC1,8
C(CCc1ccccc1)=Nc1ccccc1,8
C1=C2c3ccccc3NC2Nc2ccccc21,8
O=C1OC2CCOC2c2ccccc21,8
O=C(CCCc1cn(S(=O)(=O)c2ccccc2)c2ccccc12)NC1CCCCCC1,8
O=C1C=C(Cc2ccccc2)C(=O)C2=C1NCCS2(=O)=O,8
c1ccc(Cc2ccc(CNCCCN3CCN(CCCN=c4cc[nH]c5ccccc45)CC3)cc2)cc1,8
O=c1c2ccccc2oc2ccccc12,8
c1ccc(CCn2cc(-c3ccccc3)nn2)cc1,8
C=C1NC(=O)CNC(=O)CNC2C=Cc3ccc(nc3C2)C(=O)OCC2NC(=O)c3csc(n3)CNC(=O)C3CSC(=N3)C(=C)NC(=O)CNC(=O)c3csc(n3)C3(CCC(c4nccs4)=NC3c3csc2n3)NC(=O)CNC1=O,8
O=C(NC1CCN(C2CCNCC2)CC1)c1cc(-c2ccccc2)[nH]n1,8
c1ccc(C2CC(c3ccc(OCc4cn(CCCNc5ccnc6ccccc56)nn4)cc3)=NN2)cc1,8
O=S(=O)(c1cccc(-c2ccc3ncc(-c4ccccc4)n3n2)c1)C1CC1,8
O=C(NCCNc1ccnc2ccccc12)c1ccc(COC2CC3CCCC4CCC5OOC43C(O2)O5)cc1,8
O=C(Nc1ccccc1)c1cccc(C(=O)Nc2ccccc2)c1,8
O=C(OCC1OC2OC3CCC4CCCC1C42OO3)c1cccs1,8
O=C(NCCCN1CCNCC1)C12CCCCC1C1=CCC3C4CCCCC4CCC3C1CC2,8
C(=Cc1ccccc1)CN1CCN(c2ccnc3cc(-c4ccccc4)nn23)CC1,8
O=C(NCC1CNC2Cc3c[nH]c4cccc(c34)C2C1)OCc1ccccc1,8
c1ccc(Nc2c3ccccc3[nH+]c3c2[nH]c2ccccc23)cc1,8
c1ccc(C(c2ccc(CN3CCCC3)cc2)(c2cccs2)n2ccnc2)cc1,8
c1cc(C2CC3CCCC4CCC5OOC43C(O5)O2)[nH]c1CN1CCNCC1,8
c1ccc(Nc2ncnc3cc(-c4ccccc4)sc23)cc1,8
c1ccc2c(NCCCNc3ccnc(N4CCOCC4)n3)ccnc2c1,8
c1ccc(-c2cnnn2-c2ccccc2)cc1,8
c1ccc(Nc2nc(NCCNc3nc(Nc4ccccc4)nc(Nc4ccccc4)n3)nc(Nc3ccccc3)n2)cc1,8
O=C(C=Cc1ccccc1)OC1CCC2C(CCC3C2CCC2C4CCCC4CCC23)C1,8
c1ccc2c(NCCCNc3ccnc(N4CCCCC4)n3)ccnc2c1,8
c1ccc2c(N3CCNCC3)c3ccccc3nc2c1,8
c1cc(CN2CCCCC2)cc(Nc2ccnc3ccccc23)c1,8
c1ccc(C(c2ccc(CN3CCCC3)cc2)(c2ccnc3ccccc23)n2ccnc2)cc1,8
c1cncc(CNCCCNc2ccnc3ccccc23)c1,8
c1cc2c3c(c1)OC1c4[nH]c5ccccc5c4CC4C(C2)N(CC2CC2)CCC314,8
O=C(c1sc2ccccc2c1OCc1ccccc1)N1CCOCC1,8
O=C(C=Cc1ccccc1)c1ccc(OCc2cn(CCNc3ccnc4ccccc34)nn2)cc1,8
C(=NNc1ccnc2ccccc12)c1ncc[nH]1,8
c1ccc(C(c2ccc(CN3CCCC3)cc2)(c2nccs2)n2ccnc2)cc1,8
O=S(=O)(c1cccc2cnccc12)N1CCNCC1,7
c1ccc2c(NCCN3CCCC3)ccnc2c1,7
c1ccc(C2CCNCC2COc2ccc3c(c2)OCO3)cc1,7
O=C(c1ccc(-c2ccc(-c3ncon3)cc2)cc1)N1CCc2cc3c(cc21)C1(CCNCC1)CO3,7
C1=Cc2ccccc2N(CCCN2CCNCC2)c2ccccc21,7
O=C1c2ccccc2C(=O)N1CCCCCCNc1ccnc2ccccc12,7
c1ccc(Cn2cnc3cc(Nc4ncnc5cnccc45)ccc32)cc1,7
O=C(Nc1cccnc1)N1CCc2cc3[nH]ccc3cc21,7
c1cnc(N2CCC3(CCN(Cc4c[nH]c5ncccc45)C3)CC2)nc1,7
c1ccc(-c2nc3n(c2Nc2ccc4c(c2)OCO4)CCNC3)cc1,7
O=C1Nc2ccccc2C1=Cc1cc2c([nH]1)CCCC2,7
O=C(CC1CCCC(CCc2ccccc2)N1)c1ccccc1,7
c1ccc2cnccc2c1,7
O=C1OCC2C(OC3CCC4OCOCC4O3)c3cc4c(cc3C(c3ccccc3)C12)OCO4,7
N=C1C(=C2C(=O)Nc3ccccc32)Nc2ccccc21,7
C1=C2CCC3C4CCCC4CCC3C2Cc2cn3c(nc21)nc1ccccc13,7
c1ccc2c(NC3CCC(NC4CCC(C5OCCOO5)CC4)CC3)ccnc2c1,7
c1ccc(COC(Cn2cc[n+](C(c3ccccc3)c3ccccc3)c2)c2ccccc2)cc1,7
O=c1ccn(CCCCNc2ccnc3ccccc23)cc1OCc1ccccc1,7
O=S(=O)(Nc1ccccc1)c1ccccc1,7
O=C(c1ccc(-c2cncc(-c3ccccc3)n2)cc1)N1CCCC1,7
O=c1[nH]c2ccccc2n1C1CCN(CCCC(c2ccccc2)c2ccccc2)CC1,7
c1ncc(Cn2ccnn2)cn1,7
O=C1C=CC2C1CC=CC1C3CC3CCC21,7
c1ccc2c(c1)nc1ccccn12,7
c1coc(C2CC3CCCC4CCC5OOC43C(O5)O2)c1,7
c1ccc(OCCCNC2CCCc3ccccc32)cc1,7
c1ccc(C2CC3CCOC3OO2)cc1,7
C1CC2CCOC2OO1,7
c1ccc(CCCOC(Cn2ccnc2)c2ccccc2)cc1,7
c1ccc(CNCc2ccccc2CNc2ccnc3ccccc23)cc1,7
O=C(Cn1cnc2cccnc2c1=O)C1NCCC1OCc1ccccc1,7
C(=Cc1[nH+]c2ccccc2s1)C=C1Nc2ccccc2S1,7
c1ccc(C(c2ccccc2)N2CCNCC2)cc1,7
c1ccc2[o+]c3cc(N4CCCCC4)ccc3nc2c1,7
O=c1[nH]c2ccccc2n1CCCN1CCN(C(c2ccccc2)c2ccccc2)CC1,7
O=C(c1ccccc1)C1CCN(CCn2c(=O)[nH]c3ccccc3c2=O)CC1,7
c1ccc(CCn2nncc2-c2ccccc2)cc1,7
O=C(C=Cc1ccccc1)c1cccc(C(=O)C=Cc2ccccc2)c1,7
O=C(Nc1cccnc1)c1cccc(C(=O)Nc2cccnc2)c1,7
c1ccc(-c2cc(-c3ccccc3)nc(N3CCN(c4ccnc5ccccc45)CC3)n2)cc1,7
O=C(OC1CC[NH2+]CC1)C(c1ccccc1)c1ccccc1,7
O=C(NC1OC2C3CCCN3C(=O)CN2C1=O)C1C=C2c3cccc4[nH]cc(c34)CC2NC1,7
O=C(OCc1ccccc1)N1CCN(c2ncc3ccccc3n2)CC1,7
O=C1Nc2ccccc2C12NCCCc1c2[nH]c2ccccc12,7
C=C1c2ccccc2Sc2ccccc21,7
C=C(c1ccccc1)C1COC2(CCCC2)OO1,7
C(=Cc1c[nH]c2ccccc12)c1cccc[nH+]1,7
c1ccc2nc(CCCCCCCCCCCCc3ccc4ccccc4n3)ccc2c1,7
c1cc2c3c(c1)OC1c4[nH]c5c(c4CC4C(C2)N(CC2CC2)CCC314)CC1C2Cc3cccc4c3C1(CCN2CC1CC1)C5O4,7
O=C1C(n2cc(-c3ccccc3)nn2)C(C=Cc2ccccc2)N1c1ccccc1,7
O=C(c1ccco1)N1CCN(c2ncc3ccccc3n2)CC1,7
c1ccc2c(c1)OCCCO2,7
c1ccc(-c2cc(N3CCNCC3)n3c(c2)nc2ccccc23)cc1,7
c1ccc(Nc2ccnc(Nc3ccccc3)n2)cc1,7
c1ccc(CCNC2CCc3ccccc3C2)cc1,7
c1ccc2c(NCC3CCCCCC3)ncnc2c1,7
O=C1C=CC2C(CCC3C2CCC2C(c4ccoc4)C(=O)C4OC423)C1,7
c1ccc(Nc2nc(NC3CCCCC3)nc3[nH]cnc23)cc1,7
O=c1c(-n2ccc3ccccc32)c[nH]c2ccccc12,7
O=C(CNC(=O)OCc1ccccc1)NCCc1ccccc1,7
C1=Cc2ccccc2C(=C2CCNCC2)c2ccccc21,7
O=C(CNC(=O)C1CCC(=O)N1)Nc1ccccc1,7
O=C(C=CC=CC=CC=CC1=CCCCC1)Nc1ccccc1,7
O=C(OC1(CCNCCCc2nc3ccccc3[nH]2)CCc2ccccc2C1)C1CC1,7
c1ccc2c(N3CCNCC3)cccc2c1,7
c1ccc2c(NCCCNCCOC3CC4CCCC5CCC6OOC54C(O3)O6)ccnc2c1,7
c1cnc(N2CCC3(CCN(Cc4c[nH]c5ccncc45)C3)CC2)nc1,7
c1cc2c(c(-c3cc(-c4cc(-c5ccc6c(c5)CNCC6)c5ccccc5c4)cc4ccccc34)c1)CCNC2,7
O=C(CC=NNC(=S)NCCNc1ccnc2ccccc12)c1ccccc1,7
C=C1C(=O)Nc2ccccc21,7
O=C(Cn1cnc2ccncc2c1=O)C1CCCN1,7
O=C(Cc1ccccc1)NCCCNCCCCNCCCNC(=O)Cc1ccccc1,7
c1ccc(C2=NNC(c3cn(-c4ccccc4)nc3-c3ccccc3)C2)cc1,7
C=C1c2ccccc2COc2ccccc21,7
O=C(NCc1ccccc1)C1CNCC1c1cccnc1,7
O=c1c2c(OCc3ncccn3)nccc2c(-c2ccccc2)cn1Cc1ccncc1,7
C=C(c1ccccc1)c1cccnc1,7
O=c1ccc2c(OCCCCc3ccccc3)c3ccoc3cc2o1,7
c1ccc2c(NCCCCN3CCCC3)ccnc2c1,7
c1ccc(C(=C2CCCCC2)c2c[nH]cn2)cc1,7
O=C(CC=NNC(=S)NCCCNc1ccnc2ccccc12)c1ccccc1,7
O=C(OC1CCC2CC3c4[nH]c5ccccc5c4CCN3CC2C1)c1ccccc1,7
O=c1[nH]c(=Nc2ccccc2)cc2n1CCc1ccccc1-2,7
O=C(CN1CCCCC1)Nc1cc(CN2CCCCC2)cc(Nc2ccnc3ccccc23)c1,7
c1ccc2sc(C3(N4CCCCC4)CCCCC3)cc2c1,7
c1ccc(CN2CCN(CCCn3c4ccccc4c4ccccc43)CC2)cc1,7
O=C(CCCc1c[nH]c2ccccc12)NC12CC3CC(CC(C3)C1)C2,7
c1ccc(CN2CCC3(CCCc4ccccc43)CC2)cc1,7
O=S(=O)(Cc1cn(-c2ccccc2)nn1)C1CCCCO1,7
c1ccc2c(c1)CCNCCc1c([nH]c3ccccc13)C2,7
O=C(C=Cc1ccccc1)NCCCNC(=O)C=Cc1ccccc1,7
c1ccc(C(CCN2CCCCC2)C2CCCCC2)cc1,7
O=S(=O)(Nc1[nH]c2nc3ccccc3nc2c1S(=O)(=O)c1ccccc1)c1ccccc1,7
O=C(Nc1cccc(N2CCNCC2)c1)c1ccc(-c2ccc(-c3ncon3)cc2)cc1,7
c1ccc(OCc2ccc3ccccc3n2)cc1,7
c1ccc(Oc2ccc(-c3cn(C4CCCC4)c4ncncc34)cc2)cc1,7
O=C(c1ccccc1)C1CCN(CCc2cnc3ccccn3c2=O)CC1,7
c1cnc2c(NC3CC3)ccnc2c1,7
O=P(OCCC1CC2CCCC3CCC4OOC32C(O1)O4)(OCCC1CC2CCCC3CCC4OOC32C(O1)O4)Oc1ccccc1,7
c1ccc(COC2CCCNC2c2ccccc2)cc1,7
c1ccc2c(c1)CCC1NCc3ccccc3C21,7
c1ccc(OCCCNC2CCCCC2)cc1,7
c1cnoc1,7
O=C(OC(Cn1ccnc1)c1ccccc1)c1ccc(-c2ccccc2)cc1,7
O=C(c1cccc2ccccc12)c1cn2c3c(cccc13)OCC2CN1CCOCC1,7
O=C1C=CC2C(=C1)CCC1C3CCCC3CCC21,7
c1ccc(Nc2nc(NCCCNc3nc(Nc4ccccc4)nc(Nc4ccccc4)n3)nc(Nc3ccccc3)n2)cc1,7
O=C(C=Cc1ccccc1)c1cc(Cc2ccccc2)cc2c1OCC=C2,7
C(=C(c1ccccc1)c1ccccc1)c1ccccc1,7
C1=Cc2ccccc2Cc2ccccc21,7
c1ccc(CN(C2=NCCN2)c2ccccc2)cc1,7
c1ccc(CNC2C3CCN(CC3)C2C(c2ccccc2)c2ccccc2)cc1,7
c1ccc(OCc2ncncc2-c2ccccc2)cc1,7
C=C1CN2CCC34c5ccccc5N5C(=O)C(C6CC78c9ccccc9N9C(=O)CC%10OCC=C%11CN6C7CC%11C%10C98)=CC(C1CC23)C54,7
c1ccc(CCCN2CCOCC2)cc1,7
c1ccc2c(c1)CCC1=C2CCc2ccccc21,7
O=C(OC1CCNCC1)C(c1ccccc1)c1ccccc1,7
c1ccc(-c2csc(-c3ccccc3)n2)cc1,7
O=[PH](CCCc1ccccc1)CCCc1ccccc1,7
c1ccc(C2CNCc3sccc32)cc1,7
c1ccc2c3c([nH]c2c1)C1CC2CCCCC2CN1CC3,7
O=C(C=Cc1ccccn1)c1ccccc1,7
O=C1C(Oc2ccc(-c3nc4ccccc4s3)cc2)C(c2ccccc2)N1c1ccccc1,7
c1ccc(-c2cc(NCCN3CCCC3)n3c(c2)nc2ccccc23)cc1,7
c1ccc2c(c1)Cc1ccccc1N1CCNCC21,7
O=C(CCCN1CC=C(n2c(=O)[nH]c3ccccc32)CC1)c1ccccc1,7
c1ccc(C(OCCCc2c[nH]cn2)c2ccccc2)cc1,7
c1cc2c(c[nH+]c3c4cc5c(cc4ccc23)OCO5)c2c1OCO2,7
O=C(c1ccc(OCCN2CCCCC2)cc1)c1c(-c2ccccc2)sc2ccccc12,7
c1ccc2c(c1)CCC(CCNCCCc1nc3ccccc3[nH]1)C2,7
c1cc2c3c(c1)OC1C(=NN=C4CCC5C6Cc7cccc8c7C5(CCN6)C4O8)CCC4C(C2)NCCC314,7
c1ccc(Nc2cc(NCC3CC3)ncn2)cc1,7
O=C(c1ccccc1)C1CCN(CCN2C(=O)Cc3ccccc32)CC1,7
O=C(c1ccccc1)c1coc2ccccc12,7
C1CCC(C2CCCCC2)CC1,7
O=C(Nc1c[nH+]c2ccccc2[nH+]1)c1ccccc1,7
c1ccc2c(c1)CC1NCCc3cccc-2c31.c1ccc2c(c1)CC1NCCc3cccc-2c31,7
c1ccc(CNCCOc2cccc3cnccc23)cc1,7
c1ccc(-n2cc(COC(c3ccnc4ccccc34)C3CC4CCN3CC4)nn2)cc1,7
c1ccc(Oc2cccc3ncccc23)cc1,7
C(C=CSc1ccccc1)=CSc1ccccc1,7
c1cnc(N2CCC3(CCN(Cc4c[nH]c5cnccc45)C3)CC2)nc1,7
O=C(C1COc2ccccc2O1)N1CCN(c2ncc3ccccc3n2)CC1,7
c1ccc(CC2CCCCC2)cc1,7
O=C1c2ccccc2C(=O)N1CCNc1ccnc2ccccc12,7
c1ccc2c(c1)CC1NC2c2ccccc21,7
C1CNCCN1,7
c1ccc(Cn2c(CN3CCCC3)nc3ccccc32)cc1,7
c1ccc(C2CCN(CCC(c3ccccc3)c3ccccc3)CC2)cc1,7
c1ccc(-c2ccnc(NCCCCNc3cccc4cccnc34)n2)cc1,7
N=c1[nH]cnc2[nH]cnc12,7
O=C1Nc2ccccc2C1=Cc1cnc[nH]1,7
c1ccc(C2CCCCC2)cc1,7
O=c1c2ccccc2[se]n1-c1ccccc1,7
O=C1CCC=CCCC=CCCC=CC=CCCO1,7
c1ccc(C2CCCc3ccccc32)cc1,7
O=C1Nc2ccccc2C12OC(c1ccccc1)=NN2c1ccccc1,7
O=c1[nH]c2ccccc2n1-c1ccccc1,7
S=C(NCCc1ccccc1)N1CCCc2ccccc2C1,7
c1ccc(N2CCN(c3ccccc3)CC2)cc1,7
C1=CC2OC3(CCC(NCCNc4cccc5cccnc45)CC3)OOC2CC1,7
O=C(OCCNCc1ccccc1)C1=CNC=CC1c1ccccc1,7
O=c1ccn(-c2ccccc2)c2nc(N3CC4CC4C3)ccc12,7
c1ccc(-c2cc(N3CCCCC3)n3c(c2)nc2ccccc23)cc1,7
O=C(C=Cc1ccc(CN2CCCCC2)cc1)c1ccccc1,7
S=C(Nc1ccccc1)Nc1nccs1,7
c1ccc2c(c1)CCc1cccnc1C2=C1CCNCC1,7
c1ccc(C2CCN(Cc3c[nH]c4ccccc34)CC2)cc1,7
O=C(C=Cc1ccccc1)NCCCc1ccccc1,7
O=C1C=C2CCC3C(=C2CC1)C(c1ccccc1)CC1CCCC13,7
c1ccc2c(c1)nc(N1CCNCC1)c1cccn12,7
c1ccc(CCCCOCCCCCCNCCc2ccccc2)cc1.c1ccc2ccccc2c1,7
O=C(OCO[PH](=O)OCOC(=O)c1ccccc1)c1ccccc1,7
O=C(C=Cc1ccccc1)N1CCc2ccccc21,7
C1=CC=C2C3=CC=CCC34CCCC=C4N2C=C1,7
O=S(=O)(c1nc[nH]n1)C1CC2CCC1C2,7
O=C(OCCCN1CCCN(CCCOC(=O)c2ccccc2)CC1)c1ccccc1,7
O=C1C=C2CCCCCCC=CCCC=CC=CC(=O)NC(=C1)C2=O,7
c1ccc(C2CCc3ccccc32)cc1,7
O=C(NCCCNc1ccnc2ccccc12)Nc1ccccc1,7
O=C1C=CC2C(=C1)CCC1C2CCC2C1CC1OCOC12,7
c1ccc(CN2CCC(Nc3nc(N4CCN(c5ccccc5)CC4)nc4ccccc34)CC2)cc1,7
O=C1C=CC2C(=C1)CCC1C2=CCC2C(C(=O)CN3CCN(c4cc(N5CCCC5)nc(N5CCCC5)n4)CC3)CCC12,7
c1ccc(C2(Cn3ccnc3)OCC(COc3ccc(N4CCNCC4)cc3)O2)cc1,7
O=C(C=Cc1c[nH]c2ccccc12)c1ccccc1,7
c1ccc(C(CCCN2CCNCC2)c2ccccc2)cc1,7
c1cnc(N2CCC3(CCN(Cc4c[nH]c5cccnc45)C3)CC2)nc1,7
c1ccc2c(c1)Sc1ccccc1N2CCC1CCCCN1,7
O=C1C=CC2(C=C1)CCC1(CCCC3(CCC4(C=CC(=O)C=C4)O3)O1)O2,7
c1ccc2c(c1)COC(C13CC4CC(CC(C4)C1)C3)C2,7
c1cc(CN2CCCCC2)cc(OCCCNc2nc3ccccc3s2)c1,7
O=C(Cc1c[nH]c2ccccc12)NCc1cn(CC(=O)Nc2ccccc2)nn1,7
c1ccc2c(NCCN3CCOCC3)ccnc2c1,7
c1ccc(CNCCCCCCNCCCCCCCCNCCCCCCNCc2ccccc2)cc1,7
O=S1(=O)N(CCN2CC=C(c3c[nH]c4ccccc34)CC2)c2cccc3c2N1CCC3,7
c1ccc(-c2cn(CCCCc3cn(Cc4cncnc4)nn3)nn2)cc1,7
c1cc2c3c(c1)OC1c4oc5ccccc5c4CC4C(C2)N(CC2CC2)CCC314,7
O=C1c2ccc3c(c2OC2COc4ccccc4C12)CCO3,7
O=C1Nc2ccccc2C1=C1C(=O)N(C2CCCCO2)c2ccccc21,7
O=S(=O)(CC1OOC2CC1CCC2OCc1ccccc1)c1ccccc1,7
O=C(C=Cc1ccccc1)NCCCCNc1c2ccccc2nc2ccccc12,7
C=C1C(=O)CCC2C1=CC(=O)c1cc3c(cc12)C(=O)C=CC3=O,7
O=C1C=CCC2CCCC2C=CCCCCO1,7
O=C(OC1CC2CCC(C1)[NH2+]2)c1c[nH]c2ccccc12,7
O=C(OCC1CCNCC1)c1cccc2c1OCCO2,7
O=c1c2cc(OCc3ccccn3)ccc2c(-c2ccccc2)cn1-c1ccccc1,7
c1ccc(CCCCc2ccccc2)cc1,7
O=C(CN1C(=O)c2ccccc2C1=O)NC(CCN1CCN(CCC(Cc2ccccc2)NC(=O)CN2C(=O)c3ccccc3C2=O)CC1)Cc1ccccc1,7
c1ccc(CSc2ncnc3c2ncn3C2CCCO2)cc1,7
c1ccc(Oc2ccc(N=c3cc[nH]c4ccccc34)cc2)cc1,7
c1ccc(-c2ccc3ncccc3c2)cc1,7
O=c1[nH]c2ccccc2n1CCCN1CCC(n2c(=O)[nH]c3ccccc32)CC1,7
C1CCN(C2CCC3(CC2)OOC2(OO3)C3CC4CC(C3)CC2C4)CC1,7
O=C(CN1C=CCC=C1c1nc(-c2ccccc2)cs1)c1ccccc1,7
O=C(CCCN1CCC2(CC1)C(=O)NCN2c1ccccc1)c1ccccc1,7
O=C(NCCCCN1CCN(c2ccccc2)CC1)c1ccc2ccccc2c1,7
O=C1NCN(c2ccccc2)C12CCN(CCCC(c1ccccc1)c1ccccc1)CC2,7
c1cc(Nc2ccnc3ccccc23)cc(C(c2nnn[nH]2)N2CCCC2)c1,6
c1cc(-c2cc3cc(C4=NCCN4)ccc3o2)ccc1C1=NCCN1,6
c1ccc(OCCCCCOc2ccccn2)nc1,6
c1ccc2oc(CCCCCc3cc4ccccc4o3)cc2c1,6
O=C1N(c2ccccc2)c2ccccc2C1(Cc1ccncc1)Cc1ccncc1,6
c1ccc2oc(CCc3cc4ccccc4o3)cc2c1,6
c1cc(NCCN2CCCC2)c2cc3c(nc2c1)c1ccccc1n3CCN1CCCC1,6
O=C(Cc1ccccc1)Nc1cnc2ccccc2c1,6
O=C(NCCCNc1ccnc2ccccc12)c1cnccn1,6
O=C1CNC(=O)C(Cc2ccccc2)NC(=O)CCOC(=O)C2CCCN2C(=O)C(Cc2ccccc2)NC(=O)CNC(=O)C2CCCN2C(=O)CN1,6
C(=C1CNc2ccccc21)c1ccccc1,6
O=C1CC(C=Cc2ccccc2)N1c1ccccc1,6
c1cc(C2CCCC3(C2)OOC2(OO3)C3CC4CC(C3)CC2C4)ccc1OCCN1CCOCC1,6
c1cc(C2CCCC3(C2)OOC2(OO3)C3CC4CC(C3)CC2C4)ccc1CN1CCCCC1,6
O=c1[nH]c2c(sc3ncc(-c4ccccc4)nc32)c(=O)n1CCCCN1CC2COc3ccccc3C2C1,6
O=C(c1ccc(-c2cncc(-c3cccnc3)n2)cc1)N1CCCC1,6
c1ccc(Nc2nc(NCCCNc3nc(Nc4ccccc4)nc(Oc4ccccc4)n3)nc(Oc3ccccc3)n2)cc1,6
c1ccc2nc(Nc3ccncc3)ncc2c1,6
C1=C(c2ccccc2)CC2(c3ccccc3)OOC3(CCC4CC(NCCCNc5cccc6cccnc56)CC43)OC12,6
O=c1ccn(C2CC2)c2cc(N3CCN(CCC45CC6CC(CC(C6)C4)C5)CC3)ccc12,6
c1ccc(C(c2ccccc2)N2CCN(CCNCCc3ccnc4ccccc34)CC2)cc1,6
c1cc(Cc2nnnn2CCN2CCOCC2)cc(Nc2ccnc3ccccc23)c1,6
O=C(c1ccc(-c2cncc(-c3cccnc3)c2)cc1)N1CCNCC1,6
c1ccc2c(c1)OCO2,6
O=C1C(c2ccc(Oc3ccccc3)cc2)=[NH+]c2ccccc21,6
c1ccc2c(NCCCNc3nccc(N4CCOCC4)n3)ccnc2c1,6
O=c1[nH]cnc2c1ncn2CCOCCP(=O)(NCCc1ccccc1)NCCc1ccccc1,6
O=C1C=C2C=CC3C4CCCC4CCC3C2C2CC12,6
O=C(CN(CCNc1ccnc2ccccc12)C(=O)c1ccc(COC2CC3CCCC4CCC5OOC43C(O2)O5)cc1)NC1CCCCC1,6
c1ccc(Cn2c(NC3CCNCC3)nc3ccccc32)cc1,6
c1ccc(-c2ccc3ncc(-c4cccnc4)n3n2)cc1,6
O=C(CCc1cccc2ccccc12)Nc1ccccc1C(=O)N1CCC2(CCCC2)CC1,6
c1ccc2c(C(OCc3c[nH]nn3)C3CC4CCN3CC4)ccnc2c1,6
C1CC2CCC3OOC24C(OCC2(CO2)C4C1)O3,6
c1ccc2c(Nc3ccc4scnc4c3)ccnc2c1,6
c1ccc(-c2ccnc(NCCNc3ccnc4ccccc34)n2)cc1,6
c1ccc2c(c1)CCN2,6
C1=NC=NCN1OCCCCc1ccccc1,6
C1=NC=NCN1OCCCN(Cc1ccccc1)Cc1ccccc1,6
C1=C2CCCCC2C2CCC3CCCC3C2C1OC1CCCCO1,6
c1ccc2c(NCCOc3ccncn3)ccnc2c1,6
C1=CC2CCCCC2CC1,6
O=c1[nH]c(=O)c2[nH]c(C=Cc3ccccc3)nc2[nH]1,6
c1ccc2c(c1)c(-c1ccncn1)cn2Cc1cnoc1,6
c1ccc(CCN2CCC(NCc3ccccc3)CC2)cc1,6
c1ccc(OCCCCOc2ccccc2)cc1,6
N=C(NC(=O)c1cnccn1)Nc1ccccc1,6
O=C1C=CC2C3c4c[nH]c5cccc(c45)CC3CN12,6
O=c1cccc2c(c1)CCCc1ccccc1-2,6
O=[PH]1OCC2OC(n3c(Sc4ccccc4)nc4cncnc43)CCC2O1,6
c1cc(NCCCN2CCOCC2)c2cc3c(nc2c1)c1ccccc1n3CCN1CCCC1,6
c1ccc(Nc2nccc(Nc3ccc4cn[nH]c4c3)n2)cc1,6
O=C(C=Cc1ccccc1)C(=Cc1ccccc1)C(=O)C=Cc1ccccc1,6
O=C1c2ccccc2C(=O)N1CCCNc1ccnc2ccccc12,6
c1cc(C2CCC3(CC2)OOC2(O3)C3CC4CC(C3)CC2C4)ccc1OCC1CCNCC1,6
c1ccc(COc2ccc3nccc4c3c2CCC4)cc1,6
O=c1[nH]c2ccccc2cc1-c1cccc2ccccc12,6
O=C(Cc1ccc(CN2CCNCC2)cc1)NNc1ccncn1,6
c1ccc2nccnc2c1,6
O=C1CNC(=O)CNC(=O)CNC(=O)C2CCCN2C(=O)CNC(=O)CNC(=O)CNC(=O)CNC(=O)COC(=O)CCN1,6
c1ccc(CN2CC2)cc1,6
c1ccc(-c2ccc(-c3ccccc3)s2)cc1,6
c1ccc(-c2ccc(CNCC3CCNCC3)s2)cc1,6
c1ccc(CCOc2cncc3nnc(-c4ccccc4)n23)cc1,6
O=C(c1cccc2ccccc12)c1c[nH]c2ccccc12,6
c1ccc(CN(CC2=NCCN2)c2ccccc2)cc1,6
O=C(CCCC1CCC2C1CCC1C3CCC4(CC3CCC21)OOC1(CCCCC1)OO4)NCCNc1ccnc2ccccc12,6
O=C1c2ccccc2C(=O)N1CCCCNc1ccnc2ccccc12,6
c1ccc2c(c1)OCC(C1=NCCN1)O2,6
O=C1C=C2CCCCC2C2CCC3CCCC3C12,6
c1ccc2c(NCCCCNCCCCC3CCC4C3CCC3C5CCCCC5CCC43)ccnc2c1,6
c1ccc(COCCCNC2CCCC2)cc1,6
c1cc(NCCCN2CCCCC2)c2cc3c(nc2c1)c1ccccc1n3CCN1CCCC1,6
c1ccc2c(NCCNCCCCC3CCC4C3CCC3C5CCC6(CC5CCC43)OOC3(CCCCC3)OO6)ccnc2c1,6
c1ccc2c(NCCCN3CCCCC3)ccnc2c1,6
c1coc(CNCCCCNc2ccnc3ccccc23)c1,6
O=C1C=CC(CSc2ccccc2)N1CCNCCNc1ccnc2ccccc12,6
O=C1C=CC(C=CC(=O)OCC2CCCC(Oc3ccccc3)O2)C=C1,6
C(=Cc1ccccc1)C1=NCCN1,6
O=C(NCCCN1CCCCOC(=O)CC(OC2CCCCO2)CC(OC2CCCCO2)CCCC1)NCc1cccc2ccccc12,6
C(=CC1CCc2cc3ccccc3n21)c1cc2ccccc2[nH]1,6
c1ccc(CNCCn2cncn2)cc1,6
O=C(CN1CCCCC1)Nc1cc(CN2CCN(Cc3ccccc3)CC2)cc(Nc2ccnc3ccccc23)c1,6
O=C(NC1CCCC1)c1cnc(Oc2ccc3c(c2)BOC3)cn1,6
O=S(=O)(CC1(c2ccccc2)OOC2CCCC1C2)c1ccccc1,6
c1cc(C2CCCC3(C2)OOC2(OO3)C3CC4CC(C3)CC2C4)ccc1CN1CCOCC1,6
O=C(CCCC1CCC2C1CCC1C3CCC4(CC3CCC21)OOC1(CCC(C(=O)Nc2ccccc2)CC1)OO4)Nc1ccccc1,6
O=C(NCCCON1C=NC=NC1)c1ccccc1,6
C(=Nc1ccnc2ccccc12)NCCCN1CCCCC1,6
O=C(OCCCC1CCC2C1CCC1C3CCCCC3=CCC12)c1ccccc1,6
C(=CC1c2ccccc2OC2c3ccccc3OC(c3ccccc3)C12)c1ccccc1,6
O=C1C=CCCO1,6
c1ccc(-n2cc(CCOC(c3ccnc4ccccc34)C3CC4CCN3CC4)nn2)cc1,6
O=C1C2=C(C(=O)C3=C1NCCS3(=O)=O)c1ccccc1OC2,6
C(=NCCCN1CCCCC1)Nc1c2ccccc2nc2cccnc12,6
N=C1N=CNCN1OCCCSc1ccccc1,6
N=C(Nc1ccnc2ccccc12)c1ccccc1,6
C(=Nc1ccnc2ccccc12)NCCCCN1CCCCC1,6
C=C1C(=O)CC2C1CCC1C3CCC(=O)C=C3CCC21,6
c1ccc2c(c1)NC1C2CCN2CCC(CC3NCCc4c3[nH]c3ccccc43)CC12,6
S=C(NCCCNCCCCCCCNCCCNC(=S)NCCC(c1ccccc1)c1ccccc1)NCCC(c1ccccc1)c1ccccc1,6
c1cc(C2CCCC3(C2)OOC2(OO3)C3CC4CC(C3)CC2C4)ccc1OCCN1CCCCC1,6
c1ccc(CN2CC2COc2cccc3cnccc23)cc1,6
O=C1C=CCCCCCCCCCCCCCCCCCCCCCCCCCCCCCCCCCCCCO1,6
c1ccc2c(NCCNCC3CCC4(CC3)OOC3(CCCCC3)OO4)ccnc2c1,6
O=C(OC(Cn1ccnc1)c1ccccc1)N1CCN(c2ccccc2)CC1,6
O=C(NCCCN1CCCCOC(=O)CC(OC2CCCCO2)CC(OC2CCCCO2)CCCC1)Nc1ccc2ccccc2c1,6
C=C1C(=O)CC2CC1CC1C(=O)C=CC1C2,6
C(=Nc1ccnc2ccccc12)NC1CCN(Cc2ccccc2)CC1,6
C(=NCCNc1ccnc2ccccc12)c1ccccc1,6
c1ccc(Nc2cc3[nH]c(Nc4ccc(N5CCN(CC6CC6)CC5)cn4)nc3cn2)cc1,6
c1ccc(SSSc2ccccc2)cc1,6
c1cc(Nc2ccnc3ccccc23)cc(C(c2nnn[nH]2)N2CCCCC2)c1,6
O=S(=O)(Nc1ccccc1)c1ccc(Nc2ccnc3ccccc23)cc1,6
c1ccc2c(NCCNCCOC3CC4CCCC5CCC6OOC54C(O3)O6)c3ccccc3nc2c1,6
O=C(NCc1ccccc1)c1cc(COc2ccc3scnc3c2)on1,6
O=C(Cc1cnc2ccccc2c1)Nc1ccccc1,6
c1ccc2c(NCCCN(CCCCC3CCC4C3CCC3C5CCCCC5CCC43)CCCCC3CCC4C3CCC3C5CCCCC5CCC43)ccnc2c1,6
O=C(NCCNc1ccnc2ccccc12)C1CCC2(CC1)OOC1(CCCCC1)OO2,6
S=C(NCCCNc1ccnc2ccccc12)Nc1ccccc1,6
O=C(OCCN1CCOCC1)C1(c2ccccc2)CCCCC1,6
O=C(NCCCc1ccccc1)C(Cc1ccccc1)NC(=O)N1CCOCC1,6
C1=C2CCC3C4CCCC4CCC3C2Cc2cnoc21,6
O=C1NC(=O)c2cc(Nc3ccccc3)c(Nc3ccccc3)cc21,6
O=C(CNC(=O)c1ccccc1)Nc1cccc2cccnc12,6
O=C(NCCCCNc1cccc2cccnc12)NNC(=O)Nc1ccccc1,6
C(=Nc1ccnc2ccccc12)NC1CCNCC1,6
O=c1ccn(CCCNc2ccnc3ccccc23)cc1OCc1ccccc1,6
C1=NC=NC(c2ccccc2)N1OCCc1ccccc1,6
O=C1CC(OC2CCCCO2)CC(OC2CCCCO2)CCCCN(CCNC(=S)NCCc2ccccc2)CCCCO1,6
O=c1c2ccccc2cc2n1CCc1ccccc1-2,6
C1CC2CCC3OOC24C(C1)CC(N1CCNCC1)OC4O3,6
O=C1CSC(c2ccccc2)N1CCCNc1c2c3ccccc3nc-2[nH]c2ccccc12,6
S=C(NCCCNCCCCNCCCNC(=S)NCC(c1ccccc1)c1ccccc1)NCC(c1ccccc1)c1ccccc1,6
c1csc[nH+]1,6
c1ccc(-n2cccn2)cc1,6
O=C(CC1CN2CCC1CC2Cc1ccnc2ccccc12)OC1CC2CCCC3CCC4OOC32C(O4)O1,6
C1=NC=NC(c2ccccc2)N1CCCOc1ccccc1,6
O=C(CCNc1ccnc2ccccc12)N1CCNCC1,6
O=c1ccn(CCNc2ccnc3ccccc23)cc1,6
c1ccc2c(Cc3nnn[nH]3)ccnc2c1,6
C1=NC=NCN1OCCCSC1CCCCC1,6
O=C(CON1C=NC=NC1)NCc1ccccc1,6
O=C1C=CC=CCCCCCCCCC=COC2Oc3ccc4cc(c(C=NN5CCNCC5)cc4c3C2=O)N1,6
c1ccc(C[SH+]c2nc3ccccc3[nH]2)nc1,6
c1csc(COc2ccc3[nH]ccc3c2)c1,6
O=C(c1cc[nH]c1)c1ccccc1Cc1ccccc1,6
C=C1c2[nH]c3ccccc3c2CCN2CCCCC12,6
O=C(C=CC=Cc1ccccc1)C=Cc1ccccc1,6
c1ccc(Nc2nc(Nc3ccc(Nc4ccnc5ccccc45)cc3)nc(N3CCNCC3)n2)cc1,6
O=C1C=CC(C=CC(=O)OCC2CCC(OC(=O)C=CCC3C=CC(=O)C=C3)C(Oc3ccccc3)O2)C=C1,6
c1ccc(CCn2cnc3ccc(N4CCNCC4)nc32)cc1,6
O=C1CC(OC2CCCCO2)CC(OC2CCCCO2)CCCCN(CCCNC(=S)NCCCc2ccccc2)CCCCO1,6
c1ccc2cc(Nc3ccnc4ccnn34)ccc2c1,6
C(=Cc1[nH+]c2ccccc2o1)C=C1Nc2ccccc2O1,6
c1ccc(C(Nc2ccnc3ccccc23)c2ccc(CN3CCN(Cc4ccc(C(Nc5ccnc6ccccc56)c5ccccc5)cc4)CC3)cc2)cc1,6
O=c1ccn(CCNc2ccnc3ccccc23)cc1OCc1ccccc1,6
c1ccc(CNCc2ccccc2CNc2ccnc3ccccc23)nc1,6
c1ccc(C(Nc2ccc(Nc3ccnc4ccccc34)cc2)c2nnnn2C2CCCCC2)cc1,6
c1ccc(C2CCC3(CC2)OOC2(OO3)C3CC4CC(C3)CC2C4)cc1,6
c1ccc(NC(=Nc2ccc(-c3nccc4c3[nH]c3ccccc34)cc2)NC2CC2)cc1,6
C1=NC=NC(c2ccccc2)N1OCCCc1ccccc1,6
S=C(Nc1ccccc1)Nc1ccc(-c2nccc3c2[nH]c2ccccc23)cc1,6
c1ccc(-n2cccc2)cc1,6
c1ccc(Cn2c(NC3CCN(CCc4ccc(-c5ncno5)cc4)CC3)nc3ccccc32)cc1,6
c1ccc(CNCCCCCCCCCCNCc2ccccc2)cc1,6
O=C1CC(OC2CCCCO2)CC(OC2CCCCO2)CCCCN(CCCNC(=S)Nc2cccc3ccccc23)CCCCO1,6
c1ccc(CNCCCCCCCCCCCCNCc2ccccc2)cc1,6
O=C(NCCCNCCCCCCCNCCCNC(=O)NCCC(c1ccccc1)c1ccccc1)NCCC(c1ccccc1)c1ccccc1,6
c1ccc(-c2ccc(N=c3ccn(CCCN4CCCCC4)c4ccccc34)cc2)cc1,6
O=C(CN1CCCCC1)Nc1cc(CN2CCOCC2)cc(Nc2ccnc3ccccc23)c1,6
O=C(CN(Cc1ccccc1)C(=O)c1ccccc1)NCc1ccccc1,6
O=C(CC1CC=NO1)NCc1ccccc1,6
c1ccc(CNCc2ccc(CNc3ccnc4ccccc34)cc2)nc1,6
c1ccc(-c2nccc3ccccc23)cc1,6
O=C1Cc2ccccc2C(=C2CCNCC2)c2ccsc21,6
c1ccc(CCCN2CCC(Cc3ccccc3)CC2)cc1,6
C=C1C(=O)OC2C1CCC=CCCC1OC12,6
C(CCOC1CC2CCCC3CCC4OOC32C(O1)O4)COC1CC2CCCC3CCC4OOC32C(O1)O4,6
O=C(C(Cc1ccccc1)N(Cc1ccc(N2CCNCC2)cc1)C(=O)C=Cc1ccccc1)N1CCN(Cc2ccccc2)CC1,6
C1=Cc2ccccc2OC1,6
C1=Cc2c(ccc3ccccc23)OC1,6
N=C(CCc1cc2ccccc2c2ccccc12)NCCc1ccccc1,6
c1ccc(Nc2cc3nc4ccccc4n(-c4ccccc4)c-3cc2=NCCCCCCC23CCCCN2CCCC3)cc1,6
O=c1cc(-c2cncc(-c3ccccc3)c2)[nH]c2ccccc12,6
c1ccc(CN2CCc3cc4c(cc3C2C2OCc3ccccc32)OCO4)cc1,6
O=C(NCCc1ccccc1)c1cc2c(cn1)[nH]c1ccccc12,6
c1ccc(N2CCN(Cc3ccc(COC4CC5CCCC6CCC7OOC65C(O4)O7)cc3)CC2)cc1,6
O=C(C1=CC2CCCC(C1=O)C2=O)c1ccccc1,6
O=C1CC(OC2CCCCO2)CC(OC2CCCCO2)CCCCN(CCCNC(=S)NCCc2ccccc2)CCCCO1,6
O=C(NCCc1ccccc1)c1ccccc1,6
O=C(NC(CCNCc1ccccc1)Cc1ccccc1)c1ccc(Nc2cccc(CN3CCCC3)c2)cc1,6
O=C1C=C(Nc2ccccc2)OC1,6
O=C(Cc1ccccc1)Nc1ccccc1C(=O)c1ccccc1,6
O=C(Nc1cc(C2CC2)nn1-c1nccc(=O)[nH]1)c1ccccc1,6
O=C(Nc1ccc2[nH]ccc2c1)Nc1ccns1,6
O=C(Nc1ccc(C(=O)C=Cc2ccccc2)cc1)NS(=O)(=O)c1ccccc1,6
O=c1[nH]cnc2c1ncn2C(COCCP(=O)(NCCc1ccccc1)NCCc1ccccc1)COCCP(=O)(NCCc1ccccc1)NCCc1ccccc1,6
c1ccc(-c2ccccn2)cc1,6
O=c1ccn(C2CC2)c2cc(N3CCN(Cc4ccccc4)CC3)ccc12,6
c1ccc2c(NCCCCCCCCCNc3c4c(nc5ccccc35)CCCC4)c3c(nc2c1)CCCC3,6
C(#CC(c1ccccc1)C1CCCC1)C[NH+]1CCCCC1,6
O=c1c(CCN2CCC(=C(c3ccccc3)c3ccccc3)CC2)cnc2sccn12,6
c1ccc(OC2CCCCO2)cc1,6
c1ccc(OCCNCC2CSc3ccccc3O2)cc1,6
c1ccc(-n2c3cc(=NCCCCC45CCCCN4CCCC5)c(Nc4cccnc4)cc-3nc3ccccc32)cc1,6
O=c1[nH]c(=O)c2nc(-c3ccccc3)[nH]c2[nH]1,6
C(=NNc1c2ccccc2nc2ccccc12)c1ccc(CN2CCCC2)cc1,6
c1ccc(-c2ccc(Cc3cncnc3)cc2)cc1,6
O=C(NCCN1CCNCC1)c1cc(-c2ccc(CN3CCOCC3)cc2)nc2ccccc12,6
O=C1CC(=O)N(c2ccccc2)N1c1ccccc1,6
O=C(NCCNc1ccnc2ccccc12)c1cnccn1,6
O=C(C=Cc1ccccc1)c1ccc2c(c1)C=CCO2,6
c1cncc(-c2ccc3ncc(-c4cccnc4)n3n2)c1,6
c1ccc2c(NC3CCC4C(CCC5C6CCCC6CCC45)C3)ccnc2c1,6
O=c1ccc2c3ccc(=O)c4ccc5c(c6c(ccc1c26)OCO5)c43,6
c1ccc(N=c2cc[nH]cc2)cc1,6
O=C(NCCNc1ccnc2ccccc12)c1ccccc1,6
O=C(NN=Cc1c[nH+]c2ccccc2[nH+]1)c1ccccc1,6
c1ccc(-c2nccc3c2[nH]c2ccccc23)cc1,6
O=c1cc(-c2ccccc2)[nH]c2ccccc12,6
O=C(NN=C1CCC2C3Cc4cccc5c4C2(CCN3)C1O5)c1ccccc1,6
O=C(C=CC1C=CCCC1=O)OCC1CCCC(Oc2ccccc2)O1,6
O=C(Nc1c[nH]c(C(=O)Nc2c[nH]c(C(=O)NCCN3CCOCC3)c2)c1)c1ccc(C=Cc2ccccc2)cc1,6
c1ccc2c(NCCCCCCNCCCCC3CCC4C3CCC3C5CCCCC5CCC43)ccnc2c1,6
c1ccc(SCC2(c3ccccc3)OOC3CCCC2C3)cc1,6
O=c1cc(CNCCCCCCNc2ccnc3ccccc23)n(C2CC2)cc1OCc1ccccc1,6
O=C(C=Cc1ccccc1)c1ccco1,6
O=c1[nH]cnc2c1ncn2CC(COCCP(=O)(NCCc1ccccc1)NCCc1ccccc1)COCCP(=O)(NCCc1ccccc1)NCCc1ccccc1,6
O=C(Nc1ccnc(=O)[nH]1)c1ccccc1,6
c1ccc(CNCCCCCCCCNCc2ccccc2)cc1,6
c1ccc(-n2cc3cnncc3n2)cc1,6
c1ccc(N2CCN(CCCOc3ccc4c(c3)CCC3CCCCC43)CC2)cc1,6
c1ccc2c(NCCNC3CCC4C(CCC5C6CCCC6CCC45)C3)ccnc2c1,6
O=C(CCc1c[nH]c2ccccc12)NCC(=O)NC(Cc1c[nH]c2ccccc12)C(=O)NCC(=O)NC(Cc1c[nH]c2ccccc12)C(=O)NCC(=O)NCCc1c[nH]c2ccccc12,6
O=C(C=Cc1ccccc1)c1ccc(OCCCNCCNc2ccnc3ccccc23)cc1,6
O=c1[nH]c(=O)c2[nH]cnc2[nH]1,6
O=C1CC(OC2CCCCO2)CC(OC2CCCCO2)CCCCN(CCCNC(=S)NCc2ccccc2)CCCCO1,6
c1ccc(OCCNCC2COc3ccccc3O2)cc1,6
C=C1c2ccccc2C=Cc2ccccc21,6
O=C(NCCCN1CCCCOC(=O)CC(OC2CCCCO2)CC(OC2CCCCO2)CCCC1)Nc1cccc2ccccc12,6
O=C1C=CC2CCC(COCc3ccccc3)C(CCC3=CCOC3=O)C2C1,6
O=C1OC2CC=C3CCNC3C2c2cc3c(cc21)OCO3,6
c1ccc(Nc2nc(NCCNc3cnc4ccccc4c3)nc(Nc3ccccc3)n2)cc1,6
c1ccc(CNCc2cccc(CNc3ccnc4ccccc34)c2)nc1,6
c1ccc(-n2cc(COC3CCCCO3)nn2)cc1,6
c1ccc(-c2ncoc2-c2ccccc2)cc1,6
O=C(CCc1ccccc1)NCCc1ccccc1,6
c1ccc2c(NCCCN3CCN(CCCN(CC4CC4)CC4CC4)CC3)ccnc2c1,6
c1cc(Nc2ccnc3ccccc23)cc(C(c2nnn[nH]2)N2CCOCC2)c1,6
O=C1C=CC(CSc2ccccc2)N1CCNc1ccnc2ccccc12,6
c1ccc(CNCCCN2CCN(CCCNc3ccnc4ccccc34)CC2)cc1,6
c1ccc2c(CNCCC3CCN(c4ccncc4)CC3)csc2c1,6
O=C(OC1CC2CCC(C1)N2)c1c[nH]c2ccccc12,6
c1ccc(C2CCCC2)cc1,6
O=C1CC(CCC2CCCCC2=O)CC(=O)N1,6
O=C(CCCOc1ccc2[nH]c(=O)ccc2c1)NC1CCCCC1,6
N=C(Nc1ccccc1)Nc1cccc2ccccc12,6
O=C(c1ccccc1)N1CCN(C2CC3CCCC4CCC5OOC43C(O5)O2)CC1,6
O=C(Nc1ccccc1)c1c[nH]c(-c2ccccc2)c1-c1ccccc1.O=C(Nc1ccccc1)c1c[nH]c(-c2ccccc2)c1-c1ccccc1,6
c1ccc(-c2ccnn2-c2ccccc2)cc1,6
c1cnc2c(c1)ncn2Cc1ccc(-c2ccsc2)cc1,6
O=S(=O)(Nc1ccccc1)c1ccc(-n2cc(COc3cccc4cc5[n+](cc34)CCc3cc4c(cc3-5)OCO4)nn2)cc1,6
c1cnc(N2CCCCCC2)cn1,6
O=C1C=CC(=O)C2=C1NCCS2(=O)=O,6
O=C1CN(N=Cc2ccc(-c3ccccc3)o2)C(=O)[N-]1,6
c1ccc2c(NCCNc3nccc(N4CCNCC4)n3)ccnc2c1,6
O=C(NCCNc1ccnc2ccccc12)c1ccncc1,6
O=C(OCc1ccc2c(c1)C(=O)c1ccccc1C2=O)c1ccccc1,6
O=C(c1ccc(-c2cncc(-c3cccnc3)n2)cc1)N1CCCNCC1,6
O=C(N1CCOCC1)n1cc(-c2ccncn2)c2ccccc21,6
O=C1C=CC(=O)c2cc3c(cc21)C(=O)C1OCC2CCCC3C21,6
c1ccc(-c2c[nH]c3ccccc23)cc1,6
O=C1c2ccccc2C(=O)c2cc(C3C(Oc4ccccc4)C(=O)N3c3ccccc3)ccc21,6
O=C1C=CC2=CC3=C(CCC2CO1)C1CCC(CC2CC=CC(=O)O2)C1CC3,6
c1ccc(N2CCN(CCCOc3cccc4ccccc34)CC2)cc1,6
c1ccc2c(NCCCNc3nccc(N4CCCCC4)n3)ccnc2c1,6
C1=CC2OC3CCC(C2CC1)C31CO1,6
O=C(CNC(=O)c1cc2ccccc2[nH]1)Nc1cccc2cccnc12,6
c1ccc(Cn2c(NC3CCN(CCc4ccc(-c5ncon5)cc4)CC3)nc3ccccc32)cc1,6
C1=C2CCN3Cc4cc5c(cc4C(CC1)C23)OCO5,6
c1ccc(-c2cccc(Cc3cncnc3)c2)cc1,6
O=c1c(CCN2CCC(c3noc4ccccc34)CC2)cnc2n1CCCC2,6
O=C(Cc1ccnc2ccccc12)Nc1ccccc1,6
O=C1c2ccccc2-[n+]2ccc3c([nH]c4ccccc43)c21,6
C1=C(Cc2ccc3c(c2)C24CCN5CCC(CC2N3)CC54)C2CC3Nc4ccccc4C34CCN1C4C2,6
c1ccc(CCc2cccnc2)cc1,6
N=c1nc(C2C=CC=CC2)n(C2C=CC=CC2)s1,6
O=C(Cc1ccccc1)Nc1ccnc2ccccc12,6
O=c1c2c(ncn2Cc2ccccc2)n(-c2ccccc2)c(=O)n1C1CCCCC1,6
c1ccc2c(c1)CCC2NCCN1CCCCC1,6
O=C(NCCCNCCCCCCCCCCCCNCCCNC(=O)c1ccccc1)c1ccccc1,6
O=C(Cc1ccccc1)NCCCNCCCCCCCCNCCCNC(=O)Cc1ccccc1,6
c1cncc(-c2cccc(-c3nnc(Nc4ccc5c(c4)CNCC5)o3)c2)c1,6
c1ccc(OCc2cn(-c3ccnc4ccccc34)nn2)cc1,6
N=C1NC(c2cccc(-c3ccccc3)c2)CC(=O)N1C1CCOCC1,6
O=c1[nH]cnc2c1ncn2CC(COCCP(=O)(NCCc1ccccc1)NCCc1ccccc1)COCP(=O)(NCCc1ccccc1)NCCc1ccccc1,6
C1=Cn2c3c(c4ccccc42)CCN2CCCC1C32,6
O=C(CNC(=O)c1ccc(COC2CC3CCCC4CCC5OOC43C(O2)O5)cc1)NC(C=CS(=O)(=O)c1ccccc1)Cc1ccccc1,5
c1ccc2c3c([nH]c2c1)C(c1ccncc1)NCC3,5
O=C(Nc1cccc(N2CCCS2(=O)=O)c1)c1cccc(Oc2ccccc2)c1,5
c1cc(C2CCCN(c3ncnc4[nH]cnc34)C2)ccn1,5
c1ccc(-c2nc(N3CCCCC3)c3ccccc3n2)nc1,5
O=C1C=C2OCCCCCCN3C(=O)C(c4ccccc43)C2S1,5
c1ncc(-c2ccc(OCCCOc3ccc(-c4cncnc4)cc3)cc2)cn1,5
O=C(CCCCNC(=O)OCc1ccccc1)NCCc1ccccc1,5
O=C1CSC(c2ccccc2)N1CCCCNc1ccnc2ccccc12,5
c1cncc(-c2ccc3nccc(-c4cn[nH]c4)c3n2)c1,5
O=C(COc1ccccc1)Nc1ccccc1-n1cncn1,5
c1ccc(CC2c3ccccc3C3=NCCCN32)cc1,5
c1ccc(CCNCc2ccccc2)cc1,5
O=C1C(=O)N(Cc2cnnn2CCCNc2ccnc3ccccc23)c2ccccc21,5
O=C(c1cc(-c2ccc(CN3CCOCC3)cc2)nc2ccccc12)N1CCNCC1,5
c1cc(-c2cn(-c3ccc(C4=NCCN4)cc3)nn2)ccc1C1=NCCN1,5
O=C(CSc1ncc(C(=O)NCCCc2ccccc2)c(=O)n1Cc1ccccc1)c1ccccc1,5
C1=C2CC3CCC(OC4CCCCO4)CC3CCC2C2CCCC2C1,5
C1=NC=NCN1OCCCOCc1ccccc1,5
O=C1Nc2ccccc2C1=CNCCCNc1ccnc2ccccc12,5
O=C1CCC2C(CCC3C4CCC(CCCCNCCCNc5ccnc6ccccc56)C4CCC23)C1,5
O=C(NCc1ccc(-n2cccn2)cc1)c1ccccc1,5
N=C1N=CNCN1OCCc1ccccc1,5
C=C1CN2CCc3c([nH]c4ccccc34)C2CC1Cc1nccc2c1[nH]c1ccccc12,5
O=c1cc[nH]c2cc(Oc3ccccc3)ccc12,5
O=C(Cn1cc(Cn2cc(CCCC(=O)NC3CCCCCC3)c3ccccc32)nn1)Nc1ccccc1,5
O=C(CCN1CCNCC1)Nc1cc(-c2ccc(CN3CCOCC3)cc2)nc2ccccc12,5
C1=NC=NCN1OCCCc1ccccc1,5
C(=Cc1c[nH]c2ccccc12)c1ccc2ccccc2n1,5
c1ccc2oc(C3=NCCN3)cc2c1,5
c1c[nH]c2c3ccccc3nc-2c1,5
c1ccc(CNCc2cc3ccccc3o2)nc1,5
O=C(C=Cc1ccccc1)c1cccnc1,5
O=S(=O)(Nc1ccccc1)c1coc(-c2ccn[nH]2)c1,5
O=C1C(=O)N(Cc2cnnn2CCNc2ccnc3ccccc23)c2ccccc21,5
c1ccc(-c2c[nH]c(C3CCCN(Cc4ccccn4)C3)n2)cc1,5
c1ccc(COCC2OC3c4ccccc4SCC3C(OCc3ccccc3)C2OCc2ccccc2)cc1,5
O=C(C=NNc1ccccc1)NCCCCCCCNc1ccnc2ccccc12,5
O=C(NCc1ccccc1)c1cc2c(-c3ccccc3)c(C(=O)Nc3ccccc3)cnc2s1,5
O=C(Cn1c(-c2ccccn2)nc2ccccc21)c1ccccc1,5
C1=NC=NCN1OCCCCOCc1ccccc1,5
c1ccc(Nc2nnc(-c3cccc(-c4cccnc4)c3)o2)cc1,5
O=C1C=CC(Cc2c[nH]c3ccccc23)N1,5
c1cc(Nc2nc3cnc(NC4CCCCC4)cc3[nH]2)ncc1N1CCNCC1,5
O=C(C=Cc1ccc(C=Cc2ccccc2)cc1)c1ccccc1,5
c1ccc(-c2ccnc(-n3nc(-c4ccccc4)cc3-c3ccccc3)n2)cc1,5
c1ccc(COc2ccccc2CNCCCn2ccnc2)cc1,5
C(=Cc1ccccc1)Cc1ccccc1,5
O=C(CN1CCNCC1CN1CCCC1)c1ccccc1,5
c1ncc(OCCCOc2ccc(-c3cncnc3)cc2)cn1,5
O=C(Nc1ccc2[nH]ccc2c1)C1(NC2CCN(Cc3ccccc3)CC2)CCNCC1,5
C1=NC=NCN1,5
c1ccc(-c2nc3ccnc(N4CCNCC4)c3[nH]2)cc1,5
O=C(Cc1ccccc1)Nc1ccccc1,5
O=C(NC1CCCCC1)C1Cc2c([nH]c3ccccc23)C(c2ccccc2)N1,5
O=C1CC(OC2CCCCO2)CC(OC2CCCCO2)CCCCN(CCCNc2ccnc3ccccc23)CCCCO1,5
O=C(C=Cc1ccccc1)OCC(OC(=O)C=Cc1ccccc1)c1ccc2ccccc2c1,5
c1ccc(-c2cncs2)cc1,5
c1ccc(C2(CNCc3ccccn3)CCOCC2)cc1,5
O=C(Nc1ccc(N2CCCNCC2)cc1)c1nn(-c2ccccc2)c(=O)c2ccccc12,5
c1ccc2c(NCCCCCCNc3c4ccccc4nc4ccccc34)c3ccccc3nc2c1,5
c1ccc(-c2cccc(CCC3CCCCN3)c2)nc1,5
c1ccc(OCc2cccc3c(COc4ccccc4)cccc23)cc1,5
O=C(Nc1cccc(N2CCNCC2)c1)c1cccc2c(=O)c3ccccc3[nH]c12,5
c1cc(C2=NCCN2)cc(-n2cc(-c3ccc(C4=NCCN4)cc3)nn2)c1,5
O=C1C(c2ccc3ccccc3c2)=[NH+]c2ccccc21,5
O=C1C2Cc3c([nH]c4ccccc34)C(c3ccc4c(c3)OCO4)N2C(=O)CN1C1CCNC1,5
O=C(c1ccc(COc2ccccc2)cc1)N1CCCCC1,5
O=C1NC2CN(Cc3cnoc3)CC2Oc2ccccc21,5
O=C(CCc1c(-c2ccccc2)nc2ccc(-c3ccccc3)cn12)NCCN1CCCC1,5
O=C1C=C2CCC3C(CCC4C3CCC43CCC(=O)O3)C2CC1,5
C1=NC=NCN1OCCOc1ccccc1,5
O=C(C=Cc1ccccc1)NNC(=O)NCCCCNc1cccc2cccnc12,5
O=C(Nc1ccccc1)Nc1cccc(S(=O)(=O)NCc2ccccc2)c1,5
O=C(NCCCN1CCN(CCCNCc2ccccc2)CC1)C12CCCCC1C1=CCC3C4CCCCC4CCC3C1CC2,5
c1ccc(OCc2ccc3ccc(COc4ccccc4)cc3c2)cc1,5
c1ccc2c(NCCCNCc3ccoc3)ccnc2c1,5
c1ccc(N=c2ccn(CCCN3CCCCC3)c3ccccc23)cc1,5
O=C1c2ccccc2CC1C1CCCC1,5
c1cc(Nc2ccc(NC3=NCCN3)cc2)ccc1NC1=NCCN1,5
c1cc2cc(c1)Oc1ccc(cc1)CC1NCCc3cc4c(c(c31)Oc1ccc3c(c1)C(C2)NCC3)OCO4,5
C=C1CN2CCc3c([nH]c4ccccc34)C2CC1C1=CN2c3ccccc3C34CCN5CC(=C)C(CC53)C(C1)C24,5
C1CC2(CCC1CNc1nn[nH]n1)OOC1(O2)C2CC3CC(C2)CC1C3,5
c1ccc(OCCNCCCOc2ccc(-c3ncc[nH]3)cc2)cc1,5
c1ccc(N=Nc2ccccn2)cc1,5
c1ccc2c3c4c(cccc4cc2c1)N=N3,5
O=C(c1ccc2c(c1)N(Cc1ccccc1)C(=O)c1ccccc1S2)N1CCNCC1,5
c1ccc2c(c1)[nH]c1c(N3CCC(N4CCCC4)CC3)nccc12,5
c1ccc(CNCCOc2ccccc2)cc1,5
O=C(Nc1cnc2ccccc2c1)c1ccccc1C(=O)c1ccccc1,5
O=C1CCC2C1CCC1c3ccccc3CCC12,5
O=C1NC(=O)C(c2c[nH]c3ccccc23)=C1c1ccccc1,5
O=C1C=CC(=C(c2ccccc2)c2ccccc2)C=C1,5
c1ccc(C2CNCc3ccccc32)cc1,5
c1ccc(-n2cc(CNCCC3CCN(c4ccncc4)CC3)cn2)cc1,5
c1ccc(-c2cccc(-c3ccccn3)c2)nc1,5
O=C(c1ccccc1)N1CCNCC1,5
c1nc(Sc2cnc[nH]2)c2nc[nH]c2n1,5
c1ccc2c(Nc3ccc4oc(NCCN5CCCC5)nc4c3)ccnc2c1,5
c1ccc(C2CN3CCSC3=N2)cc1,5
c1ccc(Nc2nccc(Oc3ccccc3)n2)cc1,5
c1cnc(N2CCC3(CN(Cc4nc5ccccc5[nH]4)C3)C2)nc1,5
c1ccc(-c2ccc3cccnc3n2)cc1,5
O=C(Cc1ccccc1)Nc1ccc2ccccc2n1,5
O=C(Cc1ccccc1)NCCCN1CCN(CCCNc2ccnc3ccccc23)CC1,5
c1ccc2c(c1)N=C(N1CCNCC1)c1ccccc1N2,5
C1=Cn2c3ccccc3c3ccnc(c32)CO1,5
c1cnc(N2CCC3(CN(Cc4c[nH]c5cccnc45)C3)C2)nc1,5
O=S(=O)(NCCN(C1CC1)S(=O)(=O)c1ccccc1)c1ccccc1,5
c1ccc(-n2nnnc2OCC2CCC3(CC2)OOC2(O3)C3CC4CC(C3)CC2C4)cc1,5
c1ccc(CN(Cc2cnc3ccccc3c2)Cc2cnc3ccccc3c2)nc1,5
O=S(=O)(Nc1cccc2cccnc12)N1CCCC1,5
O=C(c1ccccc1)N(CCN1CCN(c2ccccc2)CC1)c1ccccn1,5
c1ccc2c(c1)NCc1cc3c(cc1-2)OCO3,5
c1ccc2c(c1)CNc1ccccc1-2,5
O=C(Nc1ccc2c(c1)CCNC2)c1cnc2ccccc2c1,5
O=C1CCc2cc(OCCCCc3nnnn3C3CCCCC3)ccc2N1,5
c1cc(N2CCC3(CCCNC3)C2)c2sccc2n1,5
c1ccc(CN(Cc2ccccc2)C2CCCCC2)cc1,5
c1cc(NCCNC2CCN(c3ccc4c(c3)CCC4)CC2)ccn1,5
c1ccc(-c2nc3c(c(N4CCCC4)n2)CCC3)nc1,5
O=C1CSC(=O)C1,5
O=c1cccccc1,5
O=C(NCc1ccccc1)c1cnc2ccccn2c1=O,5
c1nc(SC2CC3CCC2C3)n[nH]1,5
c1ccc2c3c([nH]c2c1)C(NC1CCc2[nH]cnc2C1)CCC3,5
c1ccc(-c2ccc3c(c2)OCO3)cc1,5
c1ccc(N2CCN(Cc3cccc(Nc4ccnc5ccccc45)c3)CC2)nc1,5
O=c1cc(-c2ccc(Oc3ccccc3)cc2)oc2ccccc12,5
O=c1c2ccccc2[nH]c2cc(OCCC3CCCN3)ccc12,5
O=c1c2ccccc2[nH]c2cc(OCCNC34CC5CC(CC(C5)C3)C4)ccc12,5
O=C(CN1CCCCC1)OC1CC2(N3CCCCC3)CC(c3ccccc3)C1C(c1ccccc1)C2,5
O=C1CCCCOC(=O)CC(OC2CCCCO2)CC(OC2CCCCO2)CCC1,5
c1ccc(CCNCCc2ccccc2)cc1,5
O=C(CCCCCC(=O)N1CCN(c2ccnc3ccccc23)CCN(c2ccnc3ccccc23)CC1)N1CCN(c2ccnc3ccccc23)CCN(c2ccnc3ccccc23)CC1,5
C1CCCC2(CC1)OOC1(CCNCC1)OO2,5
c1ccc(NC2CC3CCCC4CCC5OOC43C(O2)O5)cc1,5
c1ccc(C2CC2)cc1,5
c1ccc2c(N3CCNCCN(c4ccnc5ccccc45)CCNCC3)ccnc2c1,5
O=C1c2[nH]c3ccccc3c2C(=O)c2cnc3ccccc3c21,5
O=S(=O)(NCCNc1ccnc2ccccc12)c1ccccc1,5
O=S(=O)(NCCCNc1ccnc2ccccc12)c1ccccc1,5
O=S(=O)(NCCCCNc1ccnc2ccccc12)c1ccccc1,5
c1ccc2c(NC3CCc4[nH]cnc4C3)ncnc2c1,5
O=C(CNC(=O)OCc1ccccc1)NC(CCN1CCCC1)Cc1ccccc1,5
c1ccc2c(c1)Cn1c-2cc2ccccc21,5
C1=C(c2ccccc2)CCN(CCCOc2ccccc2)C1,5
O=C(CN1CCCCC1)Nc1cc(CNCc2ccccc2)cc(Nc2ccnc3ccccc23)c1,5
O=C(Cc1ccccc1)Nc1ccn(-c2ccccc2)n1,5
c1ccc(-c2ccnc(OCc3cn(-c4ccnc5ccccc45)nn3)n2)cc1,5
c1cc[n+](CCCCCCCCCCCC[n+]2ccccc2)cc1,5
N=C1c2ccccc2-c2c1c(NCCN1CCNCC1)nc1ccccc21,5
c1cc(C2=NCCN2)cc(-c2cn(-c3ccc(C4=NCCN4)cc3)nn2)c1,5
c1ccc2c(c1)[nH]c1c(NCCCN3CCCCC3)c3ccccc3[nH+]c12,5
C1=NN=C(c2ccccc2)c2cc3c(cc2C1)OCO3,5
O=C(c1cncs1)N1CCC2(CCCCCC2)C1,5
O=C(C=Cc1ccccc1)c1ccc(S(=O)(=O)NCCNc2cncc3ccccc23)cc1,5
c1ccc(CNc2ncnc3ccccc23)cc1,5
c1ccc2cc(-c3ncc[nH]3)ccc2c1,5
O=S(=O)(NC12CCCC1CNC2)c1cc(C2CC2)no1,5
O=C1CSC(c2ccccc2)N1CCCNc1ccnc2ccccc12,5
O=C(Cc1ccccc1)N1CCCCC1CN1CCCC1,5
O=C(CNC(=O)N1CCNCC1)NC(C=CS(=O)(=O)c1ccc2ccccc2c1)CCc1ccccc1,5
O=C(C=Cc1ccncc1)c1ccccc1,5
O=C(NC(CCN1CCN(CCC(Cc2ccccc2)NC(=O)C(Cc2ccccc2)N2C(=O)c3ccccc3C2=O)CC1)Cc1ccccc1)C(Cc1ccccc1)N1C(=O)c2ccccc2C1=O,5
c1ccc(CN(Cc2ccccn2)CC2CCCCO2)nc1,5
O=C1OCC2C3=C(C(=O)c4occ1c42)C1CCC(=O)C1CC3,5
C1=Cc2cc(CNCCCc3ccccc3)ccc2OC1,5
c1ccc(CNCCCNc2ccncc2)cc1,5
O=C(NC(Cc1ccccc1)C(=O)NCCCc1ccccc1)c1ccc(COC2CC3CCCC4CCC5OOC43C(O2)O5)cc1,5
O=C1C=C(CCCCC[P+](c2ccccc2)(c2ccccc2)c2ccccc2)C(=O)c2ccccc21,5
c1ccc(CC2CCCN2)cc1,5
O=C1NC(=O)c2cccc3cccc1c23,5
c1ncc(C[n+]2ccsc2)cn1,5
c1ccc(CC2CC3CCCCC34COC2OO4)cc1,5
c1cc(N2CCN(C3CC4CCCC5CCC6OOC54C(O6)O3)CC2)c2nonc2c1,5
c1cc(NCCCOC2CC3CCCC4CCC5OOC43C(O2)O5)c2nonc2c1,5
c1ccc(-c2cc(-c3ccccc3)nc(NCCCCNc3ccnc4ccccc34)n2)cc1,5
c1cc(OCCCOc2cncnc2)cc(-c2cncnc2)c1,5
O=C(NN(c1ccncn1)C1CCCC1)c1ccc(CN2CCNCC2)cc1,5
c1ncc2c(n1)N(C1CCCO1)CN2,5
C1=NCN=C2C1N=CN2C1CCCO1,5
C1CCC2(C1)OOC1(CCNCC1)OO2,5
c1ccc(-c2ccn(-c3ccccc3)n2)cc1,5
C1CCC2(CC1)OOC1(CCNCC1)OO2,5
c1ccc(CNc2ncc3ccccc3n2)cc1,5
O=C1c2ccccc2C(=O)c2c1cccc2-c1ccccc1,5
O=C1CCCCCCCCc2coc(n2)-c2coc(n2)-c2coc(n2)C=CCCCCO1,5
N=C(c1ccccc1)c1cc2ccccc2[nH]1,5
c1cc(C2=NCCN2)cc(-c2cn(-c3cccc(C4=NCCN4)c3)nn2)c1,5
c1ccc(Oc2ccccn2)cc1,5
O=C1CCC2C(CCC3C4CCC(CCCCNCCNc5ccnc6ccccc56)C4CCC23)C1,5
O=C1OC(C2NCCc3cc4c(cc32)OCO4)c2ccccc21,5
O=S(=O)(c1ccccc1)N1CCC2(CC1)OOC1(OO2)C2CC3CC(C2)CC1C3,5
O=C(NC(CCN1CCN(Cc2ccc3c(c2)OCO3)CC1)Cc1ccccc1)c1ccccc1,5
c1c2c(cc3c1OCO3)C13CCCCC1N(CC3)C2,5
c1ccc2c(NCCCNCc3ccsc3)ccnc2c1,5
c1ccc(-c2cc3ncnc(NC4CCNCC4)c3s2)cc1,5
O=C1C=CC2C(CCC3C2CCC2C(c4ccoc4)C(=NOC(=O)c4ccccc4)C4OC423)C1,5
O=C(CC(NC(=O)c1ccccc1)c1ccccc1)OCCCNc1ccnc2ccccc12,5
c1cc(N2CCC3(CCNC3)C2)c2sccc2n1,5
c1ccc(CNc2ccc(-c3noc(C45CCCN(CCC4)C5)n3)cn2)cc1,5
N=C1c2ccccc2-c2c1c(NCCN1CCCCC1)nc1ccccc21,5
O=C(Nc1cccc(C(=O)Nc2cccc(C(=O)Nc3cccc4ccccc34)c2)c1)Nc1cccc(C(=O)Nc2cccc(C(=O)Nc3cccc4ccccc34)c2)c1,5
c1ccc(CCCc2ccccc2)cc1,5
c1ccc2nc(CCCCCCCCCCc3ccc4ccccc4n3)ccc2c1,5
c1ccc2c(NC3CCNCC3)nc(N3CCCCC3)nc2c1,5
C1CCC2C(C1)OOC1CCCCC12,5
O=c1cc(-c2ccn(Cc3ccccc3)n2)[nH]c2ccccc12,5
c1ccc2ncc(N3CCCC3)cc2c1,5
N=C(Nc1ccc(-c2ccc(-c3ccc(NC(=N)c4cscn4)cc3)o2)cc1)c1cscn1,5
O=C(C=Cc1ccccc1)CC(=O)C=Cc1ccccc1,5
c1ccc(Nc2ncnc3[nH]cnc23)cc1,5
O=C(CNC(=O)N1CCNCC1)NC(C=CS(=O)(=O)c1ccccc1)CCc1ccccc1,5
c1cc(C2CCC3(CC2)OOC2(OO3)C3CC4CC(C3)CC2C4)ccc1OCCN1CCCCC1,5
C(=CC1(c2ccccc2)OOC2CCCC1C2)c1ccccc1,5
c1cncc(CNCc2cnc3ccccc3c2)c1,5
N=C1N=CNCN1OCCCCOc1ccccc1,5
S=[PH]1OCc2ccccc2O1,5
c1ccc(CNCCCCOc2cccc3cccnc23)cc1,5
C1=NC=NCN1OCCSc1ccccc1,5
c1ccc2c(c1)[nH]c1c(N3CCC(N4CCCCC4)CC3)nccc12,5
O=c1[nH]c2cc(NCc3ccc4c(c3)COCO4)ccc2o1,5
O=C1c2c[nH+]c3ccccc3c2C(=O)c2[nH]c3ccccc3c21,5
O=C1C=C(NCc2cn(-c3ccccc3)nn2)CO1,5
C1COC(NC(C2CC2)C2CC2)=N1,5
c1ccc(CC2CCC3(CC2)OOCCCOO3)cc1,5
O=C(NCCCN1CCC(N2CCCCC2)CC1)c1ccnc2c(-c3ccccc3)cccc12,5
O=C(CCN1CCN(CCC(=O)N2CCN(c3ccnc4ccccc34)CCN(c3ccnc4ccccc34)CC2)CC1)N1CCN(c2ccnc3ccccc23)CCN(c2ccnc3ccccc23)CC1,5
O=C1c2ccccc2-c2c1c(NCCN1CCNCC1)nc1ccccc21,5
C1CC2OOC1C1OC21,5
c1ccc(CCNC2CCc3ccccc32)cc1,5
O=C(CN1CCCCC1)Nc1cc(COC(=O)CCCCN2CCOCC2)cc(Nc2ccnc3ccccc23)c1,5
C1CCC2(CC1)OOC1(OO2)C2CC3CC(C2)CC1C3,5
C1=CC2C(CC1)C(c1cc3ccccc3[nH]1)C13CCNC21Nc1ccccc13,4
O=C(NCCNc1ccnc2ccccc12)c1ccc(C=CC(=O)c2ccco2)cc1,4
c1ccc(-c2nc3c(N4CCCC(CN5CCNCC5)C4)nccc3[nH]2)cc1,4
C(=CCCC1CCCOO1)CCC1CCCCC1,4
c1ccc2nc(NCCCN3CCCCC3)ccc2c1,4
c1ccc(Oc2ccc3nccc(N4CCCC4)c3c2)cc1,4
O=c1ccn(C2CC2)c(CNCCCNc2ccnc3ccccc23)c1,4
c1ccc2c(NCCCOCCOCCOCCCNc3ccnc4ccccc34)ccnc2c1,4
c1ccc(Nc2nc(NCCNCCOC3CC4CCCC5CCC6OOC54C(O3)O6)nc(Nc3ccccc3)n2)cc1,4
c1ccc(CN(C2=NC(=[N+](Cc3ccccc3)c3ccccc3)c3ccccc32)c2ccccc2)cc1,4
O=C1Cc2ccccc2N1CCCn1cc(COc2ccc(CNNc3ccnc4ccccc34)cc2)nn1,4
S=C(NCCCNCCCCCCCNCCCNC(=S)NC(c1ccccc1)c1ccccc1)NC(c1ccccc1)c1ccccc1,4
c1ccc(COc2ccc(CNCCCCNCc3ccc(OCc4ccccc4)cc3)cc2)cc1,4
c1ccc2c(c1)CC(C1=NCCN1)O2,4
c1ccc2c(OC3CC4CCCC5CCC6OOC54C(O6)O3)cccc2c1,4
O=C1c2ccccc2C(=O)N1CCCCCCCCNc1ccnc2ccccc12,4
c1ccc(-n2cc(CCNc3ccnc4ccccc34)nn2)cc1,4
c1ccc(CNCc2cccc(Cn3ccnc3)c2)cc1,4
c1ccc(CCNc2ncc3ccccc3n2)cc1,4
c1ccc(COc2ccc(CNCCCCCCCCNCc3ccc(OCc4ccccc4)cc3)cc2)cc1,4
c1ccc(CNc2nc3ccccc3[nH]2)cc1,4
O=C1NCCCOc2cccc(c2)C2c3ccc(cc3CCN2C(=O)CCN2CCCCC2)Oc2cccc1c2,4
c1cc(C2CCC3(CC2)OOC2(O3)C3CC4CC(C3)CC2C4)ccc1OC1CCCCC1,4
S=C(NCCCNCCCCCCNCCCNC(=S)NCc1ccccc1)NCc1ccccc1,4
O=C1C=C2CC3CCC4CCCCC4C3CC2O1,4
c1csc(Cn2cc(-c3ccncn3)c3ccccc32)c1,4
c1cc(C2CCC3(CC2)OOC2(O3)C3CC4CC(C3)CC2C4)ccc1OCCCN1CCOCC1,4
O=c1[nH]cnc2c1ncn2CC1CN(CP(=O)(NCCc2ccccc2)NCCc2ccccc2)CCN1CCP(=O)(NCCc1ccccc1)NCCc1ccccc1,4
O=C(CC1COc2c1c(=O)oc1ccccc21)C1CO1,4
C=C1CN2CCC34c5ccccc5N5C(=O)C(C6CC78c9ccccc9N9C(=O)C=CC(C%10CC7N6CC%10=C)C98)=CC(C1CC23)C54,4
O=C1C(Nc2ccccc2)=C(N2CCOCC2)C(=O)c2ccccc21,4
O=c1[nH]cnc2c1ncn2CCN(CCP(=O)(NCCc1ccccc1)NCCc1ccccc1)CCP(=O)(NCCc1ccccc1)NCCc1ccccc1,4
O=C(NC(CCNCc1ccccc1)Cc1ccccc1)c1ccc(Nc2ccc(CN3CCCCC3)cc2)cc1,4
O=C(NCCN1CCCC1)c1ccc2nc(-c3ccccc3)cn2c1,4
O=C(c1ccccc1)c1cnc2cc(-c3ccccc3)nn2c1,4
O=C(NCc1nc(-c2cccnc2)cs1)c1ccncc1,4
O=c1ccn(C2CC2)c2cc(N3CCN(S(=O)(=O)c4ccccc4)CC3)ccc12,4
c1ccc(C(Nc2ccnc3ccccc23)c2ccc(CN3CCCCC3)cc2)cc1,4
O=C(c1ccccc1)N1c2ncnn2C(c2ccccc2)CC1c1ccccc1,4
O=C(CNC(=O)c1ccc(Oc2ccccc2)cc1)NCCCNc1ccnc2ccccc12,4
c1ccc(C2NCCc3ccc(OCc4nccs4)cc32)cc1,4
O=C(CNC(=O)c1c[nH]c2ncccc2c1=O)OC(c1ccnc2ccccc12)C1CC2CCN1CC2,4
c1cncc(-c2cccc(CCC3CCCCN3)c2)c1,4
c1cncc(CN(Cc2cnc3ccccc3c2)Cc2cnc3ccccc3c2)c1,4
O=C(Nc1ccccc1N1CCOCC1)c1nc2ncccn2n1,4
c1ccc(OCc2ccccc2COc2ccccc2)cc1,4
O=C(C1CCCCC1)N(CCN1CCN(c2ccccc2)CC1)c1ccccn1,4
c1ccc(-c2[nH]c3ccccc3c2-c2ccccc2)cc1,4
O=S(=O)(CC12CCC(CC1)C2)N1CCN(c2ccccc2)CC1,4
O=C1C(=O)N(CCN2CCN(c3ccnc4ccccc34)CC2)c2ccccc21,4
c1ccc(OCCNc2cc(C3CCC3)nc(C3CC3)n2)cc1,4
c1ccc(C2OOC3(CCCCCC3)OO2)cc1,4
O=c1[nH]cnc2c1ncn2CCN(CCP(=O)(NCCc1ccccc1)NCCc1ccccc1)COCCP(=O)(NCCc1ccccc1)NCCc1ccccc1,4
c1ccc(Nc2cc3nc4ccccc4n(-c4ccccc4)c-3cc2=NCCC23CCCN2CCC3)cc1,4
c1ccc(-c2cccc(CCC3CCCCN3)c2)cc1,4
c1ccc(Nc2cc3nc4ccccc4n(-c4ccccc4)c-3cc2=NCC23CCCN2CCC3)cc1,4
c1ccc2cc(CNCC3CCNC3)ccc2c1,4
O=C(Nc1cccnc1)c1ccc(-c2ccccc2)o1,4
c1ccc(-c2cn3c(n2)[nH]c2ccccc23)cc1,4
O=C(Nc1ccccc1)Nc1cnc(-n2ccnc2)nc1,4
O=C(c1ccc(Nc2nccc(NCCCCNc3ccnc4ccccc34)n2)cc1)N1CCCC1,4
c1ccc(CNCCCn2c(-c3ccccc3)c(-c3ccccc3)c3ccc4ccccc4c32)cc1,4
c1ccc2c(Nc3ccc4[nH]cnc4c3)c3ccccc3nc2c1,4
c1ccc(CCCc2cccc(CN3CCCCC3)c2)cc1,4
O=C1C(=Cc2ccn(-c3ccccc3)c2)SC(=Nc2ccccc2)N1c1ccccc1,4
O=S(=O)(Nc1ccc(Nc2ccncn2)cc1)c1cnoc1,4
c1ccc(-c2cc(-c3ccccc3)c3c(ccc4ccccc43)n2)cc1,4
O=S(=O)(c1ccccc1)N1CCCC1CCN1CCCCC1,4
O=C(CCC(=O)N1CCN(c2ccnc3ccccc23)CCN(c2ccnc3ccccc23)CC1)N1CCN(c2ccnc3ccccc23)CCN(c2ccnc3ccccc23)CC1,4
O=C(CCc1cn(-c2ccccc2)nc1-c1ccc2c(c1)OCO2)NCCNC1CCCCC1,4
c1ccc2c(NCCCCNc3nccc(N4CCNCC4)n3)ccnc2c1,4
c1ccc2c(CN3CCNCC3)cc(-c3ccc(CN4CCOCC4)cc3)nc2c1,4
c1ccc(Nc2nc(Nc3cccc(Nc4ccnc5ccccc45)c3)nc(N3CCNCC3)n2)cc1,4
c1csc(CNCCCNc2ccnc3ccccc23)c1,4
c1ccc(CN2CC2Cn2cncn2)cc1,4
O=C(CCCCCC1=CC(=O)c2ccccc2C1=O)NCCNc1ccnc2ccccc12,4
O=C(Cc1ccc(Cc2ccc3ccccc3c2)cc1)NCCNc1ccnc2ccccc12,4
c1csc(CN(Cc2cnc3ccccc3c2)Cc2cnc3ccccc3c2)c1,4
S=C(NCCCNCCCCCCCNCCCNC(=S)NCC(c1ccccc1)c1ccccc1)NCC(c1ccccc1)c1ccccc1,4
c1ccc2c(NCCCN3CCNCC3)ncnc2c1,4
c1cc(COCCC2CC3CCCC4CCC5OOC43C(O2)O5)cc(COCCC2CC3CCCC4CCC5OOC43C(O2)O5)c1,4
O=C1C(NC=Cc2ccccc2)=CC2=[NH+]CCc3c[nH]c1c32,4
c1ccc(C(Nc2ccnc3ccccc23)c2ccc(Cn3ccnc3)cc2)cc1,4
O=C(c1ccc(Nc2nccc(NCCCNc3ccnc4ccccc34)n2)cc1)N1CCOCC1,4
O=C1Nc2ccc(S(=O)(=O)Nc3ccccc3)cc2C1=Cc1cc(C(=O)N2CCNCC2)c[nH]1,4
O=c1cc[nH]c(CNCCCNc2ccnc3ccccc23)c1,4
c1cc(-c2nc3cc4ccccc4cc3[nH]2)nc(-c2nc3cc4ccccc4cc3[nH]2)c1,4
O=C(CNC(=O)OCc1ccccc1)NN(CCc1ccccc1)c1cc(=O)c1=O,4
O=C1C=CC2(C=C1)CCC(C1C(=O)NC13C=CC(=O)C=C3)O2,4
c1ccc(Nc2nc(NCCN(CCOC3CC4CCCC5CCC6OOC54C(O3)O6)CCOC3CC4CCCC5CCC6OOC54C(O3)O6)nc(Nc3ccccc3)n2)cc1,4
O=C(CCCC(=O)OCCC1CC2CCCC3CCC4OOC32C(O1)O4)OCCC1CC2CCCC3CCC4OOC32C(O1)O4,4
c1cnc2c(Nc3ccnc4ncnn34)cccc2c1,4
C1=NOCC1,4
O=C1c2ccccc2-c2c1c(NCCN1CCCCC1)nc1ccccc21,4
c1ccc(-c2ccn3ncc(-c4ccccc4)c3n2)cc1,4
O=[PH](OCc1ccccc1)OCc1ccccc1,4
O=C1NCC(=O)N2C1Cc1c([nH]c3ccccc13)C2c1ccc2c(c1)OCO2,4
O=C(CSCc1ccccc1)c1c[nH]c2ccccc12,4
O=C(Nc1cccc(N2CCNCC2)c1)c1ccc2[nH]c3ccccc3c(=O)c2c1,4
O=C1Nc2ccccc2C12OC=NN2c1ccccc1,4
c1ccc2nc(-c3ccc(CN4CCOCC4)cc3)ccc2c1,4
O=C1Nc2ccccc2C12CC(c1ccccc1)c1ccccc1N2,4
O=c1c2ccccc2[nH]c2cc(Nc3ccc(CN4CCOCC4)cc3)ccc12,4
O=c1[nH]c(-c2ccccc2)nc2[nH]nnc12,4
C1CCC(N=C(NC23CC4CC(CC(C4)C2)C3)N2CCOCC2)CC1,4
N=C(NCCCNCCCCCCCNCCCNC(=N)NC(=N)NCCC(c1ccccc1)c1ccccc1)NC(=N)NCCC(c1ccccc1)c1ccccc1,4
O=C(Nc1ccccn1)NC1CCCC1,4
c1ccc2c(NCCCn3ccnc3)ccnc2c1,4
O=C(CC(c1ccccc1)N1Cc2ccccc2C1=O)NC1CCN(Cc2ccccc2)CC1,4
c1ccc(CN2CCC(CNc3c4c(nc5ccccc35)CCC4)CC2)cc1,4
O=C(c1ccc2[nH]cnc2c1)c1cccs1,4
O=C(Nc1ccc2ccc(=O)[nH]c2c1)c1cc2ccccc2o1,4
O=C(c1ccccc1)N1CCc2c([nH]c3ccccc23)C1c1ccccc1,4
c1csc(CCNC2CCCNc3ccccc32)c1,4
O=C(NCCCNCCCCCCNCCCNC(=O)Nc1ccccc1)Nc1ccccc1,4
c1ccc2c(c1)CCCC2NCc1ccc2occc2c1,4
c1ccc(NCc2cnc[nH]2)cc1,4
c1ccc(Nc2ncnc(OCc3cn(CCNc4ccnc5ccccc45)nn3)n2)cc1,4
c1ccc(CNCCCn2ccc3ccccc32)cc1,4
O=C(NC(CCNCc1ccccc1)Cc1ccccc1)c1ccccc1CN1CCCCC1,4
c1cc(CCC2CCCCN2)cc(-c2ccncc2)c1,4
c1ccc(C2CCN(CC3CCCN4CCCCC34)CC2)cc1,4
O=C(Nc1cc(C2CC2)nn1-c1nccc(=O)[nH]1)C(c1ccccc1)c1ccccc1,4
c1ccc(COc2ccc(CNCCCCCCCCCCNCc3ccc(OCc4ccccc4)cc3)cc2)cc1,4
O=C1C=CC2CCC(COC(=O)OCc3ccccc3)C(CCC3=CCOC3=O)C2C1,4
c1ccc(CON=c2[nH]cnc3c2ncn3C2CCCO2)cc1,4
c1cc(CNCCCNc2ccnc3ccccc23)c2c(c1)OCO2,4
c1ccc2[nH]c(CNCC3CCN(C4CCNCC4)CC3)cc2c1,4
c1ccc(COc2ccc(CNCCCCCCCCCCCCNCc3ccc(OCc4ccccc4)cc3)cc2)cc1,4
c1ccc2nc(NCC3CCN(C4CC4)C3)ccc2c1,4
c1ccc(N2CCC(NCc3cccc(CN4CCNCC4)c3)CC2)cc1,4
C(CCCCCCC1=NCCN1)CCCCCC1=NCCN1,4
S=C(NCCCNCCCNCCCNC(=S)NCC(c1ccccc1)c1ccccc1)NCC(c1ccccc1)c1ccccc1,4
c1cc(CNCCCN2CCN(CCCNCc3cccc(-c4nc5ccccc5n5cccc45)c3)CC2)cc(-c2nc3ccccc3n3cccc23)c1,4
c1ccc(CCNCCCNc2nc3ccccc3n2Cc2ccccc2)cc1,4
O=C(CCCCc1ccno1)Nc1nc(-c2ccccc2)cs1,4
c1ccc(CCN2CCC(Nc3nc(NCc4ccccc4)nc4ccccc34)CC2)cc1,4
O=c1cc(-c2ccc(-c3ccccc3)cc2)nc[nH]1,4
C(CN1CCCC1)=C(c1ccccc1)c1ccccn1,4
c1ccc(CN2CCC(CCNCC3CCCN4CCCCC34)CC2)cc1,4
C1=C2CCC3CCCC4CCC(CC1)C2C34,4
O=c1c2ccccc2[nH]c2cc(-c3ccc(CN4CCOCC4)cc3)ccc12,4
O=S(=O)(c1cccc(-c2ccc3ncc(-c4cccnc4)n3n2)c1)C1CC1,4
O=c1c2ccccc2[nH]c(=S)n1CCN1CCC(=C(c2ccccc2)c2ccccc2)CC1,4
O=C(CC(NC(=O)c1ccccc1)c1ccccc1)OC1CC2CCCC3CCC4OOC32C(O4)O1,4
[N+]=C1C=CC(=C(c2ccccc2)c2ccccc2)C=C1,4
c1ccc(CCN2CCCC2)cc1,4
O=C(NCCCC(NCc1ccccc1)C(=O)NCCc1ccccc1)OCc1ccccc1,4
c1ccc2[s+]c3ccccc3nc2c1,4
C(=Cc1ccccc1)Cn1ccnn1,4
O=C(Cc1ccccc1)N(CCCn1ccnc1)c1nc2ccccc2s1,4
c1ccc2c(NCCn3ccc4nncc-4c3)ccnc2c1,4
O=C(OC1CC2CCCC3CCC4OOC32C(O4)O1)c1ccccc1,4
O=C1c2ccccc2C(=O)N1Cc1nc2ccccc2n1Cc1cnnn1-c1ccccc1,4
c1ccc(CNCc2cc3ccccc3[nH]2)cc1,4
O=c1[nH]cnc2c1ncn2CCN(CCP(=O)(NCCc1ccccc1)NCCc1ccccc1)CP(=O)(NCCc1ccccc1)NCCc1ccccc1,4
c1ccc(OC2CCN(c3cc(C4CCC4)ncn3)CC2)cc1,4
O=C(Nc1cnc2c(c1)COCC2)c1cc2ccccc2[nH]1,4
c1ccc(CCCn2ccnn2)cc1,4
O=C(Cc1cn(C(=O)c2ccccc2)c2ccccc12)N1CCOCC1,4
O=S(=O)(NNc1ccnc2ccccc12)c1cccc2ccccc12,4
O=c1c(-c2ccc(Cc3ccccc3)cc2)c[nH]c2ccccc12,4
O=C1CCC(=O)c2ccccc21,4
c1ccc(CNC2CCCc3occc32)cc1,4
O=C(Nc1ccccc1)Nc1ccc(Oc2ccncc2)cc1,4
c1ccc(CN2CCC3(CC2)CN(c2ccccc2)CC3COCC2CC2)cc1,4
c1ccc(C(c2ccccc2)(c2ccc(CN3CCCC3)cc2)N2CCCC2)cc1,4
c1ccc2c(-n3cc(COc4ccc5c(c4)[nH]c4cnccc45)nn3)ccnc2c1,4
O=C(Nc1c(S(=O)(=O)c2ccccc2)c2nc3ccccc3nc2n1CCc1ccccc1)c1ccccc1,4
c1cncc(-c2ccc(CNC3CCN(Cc4cccs4)CC3)cc2)c1,4
c1ccc2c(c1)CC1CC2CCN1CC1CC1,4
c1ccc(OCc2cn(CCCNc3ccnc4ccccc34)nn2)cc1,4
c1ccc2c(NCC3CCNC3)ccnc2c1,4
O=C(OC1CC2(N3CCCCC3)CC(c3ccccc3)C1C(c1ccccc1)C2)c1ccccc1,4
O=C(Nc1ccccc1)c1coc2ncn(CCN3CCCC3)c(=O)c12,4
O=S(=O)(Nc1cccc2cccnc12)c1cccs1,4
c1ccc(OCCCOc2ccc(-c3cc4ccccc4o3)cc2)cc1,4
O=C(c1ccc(Nc2nccc(NCCCCNc3ccnc4ccccc34)n2)cc1)N1CCOCC1,4
O=c1nc2n(nc1-c1ccccc1)C1(CCC1)Nc1ccccc1-2,4
O=C(Nc1ccc2nc3c(c(Nc4ccccc4)c2c1)CCCC3)c1ccccc1,4
O=C(Nc1ccc(C2(c3ccc(NC(=O)c4ccccc4)cc3)c3ccccc3C(=O)c3ccccc32)cc1)c1ccccc1,4
c1ccc(CCNCc2coc3ccccc23)cc1,4
O=C(C(=O)c1ccccc1C(=O)N1CCCCC1)c1ccccc1,4
c1ccc(COC2CN(c3ccnc(Nc4ccccc4)n3)C2)cc1,4
c1ccc(CCN2CCC(CNCc3c[nH]c4ccccc34)CC2)cc1,4
c1ccc2c(NCCOCCNc3ccnc4ccccc34)ccnc2c1,4
c1ccc(-c2cccc(N3CCC(NCC4CCNCC4)CC3)c2)cc1,4
O=C(C=Cc1ccccc1)NCC12CC(CN1Cc1ccccc1)C2,4
c1cc2c3c(ccnc3c1)CCC2,4
c1ccc(CN2CCN(CCNc3ccnc4ccccc34)CC2)cc1,4
O=C(c1ccnc2[nH]cnc12)N1CCOc2ccccc21,4
c1coc(-c2nc3c4ccccc4ncn3n2)c1,4
c1cc(N2CCCNCC2)c2sccc2n1,4
c1ccc2[nH]c(-c3cc(N4CCCC4)ccn3)cc2c1,4
O=C1c2ccccc2C(c2c[nH]c3ccccc23)N1c1ccccc1,4
c1ccc(CN=C2NC(=NCc3ccccc3)c3ccccc32)cc1,4
c1ccc2c(Nc3ccc(NCCOC4CC5CCCC6CCC7OOC65C(O4)O7)cc3)ccnc2c1,4
c1ccc(CN2CCC3(CC2)CC(c2ccccc2)CN(C2CC2)C3)cc1,4
c1coc(CNc2nc(Nc3cccc4ccccc34)nc3ccccc23)c1,4
c1ccc(N2CCC(CN3CCC(c4c[nH]c5ccccc45)(c4c[nH]c5ccccc45)CC3)C2)cc1,4
c1ccc(CN2CCCC(c3ncc[nH]3)C2)nc1,4
c1ccc(N2CCN(c3cc(C4CCC4)ncn3)CC2)cc1,4
O=C1NCCCOc2cccc(c2)C2c3ccc(cc3CCN2C(=O)c2ccccc2)Oc2cccc1c2,4
O=C(Nc1ccccc1)c1ccnn1Cc1ccccc1,4
N=C1c2ccccc2-c2c1c(N1CCN(c3ccccn3)CC1)nc1ccccc21,4
c1cc(NCCC2CC2)nc(CNCCC2CC2)n1,4
O=C(CC1CC=NO1)OCc1ccccc1,4
O=S(=O)(Nc1[nH]c2nc3ccccc3nc2c1S(=O)(=O)c1ccccc1)c1ccc2ccccc2c1,4
O=C(CN1CCC(NS(=O)(=O)c2cccs2)CC1)Nc1ccccc1,4
C(=NCc1cccc2cccnc12)N1CCN(c2nccs2)CC1,4
c1ccc(-c2nc3c(N4CCC(CN5CCOCC5)CC4)nccc3[nH]2)cc1,4
c1ccc(-c2nc3c(N4CCCN(C5CCNCC5)CC4)nccc3[nH]2)cc1,4
O=C(Nc1cnc(-n2ccnc2)nc1)C(c1ccccc1)c1ccccc1,4
O=C(Nc1ccccc1)C1CCN(c2cc(C3CC3)ncn2)CC1,4
c1ccc(-n2cc(CNCC3CCN(C4CCNCC4)CC3)cn2)cc1,4
O=C(NCCCn1ccnc1)C(=O)Nc1ccc(-c2nnc(Nc3ccccc3)s2)cc1,4
c1ccc2c(NCCCCN3CCOCC3)ccnc2c1,4
c1ccc(-c2csc3nc(-c4ccccn4)nc(NCCc4ncc[nH]4)c23)cc1,4
c1ccc(C(CNCN2CCCC2)n2ccnc2)cc1,4
c1ccc(COc2ccc(CNCCCCCCNCc3ccc(OCc4ccccc4)cc3)cc2)cc1,4
N=C(Cc1ccccc1)Nc1cc2ccccc2c(Cc2ccccc2)n1,4
c1nc2nonc2n2cnnc12,4
c1ccc(COc2ccc(Cc3cncnc3)cc2OCc2ccccc2)cc1,4
c1ccc(CC(CCNC2CCNCC2)c2ccccc2)cc1,4
O=C1CC(=O)OCC2OC(=O)N(CCCCn3cnc(-c4cccnc4)c3)C2CC(=O)CCCC(OC2CCCCO2)C1,4
c1ccc(Nc2nccc(N3CC4CCC(C4)C3)n2)cc1,4
O=C(Nc1onc2c1CCC2)c1ccc2ccccc2c1,4
c1ccc(-c2ccc(CNC3CCNCC3)o2)cc1,4
c1ccc(C(c2ccccc2)(c2ccc(CN3CCCC3)cc2)n2cncn2)cc1,4
O=C(OC1CCCOC1OC1CCOC(OC2CC3CCC4C5CCCCC5=CCC4C3C2)C1)c1ccccc1,4
c1ccc(-c2nc3c(c(N4CCC4)n2)CCC3)nc1,4
c1cc(CN2CCOCC2)ccc1COC1CC2CCCC3CCC4OOC32C(O1)O4,4
c1ccc(Cn2ccnc2)cc1,4
c1ccc(-c2ccc3nccn3n2)cc1,4
O=C(Nc1ccccc1)c1cc(-c2ccc(CN3CCOCC3)cc2)nc2ccccc12,4
c1ccc2c(CCNCCN3CCN(CCc4ccnc5ccccc45)CC3)ccnc2c1,4
C1=CC2CC1CC1=CC3(CCN(c4ccnc5ccccc45)CC3)OOC12,4
c1ccc2c(NCCCNCCNCCCNc3ccnc4ccccc34)ccnc2c1,4
c1ccc(-c2cc3ccccc3[nH]2)nc1,4
c1ccc(N2CCC(NC3CCCCC3)CC2)cc1,4
c1cncc(-c2cc(Cn3ccnc3)c3cc(CN4CCCC4)[nH]c3c2)c1,4
O=C(Nc1ccc(Nc2ncccn2)cc1)c1cncnc1,4
O=C(OCCCOC(=O)c1ccc(OCc2ccccc2)cc1)c1ccc(OCc2ccccc2)cc1,4
O=C(NCCCNCCCCNCCCNC(=O)NCCC(c1ccccc1)c1ccccc1)NCCC(c1ccccc1)c1ccccc1,4
O=C(Nc1ccccc1)Nc1cccc(-c2cnc3n2CCC3)c1,4
O=C(Nc1ccccc1)c1cnn2c1NC(c1ccccc1)=CC2c1ccccc1,4
c1cc(CN2CCCC2)cc(NCc2cn3ccnc3s2)c1,4
O=C(Nc1c[nH]c(C(=O)Nc2c[nH]c(C(=O)NCCN3CCOCC3)c2)c1)c1ccc2nc(C=Cc3ccccc3)ccc2c1,4
O=C(NCCc1ccccc1)C1CCN(C2CCNCC2)CC1,4
O=c1c2ccccc2sn1-c1ccccc1,4
c1ccc2c(c1)[nH]c1c(NCCCn3ccnc3)nccc12,4
O=C(NCC=Cc1ccccc1)NCCn1c2ccccc2c2ccncc21,4
O=C(c1ccc(Nc2nccc(NCCCCNc3ccnc4ccccc34)n2)cc1)N1CCSCC1,4
O=S(=O)(c1ccccc1)N1CC=C(c2cn(Cc3ccccc3)c3ccccc23)CC1,4
c1ccc(OCCCCCCOc2cccc(-c3cc4ccccc4o3)c2)cc1,4
C1=CN(Cc2ccccc2)CC(Cc2ccccc2)C1=[N+]1CCCCC1,4
O=C1CC2(CC2(c2ccccc2)c2ccccc2)C(=O)N1c1ccccc1,4
c1ccc2c(NCCCOCCCCOCCCNc3ccnc4ccccc34)ccnc2c1,4
c1ccc(-c2ccc(-c3cc4ccccc4[nH]3)cc2)cc1,4
c1ccc(CCn2ccc3nccnc32)cc1,4
c1ccc(-c2ccc(-c3ccccn3)o2)cc1,4
c1cc(CC2NCCc3ccccc32)cc(Oc2ccc(CC3NCCc4ccccc43)cc2)c1,4
c1ccc(C(Nc2ccnc3ccccc23)(c2ccccc2)c2ccc(CN3CCCC3)cc2)cc1,4
c1ccc(OCc2ccc(COc3ccccc3)cc2)cc1,4
O=C(C=Cc1ccccc1)c1ccc(OCc2cn(CCCNc3ccnc4ccccc34)nn2)cc1,4
O=S(=O)(NC1Cc2ccccc2N(Cc2cnc[nH]2)C1)c1c[nH]cn1,4
c1ccc(-c2nc3ccccc3nc2N2CCCNCC2)cc1,4
O=C1CC(c2ccccc2)N(Cc2ccncc2)CCCN(S(=O)(=O)c2ccccc2)CCN1,4
c1ccc(CCNCc2ccc3c(c2)CCO3)cc1,4
O=C1Nc2ccccc2C1n1nc(-c2ccccc2)cc1-c1ccccc1,4
c1ccc(N2CCN(Cc3cccc(C4NCCc5c4[nH]c4ccccc54)c3)CC2)cc1,4
c1ccc(C2CC(NC3CCC34CCC4)C2)cc1,4
c1ccc2c(N3CCC(CN4CCNCC4)CC3)ccnc2c1,4
N=C(CCc1cc2ccccc2c2ccccc12)NCc1ccccc1,4
c1ccc(-n2cc(CNc3ccnc4ccccc34)nn2)cc1,4
O=C(CCN1CCNCC1)OC1CC2CCCC3CCC4OOC32C(O4)O1,4
O=C(OCC1OC2OC3CCC4CCCC1C42OO3)c1ccco1,4
O=C(c1ccc(-c2cncc(-c3cccnc3)c2)cc1)N1CCOCC1,4
O=C(CNc1ccnc2ccccc12)NCCCOC1CCCOC1OC1CCCCNCCCCOC(=O)CCC1,4
c1ccc(C(Nc2ccnc3ccccc23)(c2ccc(CN3CCCC3)cc2)c2ccc(CN3CCCC3)cc2)cc1,4
c1ccc(C(c2ccccc2)c2ccc(CN3CCCC3)cc2)cc1,4
O=C(N1CCNCC1)n1cc(-c2ccncn2)c2ccccc21,4
O=C(NCc1ccc(N2CCNCC2)cc1)c1ccc(-c2ncon2)cc1,4
c1ccc(CNCc2ccc(N3CCNCC3)cc2)cc1,4
c1ccc2c(C(c3nnn[nH]3)N3CCOCC3)ccnc2c1,4
c1ccc(Nc2ncc3cc(-c4ccncc4)ccc3n2)cc1,4
c1ccc(CNCCCCCCNCc2ccccc2)cc1,4
c1ccc(COc2ccc(CNCCCNCc3ccc(OCc4ccccc4)cc3)cc2)cc1,4
O=C(Cc1ccccc1)Nc1ccc2c(c1)CN(CCc1ccccc1)C(=O)CO2,4
c1ccc(-c2nc3c(N4CCCNCC4)nccc3[nH]2)cc1,4
O=C(c1ccc(-c2cncc(-c3cccnc3)n2)cc1)N1CCCCC1,4
O=C(Nc1cc2c3c(c1)C1CCCC1CN3CC1CCCC21)c1ccccc1,4
c1ccc(-c2cc(NC3CCNCC3)c3ccccc3n2)cc1,4
O=C(CNc1ccnc2ccccc12)NCCCOC1CCCOC1OC1CCCCNCCCCOC(=O)CC(OC2CCCCO2)C1,4
c1ccc(Nc2nc3ccc(C4CCNCC4)cc3[nH]2)nc1,4
C1CC2CCOC3CC4CCC(C1)C23OO4,4
O=C1c2ccccc2SC(c2ccccc2)N1CCCNc1c2c3ccccc3nc-2[nH]c2ccccc12,4
c1coc(CN(CCNc2ccnc3ccccc23)c2nccc(N3CCNCC3)n2)c1,4
c1cncc(-c2cc3ccccc3[nH]2)c1,4
c1ccc(-c2n[nH]cc2CNCc2ccc(CN3CCCCC3)cc2)cc1,4
c1ccc2c(c1)CCC2NCCc1cccc2cccnc12,4
O=C(Nc1ccc2sc(NC(=O)c3ccccc3)nc2n1)c1ccccc1,4
O=C1CC(OC2CCCCO2)CC(OC2OCCCC2OCCCNCc2cnc3ccccc3c2)CCCCNCCCCO1,4
c1ccc(CN2CC2Cn2cc(-c3ccccc3)nn2)cc1,4
O=C(Nc1ccccc1)Nc1ccccc1NC(=O)Nc1ccccc1,4
c1ccc(-c2cc(-c3ccccc3)[n+]3nc(Cc4n[n+]5c(-c6ccccc6)cc(-c6ccccc6)nc5[nH]4)[nH]c3n2)cc1,4
c1ccc(OCCCNC2CC3CCCC32)cc1,4
c1cc(C2CCC3(CC2)OOC2(O3)C3CC4CC(C3)CC2C4)ccc1OC1CCNCC1,4
O=C(CN1CCNCC1)Nc1cc(-c2ccc(CN3CCOCC3)cc2)nc2ccccc12,4
O=C(Nc1cccc(CNc2ccnc3ccccc23)c1)c1ccco1,4
O=C(c1ccc(-c2cncc(-c3ccccc3)n2)cc1)N1CCCNCC1,4
c1ccc(-c2nc3c(NC4CCC(N5CCNCC5)CC4)nccc3[nH]2)cc1,4
c1ccc(C(Nc2ccnc3ccccc23)c2ccc(CCN3CCCC3)cc2)cc1,4
O=C(c1ccnc(Nc2nc3cnc(Nc4ccccc4)cc3[nH]2)c1)N1CCN(C2CC2)CC1,4
c1ccc(CN(CCCNc2ccnc3ccccc23)c2ccnc(N3CCNCC3)n2)nc1,4
O=C(Nc1ccnn1-c1nc2c(c(=O)[nH]1)CCC2)C(=O)NC1CCCCC1,4
O=C1C(=O)N(CCn2cc(COc3ccc(C=NNc4ccnc5ccccc45)cc3)nn2)c2ccccc21,4
O=C(Cn1cc(-c2ccccc2)[n+]2c1CCC2)OC1CCCCC1,4
c1ccc(-c2cc3cc(CNc4ncccn4)ccc3[nH]2)cc1,4
B1OCc2ccc(Oc3cccnc3)cc21,4
c1ccc(C(c2ccccc2)N2CCN(CCc3ccnc4ccccc34)CC2)cc1,4
c1ccc(CC(CN2CCCC2)Nc2ccnc3ccccc23)cc1,4
c1ccc2c(N3CCCCC3)ccnc2c1,4
O=C1C(=Cc2ccccc2)CCC1=Cc1ccccc1,4
O=C1C2=CCCCC2Oc2c1cccc2-c1cccc2c1OC1CCCC=C1C2=O,4
c1ccc(-c2ccc(-c3ccc(CNCCCCCCCCNc4ccnc5ccccc45)cc3)s2)cc1,4
O=C(c1ccnc(Nc2nc3cnc(Nc4ccccc4)cc3[nH]2)c1)N1CCCCC1,4
O=C(Cc1cn(CNc2ccnc3ccccc23)nn1)N(C1CCCCC1)C1CCCCC1,4
c1ccc2c(NCCCCNc3ccnc(N4CCNCC4)n3)ccnc2c1,4
c1ccc(CCNCc2cocn2)cc1,4
O=C(c1c[nH]c2ccccc12)c1nccc2c1[nH]c1ccccc12,4
O=C(OC=C1CC=CCC1)c1ccccc1,4
C(CCc1ccnc2ccccc12)=Nc1ccccc1,4
O=C(NCCCNc1ccnc2ccccc12)C(=O)c1ccccc1,4
c1ccc2c(NCCCn3cnc4cncnc43)ccnc2c1,4
c1ccc(COCCC2CC3CCCC4CCC5OOC43C(O2)O5)c(COCCC2CC3CCCC4CCC5OOC43C(O2)O5)c1,4
O=C(NCCCCNc1cccc2cccnc12)C(=O)c1ccccc1,4
O=C(c1ccc(-c2cncc(-c3ccccc3)n2)cc1)N1CCCCC1,4
O=C1CCCC2c3c(c4ccccc4n3Cc3ccccc3)CC(COCc3ccccc3)N12,4
O=C(c1ccc(Nc2nc(NC3CCCCC3)nc3c2ncn3-c2ccccc2)cc1)N1CCCCC1,4
c1ccc(-c2ccc(N3CCc4[nH]nc(-c5ccccc5)c4C3)nn2)cc1,4
C1CC2(CCN1)COC1(OO2)C2CC3CC(C2)CC1C3,4
c1ccc2c(NCCNc3ccnc(N4CCOCC4)n3)ccnc2c1,4
c1ccc(Nc2cc3[nH]c(CC4CC4)nc3cn2)nc1,4
O=c1[nH]cnc2c1ncn2CCN(CCOCc1ccccc1)CCP(=O)(NCCc1ccccc1)NCCc1ccccc1,4
O=C(C=Cc1ccccc1)c1ccncc1,4
O=S(=O)(c1ccccc1)N1CCC2(CC1)OOC1(CCCCC1)OO2,4
C1CCCCCCC1,4
C1CC2(CCN1)OOCOO2,4
O=C(Cn1cccc(NS(=O)(=O)c2ccccc2)c1=O)Nc1ccccc1,4
c1c(C2CCC2)nc(N2CCCC2)nc1N1CCN(C2CCCCC2)CC1,4
O=C(Nc1ccccc1)C1CCN(c2c(C(=O)N3CCCCC3)cnc3sncc23)CC1,4
O=C(CNC(=O)COc1ccccc1)NCC(c1ccccc1)c1c[nH]c2ccccc12,4
O=C(CN1CCCC1C1CCCC1)NCC1CCCCC1,4
S=C(NCCCNCCCCNCCCNC(=S)NC(c1ccccc1)c1ccccc1)NC(c1ccccc1)c1ccccc1,4
S=C(NCCCNCCCCCCNCCCNC(=S)NC(c1ccccc1)c1ccccc1)NC(c1ccccc1)c1ccccc1,4
c1ccc2c(NCc3c[nH]nn3)ccnc2c1,4
c1ccc(-c2nc(NCCN3CCCCC3)c3oc(-c4ccccc4)nc3n2)cc1,4
O=S(=O)(c1ccccc1)N1CCC(Oc2ccncc2)C1,4
c1ccc2c(Nc3ccc4sc(NCCN5CCOCC5)nc4c3)ccnc2c1,4
c1ccc(C2(c3ccccc3)OC(CCc3ccco3)Nc3ccccc32)cc1,4
O=C(CNC(=O)CNC(=O)c1ccc(Oc2ccccc2)cc1)NCCCNc1ccnc2ccccc12,4
O=S(=O)(NCCNCCCCNc1ccnc2ccccc12)c1cccc2ccccc12,4
O=C(NC1CCCCC1)C1Cn2nc(-c3ccccc3)cc2C(=O)N1c1ccccc1,4
c1ccc2c(NCCn3cnc4cncnc43)ccnc2c1,4
c1ccc(-c2cc(-c3ccccn3)on2)cc1,4
O=C1CCCC(OC2OCCCC2OCCCNCc2cnc3ccccc3c2)CCCCNCCCCO1,4
c1ccc(-c2cc(-c3cccnc3)on2)cc1,4
O=C(CCCNc1ccnc2ccccc12)NCCCOC1CCCOC1OC1CCCCNCCCCOC(=O)CC(OC2CCCCO2)C1,4
O=C(C[n+]1nc(CNc2ccccc2)n2c1CCCCC2)c1ccccc1,4
C=C1C2CCC3C(c4ccoc4)CC(=O)CC13OC1CCCCC12,4
O=C(CN1CCCCC1)OC1CC2(N3CCCC3)CC(c3ccccc3)C1C(c1ccccc1)C2,4
O=C(c1ccnc(Nc2nc3cnc(-c4ccccc4)cc3[nH]2)c1)N1CC2CC1CN2,4
O=C(CNCc1cnc[nH]1)NCCc1ccccc1,4
c1cc(CCC2CCCCN2)cc(-c2cnc3ccccc3n2)c1,4
O=C(C=CC(=O)NCC(=O)NCC1CCCCC1)NCC(=O)NCC(=O)NCCc1ccccc1,4
O=C1C2Cc3c([nH]c4ccccc34)C(c3ccccc3)N2C(=O)CN1C1CCN(Cc2ccccc2)CC1,4
c1ccc2c(NCCCN3CCCC3)ccnc2c1,4
O=S1(=O)CCC(NCc2ccc(-c3ccccc3)o2)C1,4
c1ccc(Cn2cc(CNCCCn3ccnc3)c3ccccc32)cc1,4
c1ccc(NCCNC2CCN(Cc3cccnc3)CC2)cc1,4
O=C(c1cscn1)N1CCC(Oc2ccccc2)C1,4
c1ccc(CCC23CN(Cc4ccccn4)CC2CN(Cc2ccns2)C3)cc1,4
O=C(Cc1cn(CNc2ccnc3ccccc23)nn1)N1CCOCC1,4
O=C(NCCCC1CCCC1)c1cccc(S(=O)(=O)N2CCOCC2)c1,4
O=c1[nH]c(CCCCCCCCCCCCc2noc(=O)[nH]2)no1,4
c1ccc2c(c1)CNC(NCCCN1CCN(CCCNc3ccnc4ccccc34)CC1)C2,4
c1ccc(CN2COc3cc4c(cc3C2)OCO4)cc1,4
O=c1cc[nH]c2ccc(Oc3ccccc3)cc12,4
O=C(Nc1ccc2nc(N3CCCC3)ccc2c1)c1ccccc1,4
c1ccc2nc3[nH]c4ccccc4c3cc2c1,4
c1ccc2c(NCC3(N4CCNCC4)CCCC3)ccnc2c1,4
c1ccc2nc(N3CCCC3)ncc2c1,4
O=c1c(C(c2ccc(OCc3ccccc3)cc2)c2c[nH]n(-c3ccccc3)c2=O)c[nH]n1-c1ccccc1,4
O=C(OCC1OC2OC3CCC4CCCC1C42OO3)C1CCCN1,4
O=C(OCC1OC2OC3CCC4CCCC1C42OO3)c1cc2ccccc2o1,4
O=C(CCc1ccccc1)OCC1OC2OC3CCC4CCCC1C42OO3,4
c1ccc(C2=NN(c3ccc(-c4cc(-c5ccccc5)[n+](-c5ccccc5)c(-c5ccccc5)c4)cc3)C(c3ccccc3)C2)cc1,4
O=c1[nH]c2cnccc2nc1Nc1ccccc1,4
c1cc2nccc(N3CCC(N4CCNCC4)C3)c2cn1,4
O=C1C(=O)N(CCNCCCCCCNc2ccnc3ccccc23)c2ccccc21,4
c1ccc(N2CCC(NCCNc3ccncc3)CC2)cc1,4
c1ccc2cc(CN3CCCC(CN4CCCC4)C3)ccc2c1,4
O=C(c1ccc(-c2cncc(-c3ccccc3)c2)cc1)N1CCNCC1,4
O=C1CNC(=O)C2CCCN2C(=O)C(Cc2ccccc2)NC(=O)CN1,4
c1cc2c(cc1OCC1CCN(CC3CCCNC3)CC1)CCC2,4
S=[PH](NC1CCCC1)Oc1ccccc1,4
c1ccc2c(NCCn3cc(Cn4c5ccccc5c5ccncc54)nn3)ccnc2c1,4
c1cncc(Nc2ncc3ccccc3n2)c1,4
c1ccc2c(Nc3ccc4c(c3)OCNC4)ccnc2c1,4
O=C(Cc1ccccc1)Nc1ccc2ncccc2c1,4
O=S(=O)(c1ccccc1)N1CCC2(CC1)OOC1(CCCCCC1)OO2,4
O=C(NCCN1CCCCC1)C1CCN(C2=NS(=O)(=O)C(c3ccccc3)=C2)CC1,4
O=C(NCC1CC1)c1cnc(Oc2ccc3c(c2)BOC3)cn1,4
O=C(NC(CCN1CCN(Cc2ccccc2)CC1)Cc1ccccc1)c1cnccn1,4
O=C(CSc1nnc(Cc2ccccc2)n1-c1ccccc1)N1CCc2ccccc21,4
O=C(c1ccccc1)N(C(=O)c1ccccc1)c1c2c(nc3ccccc13)CCCC2,4
O=C(Nc1ccc(Nc2ccncn2)cc1)c1ccccc1,4
O=c1cc(-c2ccccc2)[nH]n1-c1ccccc1,4
C1=Nc2ccccc2N=CC1c1ccccc1,4
O=C1NCCCCCCN(Cc2ccncc2)C2CN(Cc3cccc(Cn4ccnc4)c3)CCC12,4
c1cc(CNCCCn2ccnc2)cc(CN2CCNCC2)c1,4
C(CCc1cc2ccccc2c2ccccc12)=NCCc1ccccc1,4
O=C(Cc1ncc[nH]1)c1ccccc1,4
c1ccc(C(c2ccc(CN3CCCC3)cc2)N2CCN(c3ccnc4ccccc34)CC2)cc1,4
O=C(CCC(=O)OC1CC2CCCC3CCC4OOC32C(O4)O1)NCCCNc1nc2ccccc2c2[nH]c3ccccc3c12,4
O=S(=O)(c1ccccc1)N1CCC2(CC1)OOC1(CCCC1)OO2,4
c1ccc2nc(-c3cccc4cccnc34)ncc2c1,4
c1ccc(SC(c2ccccc2)c2cccnc2)cc1,4
c1cc(CNc2ccnc(N3CCNCC3)n2)cc(Nc2ccnc3ccccc23)c1,4
O=C(c1ccccc1)c1cccc(CN2CCCN(c3ccccn3)CC2)c1,4
S=C(NCCCNc1ccnc2ccccc12)N1CCNCC1,4
S=c1cc(-c2ccccc2)n(Cc2ccco2)c2c1CCCC2,4
O=C(Cc1cn(CNc2ccnc3ccccc23)nn1)N1CCCCC1,4
c1ccc(CNCCCOCc2ccccc2)cc1,4
O=C(CCCOC(=O)c1ccc2ccccc2c1)NCC(=O)NCC(=O)NCCCCNc1cccc2cccnc12,4
c1cc(CN2CCCCC2)ccc1COC1CC2CCCC3CCC4OOC32C(O1)O4,4
c1ccc(-n2cc(CCCNc3ccnc4ccccc34)nn2)cc1,4
O=C(Cc1cnc[nH]1)Nc1ccncc1,4
c1ccc(Cn2ccc3c4cncnc4ccc32)cc1,4
c1ccc(-c2nnc(-c3ccccc3)nn2)cc1,4
c1ccc(CCNc2ncnc3ccccc23)cc1,4
C1CC2CCC3OOC24C(C1)CC(OC1CC2CCCC5CCC6OOC52C(O6)O1)OC4O3,4
O=C(Nc1ccccc1)Nc1ccc(Nc2ccncn2)cc1,4
c1ccc(CN(CCNc2ccnc3ccccc23)c2ccnc(N3CCNCC3)n2)nc1,4
c1ccc2c(NCCNCCNCCNc3ccnc4ccccc34)ccnc2c1,4
c1ccc(CN(CCNc2ccnc3ccccc23)c2nccc(N3CCNCC3)n2)nc1,4
O=C(CCN1C(=O)c2ccccc2C1=O)NCCNc1ccnc2ccccc12,4
O=C(C=Cc1ccccc1)c1cnc2ccccc2c1,4
O=c1ccccn1CCc1ccccc1,4
O=C(OC1CC2CCC(C1)N2)C1CCC(C(=O)OC2CC3CCC(C2)N3)(c2ccccc2)c2ccccc21,4
c1ccc(Nc2cc3[nH]c(Nc4ccc(N5CCOCC5)cn4)nc3cn2)cc1,4
O=c1c2ccccc2[nH]c2cc(OCCN3CCCC3)ccc12,4
c1ccc(CNC2CCN(CC(c3ccccc3)c3ccccc3)C2)cc1,4
c1ccc2c(c1)CC[n+]1cc3ccccc3cc1-2,4
O=C(Cc1ccccc1)NCCCCNc1cccc2cccnc12,4
c1ccc(CCNC2CCNCC2)cc1,4
O=c1cc(NCCCN2CCN(c3ccccc3)CC2)[nH]c(=O)[nH]1,4
O=C1OC2CCC3CCNC3C2c2cc3c(cc21)OCO3,4
c1cc2[nH]c(NC3CCN(CCc4ccc(-c5ncon5)cc4)CC3)nc2cn1,4
c1ccc(Nc2ccc(Nc3ncccn3)cc2)cc1,4
c1ccc(-c2nc3c(cnn3C3CCNCC3)[nH]2)cc1,4
c1ccc(C(Nc2ccccn2)c2cccc3ncccc23)cc1,4
O=C1CC=C(CC2=CCC(=O)CC2=O)C(=O)C1,4
c1cc(NCc2ccccc2CN2CCCC2)nc(-n2ccnc2)c1,4
O=C(CCCC1CCC2C1CCC1C3CCC4(CC3CCC21)OOCOO4)Nc1ccccc1,4
c1ccc(CNCCn2cc(-c3ccccc3)nn2)cc1,4
C1=CC23CCOC2C2CC(OCc4ccccc4)CC2C1OO3,4
c1cncc(-c2cc(-c3cccnc3)on2)c1,4
c1ccc(Cn2ccnc2CN2CCCC2c2ncc[nH]2)cc1,4
O=c1[nH]cnc2c1ncn2CCN(CCCCP(=O)(NCCc1ccccc1)NCCc1ccccc1)CCP(=O)(NCCc1ccccc1)NCCc1ccccc1,4
O=C(NCCCNCCCCCCCNCCCNC(=O)NC(c1ccccc1)c1ccccc1)NC(c1ccccc1)c1ccccc1,4
O=C1c2ccccc2C(=O)c2occc21,4
O=C(Cc1cc(-c2ccccc2)oc1-c1ccccc1)N1CCN(C(c2ccccc2)c2ccccc2)CC1,4
c1ccc2c(NCCCn3cnc4c(N5CCNCC5)ncnc43)ccnc2c1,4
c1ccc2c(NCCn3cnc4c(N5CCNCC5)ncnc43)ccnc2c1,4
c1ccc(NCc2cccs2)nc1,4
O=C(CNCc1ccccn1)Nc1nccs1,4
c1ccc(OCCCNc2ccc3ccccc3n2)cc1,4
c1ccc(CNc2c3c(nc4ccccc24)CCCC3)cc1,4
c1ccc2nc(N3CCC(NCC4CCNC4)CC3)ncc2c1,4
O=C(OC1CC2CC(c3ccccc3)C1C(c1ccccc1)C2)c1ccccc1,4
c1ccc2c(NCCNc3ccnc(N4CCCCC4)n3)ccnc2c1,4
c1ccc(C(c2ccc3cccnc3c2)N2CCCC2)nc1,4
c1ccc2c(NCc3ncc[nH]3)ccnc2c1,4
c1ccc(C(c2cnn(-c3ccccn3)c2)c2cnn(-c3ccccn3)c2)cc1,4
O=C(NC1CCCCc2ccccc21)c1cnc(C2OCCO2)s1,4
c1ccc(C(c2ccccc2)n2ccnc2)cc1,4
O=c1ccn(C2CC2)c2cc(N3CCN(c4ccnc5ccccc45)CC3)ccc12,4
c1ccc(C(c2ccccc2)c2ccccc2)cc1,4
C1=C2CCCCC2C2CCC34CNCC3CCC4C2C1,4
O=C1C=CC2CCC3=C(CCC4CC(OC5CC(OC6CCCCO6)CCO5)CCC34)C12,4
c1ccc2c(c1)CCCO2,4
C=C1C(=O)CC2C3=C(CC4C5C6CC7=C(COC(=O)CCC(=O)OCC=CC(=O)OCC6C6CC65)C(=O)OC74C13)C1CC12,4
C1=CCNCC1,4
c1ccc(C(c2ccc(CN3CCCC3)cc2)(c2ccccn2)n2ccnc2)cc1,4
c1ccc2c(NCCCCCCNCCCCCCNc3ccnc4ccccc34)ccnc2c1,4
c1ccc(-c2ccco2)cc1,4
c1ccc(C(c2ccccc2)N2CCN(c3nn4cnnc4c4ccccc34)CC2)cc1,4
O=S1(=O)N=C(N2CCCCC2)C=C1c1ccccc1,4
O=C(NCc1ccccc1)C1CCN(c2ccnc3cc(-c4ccccc4)nn23)CC1,4
c1ccc(-c2nc(NCCN3CCCCC3)nc3n[nH]cc23)cc1,4
O=C1OCCCCC(NCCc2ccccc2)CCCC=Cc2ccccc21,4
O=c1ccn(Cc2ccccc2)c2ccc3nc(-c4ccccc4)c(-c4ccccc4)nc3c12,4
O=C(NN=Cc1ccccc1)C(=O)Nc1ccc(Nc2ccnc3ccccc23)cc1,4
c1ccc(Cn2cc(-c3nc4ccccc4[nH]3)c3nc4ccccc4nc32)cc1,4
c1ccc(-c2cc(-c3ccccn3)on2)nc1,4
O=C(NC1CCC2CCCC21)c1ccc(=O)[nH]c1,4
O=c1c2ccccc2[nH]c2cc(Oc3ccc(CN4CCOCC4)cc3)ccc12,4
C(=NNc1ccnc2cc3c(cc12)OCO3)c1ccc(CN2CCCC2)cc1,4
O=C1N=c2ccccc2=NC1=O,4
O=C1C=CC(=CCCOC(=O)c2ccccc2)O1,4
c1ccc2c(c1)ccc1c3c[nH]c4ccccc4c-3nc12,4
O=c1[nH]cnc2c1ncn2CCSCCP(=O)(NCCc1ccccc1)NCCc1ccccc1,4
O=C(c1ccnc(Nc2nc3cnc(-c4ccccc4)cc3[nH]2)c1)N1CC2CCC(C1)N2,4
c1ccc(CCCNC2CCNCC2)cc1,4
c1cc(CNc2nccc(N3CCNCC3)n2)cc(Nc2ccnc3ccccc23)c1,4
c1ccc(Cc2ccnc3ccccc23)cc1,4
O=C(c1ccnc(Nc2nc3cnc(Nc4ccccc4)cc3[nH]2)c1)N1CCOCC1,4
C=C1CCCCC1CCC=CCCC1CCCOO1,4
c1ccc(OCc2cccc(COc3ccccc3)c2)cc1,4
O=C(CCC(=O)OCCC1CC2CCCC3CCC4OOC32C(O1)O4)OCCC1CC2CCCC3CCC4OOC32C(O1)O4,4
O=C(OC1CC2(N3CCCC3)CC(c3ccccc3)C1C(c1ccccc1)C2)c1ccccc1,4
c1ccc(Nc2cnc3ccc(-c4ccccc4)nn23)cc1,4
c1ccc(CN2CNc3cc(Nc4ccnc5ccccc45)ccc3C2)cc1,4
O=C(C=Cc1ccccc1)c1ccnc2ccccc12,4
C1COOC(CCC2CO2)C1,4
c1ccc(OCCCCOc2ccc(-c3cc4ccccc4o3)cc2)cc1,4
O=c1[nH]cnc2c1ncn2CC(COCP(=O)(NCCc1ccccc1)NCCc1ccccc1)COCP(=O)(NCCc1ccccc1)NCCc1ccccc1,4
c1ccc2c(N3CCC(CN4CCCC4)C3)ccnc2c1,4
c1csc(CN(CCCNc2ccnc3ccccc23)c2nccc(N3CCNCC3)n2)c1,4
c1ccc(COc2ccc3c(NC4CCN(Cc5ccccc5)CC4)nc(N4CCN(c5ccccc5)CC4)nc3c2)cc1,4
c1csc(CN(CCCNc2ccnc3ccccc23)c2ccnc(N3CCNCC3)n2)c1,4
c1cc(Nc2ccnc3ccccc23)cc(C2=NCCO2)c1,4
O=c1c2ccccc2[nH]c2cc(OCCN3CCOCC3)ccc12,4
O=C(NCC1CNCC1c1cnc[nH]1)c1ccccc1NC1CCCCC1,4
O=C(NCc1nnco1)Nc1cccc2c3c(oc12)CCCC3,4
c1c[n+](CCCCCCCCCCCC[n+]2ccsc2)cs1,4
c1ccc2cc(-c3cscn3)ccc2c1,4
c1ccc(-c2cncc(-c3cncnc3)c2)cc1,4
C1CCC(NC2CCC3(CC2)OOC2(OO3)C3CC4CC(C3)CC2C4)CC1,4
c1cnc(N2CCN(CCNc3ccnc4ccccc34)CC2)nc1,4
c1cnc2cc(CNc3ncnc4[nH]ncc34)ccc2c1,4
c1ccc2c(NCCCCN3CCNCC3)ccnc2c1,4
c1ccc2c(NCCn3cc(COc4ccc5[nH]c6cnccc6c5c4)nn3)ccnc2c1,4
O=c1[nH]cnc2c1ncn2CCN(CCOCCP(=O)(NCCc1ccccc1)NCCc1ccccc1)CCP(=O)(NCCc1ccccc1)NCCc1ccccc1,4
c1ccc2c(-c3ccc(OC4CC5CCCC6CCC7OOC65C(O7)O4)cc3)cccc2c1,4
O=C(NC(CCNC1CCCC1)Cc1ccccc1)c1ccccc1,4
c1ccc2[nH]c(-n3cccn3)nc2c1,4
C1CC2CCC1C2,4
C1=CC2c3cc4ccccc4n3C(c3cc4ccccc4[nH]3)C2CC1,4
c1ccc2c(NCCN3C4C5C6CC7C8C6C4C8C3C75)ccnc2c1,4
O=c1cc(CNCCCNc2ccnc3ccccc23)n(C2CC2)cc1OCc1ccccc1,4
O=C1C2=CCCCC2Oc2ccc(-c3ccc4c(c3)C(=O)C3=CCCCC3O4)cc21,4
O=C1C(=O)N(CCNCCCCNc2ccnc3ccccc23)c2ccccc21,4
O=C1C(=O)N(CCNCCCNc2ccnc3ccccc23)c2ccccc21,4
O=C(CN1CCCCC1)Nc1cc(COC(=O)CCCCN2CCCCC2)cc(Nc2ccnc3ccccc23)c1,4
c1ccc(-c2ccno2)cc1,4
O=C(NCCCNc1ccnc2ccccc12)c1ccc(C2OOC(c3ccccc3)OO2)cc1,4
c1ccc2c(Nc3ccc(NCCN4CCCC4)nc3)ccnc2c1,4
O=C1C2=C(C(=O)C3=C1c1ccccc1OC3)S(=O)(=O)CCN2,4
O=C(c1ccc(Nc2nccc(NCCCNc3ccnc4ccccc34)n2)cc1)N1CCCCC1,4
c1ccc(-c2cc(CNCc3ccccc3OCCCN3CCCCC3)n[nH]2)cc1,4
c1ccc(Nc2nc(NCCN(CCOC3CC4CCCC5CCC6OOC54C(O3)O6)CCOC3CC4CCCC5CCC6OOC54C(O3)O6)nc(N3CCOCC3)n2)cc1,4
O=C1C=C2NCCc3c[nH]c(c32)C1=O,4
O=C(c1cccs1)N(Cc1cccs1)c1ccccc1,4
C1=CC2Oc3cccc4c3C23CCNC(C4)C3=C1,4
O=c1cc(-c2ccnc(-c3ccccc3)c2)[nH]c2ccccc12,4
O=C(C=Cc1ccc(NC(=O)Nc2ccccc2)cc1)CC1CCCCO1,4
c1cc(CN2CCCC2)ccc1COC1CC2CCCC3CCC4OOC32C(O1)O4,4
C1CCC(NC2CCCCC2)CC1,4
O=c1c2ccccc2[nH]c2c1[nH]c1ccccc12,4
c1ccc(COc2ccc(CNCCCN3CCOCC3)cc2)cc1,4
C1CCC(N2CCN(C3CC4CCCC5CCC6OOC54C(O6)O3)CC2)OC1,4
O=S(=O)(Nc1ccccc1)c1ccsc1,4
O=C1Nc2ccccc2N(C(=O)CN2CCNCC2)c2cscc21,4
O=C(NC(CCNC1CCCC1)Cc1ccccc1)c1cccc(Nc2ccccc2)c1,4
O=C1C=CC2C(CCC3C2CCC2C(c4ccoc4)OC(=O)C4OC423)C1,4
c1ccc(C(Nc2ccnc3ccccc23)c2ccc(CN3CCN(c4ccnc5ccccc45)CC3)cc2)cc1,4
c1cc2cc(c1)Oc1ccc3ccnc(c3c1)Cc1ccc(cc1)COc1ccc3c(c1)C(C2)NCC3,4
O=C(OC1COCC(OC(=O)c2ccccc2)C1OC(=O)c1ccccc1)c1ccccc1,4
O=C1C=CC2OCCC2C1,4
c1cncc(-c2ccc3ncc(-c4ccncc4)n3n2)c1,4
O=C1CNCc2cccc(c2)Oc2cccc(c2)COC2CN(c3ccncn3)CC2N1,4
c1ccc(CN2CCC(Nc3ncnc4ccccc34)CC2)cc1,4
O=C(NC1CCNCC1)c1ccc(-c2cc(-c3ccccc3)n[nH]2)cc1,4
O=C(Nc1cccn(CCCc2ccccc2)c1=O)OCc1ccccc1,4
O=c1cc(CNCCCNc2ccnc3ccccc23)[nH]cc1OCc1ccccc1,4
O=S(=O)(Cc1cn(-c2ccccc2)nn1)C1CCC(OC2CCCCO2)CO1,4
N=C1NC(=O)C(c2ccccc2)(c2ccccc2)N1,4
O=C(c1ccc(Nc2nccc(NCCCCNc3ccnc4ccccc34)n2)cc1)N1CCCCC1,4
c1ccc2oc(Cc3cc4ccccc4o3)cc2c1,4
c1cncc(-c2cc3ncncc3s2)c1,4
c1ccc(Cc2nc(CNCCCNc3ccnc4ccccc34)oc2N2CCOCC2)cc1,4
O=C(c1ccc(Nc2nccc(NCCCNc3ccnc4ccccc34)n2)cc1)N1CCSCC1,4
O=c1[nH]cnc2c1ncn2CC1CCCN(CP(=O)(NCCc2ccccc2)NCCc2ccccc2)C1,4
c1ccc2oc(CCCc3cc4ccccc4o3)cc2c1,4
c1ccc(Nc2ncc3ncn(C4CCCO4)c3n2)cc1,4
O=C1CCSC(c2ccccc2)N1CCCNc1c2c3ccccc3nc-2[nH]c2ccccc12,4
C=C1C(=O)OC2OC3CCC4CCCC1C42OO3,4
c1ccc2oc(CCCCc3cc4ccccc4o3)cc2c1,4
O=C1c2ccccc2OCC1c1ccccc1,4
O=C(c1ccc(Nc2nccc(NCCCNc3ccnc4ccccc34)n2)cc1)N1CCCC1,4
c1ccc2[nH]c(CNCCC3CCC3)cc2c1,4
O=C1C(=O)N(CCCn2cc(COc3ccc(C=NNc4ccnc5ccccc45)cc3)nn2)c2ccccc21,4
c1ccc(CNCCCCNCc2ccccc2)cc1,4
O=S(=O)(Cc1ccccc1)NCC1CC2CCN1CC2c1ccnc(-c2ccncc2)n1,4
O=S(=O)(c1ccc(-c2cncc(-c3cccnc3)n2)cc1)C1CC1,4
O=C1NCN(c2ccccc2)C12CCN(CC1COc3ccccc3O1)CC2,4
O=C1Cc2ccccc2N1CCn1cc(COc2ccc(CNNc3ccnc4ccccc34)cc2)nn1,4
c1ccc(OCCCCCCOc2ccc(-c3cc4ccccc4o3)cc2)cc1,4
c1ccc(OCCCOc2cccc(-c3cc4ccccc4o3)c2)cc1,4
O=C(NC(CCNC1CCCC1)Cc1ccccc1)c1ccc(Nc2ccccc2)cc1,4
c1ccc(OCCCCCOc2ccc(-c3cc4ccccc4o3)cc2)cc1,4
O=c1cc(NCCNCCCCNc2ccnc3ccccc23)c1=O,4
c1ccc(OCCCCCOc2cccc(-c3cc4ccccc4o3)c2)cc1,4
c1ccc(OCCCCOc2cccc(-c3cc4ccccc4o3)c2)cc1,4
O=S(=O)(C1=C(c2ccccc2)OC(Cc2ccccc2)C1)c1ccccc1,4
O=C(NC(CCNCc1ccccc1)Cc1ccccc1)c1ccc(CN2CCCCC2)cc1,4
c1cc(NC2CCCNC2)nc(-n2ccnc2)c1,4
c1ccc(CSCc2c[nH]cn2)cc1,4
O=C(Cc1cn(CNc2ccnc3ccccc23)nn1)NCc1ccccc1,4
C1CC2CCC3OOC24C(C1)CC(OC1CCC(OC2CC5CCCC6CCC7OOC65C(O7)O2)CC1)OC4O3,4
c1ccc(Nc2cc[n+](Cc3ccc(OCCOc4ccc(C[n+]5ccc(Nc6ccccc6)c6ccccc65)cc4)cc3)c3ccccc23)cc1,4
S=P1(Oc2ccccc2)NCCO1,4
c1ccc(Sc2ccccc2)cc1,4
c1ccc(CCNCc2csc(-c3ccccc3)n2)cc1,4
O=C(c1ccccc1)c1ccccc1NC(=O)C1CC(=O)N(c2ccccc2)C1,4
c1ccc(Nc2nc(NCCNc3cnc4ccccc4c3)nc(N3CCOCC3)n2)cc1,4
c1ccc2ncc(NCCNc3nc(N4CCOCC4)nc(N4CCOCC4)n3)cc2c1,4
c1ccc2c(NCCC34CCCN3CCC4)ccnc2c1,4
O=C(NCCCNc1ccnc2ccccc12)c1ccncc1,4
C(=Cc1[nH+]c2cc(-c3ccccc3)ccc2o1)Nc1ccccc1,4
O=C(NC1CCN(C2CCNCC2)CC1)c1ccc(S(=O)(=O)NC2CCCCC2)cc1,4
C1=CC2CC(C1)C2,4
c1ccc2cc(CN3CCN(C4CCNCC4)CC3)ccc2c1,4
c1ccc(-c2ccc(-c3ccccc3)nc2)cc1,4
c1ccc(OCCN2CCNCC2)c(CNCc2cc3ccccc3[nH]2)c1,4
O=C(Nc1nc2n(n1)C(c1ccccc1)C=C(c1ccccc1)N2)c1ccccc1,4
c1ccc(Nc2nc(Nc3ccc(Nc4c5ccccc5nc5ccccc45)cc3)nc(N3CCNCC3)n2)cc1,4
c1ccc2nc(Nc3ccc4c(c3)OCCO4)ncc2c1,4
c1ccc(Nc2ccc3nccc(-c4ccncc4)c3n2)cc1,4
O=C(c1cc2ccccc2s1)N1CCNCC1,4
c1ccc2c(NCCCCCNc3ccnc4ccccc34)ccnc2c1,4
O=S(=O)(NCCCN1CCN(CCCNc2ccnc3ccccc23)CC1)c1cccs1,4
c1cc2cc(c1)Oc1ccc3c(c1)C(Cc1ccc(cc1)COc1ccc4c(c1)C(C2)NCC4)NCC3,4
O=C1Nc2cc(C(=O)NCC3CCCN3)ccc2SC1=Cc1ccccc1,4
O=C(Nc1ccc(N2CCN3CCCC3C2)cc1)c1cc(-c2ccccc2)nc2oncc12,4
C1=C(c2ccccc2)CCN(CCCc2cccc3ccccc23)C1,4
c1ccc(Cc2nc(CNCCNc3ccnc4ccccc34)oc2N2CCOCC2)cc1,4
O=C(NC(CCNCC1CCCCC1)Cc1ccccc1)c1ccccc1,4
O=C(NCCc1ccc(CNc2ccc3ncncc3c2)cc1)c1cccs1,4
c1ccc(C(c2ccccc2)N2CCN(CCCc3cccc4ccccc34)CC2)cc1,4
c1ccc(Cc2nc(CN3CCN(c4ccnc5ccccc45)CC3)oc2N2CCOCC2)cc1,4
c1ccc2c(NCCCNCCOC3CC4CCCC5CCC6OOC54C(O3)O6)c3ccccc3nc2c1,4
O=C(c1cc2cnccc2[nH]1)N(Cc1ccccc1)C1CCNCC1,4
O=C1C=C2OCOC23CC1C(c1ccc2c(c1)OCO2)C3,4
c1ccc2nc(NCC3(N4CCNCC4)CCCC3)ccc2c1,4
c1ccc(CCOc2ccccc2)cc1,4
O=C(CCCCCCCCCCC(=O)N1CCN(c2ccnc3ccccc23)CCN(c2ccnc3ccccc23)CC1)N1CCN(c2ccnc3ccccc23)CCN(c2ccnc3ccccc23)CC1,4
c1ccc(CC2CCCC2NC2CCN(c3ccncn3)CC2)cc1,4
O=C(NCCc1ccc(CNc2ccc3ncncc3c2)cc1)c1ccccc1,4
C(=NNc1ccnc2ccccc12)c1cnoc1,4
O=C(CCCCCCCC(=O)N1CCN(c2ccnc3ccccc23)CCN(c2ccnc3ccccc23)CC1)N1CCN(c2ccnc3ccccc23)CCN(c2ccnc3ccccc23)CC1,4
c1ccc(C(c2ccc(CN3CCCC3)cc2)(c2ccc(CN3CCCC3)cc2)n2ccnc2)cc1,4
O=C(COC1CC2CCCC3CCC4OOC32C(O1)O4)COC1CC2CCCC3CCC4OOC32C(O1)O4,4
c1ccc2c(NCCOCCOCCNc3ccnc4ccccc34)ccnc2c1,4
O=C(C=Cc1ccc(NC(=O)Nc2ccc3ccccc3c2)cc1)CC1CCCCO1,4
c1ccc(CNc2nc3cc(Nc4ccnc5ccccc45)ccc3o2)cc1,4
O=S(=O)(NNc1ccnc2ccccc12)c1ccccc1,4
c1ccc(Cc2nc3ccccc3c3cc[nH]c23)cc1,4
O=C(C=Cc1ccc(NC(=S)Nc2ccccc2)cc1)CC1CCCCO1,4
c1ccc(C2CC3CNCC2C(c2ccccc2)C3)cc1,4
c1ccc(Nc2cc3nc4ccccc4n(-c4ccccc4)c-3cc2=NCCCCC23CCCCN2CCCC3)cc1,4
c1ccc(-c2cncn2CCNc2ccnc3ccccc23)cc1,4
O=C(CN1CCCCC1)Nc1cc(CNCCN2CCCC2)cc(Nc2ccnc3ccccc23)c1,4
O=C(NCCCCNCCCNC(=O)c1ccc[nH]1)c1ccc[nH]1,4
c1ccc(CN2CCN(c3cccc4nc5ccccc5n34)CC2)cc1,4
O=C(NCCCCNc1cccc2cccnc12)NC(C(=O)NC(c1ccccc1)c1ccccc1)c1ccccc1,4
c1ccc2c(N3CCC(c4c[nH]nn4)C3)ccnc2c1,4
O=C(Cc1cnoc1)N1CCCCC1,4
O=C(Cc1cnoc1)N1CCCCCC1,4
O=C1C(=O)N(CCCCn2cc(COc3ccc(C=NNc4ccnc5ccccc45)cc3)nn2)c2ccccc21,4
c1cc(CNCCNc2ccncc2)cc(OCCCCN2CCOCC2)c1,4
S=C(NCCCNCCCCNCCCNC(=S)NCc1ccccc1)NCc1ccccc1,4
c1ccc(CN(CCCN2CCN(CCCNc3ccnc4ccccc34)CC2)Cc2ccccc2)cc1,4
c1ccc2c(NCCCCN3CCCCC3)ccnc2c1,4
c1ccc(COC23CCCC(COO2)C3)cc1,4
S=C(NCCCNCCCNCCCNC(=S)NCCC(c1ccccc1)c1ccccc1)NCCC(c1ccccc1)c1ccccc1,4
O=C(NCCCNCCCCCCCNCCCNC(=O)NCC(c1ccccc1)c1ccccc1)NCC(c1ccccc1)c1ccccc1,4
S=C(NCCCNCCCNCCCNC(=S)NC(c1ccccc1)c1ccccc1)NC(c1ccccc1)c1ccccc1,4
c1ccc2c(NCC3CCNCC3)ccnc2c1,4
c1ccc(COCCC2CCCC3CCC4OCC23OO4)cc1,4
O=C1OC2(C=CC3C=COC(OC4CCCCO4)C32)C=C1Cc1ccccc1,4
O=C1C2Cc3c([nH]c4ccccc34)C(c3ccccc3)N2C(=O)CN1C1CCN(Cc2ccccc2)C1,4
c1ccc2c(-c3cc(N4CCOCC4)ncn3)c[nH]c2c1,4
O=C(CCc1nnc(-c2ccc(-c3ccccc3)cc2)o1)NCC1CCCN2CCCCC12,4
c1ccc(CNCc2ccco2)cc1,4
O=C(Cc1cn(CNc2ccnc3ccccc23)nn1)NC1CCCC1,4
c1ccc2c(Nc3ccc(Nc4ncncn4)cc3)ccnc2c1,4
c1ccc(N2CCC(CNC3CCN(Cc4ccco4)CC3)C2)cc1,4
O=C(CNc1ccnc2ccccc12)NCCn1c2ccccc2c2ccncc21,4
c1ccc(-c2ccc(CNc3cc(C4CCC4)ncn3)cc2)cc1,4
c1ccc(C(c2ccncc2)(c2ccc(CN3CCCC3)cc2)n2ccnc2)cc1,4
C=C1COC2OC3CCC4CCCC1C42OO3,4
c1ccc(C(c2ccccc2)(c2ccc(CN3CCCC3)cc2)n2cnc3ccccc32)cc1,4
c1cncc(Nc2c3ccccc3[nH+]c3c2[nH]c2ccccc23)c1,4
O=C(CNc1ccnc2ccccc12)NCc1cc2c(cn1)[nH]c1ccccc12,4
c1ccc2c(c1)ccc1nc3ccccc3nc12,4
c1ccc(CCc2ccc3ccccc3n2)cc1,4
O=C(Nc1cccc(-c2onc3c2CCCC3)c1)c1cccnc1,4
c1ccc2c(c1)[nH]c1c(Nc3ccc(N4CCCCC4)cc3)c3ccccc3[nH+]c12,4
c1ccc(COCC2OC3c4c(ccc5ccccc45)[SH+]CC3C(OCc3ccccc3)C2OCc2ccccc2)cc1,4
C1COCCN1,4
c1ccc(COc2ccccc2CCc2ncncc2-c2ccccc2)cc1,4
c1cc(C2CC3CCCC4CCC5OOC43C(O5)O2)cc(C2CC3CCCC4CCC5OOC43C(O5)O2)c1,4
O=C(OCCC1CC2CCCC3CCC4OOC32C(O1)O4)c1ccccc1C(=O)OCCC1CC2CCCC3CCC4OOC32C(O1)O4,4
c1ccc(OCc2ccc3cc(COc4ccccc4)ccc3c2)cc1,4
O=C(OCCCOC(=O)c1ccc(OCc2ccc3ccccc3c2)cc1)c1ccc(OCc2ccccc2)cc1,4
O=C(C=C1C(=O)N(CCc2ccccc2)c2ccccc21)CC1CCCCO1,4
c1ccc2c(NCCN3CCN(c4ccnc5ccccc45)CC3)ccnc2c1,4
O=C(CCn1c2ccccc2c2ccncc21)NCCCCNc1ccnc2ccccc12,4
O=C(c1ccc2c3c(cccc13)CC2)C1CCCN(Cc2ccccn2)C1,4
O=C(C(Cc1ccccc1)N1C(=O)c2ccccc2C1=O)N1CCC(Cc2ccccc2)CC1,4
O=C1c2ccccc2C(=O)N1CCCCCCCCCC[P+](c1ccccc1)(c1ccccc1)c1ccccc1,4
O=C1OCCCCCCCCC=Cc2ccccc21,4
O=C(CN1CN(c2ccccc2)C2(CCN(C(=O)Nc3ccccc3)CC2)C1=O)Nc1ccccc1,4
c1coc(CN(CCCNc2ccnc3ccccc23)c2nccc(N3CCNCC3)n2)c1,4
c1ccc(C2OOC3(CCCC3)OO2)cc1,4
O=c1c2ccccc2[nH]c2c3c(ccc12)OCC=C3,4
O=C1CC(OC2CCCCO2)CC(OC2OCCCC2OCCCNCc2ccnc3ccccc23)CCCCNCCCCO1,4
c1ccc(OCCCCCc2ncncc2-c2ccccc2)cc1,4
C(=NNc1ccnc2ccccc12)c1ccc[nH]1,4
c1ccc2c(Nc3ccc(NCCN4CCOCC4)nc3)ccnc2c1,4
O=C1CCC2C3Cc4cccc5c4C2(CCN3CC2CC2)C1O5,4
O=C(NCCCNc1ccnc2ccccc12)c1ccc(C=CC(=O)c2ccco2)cc1,4
c1ccc2[nH]c(NC3CCN(CCc4ccc(-c5ncon5)cc4)CC3)nc2c1,4
c1ccc2c(Nc3ccc4sc(NCCN5CCCC5)nc4c3)ccnc2c1,4
c1ccc2c(NCCNc3nccc(N4CCOCC4)n3)ccnc2c1,4
O=C(NCCNCCNc1ccnc2ccccc12)c1ccccc1,4
c1ccc(C(NCCCCNc2ccnc3ccccc23)c2nnn[nH]2)cc1,4
c1ccc(-c2cc(-c3ccccn3)no2)cc1,4
O=c1[nH]cnc2c1ncn2CC(COCCP(=O)(NCCc1ccccc1)NCCc1ccccc1)OCCP(=O)(NCCc1ccccc1)NCCc1ccccc1,4
c1ccc(N2CCN(c3nc4cc(Nc5ccnc6ccccc56)ccc4o3)CC2)cc1,4
c1ccc2c(NCCN3CCN(CCOC4CC5CCCC6CCC7OOC65C(O4)O7)CC3)ccnc2c1,4
O=c1cccc2n(CCCN3CCN(Cc4ccccc4)CC3)c3ccccc3n12,4
O=C1CCC=CCCCCC=CCCCCCCO1,4
c1ccc(CCCc2ncncc2-c2ccccc2)cc1,4
c1ccc2c(N3CCC4(CCCNC4)C3)ccnc2c1,4
O=C(CC(NC(=O)c1ccccc1)c1ccccc1)NCc1cn(CCNc2ccnc3ccccc23)nn1,4
O=C1C=CC=CCCCCCCC=CC=CCC(CCCC2CC(OC3CCCCO3)CCO2)O1,4
O=C1CNC(=O)CNC(=O)C(Cc2ccccc2)NC(=O)CNC(=O)CNC(=O)CC(Cc2cn(CC3CO3)c3ccccc23)NC(=O)CN1,4
O=C(CCc1ccccc1)NCCCNCCCCNCCCNC(=O)CCc1ccccc1,4
c1cc(CNCCc2ccc3c(c2)OCCO3)cs1,4
c1ccc(C2CC(NC3CCN(c4ccncn4)CC3)CCN2)cc1,4
O=c1[nH]nc(Cc2ccccc2)c2ccccc12,4
O=C1NC(=O)C2(CCN(Cc3ccccc3)CC2)N1Cc1ccccc1,4
O=c1ccn(CCCNc2ccnc3ccccc23)cc1,4
c1ccc2c(Nc3ccc4sc(NCCN5CCCCC5)nc4c3)ccnc2c1,4
c1ccc(Nc2nc(NCCCCCNc3nc(Nc4ccccc4)nc(Nc4ccccc4)n3)nc(Nc3ccccc3)n2)cc1,4
c1ccc(C(CNC2CCNCC2)Nc2ncnc3ccccc23)cc1,4
c1cc(-c2cscn2)cs1,4
O=S(=O)(Cc1ccccc1)c1cc(-c2ccccc2)cc(-c2ccccc2)n1,4
c1ccc2c3c([nH]c2c1)C(NC1CCN(C2CCOC2)CC1)CCC3,4
O=C(CN1CCCCC1)OC1CC2CC(c3ccccc3)C1C(c1ccccc1)C2,4
O=C(C[NH2+]CC(=O)OC1CC2CCC1C2)OC1CC2CCC1C2,4
O=C(COc1ccccc1)NCCNc1ccnc2ccccc12,4
C(=NNc1ccnc2ccccc12)c1ccco1,4
c1cc(C2CC3CCCC4CCC5OOC43C(O5)O2)[nH]c1CN1CCOCC1,4
c1ccc2c(NCCn3cc(COc4ccc5c(c4)[nH]c4cnccc45)nn3)ccnc2c1,4
c1cc(CNc2ncc3ccccc3n2)cc(-n2cncn2)c1,4
c1ccc(N2CCNCC2)c(NCc2cnc[nH]2)c1,4
c1ccc2nc(CNCC3CCN(C4CCNCC4)CC3)ccc2c1,4
C1=Nc2ccccc2CC1,4
O=C(c1ccccc1)c1ccc(CNCCCN2CCN(CCCN=c3cc[nH]c4ccccc34)CC2)cc1,4
O=C(CNC(=O)c1ccccc1)NCc1ccccc1,4
O=C(Nc1nc[nH]n1)c1cnc(-c2ccccc2)s1,4
O=C1CC(OC2CCCCO2)CC(OC2OCCCC2OCCCNc2ccnc3ccccc23)CCCCNCCCCO1,4
C(#CC1CN2CCC1CC2)c1ccc(OCc2ccccc2)cc1,4
O=C(CN1CCCC1)OC1CC2(N3CCCCC3)CC(c3ccccc3)C1C(c1ccccc1)C2,4
c1ccc(C2OCc3ccccc32)cc1,4
c1ccc(Cn2c(NC3CCN(CCc4ccc(C5=NCCO5)cc4)CC3)nc3ccccc32)cc1,4
c1ccc2[nH]c(-c3cc4n(n3)CCN(c3ccncn3)C4)nc2c1,4
O=C(CCc1ccccc1)N1CCn2c(nc(-c3ccccc3)c2Nc2ccccc2)C1,4
O=C(Cc1ccccc1)NC1CNCC1c1cccnc1,4
c1ccc2oc(CCCNC3CCN(c4ccncn4)CC3)nc2c1,4
c1ccc2c(NCCNc3nccc(N4CCCCC4)n3)ccnc2c1,4
c1ccc(C23CCN(C2)C(CNc2ccnc4ccccc24)C3)cc1,4
c1ccc(CC2CC3CCCC4CCC5OOC43C(O2)O5)c(CC2CC3CCCC4CCC5OOC43C(O2)O5)c1,4
O=C1C=CC(=O)c2cc3c(cc21)C(=O)C=C1C=CCCC13,4
c1ccc(-c2cnc(-c3cc[nH+]c4ccccc34)o2)cc1,4
S=C(NCCCNCCCCNCCCNC(=S)NCCC(c1ccccc1)c1ccccc1)NCCC(c1ccccc1)c1ccccc1,4
O=C1C=C(c2cccnc2)C(=O)c2ccccc21,4
c1ccc(-c2cc(-c3cccnc3)no2)cc1,4
O=C(OCC1OC2OC3CCC4CCCC1C42OO3)c1ccc(-c2ccccc2)cc1,4
c1ccc(C(Nc2c3ccccc3nc3ccccc23)c2ccc(CN3CCCC3)cc2)cc1,4
c1ccc(CNCc2cccs2)cc1,4
c1cc2c3c(c1)OC1C4CCC5(CC4)C(C2)NCCC315,4
c1ccc(CCCOc2ccccc2CCc2ncncc2-c2ccccc2)cc1,4
O=C(NCc1ccccc1)C1Cn2nc(-c3ccccc3)cc2C(=O)N1c1ccc2c(c1)OCCO2,4
c1coc(CN(CCNc2ccnc3ccccc23)c2ccnc(N3CCNCC3)n2)c1,4
C1=CC(c2ccc(N3CCCN(c4ccnc5ccccc45)CC3)cc2)c2ccccc2O1,4
c1nc(NC2CCNC2)c2ccsc2n1,4
O=C(CCc1ccccc1)NC(c1ccccc1)c1cccc2ccccc12,4
c1ccc2c(Nc3ccc4[nH]c(NCCN5CCCCC5)nc4c3)ccnc2c1,4
c1ccc(-c2cc(N3CCN(c4ccnc5ccccc45)CC3)ncn2)cc1,4
O=C1c2ccoc2CC2C1CCC1CCCCC12,4
O=C1C=CC2CC3OC(=O)CC4C5CCC(C2C1)C34CO5,4
O=C(NN=Cc1ccccc1)c1nc(-c2ccccc2)no1,4
c1ccc(CNc2ccc3ncncc3c2)cc1,4
O=S(=O)(c1ccccc1)N1CCN(c2cc(N3CCNCC3)ncn2)CC1,4
O=S(=O)(c1ccccc1)c1ccc2ccccc2c1,4
c1ccc(Nc2cccc3cnccc23)cc1,4
C(=NNc1ccnc2ccccc12)c1cccs1,4
C1CC2CCC(C1)N2,4
c1coc(CN(CCCNc2ccnc3ccccc23)c2ccnc(N3CCNCC3)n2)c1,4
O=C1C=CC(Cc2ccccc2)N1CCCNc1ccnc2ccccc12,4
O=C(Nc1cnc2ccccc2c1)c1cc(-c2cn[nH]c2)[nH]n1,4
c1ccc(-c2ccc3nccc(-c4ccccc4)c3n2)cc1,4
O=C(Cc1ccc(OCCN2CCOCC2)cc1)NNc1ccncn1,4
O=C(CNC(=O)CNC(=O)Cc1ccccc1)NCCCCNc1cccc2cccnc12,4
O=C(c1cnc(Oc2ccc3c(c2)BOC3)cn1)N1CCNCC1,4
O=S(=O)(C1=C(c2ccccc2)OC(c2ccc(-c3ccccc3)cc2)C1)c1ccccc1,4
C(=NNc1ccnc2ccccc12)c1ccc2ccccc2c1,4
c1ccc2c(N3CCC(N4CCNCC4)CC3)ccnc2c1,4
C1=NOC(c2nc(-c3cccs3)no2)C1,4
c1ccc(CNCCC2CCNCC2Cc2ccccc2)cc1,4
C1=NOC(c2nnc(-c3ccccc3)o2)C1,4
O=C1Cc2ccccc2N1CCCCn1cc(COc2ccc(CNNc3ccnc4ccccc34)cc2)nn1,4
O=C1NCc2nc(cs2)C(=O)NCc2nc(cs2)C(=O)NCc2nc1co2,4
O=C1CCC(C(=O)NNc2ccncn2)CC1,4
c1ccc(Nc2nc3cnc(N4CCNCC4)cc3[nH]2)nc1,4
O=c1ccn(CCN2CCCCC2)cc1,4
c1ccc2c(NCCNc3ccnc4ccccc34)ccnc2c1,4
c1cncc(CCCNc2cc(C3CCC3)nc(C3CC3)n2)c1,4
O=C(CN1CC=C(c2cn[nH]c2)CC1)N1CCCc2ccccc21,4
c1ccc(C(c2ccccc2)(c2ccc(CN3CCCC3)cc2)N2CCN(c3ccnc4ccccc34)CC2)cc1,4
C(=NNc1ccnc2ccccc12)c1c[nH]nc1-c1ccccc1,4
c1ccc(Cn2cc(COc3ccc4ccccc4c3)nn2)cc1,4
O=C(c1cccc(-c2ccc3ncc(-c4ccccc4)n3n2)c1)N1CCNCC1,4
O=C(CSc1ccnc(SCC(=O)c2ccccc2)n1)NNC(=O)Cc1ccccc1,4
c1ccc(C(c2ccc(CN3CCNCC3)cc2)c2ccnc3ccccc23)cc1,4
O=C(Nc1cc2c(s1)CCCC2)C1CCCCC1,4
c1ccc2c(NCC34CCCN3CCC4)ccnc2c1,4
O=C(NCCCN1CCN(CCCN=c2cc[nH]c3ccccc23)CC1)C(c1ccccc1)n1ccnc1,4
c1cc(NCCN2CCCCC2)cc(Nc2ccnc3ccccc23)c1,3
O=C(Cn1cc(-c2ccccc2)nn1)NCCCNc1ccnc2ccccc12,3
O=c1cc[nH]cc1-c1ccc(C#Cc2ccccc2)nc1,3
O=C(Cc1ccc(N(Cc2ccccc2)C(=O)C2CCCC2)cc1)NCCN1CCCCC1,3
c1ccc(CCNCc2ccc3[nH]cnc3c2)cc1,3
O=C(NCc1ccccc1)c1c[nH]c2ccccc2c1=O,3
O=C(NCc1ccccc1)c1ccccc1N=Cc1cccc2ccccc12,3
c1ccc(-c2cccc3cccnc23)cc1,3
O=c1cc[nH]c2cc(NC3CCCCC3)ccc12,3
O=C(OC1CCC[NH+]2CCCCC12)C1(c2ccccc2)CCCC1,3
O=C(C=Cc1cccc(-c2cccc(C=CC(=O)c3ccc4c(c3)OCO4)c2)c1)c1ccc2c(c1)OCO2,3
O=C(OCCCOC(=O)c1ccc(OCc2ccc3ccccc3c2)cc1)c1ccc(OCc2ccc3ccccc3c2)cc1,3
N=C1CC2(N3CCCC3)CC(c3ccccc3)C1C(c1ccccc1)C2,3
O=C(Cc1ccccc1)NC(c1ccccc1)N1CCCC1,3
O=S(=O)(c1ccccc1)N1CCC(Nc2nc3ccccc3n2Cc2ccccc2)CC1,3
O=C(CC1CC2CCCC3CCC4OOC32C(O1)O4)c1cccc(C(=O)CC2CC3CCCC4CCC5OOC43C(O2)O5)c1,3
c1ccc(-c2c[nH]c3c4ccccc4nc-3c2)cc1,3
C(=Nc1ccnc2ccccc12)NCCc1ccncc1,3
c1ccc2c(Nc3ccc(Cc4nnn[nH]4)cc3)ccnc2c1,3
c1ccc2c(C(c3nnn[nH]3)N3CCNCC3)ccnc2c1,3
O=C(CCCCCCCCC(=O)Nc1cccc2cccnc12)Nc1cccc2cccnc12,3
c1ccc2c(c1)[nH]c1c2cc[n+]2ccccc12,3
O=C(CCCC1CCC2C1CCC1C3CCCCC3CCC21)NCCNc1ccnc2ccccc12,3
C1=CCCNC=C2C=CC(=N2)c2ccc([nH]2)CCCCCCCC1,3
O=C(Nc1nc2ccccc2o1)c1ccccc1,3
O=C(NCCCNc1ccnc2ccccc12)C12CC3CC(CC(C3)C1)C2,3
c1ccc(CC2=NCCc3ccccc32)cc1,3
S=C(NCCCNCCCCCNCCCNC(=S)NC(c1ccccc1)c1ccccc1)NC(c1ccccc1)c1ccccc1,3
c1ccc(CNCCn2cnc3cncnc32)cc1,3
C1=Cn2c3ccccc3c3cccc(c32)CO1,3
O=C(Nc1ccccc1)c1cccc2c(=O)c3ccccc3[nH]c12,3
O=C(Nc1cccc2cccnc12)c1ccccn1,3
C(=CC(c1ccccc1)=[N+]1CCN(c2ccnc3ccccc23)CC1)C=C(c1ccccc1)N1CCN(c2ccnc3ccccc23)CC1,3
C1=Cc2c(-c3cc4ccccc4c4c3C=CCO4)cc3ccccc3c2OC1,3
O=C1C(c2ccc(Oc3ccccc3)cc2)=[NH+]c2cc3c(cc21)OCO3,3
c1ccc(N2CCN(C3CCN(Cc4c[nH]c5ccccc45)CC3)CC2)cc1,3
c1ccc(C(=Nc2ccnc3ccccc23)NCCCN2CCCCC2)cc1,3
O=C(CCc1ccccc1)NCC(=O)NC(Cc1ccccc1)C(=O)C1CO1,3
O=C(Nc1cccc2cccnc12)C(=O)Nc1cccc2cccnc12,3
C(=Cc1ccc2ccccc2n1)c1ccccc1,3
O=C1CCC2C(CCC3C4CCC(CCCCNCCCCCCNc5ccnc6ccccc56)C4CCC23)C1,3
c1ccc(Nc2nc(NCCCCNc3nc(Nc4ccccc4)nc(Nc4ccccc4)n3)nc(Nc3ccccc3)n2)cc1,3
O=S(=O)(c1ccccc1)c1cccc(S(=O)(=O)c2ccccc2)c1,3
C=C1CN2CCc3c([nH]c4ccccc34)C2CC1CC1=NCCc2c1[nH]c1ccccc21,3
O=C(NCCNc1ccnc2ccccc12)C(=O)c1ccccc1,3
O=C1CCC2(CC1)OOC1(O2)C2CC3CC(C2)CC1C3,3
O=C(CN1C(=O)c2ccccc2C1=O)N1CCOCC1,3
c1ccc(C(NC2CCN(CCCNc3ccnc4ccccc34)CC2)c2ccccn2)nc1,3
c1ccc2c(NCCNCCOC3CCC4C(CCC5C6CCCC6CCC45)C3)ccnc2c1,3
O=c1cc(-c2ccc(Cc3ccccc3)cc2)[nH]c2ncccc12,3
O=C(NCCCNCCCCCNCCCNC(=O)NCCC(c1ccccc1)c1ccccc1)NCCC(c1ccccc1)c1ccccc1,3
c1ccc(OCCNc2ccnc3ccccc23)cc1,3
c1ccc(-c2nc(C[n+]3ccc4c(c3)CCCC4)cs2)cc1,3
O=C(NC(CCNC1CCC(c2ccccc2)CC1)Cc1ccccc1)c1ccc(N2CCNCC2)cc1,3
O=C1C=C(NCCCCCCCCCC[P+](c2ccccc2)(c2ccccc2)c2ccccc2)C(=O)c2ccccc21,3
O=C(C=Cc1ccccc1)c1cccc(OCc2cn(CCCN3C(=O)C(=O)c4ccccc43)nn2)c1,3
O=C(CNC(=O)CN1CCCCC1)NCC(=O)NC(Cc1c[nH]c2ccccc12)C(=O)N1CCCC1COc1ccccc1,3
c1cnc(OCCCNc2ccnc3ccccc23)nc1,3
c1ccc2c(c1)CC1c3cc4c(cc3CCN1C2)OCO4,3
O=c1cc[nH]c(CN2CCCCC2)c1,3
N=C1NC(c2ccccc2)(c2cccc(-c3cccnc3)c2)C(=O)N1C1CCCCC1,3
c1ccc(-c2cc3ncnc(N4CCCCC4)c3s2)cc1,3
c1cc(Nc2ccnc3ccccc23)cc(-c2c[nH+]on2)c1,3
c1cc(NCCCN2CCOCC2)c2ccc3c(ccc4c(NCCCN5CCOCC5)ccnc43)c2n1,3
O=C1C=C2C3CCCCC3CCC2C2CCC3CCCCC3C12,3
O=C1CC(OC2CCCCO2)CC(OC2CCCCO2)CCCCN(CCCNC(=S)NCc2ccco2)CCCCO1,3
O=C1CCC(=O)C2CCCCN2C(=O)CNC(=O)C(Cc2c[nH]c3ccccc23)N1,3
O=C1C(n2c(=O)ncn2-c2ccccc2)CCN1C1CC1,3
O=C1C=C2CCCCC2C2OC12,3
c1ccc2c(c1)CN(CC1CC1)CC1(CCN(Cc3c[nH]c4cnccc34)CC1)O2,3
O=C(CCCc1cc(=O)oc2ccccc12)NCCCCNc1cccc2cccnc12,3
O=C(Nc1ccccc1)c1c(N2CCCCC2)cc(-c2ccccc2)oc1=O,3
C1CC(NC2CCC3(CC2)OOC2(OO3)C3CC4CC(C3)CC2C4)CCO1,3
O=C(C=Cc1ccccc1)NCCCCCNc1ccnc2ccccc12,3
O=c1ccc2ccc(Oc3ccccc3)cc2o1,3
c1ccc(Cn2cc(COC(c3ccnc4ccccc34)C3CC4CCN3CC4)nn2)cc1,3
c1ccc(CNC(CNc2ccccc2)COc2cccc3cnccc23)cc1,3
C(=Nc1ccnc2ccccc12)NCCC1CCN(c2ccncc2)CC1,3
O=C1C(c2ccc3ccccc3c2)=[NH+]c2cc3c(cc21)OCO3,3
O=C(Nc1nncs1)c1cccc(C(=O)Nc2nncs2)n1,3
O=C1C2=C(C(=O)c3cc4c(cc31)C1CCCC3COC(C4=O)C31)S(=O)(=O)CCN2,3
c1ccc2c(CC3NCCc4c3[nH]c3ccccc43)c[nH]c2c1,3
c1ccc(Cc2ccc(-c3ccccc3)cc2)cc1,3
C=C1C=CC(c2ccc[nH]2)=N1,3
O=C(NCc1cccc2[nH]ccc12)c1ccccc1OC1CCN(C2CCCC2)CC1,3
c1cc(NCCNCc2cnc(N3CCCCC3)nc2)ccn1,3
O=C(CN(CCCNc1ccnc2ccccc12)C(=O)c1cnccn1)NC1CCCCC1,3
O=C(CN1CCCCC1)Nc1cc(COC(=O)NCCN2CCOCC2)cc(Nc2ccnc3ccccc23)c1,3
O=C(Cc1ccc(N(Cc2ccccc2)C(=O)c2ccccc2)cc1)NCc1ccccc1,3
O=c1c2c(ncn2Cc2ccccc2)n(-c2ccccc2)c(=O)n1C1CCCC1,3
c1nc(NCC2CCCCCC2)c2cc3c(cc2n1)OCO3,3
O=C(NCCCN1CCCCOC(=O)CC(OC2CCCCO2)CC(OC2CCCCO2)CCCC1)Nc1ccc2c(c1)CCO2,3
O=C1CC(=O)C2=C(C1)Oc1ccccc1C2,3
c1ccc(CCN2CCC(Nc3nc4ccccc4n3Cc3cccnc3)CC2)cc1,3
O=C1NC(c2ccccc2)=NC12CCN(Cc1ccccc1)CC2,3
O=C(C[n+]1cc[nH]c1)c1ccc(-c2ccccc2)cc1,3
O=C(CN(Cc1ccccc1)C(=O)Cc1ccccc1)NCc1ccccc1,3
O=C(COc1ccccc1)Nc1ccccc1,3
O=C(CN1CCN(S(=O)(=O)c2ccccc2)CC1)N1CCCC1,3
O=C(c1cnoc1)N1CCCC(c2[nH]c3ccccc3c2-c2ccncc2)C1,3
c1ccc(-c2ccc3ncc(N4CCOCC4)nc3c2)cc1,3
O=S(=O)(c1ccccc1)n1cc(-c2ccncc2)c2cccnc21,3
O=C1c2ccc(N3CCOCC3)cc2C(=O)N1CCCCCCNc1ccnc2ccccc12,3
O=C1c2cccc(N3CCOCC3)c2C(=O)N1CCCCCCNc1ccnc2ccccc12,3
O=C(C=Cc1cccc(S(=O)(=O)N2CCOCC2)c1)c1ccccc1,3
C1=C2CC(OC3CCCCO3)CCC2C2CCC3CCCC3C2C1,3
O=C(CCCC1CCC2C1CCC1C3CCCCC3CCC21)Nc1ccnc2ccccc12,3
c1ccc(Nc2nc(-c3ccccn3)cs2)cc1,3
N=C(Nc1ccc(OCCCCCOc2ccc(NC(=N)c3ccccc3)cc2)cc1)c1ccccc1,3
O=c1ccc2c(cc1)OC1CC=CCCC3Cc4ccc(=O)ccc4OC3CCC1C2,3
c1ccc2c(N3CCC4(CCCN4Cc4cc[nH]c4)CC3)ccnc2c1,3
O=C(N1CCCCC1)n1ccc(=O)c2ccccc21,3
C(#CC1[NH2+]CCc2cc3c(cc21)OCO3)COc1ccccc1,3
O=C(Oc1cccc2oc(-c3ccccc3)cc12)c1ccccc1,3
c1ccc(-c2ccc(-c3cn4c([n+]3-c3ccccc3)COCC4)cc2)cc1,3
O=C1C2Cc3c([nH]c4ccccc34)C(c3ccccc3)N2C(=O)CN1CCc1ccccc1,3
c1ccc2oc(-c3cn4ccccc4n3)cc2c1,3
O=C1CC(OC2CCCCO2)CC(OC2CCCCO2)CCCCN(CCCNC(=S)Nc2cc3c(s2)CCCC3)CCCCO1,3
c1ccc2c3c([nH]c2c1)C(CC1CCN2CCc4c([nH]c5c(C6CCCN6)cccc45)C2C1)NCC3,3
O=C(NCCCN1CCCCOC(=O)CC(OC2CCCCO2)CC(OC2CCCCO2)CCCC1)Nc1cccc(OC2CCCC2)c1,3
C(=Cc1[nH+]c2ccccc2o1)Nc1ccccc1,3
O=C(NCCCN1CCCCOC(=O)CC(OC2CCCCO2)CC(OC2CCCCO2)CCCC1)Nc1cnoc1-c1ccccc1,3
O=C(C=Cc1ccccc1)c1ccc(OCc2cn(CCCN3C(=O)C(=O)c4ccccc43)nn2)cc1,3
O=C(C=Cc1ccccc1)c1cccc2c1OCC=C2,3
O=C1CC(OC2CCCCO2)CC(OC2CCCCO2)CCCCN(CCCNC(=S)Nc2ccc(OCc3ccccc3)cc2)CCCCO1,3
c1cc2c(c(-c3cc(-c4cccc5cccc(-c6cccc7c6CCNC7)c45)cc4ccccc34)c1)CCNC2,3
c1ccc(Nc2nccc(-c3nnc4ccccn34)n2)cc1,3
c1cc(NCCN2CCCCC2)c2ccc3c(ccc4c(NCCN5CCCCC5)ccnc43)c2n1,3
c1ccc2c(NC3CCNCC3)nc(N3CCCNCC3)nc2c1,3
O=C(Nc1ccc(-c2nc3ccccc3[nH]2)cc1)c1ccncc1,3
O=C(NC1CCC(Nc2ccccc2)C1)N1CCCC1,3
O=C(Nc1ccccn1)C1=Cc2ccccc2S(=O)(=O)N1,3
O=C(Nc1ccc(-c2ccccc2)cc1)c1ccon1,3
O=C(Nc1ccnc(NC2CCNCC2)c1)c1ccccc1,3
O=[PH](NC1CCCC1)Oc1ccccc1,3
O=C(NCc1ccccc1)c1cccc(Nc2c(Oc3ccccc3)cnn(-c3ccccc3)c2=O)c1,3
C1=CCOC2(CC1)CC1CCC3CC4(CCCCO4)NC(=N2)N13,3
c1ccc2nc(CCCCCCCCc3ccc4ccccc4n3)ccc2c1,3
c1ccc2c(C3NCCc4c3[nH]c3ccccc43)c[nH]c2c1,3
O=C1C(Oc2cccc(-c3nc4ccccc4s3)c2)C(c2ccccc2)N1c1ccccc1,3
c1cc(C2=NCCN2)cc(-c2cc3ccc(C4=NCCN4)cc3o2)c1,3
c1cc2c(cn1)ncn2C1CCCO1,3
c1ccc2c(NCCN(CCCCC3CCC4C3CCC3C5CCCCC5CCC43)CCCCC3CCC4C3CCC3C5CCCCC5CCC43)ccnc2c1,3
c1ccc2c(-c3cc4nc5ccccc5nc4c4ccccc34)cccc2c1,3
O=C1CCC(c2ccccc2)c2ccccc21,3
C1CC2(CCC1CNc1nnn[nH]1)OOC1(OO2)C2CC3CC(C2)CC1C3,3
c1ccc(OCCCCCCOc2ccccc2)cc1,3
c1cc(C2CCCN2)c2c(c1)C1CCN3CCC(CC4NCCc5c4[nH]c4ccccc54)CC3C1N2,3
c1cc(-c2cc3ccc(C4=NCCN4)cc3o2)ccc1C1=NCCN1,3
O=C(NCCCN1CCCCOC(=O)CC(OC2CCCCO2)CC(OC2CCCCO2)CCCC1)Nc1cccs1,3
O=C1CC(OC2CCCCO2)CC(OC2CCCCO2)CCCCN(CCCNC(=S)Nc2ccc(N3CCOCC3)nc2)CCCCO1,3
O=C1CC(OC2CCCCO2)CC(OC2CCCCO2)CCCCN(CCCNC(=S)Nc2cccnc2)CCCCO1,3
c1ccc2c(NCCNCc3ccc(-c4ccncc4)s3)ccnc2c1,3
O=C(c1ccccc1)N(Cc1nccn1Cc1ccccc1)C1CC1,3
O=C1CC(OC2CCCCO2)CC(OC2CCCCO2)CCCCN(CCNC(=S)Nc2ccccc2)CCCCO1,3
O=C1NC(c2cnc3ccccc3c2)Nc2ccccc21,3
O=C(Cn1cc(COc2nccc(-c3ccccc3)n2)nn1)OC1C=CCC2CC(CC3(CCCCO3)O2)OC(=O)C2C=CCC3OCC(=CC=CC1)C32,3
c1ccc(SCCCCCSc2ccccc2)cc1,3
c1ccc2ncc(CNCCOc3ccn[nH]3)cc2c1,3
O=C1CC(OC2CCCCO2)CC(OC2CCCCO2)CCCCN(CCCNC(=S)Nc2ccc(Oc3ccccc3)nc2)CCCCO1,3
c1ccc(NC2=NCCCS2)cc1,3
O=C(Cc1ccccc1)Nc1cccc2cccnc12,3
O=C(CN1C(=O)c2ccccc2C1=O)N1CCCC1,3
c1ccc(-c2cn(-c3ccnc4ccccc34)nn2)cc1,3
c1cc(C2CCC3(CC2)OOC2(OO3)C3CC4CC(C3)CC2C4)ccc1CN1CCCCC1,3
O=C1CC(=O)C2=C(C1)OC1Oc3c(C(=O)CCc4ccccc4)cccc3C21,3
O=C(NCCCN1CCCCOC(=O)CC(OC2CCCCO2)CC(OC2CCCCO2)CCCC1)NCc1ccco1,3
C(=Cc1ccc2ccccc2n1)c1ccncc1,3
c1cc(C2=NCCN2)ccc1OCCCOc1ccc(C2=NCCN2)cc1,3
O=C(COc1c[nH]ccc1=O)N1CCN(C(c2ccccc2)c2ccccc2)CC1,3
O=C1NCCCCCCN(Cc2ccncc2)C2CN(Cc3cn[nH]c3)CCC12,3
c1ccc2[nH+]n[nH]c2c1,3
c1ccc(-c2cc(C(c3ccccc3)n3ccnc3)c[nH]2)cc1,3
O=C(CCCCCCC(=O)Nc1ccc2ncccc2c1)Nc1ccc2ncccc2c1,3
C=C(CC1CC2CCCC3CCC4OOC32C(O1)O4)CC1CC2CCCC3CCC4OOC32C(O1)O4,3
c1cnn(-c2ccc(-c3noc(-c4ccn[nH]4)n3)cc2)c1,3
C(=C1CCC2C1CCC1C3CCCCC3CCC21)c1ncno1,3
O=S(=O)(NCCCN1CCN(CCCNc2ccnc3ccccc23)CC1)c1cccc2ccccc12,3
O=C(NCCCN1CCCCOC(=O)CC(OC2CCCCO2)CC(OC2CCCCO2)CCCC1)NC1CCCC1,3
c1ccc(-c2cnc3ccc(NC4CCNCC4)nn23)cc1,3
O=C(CCN1CCc2sccc2C1c1ccccc1)N1CCN(C(=O)Cc2cccs2)CC1,3
O=C(NCCCN1CCCCOC(=O)CC(OC2CCCCO2)CC(OC2CCCCO2)CCCC1)NCc1ccccc1,3
O=C1CC(OC2CCCCO2)CC(OC2CCCCO2)CCCCN(CCCNC(=S)NC2CC3C=CC2C3)CCCCO1,3
O=C1NC(=O)c2ccc3c4c(ccc1c24)C(=O)N(c1ccccc1)C3=O,3
O=C(Nc1ccccc1)C1C2C=CC3(O2)C(C(=O)NC2CCCCC2)NC(=O)C13,3
O=C1OCC=C1C1CCN2c3ccccc3C3CCNC(C1)C32,3
c1ccc(CCc2ncncc2-c2ccccc2)cc1,3
O=C(c1ccccc1)c1ccccc1NCCc1ccc(OCCNc2ccccn2)cc1,3
c1ccc2c(NCCCN(CCOC3CC4CCCC5CCC6OOC54C(O3)O6)CCOC3CC4CCCC5CCC6OOC54C(O3)O6)ccnc2c1,3
c1cc(-c2c3c(cc4ccccc24)COCC3)c2cc3c(cc2c1)COCC3,3
O=C(Cc1ccccc1)OC1CC2CCC(C1)N2,3
O=C(NCCCNCCCCCNCCCNC(=O)Nc1ccccc1)Nc1ccccc1,3
O=C1C=C2C(CCC3(C(=O)OC4CCCCO4)CCCCC23)C2CCC3CCCCC3C12,3
O=c1c(-c2nc(-c3ccccc3)no2)c[nH]c2cc(N3CCOCC3)ccc12,3
O=C(NCCNc1ccnc2ccccc12)NN=Cc1cccc(CN2CCN(c3ccnc4ccccc34)CC2)c1,3
C1=CC2Cc3nc4ccccc4c(NCCCCCCCCCCNc4c5c(nc6ccccc46)CCCC5)c3C(C1)C2,3
O=C(OCc1ccccc1)N1CCc2c([nH]c3ccccc23)C1,3
C(#Cc1ccccc1)[AlH]CC1CC2CCCC3CCC4OOC32C(O1)O4,3
C1CCC(NCC2CCC3(CC2)OOC2(CCCCC2)OO3)CC1,3
N=C(N=c1cc[nH]c2ccccc12)c1cccnc1,3
O=c1cc2cc[nH]c3ccoc(c1)c23,3
c1cnc2c(NCCCCNC3CCC4(CC3)OOC3(OO4)C4CC5CC(C4)CC3C5)cccc2c1,3
C(=NNc1ccnc2ccccc12)c1ccccn1,3
C1=C(c2ccccc2)CC2(c3ccccc3)OOC3(CCC(NCCCNc4cccc5cccnc45)CC3)OC12,3
O=C(NCC1Cc2cccc(-c3ccncc3)c2O1)c1ccccc1,3
O=C(Nc1ccc(-n2cccn2)cc1)C1CCN(Cc2cncs2)CC1,3
O=C(Nc1nnco1)c1cn(-c2ccccc2)nc1-c1ccccc1,3
O=C1COCc2ccccc2N1Cc1ccccc1,3
c1cc(Oc2ccc3ccncc3c2)ccn1,3
O=C(CN1C(=O)c2ccccc2C1=O)N1CCC(Cc2ccccc2)CC1,3
c1ccc(-c2cc3c(Nc4cccnc4)nccc3[nH]2)cc1,3
O=C(Nc1cccc(-c2ccc(NCCCN3CCCC3)nc2)c1)c1ccccc1,3
c1cncc(OCCCCCOc2cccnc2)c1,3
c1ccc(-c2cnc3[nH]cc(-c4ccccc4)c3c2)cc1,3
O=C(Cc1cccc2ccccc12)Nc1cccnc1,3
O=C(CCc1ccccc1)Nc1ccc(NC(=O)Cc2ccccc2)c(C(=O)c2ccccc2)c1,3
O=C1N(Cc2cc3ccccc3s2)CC2CN(Cc3ccccc3)CCN12,3
O=C(CN1CCCCC1)Nc1cc(COC(=O)NCCN2CCCCC2)cc(Nc2ccnc3ccccc23)c1,3
O=C(CN1CCCCC1)Nc1cc(Nc2ccnc3ccccc23)cc(C(=O)N2CCNCC2)c1,3
c1ccc(CCN(CCCNc2ccnc3ccccc23)Cc2ncc[nH]2)cc1,3
c1ccc(-c2ccc3[nH]c(-c4ccccc4)cc3c2)cc1,3
O=C1CNC(=O)N1,3
c1cc[nH+]cc1,3
O=C1C=CC=C2Oc3ccccc3C12,3
O=C(CCCc1ccccc1)Nc1cc(C2CC2)nn1-c1nc(-c2ccccc2)cc(=O)[nH]1,3
O=C1c2ccc(N3CCNCC3)cc2C(=O)N1CCCCNc1ccnc2ccccc12,3
c1ccc2c(c1)[nH]c1c[nH+]c3ccccc3c12,3
c1ccc(-c2cnc(-c3ccccc3)nc2)cc1,3
O=C1C=CCC(c2cccc(C3CC=CC(=O)C3)c2)C1,3
C=C1COOC2(CCC(Cc3ccccc3)CC2)OOC1,3
C=C1c2ccoc2CC2C1CCC1CCCCC12,3
O=C(Nc1ccnc(=O)[nH]1)C1CCCCC1,3
O=C(Nc1ccnc(=O)[nH]1)c1cscn1,3
C(=C1CN2CCC1CC2)c1ccc(C2OCCO2)cc1,3
O=C(C=Cc1ccccc1OCc1cn(CCCN2C(=O)C(=O)c3ccccc32)nn1)c1ccccc1,3
O=C(C=Cc1ccccc1)NCC(=O)NCc1ccccc1,3
O=C(Nc1ccccc1)Nc1ccc(Nc2nccc(Nc3ccc4cn[nH]c4c3)n2)cc1,3
O=C(C=Cc1cnc2ccccc2c1)c1ccccn1,3
c1ccc(-c2cnc3ccc(N4CCCC4)nn23)cc1,3
O=C1CC2CC(C1)C(C=Cc1ccccc1)OO2,3
c1ccc(-c2cncc(-c3ccccn3)n2)cc1,3
O=C(NN(c1ccncn1)C1CCCCC1)C1CCC2(CC1)OOC1(OO2)C2CC3CC(C2)CC1C3,3
c1ccc(-c2nc3c(NCc4ccncc4)nccc3[nH]2)cc1,3
O=C(Cc1ccccc1)NC1CNCC1c1cc2ccccc2o1,3
O=c1cc(-c2ccc(Oc3ccccc3)nc2)[nH]c2ccccc12,3
O=C(Nc1cnc2ccccc2c1)c1cccc(-n2cnnn2)c1,3
O=C(NC1CC1)c1ccc(N2CCC(Cc3ccccc3)CC2)nc1,3
O=C(NCCc1ccccc1)c1cc(-c2cccnc2)cnc1NCC1CC1,3
O=C(c1ccco1)N1N=C(c2cccs2)CC1c1ccccc1,3
O=c1ccn(C2CCC(CO[SiH](c3ccccc3)c3ccccc3)O2)c(=O)[nH]1,3
O=C(CN(CCCNc1ccnc2ccccc12)C(=O)c1ccncc1)NC1CCCCC1,3
c1ccc(-c2nc3ccc4ncccc4c3nc2-c2ccccc2)cc1,3
O=c1cc(-c2ccccc2)oc2c(CN3CCCCC3)cc(CN3CCCCC3)cc12,3
O=c1cc(-c2ccccc2)oc2c(CN3CCNCC3)cccc12,3
c1nc(N2CCNCC2)c2cn[nH]c2n1,3
c1ccc(CCNCc2ccc3c(c2)CCCO3)cc1,3
c1ccc(Nc2nc(Nc3ccccc3)nc(-n3cccn3)n2)cc1,3
O=C(CCCCCN1CCN(C2CC3CCCC4CCC5OOC43C(O5)O2)CC1)OC1CCC2C(=CCC3C4CCCC4CCC23)C1,3
O=C(NCCCCNc1cccc2cccnc12)NNC(=O)NC(c1ccccc1)c1ccccc1,3
c1ccc2sc(CNCC3CCNCC3)cc2c1,3
c1ccc(CNCCc2c[nH]c3ccccc23)cc1,3
O=C(CN1C(=O)c2ccccc2C1=O)N1CCCCC1,3
O=S(=O)(Nc1ccncn1)c1ccccc1,3
C(=NNc1ccccc1)c1c[nH+]c2ccccc2[nH+]1,3
O=C(C=Cc1ccc(OCCNc2ccnc3ccccc23)cc1)c1ccccc1,3
O=C1CC(OC2CCCCO2)CC(OC2CCCCO2)CCCCN(CCNC(=S)Nc2cccc3ccccc23)CCCCO1,3
O=C1CC(OC2CCCCO2)CC(OC2CCCCO2)CCCCN(CCNC(=S)NCCCc2ccccc2)CCCCO1,3
C1=CC2(CC1)CCCCC2,3
O=C(C=Cc1ccc(OCCN2CCN(c3ccnc4ccccc34)CC2)cc1)c1ccccc1,3
O=C1CNC2(CCCCCC2)N1CCCCNc1cccc2cccnc12,3
C1CCCCCC2(CCCCC1)OOC1(CCNCC1)OO2,3
O=C(NCc1cnc2[nH]ncc2c1NC1CCOCC1)c1ccn[nH]1,3
O=C(CCN1C(=O)c2ccccc2C1=O)NCCCCNc1ccnc2ccccc12,3
c1cnc2nc(NC3CCN(CCc4ccc(-c5ncon5)cc4)CC3)[nH]c2c1,3
O=C(Cc1ccccc1)Nc1cc(C2CC2)nn1-c1nccc(=O)[nH]1,3
C=C1CCCC=CC2OC(=O)C(=C)C2CC1,3
c1cc(C2CCC3(CC2)OOC2(OO3)C3CC4CC(C3)CC2C4)ccc1CN1CCOCC1,3
O=C(NCCNc1ccnc2ccccc12)C12CC3CC(CC(C3)C1)C2,3
O=C1CC(OC2CCCCO2)CC(OC2CCCCO2)CCCCN(CCCNC(=S)NC(=O)c2ccccc2)CCCCO1,3
O=C(CCN1C(=O)c2ccccc2C1=O)NCCCCCCNc1ccnc2ccccc12,3
c1cc(C2CC2)cc(Nc2ncc(N3CCNCC3)c(Nc3cc[nH]n3)n2)n1,3
c1ccc2c(NCCCCCNCCC34CC5CC(CC(C5)C3)C4)ccnc2c1,3
c1ccc(C2CC(c3ccc4c(c3)OCO4)=NC3(CCNCC3)N2)cc1,3
c1ccc(N2CCN(CCNc3ccnc4ccccc34)CC2)cc1,3
C=C1CN2CCc3c([nH]c4ccccc34)C2CC1C1CCC(C2CC3c4[nH]c5ccccc5c4CCN3CC2=C)C1,3
O=C1C=C2CC=C3C(CCC4C3CC3OC5(CCCCO5)CC34)C2CC1,3
O=C(CN1C(=O)c2ccccc2C1=O)NCCCCNc1ccnc2ccccc12,3
c1ccc2[o+]c3cc(N4CCCC4)ccc3nc2c1,3
O=C(CNCCCNc1ccnc2ccccc12)Nc1ccc2c(c1)Cc1ccccc1-2,3
c1ccc(CN(CCC(NCCNc2ccnc3ccccc23)c2ccccc2)Cc2ccccc2)cc1,3
O=C1c2ccccc2C(=O)N1Cc1nc2ccccc2n1Cc1cnn[nH]1,3
O=C(CNC(=O)c1ccccc1)Nc1ccc(-c2ccccc2)cc1,3
c1ccc2c(c1)CCC1NCCC21,3
O=C(Nc1ccncc1)c1ccccc1,3
c1ccc(CNCCCN2CCNCC2)cc1,3
O=C1c2ccc(N3CCNCC3)cc2C(=O)N1CCCNc1ccnc2ccccc12,3
O=C(OCCN1CCCCC1)c1c[nH]c2ccccc12,3
O=C1C=CC2C(c3ccccc3)C(c3cccc(=O)o3)C2(C=Cc2ccccc2)O1,3
c1cc2cc3c(cc2o1)C1CCCCC1CC3,3
O=c1ccn(C=Cc2cccnc2)c2ccccc12,3
O=C(CNC(=O)C1=CNC2C=CC=CC2C1=O)OC(c1cccc2ccccc12)C1CC2CCC1CC2,3
O=C1CC2OCCC2N1,3
c1ccc(CNCC2CCC3(CC2)OOC2(CCCCC2)OO3)cc1,3
c1ccc2ncc(CNCc3ccncc3)cc2c1,3
c1ccc2c(c1)[nH]c1c[n+](CCCCCCCCCC[n+]3ccc4c(c3)[nH]c3ccccc34)ccc12,3
N=C1NC(CCCCCCCCCOC(=O)C2CN=C3NCCC4CCC2N34)C=C2CCCN12,3
c1ccc(Nc2nc(Nc3ccc(Nc4ccnc5ccccc45)cc3)nc(NC3CCCCC3)n2)cc1,3
c1cc(C2=NCCN2)cc(-c2cc3cc(C4=NCCN4)ccc3o2)c1,3
c1ccc2c(c1)[nH]c1c[n+](CCCCCCCC[n+]3ccc4c(c3)[nH]c3ccccc34)ccc12,3
O=C(CN1C(=O)c2ccccc2C1=O)NC(CCN1CCN(Cc2ccccc2)CC1)Cc1ccccc1,3
O=C(Nc1cccnc1)Nc1ccc2[nH]ccc2c1,3
O=C(NCCN1CCCCC1)c1c2ccccc2nc2c1[nH]c1ccccc12,3
c1ccc2c(-c3nccc4c3[nH]c3ccccc34)c[nH]c2c1,3
O=C(NCCCN1CCCCOC(=O)CC(OC2CCCCO2)CC(OC2CCCCO2)CCCC1)NCCc1cccs1,3
c1ccc(C(c2ccc(CN3CCCC3)cc2)(c2ccoc2)n2ccnc2)cc1,3
c1ccc(-c2cn3c([n+]2-c2ccccc2)CCC3)cc1,3
O=C(Cc1ccccc1)N1CCc2nc(N3CCCCC3)nc(Oc3ccccc3)c2C1,3
O=C(Nc1cc(C2CC2)nn1-c1nccc(=O)[nH]1)C1CCCCC1,3
c1ccc(Oc2cccc(Oc3ccccc3)c2)cc1,3
O=C(NCc1ccc2c(c1)OCO2)c1nn(-c2ccccc2)c(=O)n(Cc2ccccc2)c1=O,3
c1ccc2c(-c3c4c(cc5ccccc35)COCC4)c3c(cc2c1)COCC3,3
O=C1CNC(=O)C2CCCCN2C(=O)CNC(=O)C(Cc2c[nH]c3ccccc23)N1,3
O=C(Nc1ccccn1)c1ccc(-n2cc(-c3ccccc3)cn2)cc1,3
O=S(=O)(Nc1ccc2ccccc2c1)c1ccc(Nc2ccnc3ncnn23)cc1,3
S=C(NCCCNCCCCCNCCCNC(=S)NCC(c1ccccc1)c1ccccc1)NCC(c1ccccc1)c1ccccc1,3
O=c1c(-c2nc(-c3ccccc3)no2)c[nH]c2cc(N3CCCCC3)ccc12,3
O=C(CN(CCCNc1ccnc2ccccc12)C(=O)c1ccccc1)NC1CCCCC1,3
O=C(NCc1ccccc1)C1Cn2nc(-c3ccccc3)cc2C(=O)N1Cc1ccc2c(c1)OCO2,3
c1ccc(CNCc2ccc3c(c2)CCCO3)cc1,3
O=C1c2ccccc2C(c2ccc(NC(=O)c3cccc4ccccc34)cc2)(c2ccc(NC(=O)c3cccc4ccccc34)cc2)c2ccccc21,3
O=C1NCCCOc2cccc(c2)C2c3ccc(cc3CCN2C(=O)CCN2CCOCC2)Oc2cccc1c2,3
c1ccc(-c2ccncn2)cc1,3
O=C(Nc1cccc(-c2nc3cccnc3[nH]2)c1)c1ccccc1,3
c1ccc2c(NCCCCCNCC34CC5CC(CC(C5)C3)C4)ccnc2c1,3
O=C(NCc1cccc(-c2cccnc2)c1)NC1CCN(C2CCCCC2)C1,3
C=C1CCC2C(CCC3c4ccccc4NC32)C1,3
c1ccc2c(NCCN(CCC34CC5CC(CC(C5)C3)C4)CCC34CC5CC(CC(C5)C3)C4)ccnc2c1,3
c1ccc2c(NCCCN(CCC34CC5CC(CC(C5)C3)C4)CCC34CC5CC(CC(C5)C3)C4)ccnc2c1,3
c1ccc2c(NCCCCC3CCC4C3CCC3C5CCCCC5CCC43)ccnc2c1,3
O=c1cc(-c2ccccn2)n(Cc2ccccc2)c(-c2ccccn2)c1,3
O=C(NC1CCN(c2ccccc2C(=O)N2CCNCC2)CC1)c1ccccc1,3
O=C(CC12CC3CC(CC(C3)C1)C2)NCCCNc1ccnc2ccccc12,3
c1ccc(C(c2ccccc2)(c2ccc(CN3CCCC3)cc2)N2CCNCC2)cc1,3
O=C(CN1CCN(c2ccnc3ccccc23)CC1)Nc1nnc(COc2ccc3ccccc3c2)s1,3
c1ccc(CCNc2ccnc3ccccc23)cc1,3
O=C(CN(CCNc1ccnc2ccccc12)C(=O)c1ccncc1)NC1CCCCC1,3
O=C(NCc1ccccc1)N(CCN1CCCC1)C1CCCNC1,3
C1C2CC3CC1CC(C2)C31OOC2(CCC(Nc3nn[nH]n3)CC2)O1,3
c1ccc2c(c1)nc(NC1CCN(CCc3ccc(-c4ncno4)cc3)CC1)n2CC1CCCCC1,3
C1=CC23CCN(Cc4ccccc42)C3CC1,3
O=C(Cc1ccccc1)NCC12CC(CN1Cc1ccccc1)C2,3
O=C(NCCN1CCCCOC(=O)CC(OC2CCCCO2)CC(OC2CCCCO2)CCCC1)Nc1cccc2ccccc12,3
c1ccc2c(NCCNCCCC3OCCOO3)ccnc2c1,3
O=C(COc1ccccc1)Nc1ccc2c(c1)C=Nc1cccnc1O2,3
O=C(CC(NC(=O)c1ccccc1)c1ccccc1)OCCNc1ccnc2ccccc12,3
O=C(NCc1ccccc1)c1cc(C2CC2)nc2[nH]ncc12,3
C(=CC=C1Nc2ccccc2S1)C=Cc1[nH+]c2ccccc2s1.c1ccccc1,3
O=C(Nc1ccccn1)c1ccnn1Cc1ccccc1,3
c1ccc(-c2c[n+](-c3ccccc3)c3n2CCC3)cc1,3
c1nsc2nc(N3CCOCC3)c3c(c12)CCOC3,3
C1=CCC2CN(CCOc3ncccn3)CC2C1,3
c1cnc2c(-c3ccncn3)cccc2c1,3
O=C(NCCN1CCCCC1)c1ccc(Cn2c(=O)cnc3ccccc32)cc1,3
C(=Nc1ccnc2ccccc12)NCCCN1CCOCC1,3
O=C1CCC2C(CCC3C4CCC(CCCCNCCCCNc5ccnc6ccccc56)C4CCC23)C1,3
O=C(Nc1ccc(N2CCCN(C(=O)Nc3ccccc3)CC2)c(C(=O)NCc2ccccc2)c1)c1cccs1,3
O=C(NCCCN1CCCCOC(=O)CC(OC2CCCCO2)CC(OC2CCCCO2)CCCC1)Nc1cnoc1,3
O=C1CC(OC2CCCCO2)CC(OC2CCCCO2)CCCCN(CCCNC(=S)NCCCN2CCOCC2)CCCCO1,3
c1cc(Nc2ccnc3ccccc23)cc(C(c2nnnn2CCN2CCOCC2)N2CCCC2)c1,3
C(=Cc1cn(Cc2ccccc2)c2ccccc12)c1cc[nH+]cc1,3
O=C(Nc1ccnn1-c1nc2ccccc2o1)c1ccccn1,3
c1ccc(CCN2CCc3ncsc3C2)cc1,3
c1ccc(CNc2ncno2)cc1,3
C=C1C(=O)CC2CC=CCCC3OC3CCC12,3
O=C1c2cc3ccccc3cc2C2CCCC3COC1C32,3
O=C(NCCN1CCCCOC(=O)CC(OC2CCCCO2)CC(OC2CCCCO2)CCCC1)Nc1ccccc1,3
O=C1CC(OC2CCCCO2)CC(OC2CCCCO2)CCCCN(CCNC(=S)NCc2ccccc2)CCCCO1,3
c1ccc(C23CCN(C2)C(CNCc2ccc4ccccc4n2)C3)cc1,3
c1ccc(Nc2ccnc3ccccc23)c(Cc2nnn[nH]2)c1,3
O=C1CC(OC2CCCCO2)CC(OC2CCCCO2)CCCCN(CCCNC(=S)Nc2ccc(N=Nc3ccccc3)cc2)CCCCO1,3
O=C1CC(OC2CCCCO2)CC(OC2CCCCO2)CCCCN(CCCNC(=S)NC2CCCCC2OCc2ccccc2)CCCCO1,3
O=S(=O)(Nc1cccc2nc3ccccc3n12)c1ccccc1,3
c1ccc(CNC23CC4CC(CC(C4)C2)C3)cc1,3
O=C(NCCCN1CCN(CCCNc2ccnc3ccccc23)CC1)c1ccnc2ccccc12,3
O=C(NC1CCCCN(Cc2ccccn2)C1)c1ccc(OCc2ccccc2)cc1,3
C1=CC2c3ccccc3C1c1ccccc12,3
c1ccc2c[n+](Cc3ccc4ccccc4n3)ccc2c1,3
O=C(Nc1ccnc(=O)[nH]1)c1ncoc1-c1ccccc1,3
O=C(NCc1ccccc1)c1ccc(N2C(=O)C3Cc4c([nH]c5ccccc45)C(c4ccccc4)N3C2=O)cc1,3
O=C(OCc1ccccc1)C12CC3CCC1C3CN2S(=O)(=O)c1ccc2c(c1)OCCO2,3
O=S(=O)(c1cccs1)N1CCC(N2CCc3sccc3C2)CC1,3
O=C(CN1C=C(c2ccccc2)N2CCCCC=C12)c1ccccc1,3
c1ccc(CCCNCc2ccc3c(c2)CCCO3)cc1,3
C(#CC[NH+]1CCCCC1)Cc1ccccc1,3
O=C(Nc1cc2ccccn2c1)Nc1cc2ccccn2c1,3
O=c1cc(-c2ccccc2)nc(-n2ccc(C3CC3)n2)[nH]1,3
c1ccc2[nH]c(Cn3cc(-c4ncc[nH]4)nn3)cc2c1,3
c1ccc(Oc2cnc3ccccc3n2)cc1,3
c1ccc2[o+]c3cc(N4CCSCC4)ccc3nc2c1,3
O=C(OC1CC2CC(=O)C3CCC2(C3)C2CCCCC12)c1ccccc1,3
C1=C(c2ccccc2)CC2(c3ccccc3)OOC3(CCC(NCCCCNc4cccc5cccnc45)CC3)OC12,3
O=C1C=C(NCCc2ccccc2)C(=O)c2cc3c(cc21)CCCC3,3
C1=C(c2ccccc2)CC2(c3ccccc3)OOC3(CCC(NCCNc4cccc5cccnc45)CC3)OC12,3
c1ccc2c(c1)CC1C3Nc4ccccc4C3CCN1C2,3
c1ccc(C[n+]2ccc(-c3nc4ccccc4o3)cc2)cc1,3
c1cc(-c2nccc(Nc3ccc(N4CCOCC4)nc3)n2)ccn1,3
c1ccc(-c2nccc(NC3CCNCC3)n2)nc1,3
O=C1CC(OC2CCCCO2)CC(OC2CCCCO2)CCCCN(CCCNC(=S)NC(c2ccccc2)c2ccccc2)CCCCO1,3
O=C1CC(OC2CCCCO2)CC(OC2CCCCO2)CCCCN(CCCNC(=S)Nc2cccc3nsnc23)CCCCO1,3
c1ccc(-c2nc(CNc3ncccn3)[nH]c2-c2ccccn2)cc1,3
O=C(Cn1c[n+](CC(=O)c2ccccc2)c2ccccc21)c1ccccc1,3
O=c1ccc1=O,3
c1ccc(N2CCCC(NC3CCN(Cc4ccco4)CC3)C2)nc1,3
c1ccc(N=C2NCCN2)cc1,3
O=C(c1ccnc(Nc2nc3cnc(-c4ccccc4)cc3[nH]2)c1)N1CCNCC1,3
c1ccc2[o+]c3cc(N4CCOCC4)ccc3nc2c1,3
O=C(CC12CC3CC(CC(C3)C1)C2)NCCCCCNc1ccnc2ccccc12,3
O=C(CCCCC(=O)Nc1cccc2c(CC3CC4CCC3CC4)ccnc12)Nc1cccc2c(CC3CC4CCC3CC4)ccnc12,3
O=C(CN1CCCC1)OC1CC2CC(c3ccccc3)C1C(c1ccccc1)C2,3
c1ccc(-c2cncc(-c3ccccn3)n2)nc1,3
c1ccc(Nc2nc(NCCCN3CCOCC3)nc(Nc3ccc(Nc4ccnc5ccccc45)cc3)n2)cc1,3
c1ccc(-c2ccc3nccc(-c4cccnc4)c3n2)cc1,3
O=C(COc1ccccc1)Nc1ccnn1-c1nc2c(cnn2-c2ccccc2)c(=O)[nH]1,3
C1=C(c2ccccc2)C2CCN1CC2,3
c1ccc2c(c1)c1ccccc1n2CCCN1CCN(CC2CCCCC2)CC1,3
c1ccc2c(c1)CC1NCCc3cc4c(c-2c31)OCO4,3
O=C(Cn1cc(Cn2cc(CCCC(=O)NC34CC5CC(CC(C5)C3)C4)c3ccccc32)nn1)Nc1ccccc1,3
O=S(=O)(c1cccc(-c2ccn3ncc(-c4ccccc4)c3c2)c1)C1CC1,3
O=C(NCCN1CCCCOC(=O)CCCC(OC2CCCCO2)CCCC1)Nc1ccc2ccccc2c1,3
O=c1ccn(S(=O)(=O)c2ccccc2)c(=O)[nH]1,3
c1ccc(CNc2cccc3cccnc23)cc1,3
O=C(CC12CC3CC(CC(C3)C1)C2)NCCNc1ccnc2ccccc12,3
c1cc(NCCN2CCCC2)c2ccc3c(ccc4c(NCCN5CCCC5)ccnc43)c2n1,3
c1cc2c(NC3CCNCC3)nc(C3CCCCC3)nc2cc1OCCCN1CCCC1,3
O=c1cc2cc3c(cc2c(-c2ccccc2)[nH]1)OCO3,3
C=C1Nc2ccccc2S1,3
c1ccc2c(NCCCNCc3ccc(-c4ccncc4)s3)ccnc2c1,3
O=C1NC(=O)C(c2ccccc2)=C1Nc1ccccc1,3
O=C1CC(OC2CCCCO2)CC(OC2CCCCO2)CCCCN(CCCNC(=S)NC2CCCCCCCCCCC2)CCCCO1,3
c1ccc(Oc2ccc(Oc3ccccc3)cc2)cc1,3
c1cncc(-c2ccc(CNCCNc3ccnc4ccccc34)s2)c1,3
O=C1CC(OC2CCCCO2)CC(OC2CCCCO2)CCCCN(CCCNC(=S)NCc2ccc3c(c2)OCO3)CCCCO1,3
c1ccc(-c2ccccc2-c2ccc(CNCC3CCNCC3)o2)cc1,3
c1ccc(CCN2CCC(Nc3ccccc3)CC2)cc1,3
c1ccc(-c2cn(C3CC4CCCC5CCC6OOC54C(O6)O3)nn2)cc1,3
O=C(Nc1nccs1)C1=Cc2ccccc2S(=O)(=O)N1,3
c1cc(NCCCN2CCCC2)c2ccc3c(ccc4c(NCCCN5CCCC5)ccnc43)c2n1,3
O=C(c1nn[nH]n1)N1CCCCC12CCCCCC2,3
c1cc(NCCCN2CCCCC2)c2ccc3c(ccc4c(NCCCN5CCCCC5)ccnc43)c2n1,3
O=C1NC(=Nc2ccccc2)SC1=Cc1ccn(-c2ccccn2)c1,3
O=C(NCCc1ccccc1)NCCN1CCCCOC(=O)CC(OC2CCCCO2)CC(OC2CCCCO2)CCCC1,3
O=C1C=C(CCCCCCCCCC[P+](Cc2ccccc2)(Cc2ccccc2)Cc2ccccc2)C(=O)c2ccccc21,3
c1ccc(-c2ccc3ccccc3n2)cc1,3
O=C1CCCC(OC2CCCCO2)CCCCN(CCNC(=S)NCCCc2ccccc2)CCCCO1,3
O=C1CCCC(OC2CCCCO2)CCCCN(CCCNC(=S)NCc2ccccc2)CCCCO1,3
O=C(CCC(=O)OCCCCC1CCC2C3=C(CCC12)C1CCC(=O)CC1CC3)CCC1CCC2C3=C(C(=O)CC12)C1CCCCC1CC3=O,3
O=C(NCCCN1CCCCOC(=O)CC(OC2CCCCO2)CC(OC2CCCCO2)CCCC1)Nc1ccc2c(c1)OCCCO2,3
O=C1CC(OC2CCCCO2)CC(OC2CCCCO2)CCCCN(CCCNC(=S)Nc2cccc(-c3ccccc3)c2)CCCCO1,3
O=C(CCCCCCC(=O)Nc1cccc2cccnc12)Nc1cccc2cccnc12,3
O=C(CCCCC(=O)Nc1cccc2cccnc12)Nc1cccc2cccnc12,3
O=C(Nc1ccc(S(=O)(=O)c2ccccc2)cc1)c1ccccc1,3
O=S(=O)(c1ccc2ccccc2c1)c1ccc2ncncc2c1,3
O=C(C[n+]1c[nH]c2ccccc21)c1ccc(-c2ccccc2)cc1,3
O=C(NC(CN1CCCC1)c1ccccc1)N1CCC(c2ccn[nH]2)CC1,3
O=C1CC2CCCC3CCC4OOC32C(O4)N1S(=O)(=O)c1cccs1,3
c1ccc(N=c2cc3oc4ccccc4nc-3c3ccccc23)nc1,3
C1=C(CN2CCCCC2Cc2ccnc3ccccc23)C2CCCC3CCC4OOC32C(O1)O4,3
O=C1c2ccccc2-c2c1c(NCCN1CCOCC1)nc1ccccc21,3
O=S(=O)(Nc1c[nH+]c2ccccc2[nH+]1)c1ccccc1,3
c1ccc(CC(CN2CCOCC2)Nc2ccnc3ccccc23)cc1,3
C=C1CC2C=CCCCCCCC(=O)C23C(=O)NC(Cc2c[nH]c4ccccc24)C3C1,3
N=C1c2ccccc2-c2c1c(NCCN1CCOCC1)nc1ccccc21,3
c1ccc(-c2cc(-c3ccccc3)[n+]3ccccc3n2)cc1,3
c1ccc2c(NCCOC3CCC4C(CCC5C6CCCC6CCC45)C3)ccnc2c1,3
c1ccc(-c2noc(-c3ccc(NC4CCCCC4)nn3)n2)cc1,3
O=C(NCCCCNc1ccnc2ccccc12)C(=O)c1ccccc1,3
O=S(=O)(c1ccccc1)n1c2c(c3ccccc31)CNCCC2,3
O=c1cc2[nH]n(-c3nc4ccccc4s3)c(=O)c2cn1CCCN1CCOCC1,3
O=c1ccc2cc(Oc3ccccc3)ccc2o1,3
C1=CC2Cc3nc4ccccc4c(NCCCCCCCNc4c5c(nc6ccccc46)CCCC5)c3C(C1)C2,3
C(=Cc1[nH+]c2ccccc2s1)N=c1[nH]c2ccccc2s1,3
c1cnc2cc(NC3=NCCN3)ccc2n1,3
C1CC2CCOC3OC4CCC(C1)C23O4,3
O=C(NCCc1ccccc1)N1CCCCCC1CN1CCCCC1,3
c1ccc(CC(CN2CCCCC2)Nc2ccnc3ccccc23)cc1,3
c1ccc(C(=NCCCN2CCCCC2)Nc2c3ccccc3nc3cccnc23)cc1,3
c1ccc2c(NCCNCCCCC3CCC4C3CCC3C5CCC(NCCNc6ccnc7ccccc67)CC5CCC43)ccnc2c1,3
C(=Nc1ccnc2ccccc12)c1cccnc1,3
N=C(Nc1c2ccccc2nc2cccnc12)c1cccnc1,3
c1ccc(Nc2ccncc2)cc1,3
O=C(OC1CC2CCC(C1)N2)c1ccccc1,3
c1cncc(CNC2CCN(c3ccc(-c4cn5ccccc5n4)cc3)CC2)c1,3
O=c1cn[nH]c2cc3c(cc12)OCO3,3
O=C1CSC(=NN=Cc2cn(-c3ccccc3)nc2-c2ccccc2)N1c1ccccc1,3
c1ccc(CCOCC2CC2)cc1,3
O=C(NCCCNCCCCCNCCCNC(=O)NC(c1ccccc1)c1ccccc1)NC(c1ccccc1)c1ccccc1,3
c1ccc(OCCN2CCN(c3ccnc4ccccc34)CC2)cc1,3
c1ccc(-c2ccc(CNCCCNc3ccnc4ccccc34)o2)cc1,3
c1cncc(-c2ccc(CNCCCNc3ccnc4ccccc34)s2)c1,3
O=c1[nH]c(=O)c2[nH]c(-c3ccccc3)nc2[nH]1,3
c1cc(NCCN2CCOCC2)c2ccc3c(ccc4c(NCCN5CCOCC5)ccnc43)c2n1,3
O=C(CCCCC(=O)Nc1ccc2ncccc2c1)Nc1ccc2ncccc2c1,3
O=C(NC(Cn1nccn1)c1ccccc1)c1ccccc1,3
c1ccc(-c2ccc(-c3ccco3)cc2)cc1,3
c1ccc(-c2cnn3c(Nc4ccncc4)ccnc23)cc1,3
O=C(Nc1ccon1)c1ccc(S(=O)(=O)NCc2ccccc2)cc1,3
c1ccc2c(c1)[nH]c1c[nH+]ccc12.c1ccccc1,3
O=C(NCC1CCC(c2ncncc2-c2ccncc2)CC1)c1cccnc1,3
O=S(=O)(Nc1cc2nc3ccccc3nc2n1CCc1ccccc1)c1ccccc1,3
c1ccc(-c2nc(C[N+]3(Cc4coc(-c5ccccc5)n4)CCCC3)co2)cc1,3
c1ccc(CNc2ncncc2Cn2ccnn2)cc1,3
O=C1Nc2ccccc2C12NN=C(c1ccccc1)S2,3
c1ccc(OCCCNC2CCCCC2)c(CN2CCC(c3ccncc3)CC2)c1,3
O=C1OCCC=CCCCCC2OC2c2ccccc21,3
c1ccc2c(NCCNCc3ccncc3)ccnc2c1,3
O=C(CNCc1ccccc1)Nc1ccccc1,3
O=C(Nc1ccccc1)OCc1cccc2cccnc12,3
O=C1CC2CCCC3CCC4OOC32C(O4)N1S(=O)(=O)c1ccccc1,3
O=C1CC2(CCNCC2)Oc2ccccc21,3
O=C(CCN1CCN(C2CC3CCCC4CCC5OOC43C(O5)O2)CC1)OC1CCC2C(=CCC3C4CCCC4CCC23)C1,3
O=C1C(N(Cc2cn(-c3ccnc4ccccc34)nn2)Cc2cn(-c3ccnc4ccccc34)nn2)C(C=Cc2ccccc2)N1c1ccccc1,3
O=C1CCCN1,3
O=C(Nc1ccc(OC(=O)c2ccccc2)cc1)c1ccccc1,3
O=C(Nc1cccc(OC(=O)c2ccccc2)c1)c1ccccc1,3
c1ccc(NCc2ccco2)cc1,3
O=C(NCCCN1CCCCOC(=O)CC(OC2CCCCO2)CC(OC2CCCCO2)CCCC1)Nc1ccoc1,3
N=C(Nc1ccnc2ccccc12)c1cccnc1,3
O=C(CS(=O)(=O)c1ccccc1)Nc1nc(-c2ccccc2)cs1,3
O=C(NC1CC1)c1cccc(Nc2c(Oc3ccccc3)cnn(-c3ccccc3)c2=O)c1,3
O=C(NC1CCN(c2ccnc3ccccc23)C1)c1ccccc1,3
c1ccc(Cn2nc(-c3ccco3)c3ccccc32)cc1,3
O=C(CCc1c[nH]c2ccccc12)NCCCNc1ccnc2ccccc12,3
O=C1CC(c2cccnc2)c2cnn(-c3nc4ccccc4[nH]3)c2N1,3
c1ccc2nc(N3CCCC3)c(CNC3CCOCC3)cc2c1,3
c1ccc2c(c1)CC1c3ccccc3CCN1C2,3
c1ccc(Nc2ccc(CN3CCN(C4CCNC4)CC3)cc2)cc1,3
c1ccc(CCNc2nc(-c3ccccc3)c3cn(-c4ccccc4)nc3n2)cc1,3
S=C(NCCCNCCCCCNCCCNC(=S)NCc1ccccc1)NCc1ccccc1,3
O=C(C=Cc1cccc(CN2CCCCC2)c1)c1ccccc1,3
C(=Nc1ccccc1)c1cccc(CN2CCOCC2)c1,3
O=C(NCCCNC(=O)c1ccccc1)c1ccccc1,3
O=C(Nc1ccccc1)c1cc(-c2ccccc2)n[nH]1,3
O=C(NCCCN1CCCCOC(=O)CC(OC2CCCCO2)CC(OC2CCCCO2)CCCC1)NC1CCN(C(=O)OCc2ccccc2)CC1,3
O=C(NCCCN1CCCCOC(=O)CC(OC2CCCCO2)CC(OC2CCCCO2)CCCC1)Nc1ccc2c(c1)OCO2,3
O=C(COc1ccc2ccccc2c1)Nc1cc(C2CC2)nn1-c1nccc(=O)[nH]1,3
O=C1C=CC2CCC3C4CCC(OC5OCCCC5OC5CCCCO5)CC4CCC3C12,3
O=C(CNC(=O)N1CCOCC1)NCCCc1ccccc1,3
c1ccc(Nc2cc3[nH]c(C4CCC4)nc3cn2)nc1,3
O=S(=O)(NC(c1ccccc1)c1ccccc1)c1c[nH]c2ncccc12,3
O=C1CC(=O)C2=C(C1)Oc1c(ccc3c1C1C4=C(CC(=O)CC4=O)OC1O3)C2,3
c1ccc(-c2ccc3nccc(N4CCNCC4)c3n2)cc1,3
O=C(NCCCN1CCCCOC(=O)CC(OC2CCCCO2)CC(OC2CCCCO2)CCCC1)NC1CCCCC1,3
O=C1CC(OC2CCCCO2)CC(OC2CCCCO2)CCCCN(CCCNC(=S)NC2CC2)CCCCO1,3
C(=Cc1[nH+]c2ccccc2s1)NN=c1[nH]c2ccccc2s1,3
c1ccc(Sc2nnc(-c3ccncc3)o2)nc1,3
O=C(Nc1ccnc(=O)[nH]1)c1cccc2ccccc12,3
C=C1CN2C(C3C(=O)N4c5ccccc5C56CCN7CC8=CCOC3C(C8CC75)C46)CC34c5ccccc5N5C(=O)CC=C(C1CC23)C54,3
O=C(CC1CCCCO1)CC1C(=O)N(Cc2ccccc2)c2ccccc21,3
O=C(CCc1ccccc1)N1CCC(N2CCc3ccccc3C2)C1,3
O=C(NCCCCCNc1ccnc2ccccc12)C12CC3CC(CC(C3)C1)C2,3
O=C(Nc1ccnn1-c1nc2c(c(=O)[nH]1)CCC2)c1cccc2ccccc12,3
O=S(=O)(c1ccccc1)N1CCC(c2ccon2)CC1,3
O=C(C[n+]1cc(-c2ccccc2)n2c1CCCC2)c1ccccc1,3
O=C(Nc1cccc2cccnc12)c1cc(-c2ccccc2)n[nH]1,3
O=C1CC(OC2CCCCO2)CC(OC2CCCCO2)CCCCN(CCCNC(=S)NCC23CC4CC(CC(C4)C2)C3)CCCCO1,3
c1ccc(-c2n[nH]c3c2cnc2ccccc23)cc1,3
O=C(NCc1ccccc1)C1CCN(c2cncnc2N2CCCC2)CC1,3
c1ccc2c(c1)[nH]c1c[n+](CCOCC[n+]3ccc4c(c3)[nH]c3ccccc34)ccc12,3
O=c1occ(-c2ccccc2)c2ccccc12,3
C=C1C(=O)CC2C3=C1C14OC(=O)C=C1CC1CC5CC5C1C4CC3C1CC21,3
O=C(CNc1ccccc1N1CCOCC1)N1CCCCC1,3
c1ccc(-c2cc3ncnc(NC4CCOCC4)c3s2)cc1,3
c1ccc(COC2CC3C4CCC5(CCOC5C3C2)OO4)cc1,3
O=C(c1cc(-c2ccccc2)n[nH]1)N1CCN(S(=O)(=O)c2ccccc2)CC1,3
O=C(NCCCOC(=O)c1ccccc1)c1ccccc1,3
O=C(NCCN1CCCCOC(=O)CC(OC2CCCCO2)CC(OC2CCCCO2)CCCC1)NCc1cccc2ccccc12,3
O=C1C=CCC(CC2CCC3C4=CCCCC4=CCC23)O1,3
C1CC2(CCC1CNc1nnn[nH]1)OOC1(O2)C2CC3CC(C2)CC1C3,3
S=C1SCNCN1CCCN1CNCSC1=S,3
O=C1c2ccc(N3CCNCC3)cc2C(=O)N1CCCCCCNc1ccnc2ccccc12,3
O=C1NC(=O)c2cc(NCc3cn(C4CCCCO4)nn3)c3c4c(ccc1c24)C(=O)NC3=O,3
C=C1CN2CCC34c5ccccc5N5C(C6C7CC8N(CCC89c8ccccc8NC69)CC7=C)OC=C(C1CC23)C54,3
c1ccc(C2CC3CCCC4CCC5OOC43C(O5)O2)cc1,3
S=P1(Oc2ccccc2)NCCCO1,3
O=C(Nc1cc(-c2ccccc2)no1)c1cc(-c2cccnc2)nc2ccccc12,3
O=C(NCCN1CCCCOC(=O)CC(OC2CCCCO2)CC(OC2CCCCO2)CCCC1)NCc1ccccc1,3
c1ccc2c(c1)[nH]c1c[n+](CCCCCCCCCCCC[n+]3ccc4c(c3)[nH]c3ccccc34)ccc12,3
O=C(Nc1ccccc1)c1nc[nH]c1C(=O)Nc1nc2ccccc2[nH]1,3
c1ccc2c(c1)[nH]c1c[n+](CCCCCC[n+]3ccc4c(c3)[nH]c3ccccc34)ccc12,3
O=C(CN1CCCC(c2ccn[nH]2)C1)Nc1nccs1,3
O=C(NCCCn1ccnc1)c1ccc2cncc(-c3ccccc3)c2n1,3
c1ccc2c(NC3CCNCC3)nc(N3CCNCC3)nc2c1,3
O=C1C=CC2C(CCC3C4CCCC4CCC23)N1,3
c1ccc(CCCCNCc2ccc3c(c2)CCCO3)cc1,3
c1ccc2c(c1)CCCN2CCCNC1CCN(c2ccncn2)CC1,3
O=C1C2CCCC(CCN1Cc1ccccn1)N2S(=O)(=O)c1ccccc1,3
c1cncc(-c2cncc(N3CCN(c4ccncc4)CC3)n2)c1,3
c1ccc(CCCc2ccc(CN3CCNCC3)cc2)cc1,3
c1ccc2nc(OC3CCNC3)ccc2c1,3
O=C(CNC(=O)CNC(=O)CNC(=O)CNC(=O)C1CCCN1C(=O)C(Cc1ccccc1)NC(=O)CCc1ccccc1)NC=Cc1c[nH]c2ccccc12,3
O=C(CNc1ccccc1)Nc1ccccc1N1CCOCC1,3
O=C(CN1CCc2[nH]c3ccccc3c(=O)c2C1)NCc1ccccc1,3
c1ccc(-c2c3cccnn3c3nccc[n+]23)cc1,3
O=C1C(=O)N(CCNCCNc2ccnc3ccccc23)c2ccccc21,3
O=C(NCCN1CCCCC1)c1ccc(-c2ccc3c(=O)[nH]ccc3c2)cc1,3
c1ccc(C2CCC(NC3CCNCC3)CC2)cc1,3
O=C1C(=O)N(Cc2cn(OC3CCCCO3)nn2)c2ccccc21,3
O=C(CN(Cc1ccccc1)C(=O)c1ccccc1)NC12CC3CC(CC(C3)C1)C2,3
c1cc[n+](Cc2ccc3ccccc3n2)cc1,3
O=C1C=C(OCc2ccccc2)C(Cc2ccccc2)N1CCCNc1ccnc2ccccc12,3
O=C1C=C(NCCn2cc(-c3ccccc3)nn2)C(=O)c2ccccc21,3
O=C(Nc1ccc(N2CCNCC2)cc1)c1ccn2ncc(-c3ccccc3)c2n1,3
O=C(NN=Cc1ccccn1)c1c[nH]c2ccccc2c1=O,3
c1ccc(N2CCC(NCc3ccc4nc[nH]c4c3)CC2)cc1,3
O=C(CN1C(=O)c2ccccc2C1=O)NCCCCCCNc1ccnc2ccccc12,3
O=C(OCCCCOC(=O)c1ccccc1)c1ccccc1,3
c1ccc2c(c1)CC(Nc1ccncn1)CO2,3
O=C(NCCN1CCc2ccccc2C1)c1cccc(-c2cn[nH]c2)c1,3
C=C1CC23CCC4CCCCC4C2CCC1C3,3
C1=C(c2c[nH]c3ccccc23)C2CCCC3CCCCC32CC1,3
O=C(OCC1CCCC1Nc1ccccc1)c1ccccc1,3
O=C(COc1ccc2c(c1)C(c1ccccc1)N(Cc1ccccc1)CC2)NC1CC1,3
O=C(c1ccccc1)N1CCN(CCCn2c3ccccc3c3ccccc32)CC1,3
O=C(Nc1ccccc1)c1ccc(-c2cc3ccncc3cc2OC2CCNCC2)s1,3
C1=CC2OC3(CCC(NCCCCNc4cccc5cccnc45)CC3)OOC2CC1,3
c1cnc(NCCCc2nc(-c3ccncc3)cs2)nc1,3
c1cc[n+]2c(c1)CCCCC2,3
c1cncc(Cn2c(NC3CCN(CCc4ccc(-c5ncno5)cc4)CC3)nc3ccccc32)c1,3
O=C(NCCNc1ncccn1)Nc1ccccc1,3
c1ccc(N2CCC(N3CCCC3)CC2)cc1,3
c1ccc(C[N+]2(CC3COCO3)CCCCC2)cc1,3
O=C(NCC1CCOCC1)c1ccc(-c2ccc3ncccc3c2)cc1,3
O=C1CCC2C(CCC3C2CCC2C4CCCC4CCC23)C1,3
O=S(=O)(c1ccccc1)N1CCc2nocc2C1,3
C=C1CCC2CCCCC2C1CCC1=CCOC1=O,3
c1cncc(C2OCCC2c2nc(C3CCCCC3)no2)c1,3
O=C1C(=O)c2ccccc2C2=C1CCO2,3
O=C1CC(OC2CCCCO2)CC(OC2CCCCO2)CCCCN(CCCNC(=S)Nc2ccsc2)CCCCO1,3
c1ccc(C2CC3(N4CCNCC4)CCC2C(c2ccccc2)C3)cc1,3
c1ccc(N2CCNCC2)nc1,3
c1ccc2c(C3CCNCC3)c[nH]c2c1,3
c1ccc(-c2cn(CCCc3cn(Cc4cncnc4)nn3)nn2)cc1,3
c1ccc2c(c1)CC(N1CCN(c3cccc4c3OCCO4)CC1)C2,3
O=C(NCCCN1CCCCOC(=O)CC(OC2CCCCO2)CC(OC2CCCCO2)CCCC1)Nc1ccc(OCc2ccccc2)cc1,3
c1ccc(-c2ccc(N=c3ccn(CCN4CCCC4)c4ccccc34)cc2)cc1,3
c1ccc2c3c([nH]c2c1)C(Cc1cc[n+]2c(c1)-c1[nH]c4c(C5CCCN5)cccc4c1CC2)NCC3,3
c1ccc(NCc2ccc3ncncc3c2)cc1,3
O=c1cc(-c2ccccc2)oc2cc(OC3CCCCO3)ccc12,3
O=S(=O)(c1ccccc1)N1CCc2nc(N3CCCCC3)nc(Oc3ccccc3)c2C1,3
c1ccc(CNc2nc(NC3CCNCC3)c3ccccc3n2)cc1,3
c1ccc2c(Nc3nnc[nH]3)ccnc2c1,3
c1ccc2cc(-n3cnc4ccccc43)ccc2c1,3
c1ccc(-c2cc3ncnc(N4CCCNCC4)c3s2)cc1,3
c1cncc(OCCCNCc2cccc(OCCCNC3CCCCC3)c2)c1,3
O=C(c1ccccc1)C1CC1c1ccccc1,3
O=C(Nc1ccc2nc(N3CCCCC3)ccc2c1)c1ccccc1,3
O=C(CCCCCCCCC(=O)Nc1ccc2ncccc2c1)Nc1ccc2ncccc2c1,3
C1=NN(c2ccccc2)C2C3N(C=NN3c3ccccc3)c3[nH]c(-c4ccccc4)cc3N12,3
O=C(NCCNc1ccnc2ccncc12)c1ccccc1,3
c1ccc(-c2ccc(CNCCNc3ccnc4ccccc34)o2)cc1,3
c1ccc2c(c1)CC1=[N+](CCc3cc4c(cc31)OCO4)C2,3
O=C1c2ccccc2CC2c3ccccc3CCN12,3
O=C1C=C(CCc2nnn[nH]2)C(=O)c2ccccc21,3
O=C(Nc1ccccc1)c1ccc(-c2ccccc2)oc1=O,3
O=C(NCC12CC(CN1Cc1ccccc1)C2)c1cccs1,3
O=C(Nc1ccc2ncccc2c1)C(=O)Nc1ccc2ncccc2c1,3
O=C(n1ccnc1)C12CCCCC1C1=CCC3C4CCCCC4CCC3C1CC2,3
O=S(=O)(c1ccccc1)c1nc[nH]n1,3
c1ccc2c(NCCN3CCOCC3)nc(NCCN3CCOCC3)nc2c1,3
c1ccc(-c2cnnc(NCc3cn[nH]c3)n2)cc1,3
N=c1sc(-c2ccccc2)nn1CCCCCCCCCCCCn1nc(-c2ccccc2)sc1=N,3
c1ccc(C2CNCCN2CCNC2CCN3CCCC3C2)cc1,3
c1ccc(C(=NCCCN2CCCCC2)N(CCCN2CCCCC2)c2ccnc3ccccc23)cc1,3
O=C(NCc1ccccc1)c1ccc(Oc2nccnc2N2CCCCC2)cc1,3
S=C(NCCCNc1ccnc2ccccc12)N1CCN(c2ccccc2)CC1,3
c1cc2ccc(-c3ccc4nccn4c3)cc2cn1,3
O=S(=O)(c1ccc(-c2ccc3c(Nc4ccc5nn[nH]c5c4)ccnc3c2)cc1)N1CCNCC1,3
O=C(Nc1cnc(-n2ccnc2)nc1)c1ccccc1,3
O=C(Nc1ccccc1)Nc1ccnc2ccccc12,3
O=C(COc1cccc(S(=O)(=O)N2CCCC2)c1)NC1CCCCC1,3
c1ccc(C2=NNCCc3cc4c(cc32)OCO4)cc1,3
O=C(Nc1ccc2ncsc2c1)c1ccccc1,3
c1cnc2sc3c(c2c1)CCCC3,3
O=C(CCC[NH+]1CCC(c2ccccc2)C1)c1ccc2c(c1)OCCO2,3
c1ccc(-c2cc(CNC3CCN(c4ccncn4)CC3)[nH]n2)cc1,3
c1ccc(CNc2cccc(-c3ncc[nH]3)c2)cc1,3
O=C(CNC(=O)c1cnn(-c2ccccc2)n1)Nc1ccccc1,3
O=C1CCCc2ncccc2C(=O)OCC2OC34CC(CCC3CCC2C4OC(=O)c2ccccc2)O1,3
c1ncc2sccc2n1,3
O=C(c1cccc(-c2ncon2)c1)N1CCNCC1,3
O=S(=O)(c1ccccc1)N1CCN(C(=S)NCc2ccco2)CC1,3
O=C1CC(OC2CCCCO2)CC(OC2CCCCO2)CCCCN(CCCNC(=S)NC(c2ccccc2)(c2ccccc2)c2ccccc2)CCCCO1,3
O=C(OCCOC(=O)c1ccccc1)c1ccccc1,3
O=C(c1cc(-c2ccco2)n[nH]1)N1CCC(N2CCC(Oc3ccccc3)CC2)CC1,3
O=C1CC(OC2CCCCO2)CC(OC2CCCCO2)CCCCN(CCCNC(=S)Nc2ccc(-n3cccn3)cc2)CCCCO1,3
c1ccc(CCNc2nc(-c3ccccn3)cs2)cc1,3
O=C(NC1CCN(CC2(c3ccccc3)CCCCC2)CC1)C1CC1,3
O=C1C=CCC(c2ccc(C3CC=CC(=O)C3)cc2)C1,3
O=c1occcc1Cc1cccoc1=O,3
C1=C(c2ccccc2)CCN(Cc2cccc3[nH]ccc23)C1,3
c1ccc(CC2CCNCC2)cc1,3
c1ccc(-c2cn3c(ccc4ccccc43)[nH+]2)cc1,3
O=C(CC1CC2CCCC3CCC4OOC32C(O1)O4)c1ccc(C(=O)CC2CC3CCCC4CCC5OOC43C(O2)O5)cc1,3
O=C(c1ccc(-c2nc(CN3CCCCC3)co2)cc1)N1CCN(c2ccccc2)CC1,3
O=C(NCCCc1ccccc1)C1CCCN1C(=O)OCc1ccccc1,3
O=C(Nc1ccccc1)N1CCC(N2CCc3sccc3C2)CC1,3
c1ccc(CNc2cccc3[nH]cnc23)cc1,3
O=C(NCCCN1CCCCOC(=O)CC(OC2CCCCO2)CC(OC2CCCCO2)CCCC1)Nc1cccc2nsnc12,3
O=C(NCCCN1CCCCOC(=O)CC(OC2CCCCO2)CC(OC2CCCCO2)CCCC1)Nc1cccc2c1OCOC2,3
O=C1CC(OC2CCCCO2)CC(OC2CCCCO2)CCCCN(CCCNC(=S)Nc2ccc(S(=O)(=O)N3CCCCC3)cc2)CCCCO1,3
O=C(OC1C=C2CCNC2C2c3cc4c(cc3C(=O)OC12)OCO4)c1ccccc1,3
O=C(C=Cc1ccccc1)OCc1cn(Cc2cc3c(cn2)[nH]c2ccccc23)nn1,3
O=C1CC(OC2CCCCO2)CC(OC2CCCCO2)CCCCN(CCCNC(=S)NCCN2CCOCC2)CCCCO1,3
O=C1CSC=C1Cc1ccccc1,3
O=C(C1CN(C(=O)Cn2ccc3ccccc32)c2ccccc2O1)N1CCCCC1,3
c1ccc(-c2cc3c(N4CCNCC4)nccc3[nH]2)cc1,3
c1ccc(-c2cn(CCc3cn(Cc4cncnc4)nn3)nn2)cc1,3
c1ccc(CCN2CCC3(CC2)NCCc2c3[nH]c3ccccc23)cc1,3
O=C(Cc1cccc2ccccc12)NCC(=O)Nc1ccccc1,3
O=C(NCCCN1CCCCOC(=O)CC(OC2CCCCO2)CC(OC2CCCCO2)CCCC1)Nc1ccc2c(c1)CCC2,3
O=C1C(n2cc(-c3ccccc3)nn2)C(C=Cc2ccccc2)N1C1CCCCC1,3
O=C(Nc1cccc(-c2cn3cccnc3n2)c1)c1ccccc1,3
O=C(Nc1ccccc1)c1cc2c(-c3cncnc3)cccc2[nH]1,3
O=C1OCCCCCCCC2CCCC=C2Cc2cccc1c2,3
c1ccc(-c2nc3ccccc3nc2-c2ccccc2)cc1,3
C=C1CN2CCc3c([nH]c4ccccc34)C2CC1C1=CN2c3ccccc3C34CCN5CC6=CCOC1C(C6CC53)C24,3
c1ccc(-c2cnc(-c3cc[nH+]cc3)o2)cc1,3
c1cncc(-c2nc3cccnc3[nH]2)c1,3
c1ccc2c(NCCCNCc3ccncc3)ccnc2c1,3
O=C1CC(OC2CCCCO2)CC(OC2CCCCO2)CCCCN(CCCNC(=S)NCCN2CCCCC2)CCCCO1,3
O=C(Cc1ccccc1)N1CCC(n2cnc3ccccc32)CC1,3
O=C(NCCCN1CCCCOC(=O)CC(OC2CCCCO2)CC(OC2CCCCO2)CCCC1)NCC1CCCCC1,3
c1ccc2c(c1)c1ccccc1n2CCCNC1CCCCC1,3
O=C1CC(OC2CCCCO2)CC(OC2CCCCO2)CCCCN(CCCNC(=S)Nc2ccc3c(c2)OCO3)CCCCO1,3
O=C(NCCc1ncc[nH]1)c1cc(-c2ccccc2)cs1,3
O=C(CCCC1CCC2C1CCC1C3CCC4(CC3CCC21)OOC1(CCCCC1)OO4)N1CCCCC1,3
C1=CC2=CCN3CCc4ccccc4C23CC1,3
O=C1C(=Cc2ccn(-c3ccccc3)c2)SC(=Nc2ccccc2)N1C1CCCC1,3
O=C(c1cccc(-c2ccc3ncc(-c4ccccc4)n3n2)c1)N1CCCCC1,3
c1ccc(-c2ncccn2)nc1,3
O=C1CC(OC2CCCCO2)CC(OC2CCCCO2)CCCCN(CCCNC(=S)NCC2CC3CCC2C3)CCCCO1,3
O=C(CN(CCCNc1ccnc2ccccc12)C(=O)c1ccncc1)C1CCCCC1,3
O=C(NCC1CC1)c1cc2c(OCc3ccccc3)cccc2[nH]1,3
O=C(CN(CCCNc1ccnc2ccccc12)C(=O)c1cnccn1)C1CCCCC1,3
O=C(CN(CCNc1ccnc2ccccc12)C(=O)c1ccncc1)C1CCCCC1,3
C1=CC2C(CC1)CCCC2C1CCCO1,3
O=C(CCNNC(=O)c1ccncc1)NCc1ccccc1,3
O=C1NC(c2cccnc2)C(C(=O)Nc2ccccc2)c2ccccc21,3
C1CCC(NC2CCCCC2)CC1.O=C1C=CC2CCCC1C2=O,3
O=C(c1ccnn1Cc1ccccc1)N1CCN(c2cnccn2)CC1,3
O=C(CNC(=O)OCc1ccccc1)NC(CCc1ccccc1)C1OOC2(O1)C1CC3CC(C1)CC2C3,3
c1ccc2c(NCCCN3CCC(Nc4ccnc5ccccc45)CC3)ccnc2c1,3
O=C(Nc1ccc(N2CCN(C(=O)c3ccco3)CC2)cc1)OC(Cn1ccnc1)c1ccccc1,3
c1ccc2c(NCCCNCCCCC3CCC4C3CCC3C5CCC(NCCCNc6ccnc7ccccc67)CC5CCC43)ccnc2c1,3
O=C(CN(CCCNc1ccnc2ccccc12)C(=O)c1ccccc1)C1CCCCC1,3
O=C1C=C(Nc2nc(-c3ccccc3)cs2)C(=O)c2ccccc21,3
c1ccc2c(Nc3ccc(C4=NCCO4)cc3)ccnc2c1,3
O=C1C=C(C=CC=CC=CC=CC=CC=CC=CC=CC=CC2=CC(=O)CCC2)CCC1,3
O=C(NCCCN1CCN(CCCNc2ccnc3ccccc23)CC1)C1Cc2ccccc2CN1,3
O=C(CCc1ccccc1)NCC(=O)NCC(=O)C1CO1,3
O=C(Nc1ccccc1-n1cncn1)C1(c2ccccc2)CC1,3
O=C(NCc1ccccc1)C1CC2CCC1O2,3
c1ccc(Oc2cc(Oc3ccccc3)ncn2)cc1,3
O=C(CCC1CC2CCCC3CCC4OOC32C(O1)O4)c1ccc(C(=O)CC2CC3CCCC4CCC5OOC43C(O2)O5)cc1,3
c1ccc(Nc2ccnc(Nc3ccc(N4CCOCC4)cc3)n2)cc1,3
O=C(Nc1cccc(-c2cccnc2)c1)N1CCc2ccc(N3CCNCC3)cc21,3
O=C(NCc1ccccc1)NCc1ccco1,3
O=C(n1ccnc1)C12CCCC1C1CCC3C4CCCCC4CCC3C1CC2,3
c1ccc(CN2CCCC(Nc3ncc4c(n3)CCC4)C2)cc1,3
O=C(CCC(=O)Nc1cccc2cccnc12)Nc1cccc2cccnc12,3
N=C1NC(c2ccccc2)(c2ccccc2)C(=O)N1CCc1ccccc1,3
c1ccc(C(CNc2cc(-c3ncno3)ccn2)N2CCOCC2)nc1,3
S=C(NCCCNCCCCCNCCCNC(=S)NCCC(c1ccccc1)c1ccccc1)NCCC(c1ccccc1)c1ccccc1,3
c1ccc(CNc2nc(Nc3ccccc3)nc(Nc3ccc(Nc4ccnc5ccccc45)cc3)n2)cc1,3
O=S(=O)(c1ccsc1)N1CCN(c2ccccn2)CC1,3
O=C(Nc1ccccc1)c1ccc(N2CCN(c3ccncc3)CC2)nc1,3
O=C(NCC1CCC(n2cnc3c(NCc4ccc(Oc5ccccc5)cc4)ncnc32)O1)c1ccc2[nH]cnc2c1,3
c1ccc(Nc2ncnc(CNCc3ncnc(Nc4ccccc4)n3)n2)cc1,3
O=C(NCCCNCCCCNCCCNC(=O)c1ccccc1)c1ccccc1,3
O=C(CNc1ccccc1N1CCCC1=O)Nc1ccc(Oc2ccccc2)cc1,3
c1ccc(-c2nc[nH]c2-c2ccncn2)cc1,3
c1ccc(Nc2cc3[nH]c(C4CCCC4)nc3cn2)nc1,3
O=C1C=CC2CCCC1C2=O,3
O=C(Nc1ccccc1)c1cscn1,3
O=C1c2ccccc2C(=O)N1CCCCN1CCN(c2ccccc2)CC1,3
O=C(CSc1nccc(=O)[nH]1)Nc1ccccc1,3
c1ccc2c(c1)[nH]c1cncnc12,3
O=C(Nc1ccccc1)c1cc(C2CC2)nc2[nH]ncc12,3
O=S(=O)(NCc1ccccc1)c1ccc(-c2cccc(CNC3CCNCC3)c2)cc1,3
O=C(C=Cc1ccccc1)c1ccccc1OCc1cn(CCCN2C(=O)C(=O)c3ccccc32)nn1,3
c1ccc(CNc2ccc3ncc(-c4cccnc4)n3n2)cc1,3
O=C(NCCCNCCCCCNCCCNC(=O)NCc1ccccc1)NCc1ccccc1,3
O=C(NCCCNCCCCCNCCCNC(=O)NCC(c1ccccc1)c1ccccc1)NCC(c1ccccc1)c1ccccc1,3
O=C(C=Cc1cccc(OCc2cn(CCCN3C(=O)C(=O)c4ccccc43)nn2)c1)c1ccccc1,3
c1ccc(C(CCN2CCOCC2)NCCNc2ccnc3ccccc23)cc1,3
O=C(NCCCN1CCCCOC(=O)CC(OC2CCCCO2)CC(OC2CCCCO2)CCCC1)Nc1ccccc1-c1ccccc1,3
c1ccc(-c2nc3c(N4CCN5CCCC5C4)nccc3[nH]2)cc1,2
O=C(NC1CC1)C1CCN(c2ccnc3c(-c4ccccc4)cnn23)CC1,2
c1ccc(-c2cc(N3CCCC3)n3c(c2)nc2ccccc23)cc1,2
O=c1onc2cnc3ccccc3n12,2
B1OCc2ccc(Oc3cnc(C4=NCCO4)cn3)cc21,2
C1=C2CCCCC2C2CCC3C(CC4CCCCN4)CCC3C2C1,2
c1ccc2c(NCCCCN3C4C5C6CC7C8C6C4C8C3C75)ccnc2c1,2
c1ccc2c[n+]3c(cc2c1)-c1cc2c(cc1CC3)OCO2,2
c1ccc2c(c1)nc1cc(C3CCCC3)ccn12,2
c1ccc(-c2ccc(-c3cc4ccccc4[nH]3)o2)cc1,2
S=C(Nc1ccccc1)N1CCNCC1,2
O=C1OCC(CN2C3=C4C(=O)c5ccccc5C4CC4COC3(O4)c3ccccc32)O1,2
O=c1cc(-c2cccc(-c3cccc4c(=O)cc(-c5ccccc5)oc34)c2)oc2ccccc12,2
O=C(CCCc1cn(S(=O)(=O)c2cccc3ccccc23)c2ccccc12)NC1CCCCCC1,2
O=c1cc[nH]cc1-c1ccccc1,2
c1ccc2nc(C3=NCCN3)ccc2c1,2
O=C1c2ccccc2-n2cncc2C2CCCN12,2
O=c1c(NCCNCCCCNc2ccnc3ccccc23)c(NCCNCCCCNc2ccnc3ccccc23)c1=O,2
c1ccc(CCNc2cnc(-c3cccnc3)o2)cc1,2
c1coc(CN(CCNc2ccnc3ccccc23)c2ccnc(N3CCCCC3)n2)c1,2
c1cnc(N2CCC3(CCN(CC4CCCC4)C3)CC2)nc1,2
O=C1c2cccc(N3CCOCC3)c2C(=O)N1CCCCNc1ccnc2ccccc12,2
O=C(Cn1cc(-c2ccccc2)c2nc[nH]c(=O)c21)Nc1ccccc1,2
O=C(CNC(=O)C(Cc1ccccc1)NC(=O)OCc1ccccc1)NCCc1ccccc1,2
O=S(=O)(NC1CC1)c1cccc(-c2ccc3ncc(-c4ccccc4)n3n2)c1,2
O=S(=O)(c1ccc(-c2ccc3ncc(-c4ccncc4)n3n2)cc1)N1CCNCC1,2
c1cc(-c2ccc3ncc(-c4ccncc4)n3n2)cc(N2CCOCC2)c1,2
C1CCC(C2OOC(C3CCCCC3)C3OC23)CC1,2
c1coc(CN(CCCNc2ccnc3ccccc23)c2nccc(N3CCCC3)n2)c1,2
O=C(CCCc1cn(CCN2CCCC2)c2ccccc12)NC12CC3CC(CC(C3)C1)C2,2
c1ccc2c(c1)nc(Cn1cnc3cncnc31)c1[nH]ccc12,2
c1cnc(NCc2cccc(Nc3ccnc4ccccc34)c2)nc1,2
O=C(c1ccc(Nc2nccc(NCCCCCCNc3ccnc4ccccc34)n2)cc1)N1CCSCC1,2
O=C(CCc1c[nH]c2ccccc12)NCC(=O)NCC(=O)C1CO1,2
c1cc(CNc2nccc(N3CCCCC3)n2)cc(Nc2ccnc3ccccc23)c1,2
c1cnc(N2CCC3(CCN(Cc4cnc5ccccn45)C3)CC2)nc1,2
O=C1C2=C(C(=O)c3[nH]ccc31)S(=O)(=O)C=CN2,2
O=C(CCC(=O)OC1CC2CCCC3CCC4OOC32C(O4)O1)NCCCNc1c2ccccc2nc2c1[nH]c1ccccc12,2
O=C(c1ccc(Nc2nccc(NCCNc3ccnc4ccccc34)n2)cc1)N1CCCCC1,2
c1cnc(N(CCCNc2ccnc3ccccc23)Cc2cccs2)nc1,2
c1ccc(CN(CCCNc2ccnc3ccccc23)c2nccc(N3CCCCC3)n2)nc1,2
O=C(Nc1ccccc1)c1cncc2nnc(-c3ccccc3)n12,2
c1ccc(CN(CCNc2ccnc3ccccc23)c2nccc(N3CCCCC3)n2)nc1,2
c1ccc(CN(CCCNc2ccnc3ccccc23)c2ccnc(N3CCOCC3)n2)nc1,2
N=c1cc2n(-c3ccccc3)c3ccccc3nc-2cc1Nc1cccnc1,2
O=C(CCCCCNc1ccnc2ccccc12)NNC(=O)C1Cc2c([nH]c3ccccc23)CN1,2
O=C(Nc1ccccc1)c1ccc2c(=O)n3nc(Nc4ccccc4)sc3nc2c1,2
c1ccc(CN(CCNc2ccnc3ccccc23)c2ncccn2)nc1,2
c1ccc(CN(CCCNc2ccnc3ccccc23)c2nccc(N3CCNCC3)n2)nc1,2
c1csc(CN(CCCNc2ccnc3ccccc23)c2ccncn2)c1,2
c1nncc(-c2cnnc(OC3CC3)n2)n1,2
c1csc(CN(CCCNc2ccnc3ccccc23)c2ccnc(N3CCCCC3)n2)c1,2
c1csc(CN(CCCNc2ccnc3ccccc23)c2ccnc(N3CCOCC3)n2)c1,2
c1ccc(C(c2ccccc2)(c2ccc(CN3CCNCC3)cc2)n2ccnc2)cc1,2
C(=Cc1ccccc1)Cn1cc(-c2ccccc2)nn1,2
O=C1C(=Cc2ccc(OCCCCN3CCOCC3)cc2)CCC1=Cc1ccc(OCCCCN2CCOCC2)cc1,2
c1ccc(-c2cccc(CNCC3CCNCC3)n2)cc1,2
O=C(NS(=O)(=O)C1CC1)c1cccc(-c2ccc3ncc(-c4ccccc4)n3n2)c1,2
c1ccc(Nc2nc(NCCNCCOC3CC4CCCC5CCC6OOC54C(O3)O6)nc(N3CCCCC3)n2)cc1,2
O=C(Nc1ccccc1)Nc1ccc(Oc2ccccc2)cc1,2
O=c1[nH]c2cnc3ccccc3c2c2ccccc12,2
c1ccc2c(NCCCCCCCCNc3ccnc4ccccc34)ccnc2c1,2
O=C(CN1CCCC1)Nc1cc(-c2ccc(CN3CCOCC3)cc2)nc2ccccc12,2
c1ccc2c(NCCCCCCCCCCNc3ccnc4ccccc34)ccnc2c1,2
c1ccc2c(Nc3ccc(Nc4ncnc(N5CCCCC5)n4)cc3)ccnc2c1,2
O=C(CCN1CCCC1)Nc1cc(-c2ccc(CN3CCOCC3)cc2)nc2ccccc12,2
C1CC2CCC3OOC24C(C1)CC(OCCC(COC1CC2CCCC5CCC6OOC52C(O1)O6)OC1CC2CCCC5CCC6OOC52C(O6)O1)OC4O3,2
c1ccc(CCCC2COC3OC4CCC5CCCC2C53OO4)cc1,2
c1ccc(-c2nc3c(N4CCN(C5CCNCC5)CC4)nccc3[nH]2)cc1,2
O=C(C1=NN(c2ccccc2)C2C3N(c4ccccc4)N=C(C(=O)c4ccccc4)N3c3ccccc3N12)c1ccccc1,2
O=C1C=CC2C(CCC3C4=CCC(C5CCCOC5)C4CCC32)C1,2
c1ccc2c3c4ccccc4nc-3[nH]cc2c1,2
c1ccc2ncc(NCCNc3ncnc(NCCc4ccnc5ccccc45)n3)cc2c1,2
O=C1C2=C(C(=O)c3ccccc31)C1OCc3ccccc3C1CO2,2
c1ccc(CN(CCNCCCNc2ccnc3ccccc23)Cc2ccccc2)cc1,2
c1ccc2c(c1)[nH]c1cc3c(cc12)CNCC3,2
O=C(c1ccc(Nc2ccnc(NCCCCNc3ccnc4ccccc34)n2)cc1)N1CCOCC1,2
O=C(Nc1ccc2[nH]c3c(C4=CC5CCC=CCCCCN6CCC4C4(CC7C=CCCCCN7C54)C6)nccc3c2c1)C1CCCCC1,2
O=C(c1ccccc1)N(CCCN1CCNCC1)Nc1ccncn1,2
c1ccc2c(SSc3cccc4ccccc34)cccc2c1,2
c1cnc(N2CCC3(CCN(Cc4n[nH]c5ccccc45)C3)CC2)nc1,2
O=C1NCC2=NC(CO2)C(=O)NCc2nc(cs2)C(=O)NCc2nc1cs2,2
O=c1[nH]c2ccc3ncccc3c2c2ccccc12,2
O=C(Nc1ccc2ccccc2c1)C1CC2CCC1O2,2
O=C(CNCCc1ccccc1)NC1CCCCC1,2
c1ccc(C2OOC3(O2)C2CC4CC(C2)CC3C4)cc1,2
C(#CC[n+]1ccc2c(c1)[nH]c1ccccc12)C[n+]1ccc2c(c1)[nH]c1ccccc12,2
c1cc2c[nH]ccc-2n1,2
O=C1CC2CCN(Cc3ccc(OCCN4CCOCC4)cc3)C3CCC4OOC23C(O1)O4,2
O=C(NCCCN1CCN(CCCNc2ccnc3ccccc23)CC1)C1CCCCC1,2
c1ccc(Cn2c3c(c4ccccc42)CCN2CCCCC32)cc1,2
c1cc2c(cc1OCCCN1CCOCC1)CCC1CCCCC21,2
O=C(c1ccnc(Nc2nc3cnc(-c4ccccc4)cc3[nH]2)c1)N1CCN(CC2CC2)CC1,2
O=C(NCc1ccc(C(=O)Nc2ccccc2)cc1)OCc1cccnc1,2
N=C1NC(c2cccc(Nc3ccc(C4CC4)nc3)c2)CC(=O)N1C1CCOCC1,2
C1OOCN2COOCN1COOC2,2
O=C(NCCNc1ccnc2ccccc12)NN=Cc1cccc(CN2CCOCC2)c1,2
c1ccc(CCn2cnc3ccc(OC4CCOC4)nc32)cc1,2
O=C(COc1cccc2occc12)N1CCc2c([nH]c3ccccc23)C1,2
O=C1C=C(c2ccccc2)C2(O1)OC1(OC(=O)C=C1c1ccccc1)C(c1ccccc1)=C2c1ccccc1,2
c1ccc(-c2ccc(C34CCC5CCCCC5(CO3)OO4)cc2)cc1,2
O=C(OC1CCC2CC1OOC2CS(=O)(=O)c1ccccc1)C(=O)N(Cc1ccccc1)Cc1ccccc1,2
C=C1C(CCOC(=O)C=Cc2ccccc2)=CC(=O)C2C1CCC1CCCCC12,2
c1csc(CN(CCCNc2ccnc3ccccc23)c2nccc(N3CCOCC3)n2)c1,2
O=C(NC1CCCC1)c1ccc(-n2cnc3ccccc32)s1,2
O=C1OC2OC3CCC4CCCC(C15CCN=N5)C42OO3,2
O=C(COC(=O)c1ccn(-c2ccccc2)c1)Nc1c[nH]n(-c2ccccc2)c1=O,2
O=C(c1ccc(Nc2ccnc(NCCCNc3ccnc4ccccc34)n2)cc1)N1CCSCC1,2
c1nc(CCCCCCCCCCCCc2ncon2)no1,2
c1ccc(-c2nc3c(N4CCC(CN5CCNCC5)CC4)cncc3[nH]2)cc1,2
c1ccc2c(-c3ccc(CNCCN4CCNCC4)cc3)cc(-c3ccc(CNCCN4CCNCC4)cc3)nc2c1,2
c1ccc2ncc(NCCNc3nc(NC4CCCCC4)nc(N4CCCCC4)n3)cc2c1,2
O=C(c1ccco1)N1CCN(CCNc2ccnc3ccccc23)CC1,2
c1ccc2[o+]c3ccccc3nc2c1,2
c1ccc(Cn2c(N3CCNCC3)nc3ccccc32)cc1,2
O=C1OC2OC3CCC4CCCC(C15CO5)C42OO3,2
C1C2CC3CC1CC(C2)C31OOC2(CCC(Nc3nnn[nH]3)CC2)O1,2
O=C(CNCCNc1ccnc2ccccc12)N(Cc1ccccc1)Cc1ccccc1,2
c1ccc(-c2cn3c(n2)c(-c2ccc4ccccc4n2)cc2ccccc23)cc1,2
c1ccc(CN(CCCCNCCCNc2ccnc3ccccc23)Cc2ccccc2)cc1,2
O=S(=O)(c1ccccc1)N1CCC2(CC1)COC1(OO2)C2CC3CC(C2)CC1C3,2
O=C(c1ccc2[nH]ccc2c1)N1CCN(C2c3ccccc3-c3ccccc32)CC1,2
O=C(Nc1cccn(CCc2ccccc2)c1=O)OCc1ccccc1,2
O=C1C(n2ccnn2)C(C=Cc2ccccc2)N1c1ccccc1,2
c1ccc2c(NCCCn3ccnn3)ccnc2c1,2
c1ccc(-c2cc3ncnc(NCCN4CCNCC4)c3s2)cc1,2
c1cnc(N(CCCNc2ccnc3ccccc23)Cc2ccc3c(c2)OCO3)nc1,2
O=C1c2ccccc2C(=O)N1CC1CCC(n2cnc3cncnc32)O1,2
c1ccc2c(NCCCN(Cc3ccc4c(c3)OCO4)c3ccnc(N4CCOCC4)n3)ccnc2c1,2
O=C1CNC(=O)C2C(CCN2C(=O)CCc2c[nH]c3ccccc23)Oc2cccc(c2)C=CN1,2
O=C1C(=Cc2ccc(OCCCCN3CCCCC3)cc2)CCC1=Cc1ccc(OCCCCN2CCCCC2)cc1,2
O=c1c2ccccc2[nH]c2cc3c(cc12)OCO3,2
O=C(NC(CC1CCCCC1)C(=O)NC(CC1CCCCC1)C(=O)NCC=CC(=O)N1C(=O)C=CC1Cc1c[nH]c2ccccc12)C1CCNCC1,2
c1ccc2c(NCCN(Cc3ccc4c(c3)OCO4)c3nccc(N4CCCCC4)n3)ccnc2c1,2
O=C(CCN1CCN(c2ccnc3ccccc23)CC1)OC1CC2CCCC3CCC4OOC32C(O4)O1,2
c1ccc(-c2cc(-c3ccccc3)nc(-c3ccncc3)n2)cc1,2
c1ccc(Cn2c(N3CCN(CCCNc4ccnc5ccccc45)CC3)nc3ccccc32)cc1,2
c1ccc2c(c1)OCC(Cc1ncc[nH]1)O2,2
c1ccc(-c2cncc(-c3ccc(N4CCCC4)nc3)c2)cc1,2
c1ccc2c(NCCCN3CCN(CCCNCC4CCCCC4)CC3)ccnc2c1,2
O=C(OC1=C(C2CCC(c3ccccc3)CC2)C(=O)c2ccccc2C1=O)c1ccccc1,2
c1ccc(Oc2ccc3cccnc3c2)cc1,2
O=C1CCCC(OC2CCCCO2)CCCCN(CCCNc2ccnc3ccccc23)CCCCO1,2
c1cc(Nc2ccc3nc[nH]c3c2)nc(Nc2ccc(N3CCNCC3)cc2)n1,2
c1ccc(Nc2nc(NCCCCNc3cnc4ccccc4c3)nc(N3CCOCC3)n2)cc1,2
c1ccc(-c2nc3cnc(Nc4ccc(N5CCOCC5)cn4)cc3[nH]2)cc1,2
c1ccc2c(NCCCNCc3ccc(-c4csc5ccccc45)cc3)ccnc2c1,2
c1ccc(CNC2CCCCC2)cc1,2
c1cnc(N2CCC3(CCN(Cc4cccc5cccnc45)C3)CC2)nc1,2
C1=Nc2ccccc2C1c1ccccc1,2
S=C(NCCCNC(=S)NCCCNc1ccnc2ccccc12)NCCCNc1ccnc2ccccc12,2
c1ccc2c(c1)[nH]c1c[n+](Cc3ccc(-c4ccc(C[n+]5ccc6c(c5)[nH]c5ccccc56)cc4)cc3)ccc12,2
c1cc(C2CCC3(CC2)OOC2(O3)C3CC4CC(C3)CC2C4)ccc1OCCCN1CCNCC1,2
c1ccc2c(CC3=NCCN3)cccc2c1,2
O=C(NC(CCNCc1ccccc1)Cc1ccccc1)c1cccc(N2CCCCS2(=O)=O)c1,2
c1ccc(C(Nc2cccc3cccnc23)c2ccc(CN3CCNCC3)cc2)cc1,2
O=C(CN1C(=O)c2ccccc2C1=O)NCCNc1ccnc2ccccc12,2
c1cc(C2CCC3(CC2)OOC2(O3)C3CC4CC(C3)CC2C4)ccc1OCCOC1CCNCC1,2
c1coc(CN(CCNc2ccnc3ccccc23)c2ccnc(N3CCCC3)n2)c1,2
O=c1cccc(C=Cc2cccc(Oc3ccccc3)c2)o1,2
O=C1C=CC=CC2OC2CCOC(=O)c2ccccc2C1,2
c1ccc2c(CNCCNc3ccnc4ccccc34)cccc2c1,2
c1ccc2cc(OCCCN3CCNCC3)ccc2c1,2
S=C(NCCCNc1ccnc2ccccc12)NCCN(CCNC(=S)NCCCNc1ccnc2ccccc12)CCNC(=S)NCCCNc1ccnc2ccccc12,2
O=C1CCC2C(=CCC3C4CCCC4CC(=O)C23)C1,2
c1ccc(Nc2nc(NCCN(CCOC3CC4CCCC5CCC6OOC54C(O3)O6)CCOC3CC4CCCC5CCC6OOC54C(O3)O6)nc(N3CCCCC3)n2)cc1,2
O=C(CCC(=O)OCCCCC1CCC2C3=CCC4CC(=O)CCC4C3=CCC12)CCC1CCC2C3=C(C(=O)CC12)C1CCC(=O)CC1CC3=O,2
O=C(CC1CCC2(CC1)OOC1(OO2)C2CC3CC(C2)CC1C3)N1CCOCC1,2
C1=CC2Cc3nc4ccccc4c(NCCCCCCNc4c5c(nc6ccccc46)CCCC5)c3C(C1)C2,2
O=C(Cc1ccccc1)N1N=CCC1c1cccnc1,2
O=C1c2cccc3cccc(c23)C(=O)N1CCCNc1ccnc2ccccc12,2
c1cnc(N2CCC3(CN(Cc4cccc5ccncc45)C3)C2)nc1,2
c1ccc(-c2cc3ncnc(NC4CCNC4)c3s2)cc1,2
c1cc(COc2ccc3scnc3c2)on1,2
c1ccc2nc(NCCNCCNc3ccc4ccccc4n3)ccc2c1,2
c1ccc2nc(NCCNCCNc3ccnc4ccccc34)ccc2c1,2
c1ccc2[nH]c(NCCNCCNc3nc4ccccc4[nH]3)nc2c1,2
O=C(c1ccc(-c2cncc(-c3ccccc3)c2)cc1)N1CCOCC1,2
O=S(=O)(c1ccc(-c2cncc(-c3cccnc3)c2)cc1)N1CCNCC1,2
O=C(NCCN1CCCC1)c1ccc(-c2cncc(-c3cccnc3)c2)cc1,2
O=C1CCCC(OC2OCCCC2OCCCNCc2ccnc3ccccc23)CCCCNCCCCO1,2
N=C1NC(c2ccccc2)(c2ccccc2)C(=O)N1Cc1ccccc1,2
O=S(=O)(c1ccc2ccccc2c1)C1CCCCC1,2
O=C1CCC2C(CCC3C4=CCC(C5CCOC5)C4CCC32)C1,2
c1ccc2c(c1)nc(NCCNCCNCCNc1nc3ccccc3n3cccc13)c1cccn12,2
C1=C2CCCCC2C2CCC3C(CCCOC4CCCCO4)CCC3C2C1,2
C1CCN(CCNCCOC2CC3CCCC4CCC5OOC43C(O2)O5)CC1,2
c1ccc(Cn2cc[n+](Cc3ccc4ccccc4c3)c2)cc1,2
c1cncc(-c2cncc(-c3ccc4cn[nH]c4c3)c2)c1,2
O=C(NCCCCNc1ccnc2ccccc12)C(=O)NC1C(=O)N(C2CCCCC2)C1C=Cc1ccccc1,2
O=C1C=CC2C(CCC3C4=CCC(c5ccoc5)C4CCC32)C1,2
O=S1(=O)CCN(Cc2ccc(C3CC4CCCC5CCC6OOC54C(O6)O3)[nH]2)CC1,2
O=C(CN1C(=O)C(COC(=O)Nc2ccccc2)N=C(c2ccccc2)c2ccccc21)NCCCc1ccccc1,2
O=C(C=Cc1ccccc1)OC1CCCOC1OC1CCOC(OC2CC3CCC4C5CCCCC5=CCC4C3C2)C1,2
O=C(NCc1ccccc1)c1ncc[nH]1,2
O=C(CNC(=O)C1CCNCC1)NC(CC1CCCCC1)C(=O)NCC=CC(=O)N1C(=O)C=CC1Cc1c[nH]c2ccccc12,2
O=C(NCCCN1CCN(CCCNc2ccnc3ccccc23)CC1)C1CC1,2
c1cc[n+](Cc2ccc(CCCCc3ccc(C[n+]4ccc(N5CCCC5)cc4)cc3)cc2)cc1,2
O=c1[nH]c2cc3cccnc3cc2c2ccccc12,2
O=C(Cc1ccc2ccccc2c1)NCCCN1CCCCOC(=O)CC(OC2CCCCO2)CC(OC2CCCCO2)CCCC1,2
c1ccc(Nc2nc3ccc(CN4CCNCC4)cc3[nH]2)nc1,2
O=S(=O)(NCCCNc1c2c3ccccc3nc-2[nH]c2ccccc12)c1ccccc1,2
N=C1c2ccccc2-c2c1cnc1ccccc21,2
c1cc(C2CCC3(CC2)OOC2(OO3)C3CC4CC(C3)CC2C4)ccc1OCCN1CCOCC1,2
c1ccc2c(c1)CCNCC2,2
O=C1OCCc2ccccc21,2
C1=C(c2cnn(-c3nc(-c4ccccc4)cs3)c2)CCNC1,2
c1ccc2c(c1)c[nH+]c1c3ccccc3c(OCC3OCCCO3)cc21,2
C1CC2CCC3OOC24C(C1)CC(OCCN1CCOCC1)OC4O3,2
C1CCN(CCOC2CC3CCCC4CCC5OOC43C(O2)O5)CC1,2
O=C(CNc1ccnc2ccccc12)NC1CCOC(OC2CCCCNCCCCOC(=O)CC(OC3CCCCO3)C2)C1,2
O=C(CNC(=O)CNC(=O)OCc1ccccc1)NCCCNc1ccnc2ccccc12,2
O=C(NCCCNc1ccnc2ccccc12)c1ccc(Oc2ccccc2)cc1,2
O=C(NCCCn1ccnc1)c1sc(-c2ccccc2)nc1-c1ccccc1,2
O=C(CC(Cc1ccccc1)Nc1ccnc2ccccc12)N1CCNCC1,2
O=C(CCCc1ccccc1)NCCCN1CCN(CCCNc2ccnc3ccccc23)CC1,2
O=C(NC(CCNCc1ccccc1)Cc1ccccc1)c1cccc(-c2ccccc2)c1,2
c1ccc2c(NCCCCNCCCNc3c4ccccc4nc4ccccc34)c3ccccc3nc2c1,2
c1ccc(CCc2ccccc2N=c2cc[nH]cc2)cc1,2
O=C(CC1CCC2(CC1)OOC1(OO2)C2CC3CC(C2)CC1C3)NCc1cccc(CNC(=O)CC2CCC3(CC2)OOC2(OO3)C3CC4CC(C3)CC2C4)c1,2
O=C1C=C(OCc2ccccc2)CN1,2
O=C(NCCCN1CCN(CCCNc2ccnc3ccccc23)CC1)c1cccc(Oc2ccccc2)c1,2
O=C(NCCCCNc1ccnc2ccccc12)NC1C(=O)N(C2CCCCC2)C1C=Cc1ccccc1,2
O=C(NC(CCNCc1ccccc1)Cc1ccccc1)c1cccc(C(=O)N2CCCCCC2)c1,2
O=C(NCCNc1ccnc2ccccc12)NC1COC(n2ccc(=O)[nH]c2=O)C1,2
O=C(NC(CCNC1CCCCC1)Cc1ccccc1)c1ccccc1,2
O=C1C=C(Nc2ccc3c(c2)CCC3)OC1,2
O=C(CCN1CCCCOC(=O)CC(OC2CCCCO2)CC(OC2CCCCO2)CCCC1)NCc1cccc2ccccc12,2
c1ccc(-c2cncc(-c3ccncc3)c2)cc1,2
C1OOCOO1,2
O=c1ccn(C2CC(n3cc(COC4CC5CCCC6CCC7OOC65C(O4)O7)nn3)CO2)c(=O)[nH]1,2
O=C1C=COC1,2
O=C(CN1CCN(c2ccnc3ccccc23)CC1)N(c1ccccc1)c1ccccc1,2
c1cc(COC2CC3CCCC4CCC5OOC43C(O2)O5)cc(OC2CC3CCCC4CCC5OOC43C(O5)O2)c1,2
O=C1C2C3CCC(O3)C2C(=O)N1Cc1ccccc1,2
c1ccc(-c2[nH+]onc2OCCNCc2cccc(Nc3ccnc4ccccc34)c2)cc1,2
O=C(OCC(CC1CC2CCCC3CCC4OOC32C(O1)O4)CC1CC2CCCC3CCC4OOC32C(O1)O4)c1ccncc1,2
c1ccc2c(NCCCNCC3CC3)ccnc2c1,2
C1CC2CCC3C4CCC5(CC4CCC3C2C1)OOC1(CCC2CCC3C4CCCC4CCC3C2C1)OO5,2
O=C1CCC2C(=CC(=O)c3cc4c(cc32)C(=O)C=CC4=O)C1=CNCCc1ccccc1,2
c1ccc2c(NCCn3cnc4c(N5CCCCC5)ncnc43)ccnc2c1,2
O=c1[nH]c2cc3ccccc3nc2c2ccccc12,2
c1ccc(Oc2ccc(CNc3ncnc4c3ncn4C3CCCO3)cc2)cc1,2
O=C(NCCNCc1cccc(Nc2ccnc3ccccc23)c1)Nc1ccccc1,2
c1ccc(-c2ccnc(NCCCCCCCNc3ccnc4ccccc34)n2)cc1,2
O=C(OCCCCCCCCC1CC2CCC3CCNC(=N1)N32)C1CN=C2NCCC3CCC1N23,2
O=C(NC(Cc1ccccc1)C(=O)NNCCc1ccccc1)OCc1ccccc1,2
c1cn(CCCNCCOC2CC3CCCC4CCC5OOC43C(O2)O5)cn1,2
c1ccc2c(OCc3cn(Cc4cc5c(cn4)[nH]c4ccccc45)nn3)ccnc2c1,2
c1ccc(N=Nc2ccc3ccccc3c2)nc1,2
O=C1NC(=O)c2cc(NCc3cn(CCOC4CCCCO4)nn3)c3c4c(ccc1c24)C(=O)NC3=O,2
O=C1C=CC2C(CCC3C4=CCC(C5COC(C6CO6)C5)C4CCC32)C1,2
c1cc(C2CCC3(CC2)OOC2(O3)C3CC4CC(C3)CC2C4)ccc1OCCC1CCNCC1,2
c1ccc2c(NCCCCNc3ccnc(N4CCCCC4)n3)ccnc2c1,2
c1ccc2c(CCN3CCN(CCN4CCN(CCc5ccnc6ccccc56)CC4)CC3)ccnc2c1,2
c1cncc(Nc2cc3[nH]c(Nc4ccc(N5CCN(CC6CC6)CC5)cn4)nc3cn2)c1,2
O=C(C=Cc1ccc2ccccc2n1)N1CCOCC1,2
c1ccc(NNc2ncnc3[nH]cnc23)cc1,2
c1ccc2c(NCCCCN3C4CC5CC(C4)CC3C5)ccnc2c1,2
c1ccc(-c2cc(CN3CCCC3)cn2CCCNc2ccnc3ccccc23)cc1,2
c1ccc2c(NCCCCCCCCCCNc3c4c(nc5ccccc35)CCCC4)c3c(nc2c1)CCCC3,2
C1=CCCC2C=C(c3[nH+]ccc4c3[nH]c3ccccc34)C3CCN(CCCC1)CC31CC3C=CCCCCN3C21,2
c1ccc2c(c1)c1ccccc1n2CCCN1CCOCC1,2
c1ccc(Nc2cc3nc4ccccc4n(-c4ccccc4)c-3cc2=NCCCC2CCCN3CCCCC23)cc1,2
O=C(NNC(=O)c1cn(Cc2nnc[nH]2)c2ccccc2c1=O)Nc1ccccc1,2
O=C(CNc1ccnc2ccccc12)NCCNc1ccnc2ccccc12,2
c1cc(OCCN2CCOCC2)cc(C2CCC3(CC2)OOC2(O3)C3CC4CC(C3)CC2C4)c1,2
C=C1C(=O)OC2CCC3C=CC(=O)C3CC12,2
O=C1CCN(C2CC2)c2cc(N3CC4CC4C3)ccc21,2
O=C1C=CC(c2nccc3c2[nH]c2ccccc23)O1,2
c1ccc2c(N3CCN(CCOC4CC5CCCC6CCC7OOC65C(O4)O7)CC3)ccnc2c1,2
O=C(CCCc1ccccc1)NCCCCCCCC(=O)NCC(=O)NCC(=O)NCC(=O)NCC(=O)NC(Cc1ccccc1)C(=O)N1CCCC1,2
O=C(CCC1OOC2(CCCCC2)OO1)NCCCN1CCN(CCCNC(=O)CCC2OOC3(CCCCC3)OO2)CC1,2
c1ccc(CNCC2CC2)cc1,2
C1=NOC(c2nnc(-c3ccccc3)s2)C1,2
N=C(NCCNCc1cccc(Nc2ccnc3ccccc23)c1)Nc1ccccc1,2
O=C(CNC(=O)OCc1ccccc1)NCCCc1ccccc1,2
c1coc(CN(CCNc2ccnc3ccccc23)c2nccc(N3CCCC3)n2)c1,2
O=C(NCCCCNc1ccnc2ccccc12)NC1C(=O)N(c2ccccc2)C1C=Cc1ccccc1,2
c1cc(OCCCCCOc2ccncc2)ccn1,2
O=C(NCCCCCCNc1ccnc2ccccc12)C(=O)NC1C(=O)N(C2CCCCC2)C1C=Cc1ccccc1,2
O=S(=O)(Nc1cccc2ccccc12)c1ccccc1,2
O=C(C=CC(=O)NC(Cc1ccccc1)C(=O)OCc1ccccc1)NCCc1ccccc1,2
O=C(NCc1ccc(-c2ccccc2)cc1)C12CC3CC(CC(C3)C1)C2,2
C1=NCCc2ccccc21,2
O=C(CSCCCc1ccccc1)C(CCc1ccccc1)NC(=O)C1CCCN1C(=O)OCc1ccccc1,2
c1ccc2c(NC3CCCN4CCCCC34)ccnc2c1,2
O=C(CCC1OOC2(CCCCC2)OO1)Nc1cccc(NC(=O)CCC2OOC3(CCCCC3)OO2)c1,2
C1=NOC(c2nc(-c3ccccc3)cs2)C1,2
O=C(c1ccc(-c2cncc(-c3cccnc3)n2)cc1)N1CCC1,2
c1ccc2c(NCCCCCCCCCCCCNc3ccnc4ccccc34)ccnc2c1,2
O=C1NC(Cc2c[nH]c3ccccc23)C(=O)N2C1Cc1c([nH]c3ccccc13)C2c1ccc2c(c1)OCO2,2
O=C(Cn1cc(COc2ccccc2)nn1)NCCCCCCNc1ccnc2ccccc12,2
O=C(N=C(NCCNCc1cccc(Nc2ccnc3ccccc23)c1)Oc1ccccc1)c1ccccc1,2
O=C(NNc1ccnc2ccccc12)c1ccccc1,2
S=C(NCCCNc1ccnc2ccccc12)NCCCNc1ccnc2ccccc12,2
c1ccc(N2CCN(Cc3cccc(Nc4ccnc5ccccc45)c3)CC2)cc1,2
c1ccc2c(NCCCCCCCNc3ccnc4ccccc34)ccnc2c1,2
O=C(Nc1c[nH]c(C(=O)Nc2c[nH]c(C(=O)Nc3c[nH]c(C(=O)NCCCN4CCOCC4)c3)c2)c1)c1cc2ccccc2cn1,2
O=C(Nc1c[nH]c(C(=O)Nc2nccs2)c1)c1ccc(C=Cc2ccccc2)cc1,2
c1cc(C2CC3CCCC4CCC5OOC43C(O5)O2)[nH]c1CN1CCCC1,2
O=C1C(=Cc2ccc(OCCN3CCOCC3)cc2)CCC1=Cc1ccc(OCCN2CCOCC2)cc1,2
B1OCc2ccc(OCc3cn(CCN4CCN(c5ccnc6ccccc56)CC4)nn3)cc21,2
O=C1C=C2OCOC23CC1C(c1ccccc1)C3,2
O=C(CCCNc1ccnc2ccccc12)NCCCNC1CCOC(OC2CCCCNCCCCOC(=O)CCC2)C1,2
O=C1C(=Cc2ccc(OCCN3CCCCC3)cc2)CCC1=Cc1ccc(OCCN2CCCCC2)cc1,2
c1ccc(NCCNCCOC2CC3CCCC4CCC5OOC43C(O2)O5)cc1,2
C(=NOCc1ccccc1)C1CCN(CCCc2ccccc2)CC1,2
O=c1[nH]c2c3cccnc3ccc2c2ccccc12,2
O=C(CNC(=O)c1cn(C2CC2)c2cc(N3CCNCC3)ccc2c1=O)OC(c1ccnc2ccccc12)C1CC2CCN1CC2,2
c1cc(CNc2nccc(N3CCCC3)n2)cc(Nc2ccnc3ccccc23)c1,2
O=C1CC(=O)C2(CO2)C(=O)C1,2
c1ccc2c(NCCn3cc(COc4ccc(B5OCCO5)cc4)nn3)ccnc2c1,2
O=C1C=C(Nc2ccc3ccccc3c2)OC1,2
c1c[nH]c2nc3ccccc3c-2c1,2
O=C(CCCC1CCCCC1)NCCCN1CCN(CCCNc2ccnc3ccccc23)CC1,2
O=C(CCCc1c[nH]c2ccccc12)NCCCN1CCN(CCCNc2ccnc3ccccc23)CC1,2
O=C1C=CC23CC(NC4=C2C2=NCCc5c[nH]c(c52)C4=O)SC3C1,2
O=C(OCc1cn(-c2ccnc3ccccc23)nn1)c1ccccc1,2
C(=Nc1ccnc2ccccc12)c1ccc(C2OOC(c3ccccc3)OO2)cc1,2
C(=Cc1ccccc1)C1=NN(c2ccccc2)C(c2ccccc2)C1,2
O=S(=O)(NCCNCCNc1ccnc2ccccc12)c1ccc(Oc2ccccc2)nc1,2
O=C(CNc1cc(=O)c1=O)NN(Cc1ccccc1)C(=O)C=CS(=O)(=O)c1ccccc1,2
O=C1C(=O)N(Cc2cn(CC3OC4OCOC4C4OCOC34)nn2)c2ccccc21,2
c1ccc(-c2ccnc(NCCCCCCCCNc3ccnc4ccccc34)n2)cc1,2
O=C1CC(c2ccccc2)N(Cc2ccccc2)C(c2ccccc2)C1,2
O=C1CCC(C(=O)NCC(=O)NC(C=CS(=O)(=O)c2ccccc2)CCc2ccccc2)CC1,2
O=C1C2Cc3c([nH]c4ccccc34)C(c3ccc4c(c3)OCO4)N2C(=O)CN1C1CCN(Cc2ccccc2)CC1,2
C1=C2CC(OC3OCCCC3OC3CCCCO3)CCC2C2CCC3CCCC3C2C1,2
c1ccc2c(NCCN3C4CC5CC(C4)CC3C5)ccnc2c1,2
O=C(CN(CCNc1ccnc2ccccc12)CC(=O)N(c1ccccc1)c1ccccc1)N(c1ccccc1)c1ccccc1,2
C1CC2CCC3OOC24C(C1)CC(OCCNCCN1CCOCC1)OC4O3,2
c1ccc(Nc2ccnc3nccn23)cc1,2
c1ccc2c(c1)C1=NCCN1C2Cc1ccc2c(c1)OCO2,2
O=C1c2ccccc2C(=O)c2cc(CN3CCCCC3)ccc21,2
O=C(C1CCN(c2nccc3[nH]c(-c4ccccc4)nc23)CC1)N1CCNCC1,2
c1ccc2c(NCCn3cc(C4CCCCC4)nn3)ccnc2c1,2
c1ccc2c(c1)nc(NCCNCCNc1nc3ccccc3n3cccc13)c1cccn12,2
O=C(Nc1c[nH]c(C(=O)Nc2c[nH]c(C(=O)NCCN3CCOCC3)c2)c1)c1cc2ccccc2cn1,2
C1=CC2CC2CCC2Oc3ccccc3CC2CC1,2
c1ccc(-c2c[nH+]cc(C3CCCCO3)c2)cc1,2
O=C(c1cc(-c2ccccc2)[nH]n1)N1CCN(c2ccccn2)CC1,2
O=C1CNC(=O)CNC(=O)C(Cc2ccccc2)NC(=O)CNC(=O)CNC(=O)C(Cc2ccccc2)NC(=O)CN1,2
O=C(CCNCc1ccccc1)OC1CC2CCCC3CCC4OOC32C(O4)O1,2
c1ccc(Nc2ncnc(OCc3cn(CCNc4cccc5ccccc45)nn3)n2)cc1,2
C(=CCOC1CC2CCCC3CCC4OOC32C(O1)O4)COC1CC2CCCC3CCC4OOC32C(O1)O4,2
O=P(OCCC1CC2CCCC3CCC4OOC32C(O1)O4)(OCCC1COC2OC3CCC4CCCC1C42OO3)Oc1ccccc1,2
c1ccc(Nc2cncc(-c3ccccc3)c2)cc1,2
O=C1C=CC(CSc2cccc[nH+]2)N1CCNc1ccnc2ccccc12,2
O=C(CC1CC2CCCC3CCC4OOC32C(O1)O4)CC1CC2CCCC3CCC4OOC32C(O1)O4,2
c1ccc(-c2ccnc(OCCCNc3ccnc4ccccc34)n2)cc1,2
O=c1cc(NCCCNc2cccc3cccnc23)c1=O,2
O=C(Cc1cc(-c2ccccc2)oc1-c1ccccc1)NCCC(c1ccccc1)c1ccccc1,2
O=C1C=C(c2cc3ccccc3o2)C(=O)c2ccccc21,2
c1nnn(CCCOC2OCCCC2OC2CCCCO2)c1COC1C(COCc2cn(CCCOC3OCCCC3OC3CCCCO3)nn2)OC(OC2C(COCc3cn(CCCOC4OCCCC4OC4CCCCO4)nn3)OC(OCc3cn(CCCOC4OCCCC4OC4CCCCO4)nn3)C(OCc3cnnn3CCCOC3OCCCC3OC3CCCCO3)C2OCc2cn(CCCOC3OCCCC3OC3CCCCO3)nn2)C(OCc2cnnn2CCCOC2OCCCC2OC2CCCCO2)C1OCc1cn(CCCOC2OCCCC2OC2CCCCO2)nn1,2
c1ccc(-c2cc(NC3CCCCC3)n3c(c2)nc2ccccc23)cc1,2
c1ccc2c(-n3cc(COc4ccc(B5OCCO5)cc4)nn3)ccnc2c1,2
C1=C(c2ccccc2)NNC1c1ccccc1,2
c1ccc(Nc2nc(NCCCNc3ccnc4ccccc34)nc(N3CCOCC3)n2)cc1,2
O=C(NC(CCNCc1ccccc1)Cc1ccccc1)c1ccc(C(=O)N2CCCCC2)cc1,2
O=C(Cc1cc(-c2ccccc2)oc1-c1ccccc1)NCC(c1ccccc1)c1ccccc1,2
c1cnc2c(c1)nc(NCCCN1CCN(CCCNc3nc4cccnc4n4cccc34)CC1)c1cccn12,2
O=S(=O)(Nc1ccccc1)c1ccc(Nc2ccccc2)s1,2
c1ccc(CNc2nc(-c3nnc(-c4ccccc4)o3)nc3ccccc23)cc1,2
c1ccc(Cn2ccc3ncncc32)cc1,2
c1ccc(CNc2ccccc2)cc1,2
O=C1C(=Cc2ccc(Oc3ccccc3)cc2)Oc2ccccc21,2
c1ccc(C(CC2CC3CCCC4CCC5OOC43C(O2)O5)CC2CC3CCCC4CCC5OOC43C(O2)O5)cc1,2
N=C(NCc1ccccc1)c1ccc(N2CCN(c3ccc(C(=N)NCc4ccccc4)cc3)CC2)cc1,2
c1ccc2c(c1)C(=NN1CCNCC1)c1cnc3ccccc3c1-2,2
c1ccc(Cc2nncc3ccccc23)cc1,2
O=C1CN(C(=O)c2ccnc3ccccc23)CCN1Cc1ccccc1,2
O=C(CN1CCCCC1)Nc1cc(COC(=O)CN2CCCCC2)cc(Nc2ccnc3ccccc23)c1,2
O=C(c1ccc(Nc2nccc(NCCCCCCNc3ccnc4ccccc34)n2)cc1)N1CCCC1,2
O=C(c1ccc(Nc2ccnc(NCCCNc3ccnc4ccccc34)n2)cc1)N1CCCC1,2
O=C1C=C(NCCNc2ccnc3ccccc23)C(=O)c2ccccc21,2
O=C1C=CC2OOC(c3c[nH]c4ccccc34)OC2C1,2
O=S(=O)(c1ccc(C2CCC3(CC2)OOC2(O3)C3CC4CC(C3)CC2C4)cc1)N1CCNCC1,2
c1ccc(Nc2ncnc(OCc3cn(CCCNc4ccnc5ccccc45)nn3)n2)cc1,2
c1ccc2c(c1)N=C1CC3CCN4CCC12C4C3,2
c1cc(C2CCC3(CC2)OOC2(O3)C3CC4CC(C3)CC2C4)ccc1OCCN1CCCC1,2
O=C1CC2(N3CCCC3)CC(c3ccccc3)C1C(c1ccccc1)C2,2
c1ccc(C(c2nnn[nH]2)N2CCN(c3ccnc4ccccc34)CC2)cc1,2
O=C(Nc1c[nH]c(C(=O)Nc2nccs2)c1)c1cc(C=Cc2ccccc2)c[nH]1,2
O=C(Nc1c[nH]c(C(=O)Nc2c[nH]c(C(=O)NCCN3CCOCC3)c2)c1)c1ccc(C=Cc2ccc3nsnc3c2)cc1,2
C(#Cc1cc2ccccc2[nH]1)c1ccccc1,2
O=C1CNC(=O)CNC(=O)CNC(=O)C(Cc2ccccc2)NC(=O)CNC(=O)C(Cc2ccccc2)NC(=O)CNC(=O)CN1,2
O=C1OC(CN2CCN(c3ccccc3)CC2)CN1CCCCCCNc1ccnc2ccccc12,2
c1cc(CNc2ccncn2)cc(Nc2ccnc3ccccc23)c1,2
O=C(NN(CC1CCCCC1)c1ccncn1)c1ccc(CN2CCNCC2)cc1,2
O=C1C(=Cc2cccc(-c3ccccc3)c2)Oc2ccccc21,2
O=C(C=Cc1ccccc1)Nc1ccc(NC(=O)C=Cc2ccccc2)c(C(=O)c2ccccc2)c1,2
O=C(Cc1cccc2ccccc12)NCCCN1CCN(CCCNc2ccnc3ccccc23)CC1,2
O=C(c1ccco1)N1CCNCC1,2
O=C1CNC(=O)C(Cc2ccccc2)OC(=O)C(Cc2ccccc2)NC(=O)CNC(=O)C(Cc2ccccc2)NC(=O)CN1,2
c1ccc(C2CCC3(CC2)OOC2(O3)C3CC4CC(C3)CC2C4)c(OCCN2CCOCC2)c1,2
c1cnc(N(CCNc2ccnc3ccccc23)Cc2ccco2)nc1,2
O=C(CCNCCCCNc1ccnc2ccccc12)OC1CC2CCCC3CCC4OOC32C(O4)O1,2
O=S(=O)(c1ccccc1)c1cc2ccccc2c2scnc12,2
O=C1C2=C(C(=O)c3cc4c(cc31)C1CCC(=O)c3coc(c31)C4=O)S(=O)(=O)CCN2,2
c1ccc(CNCc2cnc3ccccc3c2)nc1,2
C(CCCCCCNC1=NCCCN1)CCCCCNC1=NCCCN1,2
O=C1C=C(c2ccccn2)N(Cc2ccccc2)C(c2ccccn2)C1,2
O=C(NCCCc1ccccc1)c1ccccc1,2
C1=NOC(c2nc(-c3ccc4ccccc4c3)no2)C1,2
c1cc(CNc2ccnc(N3CCCCCC3)n2)cc(Nc2ccnc3ccccc23)c1,2
c1ccc(CN2CCN(Cc3ccc(COC4CC5CCCC6CCC7OOC65C(O4)O7)cc3)CC2)cc1,2
c1ccc(Nc2ncnc(NCCN(CCOC3CC4CCCC5CCC6OOC54C(O3)O6)CCOC3CC4CCCC5CCC6OOC54C(O3)O6)n2)cc1,2
O=C(NCCCCCNc1ccnc2ccccc12)C(=O)NC1CC(n2ccc(=O)[nH]c2=O)OC1CO[SiH](c1ccccc1)c1ccccc1,2
O=c1ccn(C2CCCO2)c(=O)n1Cc1cccc(Nc2ccnc3ccccc23)c1,2
O=C(CCN1CCCCC1)OC1CC2(N3CCCCC3)CC(c3ccccc3)C1C(c1ccccc1)C2,2
O=S(=O)(C=CSc1ccccc1)Cc1ccccc1,2
c1ccc2c(NCCCCCCCCCNc3ccnc4ccccc34)ccnc2c1,2
c1ccc2c(NCCNCCNc3ccnc4ccccc34)nccc2c1,2
c1cnc(N(CCCNc2ccnc3ccccc23)Cc2ccco2)nc1,2
c1coc(CN(CCCNc2ccnc3ccccc23)c2ccnc(N3CCCC3)n2)c1,2
O=C1C=C(Nc2ccc(S(=O)(=O)N3CCc4ccccc4C3)cc2)C(=O)c2ccccc21,2
O=C1CCSC(c2ccccc2)N1CCCNc1ccnc2ccccc12,2
O=c1ccn(C2CC2)c(CNCCCCNc2ccnc3ccccc23)c1,2
C1=C2CCCC3CCCC(CC1)C23,2
C1CC2CC(CC34CC5CC(CC(C5)C3)C4)OOC2O1,2
O=C1CCC2C3CCC4C5CC6(CCCCO6)CC5CC4C3CCC23OC13,2
c1ccc(-c2cnc3ccc(NC4CCCCC4)nn23)cc1,2
c1cc2c(cc1OCCCN1CCCCC1)CCC1CCCCC21,2
O=C(NCc1cccnc1)C1CNCC1c1cccnc1,2
c1ccc(-c2n[nH]c3cccnc23)cc1,2
O=C(NCCN1CCOCC1)c1ccc(-c2cncc(-c3cccnc3)c2)cc1,2
c1cnc(N2CCC3(CCN(Cc4cc5ccccc5c5ccccc45)C3)CC2)nc1,2
c1ccc(-c2ccc(CN3CCC4(CCN(c5ncccn5)CC4)C3)cc2)cc1,2
c1cnc(N2CCC3(CCN(Cc4cccnc4)C3)CC2)nc1,2
c1cnc(N2CCC3(CCN(Cc4cncc5ccccc45)C3)CC2)nc1,2
O=C(CNCc1ccccc1)Nc1cccc(Nc2ccnc3ccccc23)c1,2
c1ccc2c(N3CCN(c4ccnc5ncnn45)CC3)ccnc2c1,2
O=C1OC2OC3CCC4CCCC(C15CC5)C42OO3,2
O=C(Cn1cc(COc2ccccc2)nn1)NCCCCNc1ccnc2ccccc12,2
c1ccc(CCN2CCC3(N4CCCC4)CC(c4ccccc4)C2C(c2ccccc2)C3)cc1,2
O=S(=O)(NCCNCCCCCNc1ccnc2ccccc12)c1cccc2ccccc12,2
O=C1CCC2C(CCC3C4CCC=C4CCC23)C1,2
S=C(NCCCNc1ccnc2ccccc12)NCCCN(CCCCN(CCCNC(=S)NCCCNc1ccnc2ccccc12)CCCNC(=S)NCCCNc1ccnc2ccccc12)CCCNC(=S)NCCCNc1ccnc2ccccc12,2
O=C(Nc1nccs1)c1cc2ccccc2[nH]1,2
O=C1C(Cc2ccccc2)=C(OCCCCCC[P+](c2ccccc2)(c2ccccc2)c2ccccc2)C(=O)c2ccccc21,2
c1coc(CN(CCCNc2ccnc3ccccc23)c2nccc(N3CCCCC3)n2)c1,2
O=C1Nc2ccccc2C12CC1NCC3CC2OCC31,2
O=C(NC(Cc1ccccc1)C(=O)NN(CCc1ccccc1)c1cc(=O)c1=O)OCc1ccccc1,2
c1ccc(C2CC3(N4CCCCC4)CCN(CCN4CCNCC4)C2C(c2ccccc2)C3)cc1,2
O=C(COc1ccc(C=CC(=O)c2ccccc2)cc1)NCCCNc1ccnc2ccccc12,2
O=C(CC1CCCCC1)NCCCN1CCN(CCCNc2ccnc3ccccc23)CC1,2
O=C(CCN1CCOCC1)OC1CC2CCCC3CCC4OOC32C(O4)O1,2
N=S1(=O)CC2C(OC(COCc3ccccc3)C(OCc3ccccc3)C2OCc2ccccc2)c2ccccc21,2
c1ccc(-c2ccnc(NCCCCCCCCCCCCNc3ccnc4ccccc34)n2)cc1,2
c1ccc(CNc2ccnc(-c3ccccn3)n2)cc1,2
C=C1C(=O)OC2C=CCCC=CCCC12,2
c1ccc(CN2CC3(CCN(c4ncccn4)C3)C2)nc1,2
c1ccc2c(NCCNCCNc3c4ccccc4nc4ccccc34)c3ccccc3nc2c1,2
c1ccc2c(c1)c[nH+]c1c3ccccc3c3occc3c21,2
c1ccc(COCc2ccc(C34CCC5CCCCC5(CO3)OO4)cc2)cc1,2
C(=Cc1ccc2c(c1)OCO2)Cn1cc(COc2ccc3c4ccncc4n(Cc4cn(CC=Cc5ccc6c(c5)OCO6)nn4)c3c2)nn1,2
O=C1c2ccccc2SC(c2ccccc2)N1CCCCNc1ccnc2ccccc12,2
c1cc(C2CCC3(CC2)CCC2(OO3)C3CC4CC(C3)CC2C4)ccc1OCCN1CCOCC1,2
O=C(C=CCCC1CCCCC1)N1C(=O)C=CC1Cc1c[nH]c2ccccc12,2
c1ccc2c(NCc3ncc(CN4CCCC4)[nH]3)ccnc2c1,2
C=C1CN2CCc3c([nH]c4ccccc34)C2CC1CCc1c[n+]2c(c3[nH]c4ccccc4c13)CC1C=COCC1C2,2
O=S(=O)(c1cccc(-c2ccc3ncc(-c4ccc(-c5nnn[nH]5)cc4)n3n2)c1)C1CC1,2
O=C(Nc1cccnc1)c1ccnn1Cc1ccccc1,2
c1ccc(Nc2cc3[nH]c(Nc4ccc(N5CCN(C6CC6)CC5)cn4)nc3cn2)cc1,2
c1ccc(-c2nc3cnc(Nc4ccc(N5CCNCC5)cn4)cc3[nH]2)cc1,2
O=C(NNC(=S)Nc1ccccc1)c1cn(Cc2nnc[nH]2)c2ccccc2c1=O,2
O=C(CNC(=O)C1=CNC2C=C3OCOC3=CC2C1=O)OC(c1cccc2ccccc12)C1CC2CCC1CC2,2
c1cnc(N2CCC3(CN(Cc4c[nH]c5ncccc45)C3)C2)nc1,2
O=C(COc1ccc(C=NNc2ccnc3ccccc23)cc1)c1ccccc1,2
O=C(NCCCN1CCN(CCCNc2ccnc3ccccc23)CC1)c1ccc(C(=O)c2ccccc2)cc1,2
O=C1OC(CN2CCN(c3ccccc3)CC2)CN1CCCNc1ccnc2ccccc12,2
C1=CC(c2ccc[nH]2)=NC1=Cc1[nH]c(CCC2CCCCC2)cc1CCC1CCCCC1,2
c1ccc2c(c1)cc1c3c(cc4c(c32)OCO4)CCN1,2
O=C(CCNCc1ccccc1)c1ccc2ccccc2c1,2
O=C1C=C(CCCC[P+](c2ccccc2)(c2ccccc2)c2ccccc2)C(=O)c2ccccc21,2
c1ccc2c(N3CCN(CCCOc4ccc5c(c4)CCC4CCCCC54)CC3)ccnc2c1,2
O=C(NCCCCCNc1ccnc2ccccc12)C(=O)NC1COC(n2ccc(=O)[nH]c2=O)C1,2
c1ccc(-c2cncc(-c3ccc(OCCN4CCCC4)cc3)c2)cc1,2
O=c1cc(CNCCNc2ccnc3ccccc23)[nH]cc1OCc1ccccc1,2
O=c1[nH]c2ccccc2c2ccccc12,2
O=C1C(Nc2ccc(-c3ccccc3)cc2)=CC(=O)c2ncccc21,2
O=C(Nc1c[nH]c(C(=O)Nc2c[nH]c(C(=O)Nc3c[nH]cn3)c2)c1)c1cc2ccccc2cn1,2
c1ccc2c(NCCN3CC[N+](CCOC4CC5CCCC6CCC7OOC65C(O4)O7)(OC4CC5CCCC6CCC7OOC65C(O7)O4)CC3)ccnc2c1,2
O=C(Nc1c[nH]c(C(=O)Nc2c[nH]c(C(=O)Nc3c[nH]c(C(=O)NCCN4CCOCC4)c3)c2)c1)c1ccccc1,2
c1cnc2c(c1)N=C(N1CCNCC1)c1ccccc1N2,2
O=C1c2[nH]cc3c2C(=[NH+]CC3)c2c(-c3ccccc3)c[nH]c21,2
O=S1(=O)CC[NH+](C2CCC3(CC2)OOC2(OO3)C3CC4CC(C3)CC2C4)CC1,2
C1=C(c2ccccc2)CCN(CCCc2ccc3c(c2)OCO3)C1,2
c1cc(C2CCC3(CC2)OOC2(O3)C3CC4CC(C3)CC2C4)ccc1OCCN1CCCOCC1,2
O=c1cccnn1CC1CN1Cc1cnc2ccccc2c1,2
O=C1CNC(=O)CNC(=O)C2CCCN2C(=O)CNC(=O)C2CCCN2C(=O)C2CCCN2C(=O)CNC(=O)CN1,2
S=C(NCCCNc1nc2ccccc2c2[nH]c3ccccc3c12)Nc1ccccc1,2
O=C(NCCc1c[nH]c2ccccc12)c1cc2c(cn1)[nH]c1ccccc12,2
O=C1CNc2cccc3[nH]cc(c23)CCN1,2
C(=CC1CC2CCCC3CCC4OOC32C(O1)O4)c1cccc(C=CC2CC3CCCC4CCC5OOC43C(O2)O5)c1,2
c1cc(N2CCOCC2)nc(NCCNc2nc(N3CCOCC3)nc(N3CCOCC3)n2)n1,2
O=C(NCCc1cnc[nH]1)C1CC2CCC1O2,2
c1cc(CNc2ccnc(N3CCOCC3)n2)cc(Nc2ccnc3ccccc23)c1,2
O=C1C2C3CCC(O3)C2C(=O)N1C1CCCCC1,2
C1=NCCc2c1cccc2-c1ccc2ccccc2c1,2
c1ccc(N2CCN(c3nccc(NCc4cccc(Nc5ccnc6ccccc56)c4)n3)CC2)cc1,2
O=C(c1cc(-c2ccc(CN3CCOCC3)cc2)nc2ccccc12)N1CCCCC1,2
c1ccc2c(CNCCN3CCNCC3)cc(-c3ccc(CN4CCOCC4)cc3)nc2c1,2
O=C1CCCc2cccc(-c3ccccc3)c2C1,2
c1cc(C2CCC3(CC2)OOC2(O3)C3CC4CC(C3)CC2C4)ccc1OCCCNC1CCOCC1,2
O=C(c1ccnc(Nc2nc3ccc(-c4ccccc4)nc3[nH]2)c1)N1CCNCC1,2
O=C(C=C1CCC2C1CCC1C3CCCCC3CCC21)NNS(=O)(=O)c1ccccc1,2
c1cc(CCC2CC3CCCC4CCC5OOC43C(O2)O5)ccc1CCC1CC2CCCC3CCC4OOC32C(O1)O4,2
O=C(NCCCCCNc1ccnc2ccccc12)NC1CC(n2ccc(=O)[nH]c2=O)OC1CO[SiH](c1ccccc1)c1ccccc1,2
O=c1cccnn1CCNCc1ccnc2ccccc12,2
O=C(CNc1ccnc2ccccc12)NCc1nccc2c1[nH]c1ccccc12,2
c1ccc(CCc2cccc(N=c3cc[nH]c4ccccc34)c2)cc1,2
O=C(OC1CC2CCCC3CCC4OOC32C(O4)O1)c1ccc(C=CC(=O)c2ccco2)cc1,2
O=C(NC(CCN1CCN(Cc2ccccc2)CC1)Cc1ccccc1)C(Cc1ccccc1)N1C(=O)c2ccccc2C1=O,2
O=C(NC(CCNCc1ccccc1)Cc1ccccc1)c1cccc(C(=O)N2CCCC2)c1,2
c1ccc(Cc2ccc(-c3ccc4ccccc4n3)cc2)cc1,2
c1ccc2c(Nc3ccc4[nH]c(NCCN5CCOCC5)nc4c3)ccnc2c1,2
O=c1ccn(C2CCC(COC3CC4CCCC5CCC6OOC54C(O3)O6)O2)c(=O)[nH]1,2
O=C(NCCNc1ccnc2ccccc12)NC1CC(n2ccc(=O)[nH]c2=O)OC1CO[SiH](c1ccccc1)c1ccccc1,2
O=c1ccn(C2CCCO2)c(=O)n1CCNc1ccnc2ccccc12,2
O=[PH](OCCCC1CC2CCCC3CCC4OOC32C(O1)O4)OCCC1CC2CCCC3CCC4OOC32C(O1)O4,2
C=C1CCC2CC3=C(CC(=O)CC3=O)OC2CCC2CCC12,2
c1ccc2c(c1)Cc1cc(CN3CCc4cc5c(cc4C3C3OCc4ccccc43)OCO5)ccc1-2,2
O=C(NCCCN1CCN(CCCNc2ccnc3ccccc23)CC1)C(c1ccccc1)c1ccccc1,2
c1cnc(N2CCC3(CCN(Cc4coc5ccccc45)C3)CC2)nc1,2
c1ccc(-c2ccc(-c3cc4ccccc4[nH]3)o2)nc1,2
c1ccc2c(NCCN=C3C4CC5CC(C4)CC3C5)ccnc2c1,2
c1ccc2[nH]c(C3CCN(c4ccnc(N5CCOCC5)n4)CC3)nc2c1,2
O=C(NCCNc1ccnc2ccccc12)NN=Cc1ccccc1,2
c1cc(NCCCCNc2ccnc3ncnn23)n2ncnc2n1,2
O=C(CN1CCCCC1)Nc1cc(COC(=O)CCCCCN2CCCCC2)cc(Nc2ccnc3ccccc23)c1,2
O=C(NCCCCNc1cccc2cccnc12)NNC(=O)NN=C(c1ccccc1)c1ccccc1,2
c1cc(C2CCC3(CC2)CC2(OO3)C3CC4CC(C3)CC2C4)ccc1OCCN1CCOCC1,2
c1cncc(-c2cncc(-c3ccc(-n4cccn4)cc3)c2)c1,2
O=C(C=Cc1cnc[nH]1)NCCNCCNc1ccnc2ccccc12,2
c1cc(NCCCNc2ccnc3ncnn23)n2ncnc2n1,2
O=C(CCC(=O)OC1CC2CCCC3CCC4OOC32C(O4)O1)NCCCNc1c2ccccc2[nH+]c2[nH]c3ccccc3c12,2
O=C(c1ccc(Nc2ccnc(NCCCCNc3ccnc4ccccc34)n2)cc1)N1CCCCC1,2
c1cncc(-c2cncc(-c3ccncc3)n2)c1,2
O=C(CCc1ccccc1)NC(C(=O)NCc1ccccc1)c1ccco1,2
O=C(OCCC1CC2CCCC3CCC4OOC32C(O1)O4)C1CC=CCC1,2
c1cnc(NCCCCCCNc2ccnc3ccccc23)nc1,2
O=C(CN(CCNc1ccnc2ccccc12)C(=O)c1cnccn1)C1CCCCC1,2
c1ccc2c(NCCCCCCN3C4CC5CC(C4)CC3C5)ccnc2c1,2
O=C1CCSC(c2ccccc2)N1CCNc1ccnc2ccccc12,2
O=C1NC=NC1(c1ccccc1)c1ccccc1,2
c1ccc(Nc2cc3nc4ccccc4n(-c4ccccc4)c-3cc2=NCCN2CCCC2)cc1,2
C1=CCN2C=C(c3ccccc3)NC2=C1,2
c1ccc(Nc2cc3nc4ccccc4n(-c4ccccc4)c-3cc2=NCCCCC23CCCC[NH+]2CCCC3)cc1,2
c1ccc2c(NCCCCCCN3C4C5C6CC7C8C6C4C8C3C75)ccnc2c1,2
O=C(NC(CCNCc1ccccc1)Cc1ccccc1)c1cccc(CN2CCCC2)c1,2
C(CCc1cc2ccccc2c2ccccc12)=NCCc1ccccn1,2
C(CCc1cccc2ccccc12)=NN=Cc1ccco1,2
O=C(CNC(=O)CN1CCCCC1)NCC(=O)NC(Cc1c[nH]c2ccccc12)C(=O)N1CCN=C1COc1ccccc1,2
O=C(C=Cc1cnc2ccccc2c1)c1cccs1,2
O=C(CCN1CCNCC1)N1CCC2(N3CCCCC3)CC(c3ccccc3)C1C(c1ccccc1)C2,2
O=C(COc1ccc(C(=O)C=Cc2ccccc2)cc1)NCCNc1ccnc2ccccc12,2
O=C(COc1ccccc1)NCCCCCCNc1ccnc2ccccc12,2
O=C(NC1CCN(c2ccccc2)CC1)c1cncc(-c2cn[nH]c2)c1,2
O=C(NCc1ccc(-c2ccccc2)cc1)C1CCC1,2
O=C1NCCC2(CCN3CCc4c(oc5ccccc45)C3C2)N1,2
O=C1CCC2C(CCC3C2CCC2C(c4ccoc4)C(=O)C4OC423)C1,2
C1CCC2(CO2)C(C2CO2)C1,2
O=C(NC1CC1)c1cnc(Oc2ccc3c(c2)BOC3)cn1,2
C1=CC2CCCC2CCC1,2
O=C(NCCCNCCCCCCCCCCNCCCNC(=O)C1CCC2(CC1)OOC1(O2)C2CC3CC(C2)CC1C3)C1CCC2(CC1)OOC1(O2)C2CC3CC(C2)CC1C3,2
c1cnc(N2CCC3(CCN(Cc4cnc5ccccc5c4)C3)CC2)nc1,2
c1ccc(COC2CNCCC2CNCc2ccnc3ccccc23)cc1,2
O=C1OC2C=C1CCCCc1ccc(o1)C1OC1C2,2
c1ccc2c(c1)CC(c1ccc3c(c1)OCO3)O2,2
O=C(NCCCN1CCNCC1)c1ccccc1,2
C=C1CCC2Oc3ccc4ccccc4c3C=C12,2
c1ccc2c(NCCCCCCCCNc3ccnc4ncnn34)ccnc2c1,2
c1ccc(C2OOC(c3ccc(CNc4ccnc5ccccc45)cc3)OO2)cc1,2
c1ccc2c(c1)nc(NCCCNCCNc1nc3ccccc3n3cccc13)c1cccn12,2
c1cc(Nc2nc3cnc(NC4CCC4)cc3[nH]2)ncc1N1CCN(CC2CC2)CC1,2
C1=CC(c2ccc[nH]2)=NC1=Cc1[nH]ccc1CCC1CCCCC1,2
O=C(NCCCNCCCNc1ccnc2ccccc12)c1ccc(C=CC(=O)c2ccco2)cc1,2
C(#CC1CN2CCC1CC2)c1ccc(-c2ccccc2)cc1,2
O=C(C=Cc1ccc(C(=O)N2CCN(c3ccnc4ccccc34)CC2)cc1)c1ccco1,2
c1cnc(N2CCC3(CCN(Cc4ccnc5ccccc45)C3)CC2)nc1,2
c1cnc(N2CCC3(CCN(Cc4ccoc4)C3)CC2)nc1,2
c1ccc(COC2CNCCC2CNc2ccnc3ccccc23)cc1,2
O=C(Nc1cc(C(=O)Nc2ccccc2)cc(C(=O)Nc2ccccc2)c1)Nc1cc(C(=O)Nc2ccccc2)cc(C(=O)Nc2ccccc2)c1,2
O=C(CN1CCCCCC1)NCCNc1ccnc2ccccc12,2
O=C(CN1CCCC1)NCCNc1ccnc2ccccc12,2
O=c1cc(CNCCCCNc2ccnc3ccccc23)n(C2CC2)cc1OCc1ccccc1,2
c1ccc2c(NCCNCCN3CCCCCC3)ccnc2c1,2
O=C1C=CC2C(C1)CC(=O)C1C2CCC2C(c3ccoc3)C(=O)C3OC321,2
O=C(NCC1CCCCN1)c1ccccc1,2
O=C1C=C(C(Sc2ccc3ccccc3c2)c2ccccc2)C(=O)c2ccccc21,2
c1coc(CN(CCNc2ccnc3ccccc23)c2ccnc(N3CCOCC3)n2)c1,2
O=C(CC(c1ccccc1)c1c[nH]c2ccccc12)c1ccccc1,2
O=C(NCCCNCCCNCCCNC(=O)NCCC(c1ccccc1)c1ccccc1)NCCC(c1ccccc1)c1ccccc1,2
c1ccc(Nc2nccc(Nc3ccc4c[nH]nc4c3)n2)cc1,2
O=c1[nH]c2cnc3ccc(-c4cnc5ccccc5c4)cc3c2n1-c1ccccc1,2
O=c1[nH]c2cnc3ccc(-c4ccncc4)cc3c2n1-c1ccccc1,2
O=c1[nH]c2cnc3ccc(-c4cccnc4)cc3c2n1C1CCCCC1,2
O=C(Nc1ccc(-c2nc3ccccc3[nH]2)cc1)c1cccs1,2
C1CC2OOC34C(C1)CCCC3CCOC24,2
c1csc(CNc2cccc3nc4ccccc4n23)c1,2
O=C(CCNc1ccnc2ccccc12)NNC(=O)C1Cc2c([nH]c3ccccc23)CN1,2
O=C1C(NCCc2ccccc2)=CC2=[NH+]CCc3c[nH]c1c32,2
O=C(Cc1ccccc1)NCC1CCC(n2cnc3c(NCc4ccc(Oc5ccccc5)cc4)ncnc32)O1,2
O=c1occcc1Cc1ccc2c(c1)C=CCO2,2
O=C(Oc1ccccc1)c1ccccc1,2
O=C(OC1CC2CC(c3ccccc3)C1C(c1ccccc1)C2)c1ccncc1,2
O=C(CCc1ccccc1)NC(Cc1ccccc1)C(=O)NC(Cc1ccccc1)C(=O)C1CO1,2
c1ccc2c(NCCNCC3CC3)ccnc2c1,2
c1cnc(N2CCC3(CN(Cc4ccoc4)C3)C2)nc1,2
c1cnc(N2CCC3(CN(CC4CCCCC4)C3)C2)nc1,2
c1ccc2c(NCc3nc(-c4ccc(N5CCCC5)cc4)c[nH]3)ccnc2c1,2
O=c1ncccn1C1C=CCCO1,2
O=C(CCCc1cn(CCN2CCOCC2)c2ccccc12)NC1CCCCCC1,2
c1ccc(-c2ccc(CN3CC4(CCN(c5ncccn5)C4)C3)cc2)cc1,2
O=c1[nH]c(=O)c2nc[nH]c2[nH]1,2
O=C(NC1CCCCC1)N(CCCCC1CCCCC1)CCc1ccccc1,2
c1ccc(-c2nc(NCCCn3ccnc3)cc(-c3cccnc3)n2)cc1,2
O=C(CNc1ccnc2ccccc12)NNC(=O)C1Cc2c([nH]c3ccccc23)CN1,2
c1cnc(N2CCC3(CN(Cc4ccco4)C3)C2)nc1,2
C1=CC(c2ccc[nH]2)=NC1=Cc1[nH]c(Cc2ccccc2)cc1CCC1CCCCC1,2
C(=Cc1ccccc1)C1=CC2CCCC3CCC4OOC23C(O1)O4,2
O=C1CC(C=Cc2ccccc2)N1C1CCCCC1,2
C1C2CC3CC1CC(C2)C31OOCC(C2CC2)O1,2
O=C1C=CCC=C1,2
c1ccc2c(N3CCN(CCN4CCCCCC4)CC3)ccnc2c1,2
O=C(CC(NC(=O)c1ccccc1)c1ccccc1)NCCNc1ccnc2ccccc12,2
c1ccc2c(c1)OCC1(COCO1)O2,2
c1ccc(-c2ccc(-c3cncnc3)cc2)cc1,2
c1ccc2c(Nc3ccc(CN4CCOCC4)cc3)ccnc2c1,2
C1=CC(=Cc2ccc(-c3cc4ccccc4[nH]3)[nH]2)N=C1,2
O=C(NCCCN(CCCCN(CCCNC(=O)C1CCC2(CC1)OOC1(O2)C2CC3CC(C2)CC1C3)C(=O)C1CCC2(CC1)OOC1(O2)C2CC3CC(C2)CC1C3)C(=O)C1CCC2(CC1)OOC1(O2)C2CC3CC(C2)CC1C3)C1CCC2(CC1)OOC1(O2)C2CC3CC(C2)CC1C3,2
O=C(Cc1ccccc1)NCCCNc1ccnc2ccccc12,2
O=C(CC(NC(=O)c1ccccc1)c1ccccc1)NCc1cn(-c2cccc(Nc3ccnc4ccccc34)c2)nn1,2
O=C(CN1CCNCC1)NC1CC2(N3CCCCC3)CC(c3ccccc3)C1C(c1ccccc1)C2,2
O=C1CC23CC(=O)C(CC2C(c2ccoc2)O1)C1CCCCC1O3,2
c1ccc2c(CNCCCN3CCN(CCCNc4ccnc5ccccc45)CC3)ccnc2c1,2
N=C(Nc1ccc(-c2ccc(-c3ccc(NC(=N)c4cccs4)cc3)o2)cc1)c1cccs1,2
O=C(CCc1cn(S(=O)(=O)c2ccccc2)c2ccccc12)NC12CC3CC(CC(C3)C1)C2,2
O=C(Nc1c[nH]c(C(=O)Nc2nc(C(=O)NCCN3CCOCC3)cs2)c1)c1ccc(C=Cc2ccc3ccccc3n2)cc1,2
O=C1OC(CN2CCN(c3ccccc3)CC2)CN1CCCCNc1ccnc2ccccc12,2
c1ccc(Nc2ccsc2)cc1,2
O=C1C=CC2(C=C1)CC(=O)N2Cc1ccccc1,2
c1ccc(C2OOC(c3ccc(CNc4cccnc4)cc3)OO2)cc1,2
O=C(c1ccc(C2OOC(c3ccccc3)OO2)cc1)N1CCN(c2ccccc2)CC1,2
c1ccc2c(c1)nc1cccc(N3CCNCC3)n12,2
O=C1C=CC(=O)C2=C1COc1ccccc12,2
C=C1CCC(c2cccc3ccccc23)C(=O)O1,2
S=C(NC1CCCCC1)N1CCC(c2cnc[nH]2)CC1,2
O=c1c2ccc(NC3=NCCN3)cc2[nH]c2ccc(NC3=NCCN3)cc12,2
c1csc(-c2cnc3sc(NCC4CCOCC4)nn23)c1,2
c1ccc(CCC[n+]2ccc3c(c2)[nH]c2ccccc23)cc1,2
c1ccc(CN(CCCNCCCNc2ccnc3ccccc23)Cc2ccccc2)cc1,2
c1ccc(N2CCN(CCCc3ccc4ccccc4c3)CC2)cc1,2
c1ccc2c(NCCn3cnc4c(N5CCCCCC5)ncnc43)ccnc2c1,2
C1=C(c2ccccc2)CC2(c3ccccc3)OOC3(CCCC3)OC12,2
c1ccc2c(NCCCCCNCCC3CC4CCCC5CCC6OOC54C(O3)O6)ccnc2c1,2
c1ccc2c(NCCNCCC3CC4CCCC5CCC6OOC54C(O3)O6)ccnc2c1,2
O=S(=O)(c1ccccc1)N1CCC2(CC1)OOC1(O2)C2CC3CC(C2)CC1C3,2
O=C(Nc1c[nH]c(C(=O)Nc2nccs2)c1)c1cc2ccccc2cn1,2
O=C1C=CCC2CCC3CCCCC3C12,2
O=C(CCc1ccccc1)NC(Cc1ccccc1)C(=O)NCC(=O)C1CO1,2
O=C(CCCc1cn(S(=O)(=O)c2ccccc2)c2ccccc12)NC1C2CC3CC(C2)CC1C3,2
c1ccc2c(-n3cc(CN4CCCCC4)nn3)ccnc2c1,2
O=C(CNC(=O)c1ccccc1)Nc1ccccc1,2
c1ccc2c(Nc3ccc4oc(NCCN5CCOCC5)nc4c3)ccnc2c1,2
O=C1C(N2CCN(c3ccccc3)CC2)=CC(=O)c2ncccc21,2
O=C1CC(=O)C2CCCC1C2=O,2
c1ccc2c(N3CCN(C4CCC5(CC4)OOC4(O5)C5CC6CC(C5)CC4C6)CC3)c3ccccc3nc2c1,2
O=C1c2ccccc2C(=O)c2c1n(C1CC1)c[n+]2C1CC1,2
c1cc(CN2CCN(c3nccs3)CC2)cc(Nc2ccnc3ccccc23)c1,2
O=C(Cc1ccccc1)NCCCC(=O)NC(c1ccccc1)(c1ccccc1)c1ccccc1,2
O=C(OCc1ccc(C2CCNCC2OCc2ccc3ccccc3c2)cc1)c1ccccc1,2
O=C(NCCCCCCNc1ccnc2ccccc12)C(=O)NC1C(=O)N(c2ccccc2)C1C=Cc1ccccc1,2
O=C1CC(OC2CCCCO2)C=CCCC=CCCC=CC=CCCO1,2
O=C(CNC(=O)CNC(=O)OCc1ccccc1)NCCc1ccccc1,2
O=C(c1ccc2c(c1)OCO2)N1CCn2c1nc1ccccc12,2
O=C(Nc1cccc2c1[nH]c1c(C3=CC4CCC=CCCCCN5CCC3C3(CC6C=CCCCCN6C43)C5)nccc12)C1CCCCC1,2
C1=Cc2cc3c(cc2OC1)OCC1c2ccccc2OC31,2
O=c1[nH]ccc2cc3c(cc12)-c1cc2c(=O)c4ccccc4oc2cc1CC3,2
O=C(Nc1ccccc1)Nc1ccccc1N1CCCN(Cc2ccccc2)C1=O,2
c1ccc(Oc2cccc(CNCCCN3CCN(CCCNc4ccnc5ccccc45)CC3)c2)cc1,2
O=C(OCCNC12OC3C4C5CC(C6C5C3C61)C42)c1ccccc1,2
c1cc(CNc2nccc(N3CCOCC3)n2)cc(Nc2ccnc3ccccc23)c1,2
O=C1CCCc2ncccc2C(=O)OCC2OC34CC(CC(OC(=O)c5ccccc5)C3CCC2C4OC(=O)c2ccccc2)O1,2
c1cc(C2=NCCN2)ccc1OCCCCOc1ccc(C2=NCCN2)cc1,2
O=c1[nH]cnc2c1ccn2C(COCCP(=O)(NCCc1ccccc1)NCCc1ccccc1)COCCP(=O)(NCCc1ccccc1)NCCc1ccccc1,2
O=C(CN(CCNc1ccnc2ccccc12)C(=O)c1cnccn1)NC1CCCCC1,2
c1ccc2c(NCCCCCCNc3ccnc(N4CCNCC4)n3)ccnc2c1,2
c1csc(CN(CCCNc2ccnc3ccccc23)c2ccnc(N3CCCC3)n2)c1,2
c1ccc(CN(CCNc2ccnc3ccccc23)c2nccc(N3CCCC3)n2)nc1,2
O=C(c1ccc(Nc2nccc(NCCCCCCNc3ccnc4ccccc34)n2)cc1)N1CCOCC1,2
O=C(CC1CCC2(CC1)OOC1(OO2)C2CC3CC(C2)CC1C3)NC1CC(n2ccc(=O)[nH]c2=O)OC1CO[SiH](c1ccccc1)c1ccccc1,2
O=C(CCCCCCC(=O)NCCCCNc1cccc2cccnc12)NCCCCNc1cccc2cccnc12,2
O=C(c1ccnc(Nc2cc3[nH]c(-c4ccccc4)nc3cn2)c1)N1CCN2CCCC2C1,2
C1CCN(C2CCN(C3CCC4(CC3)OOC3(OO4)C4CC5CC(C4)CC3C5)CC2)CC1,2
O=C1C=C(c2ccc(OCCCCCCCCCC[P+](c3ccccc3)(c3ccccc3)c3ccccc3)cc2)C(=O)c2ccccc21,2
c1cnc(N2CCC3(CN(CC4CCCC4)C3)C2)nc1,2
c1cnc(N2CCC3(CN(Cc4n[nH]c5ccccc45)C3)C2)nc1,2
c1ccc2c(NCCCCCCNc3ccnc(N4CCCCC4)n3)ccnc2c1,2
c1ccc2c(C[n+]3ccc4c(c3)[nH]c3ccccc34)cccc2c1,2
c1ccc2c(c1)c(N1CCCCCC1)cc[n+]2Cc1ccc(OCCOc2ccc(C[n+]3ccc(N4CCCCCC4)c4ccccc43)cc2)cc1,2
c1ccc(Oc2ccc(-c3ccccc3)cn2)cc1,2
c1ccc(-c2cncc(-c3ccc(N4CCOCC4)cc3)c2)cc1,2
O=C1C=CC2CCC3C4CCC(OC5CC(OC6CCCCO6)CCO5)CC4CCC3C12,2
O=C(OC(c1ccccc1)c1ccccc1)C1CSC2N1C(=O)C21CC=CC1C(=O)c1ccccc1,2
c1ccc2c(N3CCN(c4ccnc(NC5CCCCC5)n4)CC3)ccnc2c1,2
c1ccc(-c2nc3c(N4CCC(CN5CCNCC5)CC4)cccc3[nH]2)cc1,2
O=c1ccn(C=Cc2ccccn2)c2ccccc12,2
O=S(=O)(c1c[nH]cn1)N(Cc1ccccc1)C1Cc2ccccc2N(Cc2cnc[nH]2)C1,2
O=C1OC2CC3CCCCC3C3Cc4occc4C1C23,2
c1cc2cc(c1)Oc1ccc3c(c1)C(=NCC3)Cc1ccc(cc1)Oc1c3c(cc4c1C(C2)NCC4)OCO3,2
O=C(C=Cc1ccc(OCc2ccccc2)cc1)NCC(=O)Nc1cccc2cccnc12,2
C1=C2CC3CCC(C3)C2OOC12CCN(c1ccnc3ccccc13)CC2,2
c1cc(CNc2ccnc(N3CCCC3)n2)cc(Nc2ccnc3ccccc23)c1,2
O=C1C=C2CC3COC4=CC(=O)C5(CCC6CCCCC67CC25C43O7)C1,2
c1ccc(OCCCCCCCCCCC[n+]2ccsc2)cc1,2
O=C1C=C(OCc2cn(C3CCNCC3)nn2)C(=O)c2ccccc21,2
c1ccc(-c2cc(-c3ccccc3)c3ccccc3n2)cc1,2
c1ccc(CN(CCNc2ccnc3ccccc23)c2ccnc(N3CCCCC3)n2)nc1,2
O=c1c2cc(NC3=NCCN3)ccc2[nH]c2ccc(NC3=NCCN3)cc12,2
O=C(NCCCNCCCCCCNCCCNC(=O)NCc1ccccc1)NCc1ccccc1,2
c1cc(CNc2nccc(N3CCSCC3)n2)cc(Nc2ccnc3ccccc23)c1,2
C(=Cc1n[nH]c2ccccc12)c1ccc2ccccc2n1,2
c1ccc(-c2nc3n(c2NC2CCCCC2)CCNC3)cc1,2
O=C1CCCCCN1,2
S=C(NN=Cc1ccco1)NC1CCCCC1,2
c1ccc2[nH+]cc[nH+]c2c1,2
C=C1CCOC1=O,2
O=C(CCc1ccccc1)NCC(=O)NCC=CC(=O)N1C(=O)C=CC1Cc1c[nH]c2ccccc12,2
c1ccc(N2CCN(c3ccnc(NCc4cccc(Nc5ccnc6ccccc56)c4)n3)CC2)cc1,2
O=C(CCn1c2ccccc2c2ccncc21)NCCNc1ccnc2ccccc12,2
c1ccc2c(NCCCCCCN=C3C4CC5CC(C4)CC3C5)ccnc2c1,2
O=C(C=Cc1cccnc1)c1cnc2ccccc2c1,2
O=C(Nc1cccnc1)c1ccccc1,2
O=C1c2ccccc2C(=O)N1Cc1nc2ccccc2n1Cc1cn(Cc2ccccc2)nn1,2
c1ccc2c(NCCCn3cnc4c(N5CCCCCC5)ncnc43)ccnc2c1,2
c1ccc2c(C(NCCNc3ccnc4ccccc34)c3nnn[nH]3)cccc2c1,2
C1COCOC1,2
O=C(Nc1ccc(-c2nc3ccccc3[nH]2)cc1)c1ccco1,2
c1ccc(N2CCCN(c3ccnc4ccccc34)CC2)cc1,2
O=c1[nH]cnc2c1ccn2CC(COCCP(=O)(NCCc1ccccc1)NCCc1ccccc1)COCCP(=O)(NCCc1ccccc1)NCCc1ccccc1,2
O=C(NCCNc1ccnc2ccccc12)NN=Cc1cccc(CN2CCNCC2)c1,2
c1cnc(N2CCC3(CN(Cc4c[nH]c5cnccc45)C3)C2)nc1,2
O=C(c1cn(CCNc2ccnc3ccccc23)nn1)C1CCCCO1,2
O=C1c2cccc3cccc(c23)C(=O)N1CCCCCCCCNc1ccnc2ccccc12,2
c1ccc(-c2cc(NCCCNc3ccnc4ccccc34)ncn2)cc1,2
O=C(c1ccc(-c2cnc3ccc(-c4ccccc4)nn23)cc1)N1CCCC1,2
c1cc(CNc2ccnc(N3CCCCC3)n2)cc(Nc2ccnc3ccccc23)c1,2
O=S(=O)(C1=C(c2ccccc2)OC(c2ccccc2)(c2ccccc2)C1)c1ccccc1,2
c1ccc(-c2ccn3c(c2)nc2cnccc23)cc1,2
C1=C(c2ccc3ccccc3c2)C2CCN1CC2,2
O=C(NCCc1ccccc1)c1cnc(Oc2ccc3c(c2)BOC3)cn1,2
c1cc(C2CCC3(CC2)OOC2(O3)C3CC4CC(C3)CC2C4)ccc1OCCCN1CC[SH+]CC1,2
O=C(c1ccc(Nc2nccc(NCCNc3ccnc4ccccc34)n2)cc1)N1CCCC1,2
c1cc(C2CCC3(CC2)OOC2(O3)C3CC4CC(C3)CC2C4)ccc1OCCC1CC[SH+]CC1,2
O=C(c1ccc(C2CCC3(CC2)OOC2(OO3)C3CC4CC(C3)CC2C4)cc1)N1CCNCC1,2
C1C2CC3CC1CC(C2)C31OOC2(CCC(Nc3nnn[nH]3)CC2)OO1,2
O=C1C2=C(OCCC2)C(=O)c2ccccc21,2
O=C(Cc1ccccc1)N(CCCN1CCNCC1)Nc1ccncn1,2
C(#CC1CN2CCC1CC2)c1cccnc1,2
c1ccc(CNCCCNc2ccnc3ccccc23)nc1,2
c1ccc2c3c[nH]ccc-3nc2c1,2
O=C1CSC(Nc2ccccc2)=C1C(=O)OCC1CC1,2
c1cc(C2CC2)cc(Nc2nc3cnc(N4CCNCC4)cc3[nH]2)n1,2
c1ccc2c(NCCCNc3nccc(N4CCCC4)n3)ccnc2c1,2
O=C(COc1ccc2c(=O)cc(-c3ccccc3)oc2c1)N1CC[NH+](Cc2ccccc2)CC1,2
c1cc(C[n+]2ccc3c(c2)[nH]c2ccccc23)cc(C[n+]2ccc3c(c2)[nH]c2ccccc23)c1,2
c1ccc(Nc2nc3ccc(C4CCNC4)cc3[nH]2)nc1,2
c1cnc(NCCCCNc2cccc3cccnc23)nc1,2
O=C1C=CCCC1,2
c1cnc(N2CCC3(CCN(Cc4ccc5ccccc5c4)C3)CC2)nc1,2
O=C(OC1CCC2CC=CCCCCC=CCC21)c1ccccc1,2
O=C1c2ccccc2-c2ccccc21,2
O=C(NCc1ccccn1)c1sc(-c2ccccc2)nc1-c1ccccc1,2
O=C1C=C2CCC3C4CCC(=O)C4CCC3C2CC1,2
O=C(c1ccccc1)c1ccccc1NC(=O)C(c1ccccc1)N1CCCCC1,2
O=C(C=Cc1ccccc1)c1ccc(NS(=O)(=O)c2ccccc2)cc1,2
c1ccc2c(NCCCCCCCCNc3ccncn3)ccnc2c1,2
c1ccc2c(NCCn3ccnn3)ccnc2c1,2
O=C(CC1CCC=CCO1)CC1CCc2ccccc2O1,2
O=C(CNC(=O)C1=CN2CCOC3=C(N4CCNCC4)C=CC(C1=O)C32)OC(c1cccc2ccccc12)C1CC2CCC1CC2,2
O=C(Nc1ccccc1)OC(Cn1ccnc1)c1ccccc1,2
c1ccc(Nc2nc(NCCCNc3ccnc4ccccc34)nc(Nc3ccccc3)n2)cc1,2
C=C(c1ccccc1OCc1ccccc1)C1COCOO1,2
c1ccc(Nc2ncnc(NCCNc3cnc4ccccc4c3)n2)cc1,2
O=C1C=C(Nc2ccc3cc4ccccc4cc3c2)SC1,2
c1cc(NCCCCCCCCNc2ccnc3ncnn23)n2ncnc2n1,2
O=C1C=C(C(Nc2ccccc2)c2ccccc2)C(=O)c2ccccc21,2
O=c1c2ccc(NC3=NCCN3)cc2[nH]c2cc(NC3=NCCN3)ccc12,2
O=C(COc1ccccc1)NCCCCNc1ccnc2ccccc12,2
O=C(COc1ccc(C=CC(=O)c2ccccc2)cc1)NCCNc1ccnc2ccccc12,2
O=S(=O)(NCCNCCCCCCNc1ccnc2ccccc12)c1cccc2ccccc12,2
O=c1cc[nH]c2nc(N3CCNCC3)ccc12,2
O=S(=O)(NCCNCCNc1ccnc2ccccc12)c1cccc2cccnc12,2
C1CCCC1,2
O=C(Nc1c[nH]c(C(=O)Nc2c[nH]c(C(=O)NCCN3CCOCC3)c2)c1)c1ccc(C=Cc2ccncc2)cc1,2
O=S(=O)(NCCCNc1ccnc2ccccc12)c1cccc2ccccc12,2
N=C(Nc1c[nH]c(C(=O)Nc2c[nH]c(C(=O)Nc3nc(C(=O)NCCN4CCOCC4)cs3)c2)c1)c1ccccn1,2
O=S(=O)(NCCCNc1ccnc2ccccc12)c1cccc2cccnc12,2
c1ccc(Nc2ncnc3sccc23)cc1,2
O=C(CCCNc1ccnc2ccccc12)NNC(=O)C1Cc2c([nH]c3ccccc23)CN1,2
c1coc(-c2ncnc3ccccc23)c1,2
c1ccc(C2CC3(N4CCCC4)CNCC2C(c2ccccc2)C3)cc1,2
C(=CC1(c2ccccc2)OOC2CC1CCC2OCc1ccccc1)c1ccccc1,2
c1cc(CN2CCCC2)cc(C2CCC3(CC2)OOC2(OO3)C3CC4CC(C3)CC2C4)c1,2
C=C1CCC=CCCC2C(=C)C(=O)CC2CC1,2
C1CCC2(C1)OCCOO2,2
c1ccc(-c2nccc3cc4c(cc23)OCO4)cc1,2
c1cnc(N2CCNCC2)nc1,2
c1ccc(C2CC3(N4CCNCC4)CCNC2C(c2ccccc2)C3)cc1,2
O=C(CCc1ccccc1)NCCc1c[nH]c2ccccc12,2
c1ccc2c(NCCN3CCN(CCOC4CC5CCCC6CCC7OOC65C(O4)O7)CC3)c3ccccc3nc2c1,2
O=S(=O)(CCN1CCCC1)c1cccc(-c2ccc3nccc(-c4ccncc4)c3n2)c1,2
O=C1C(=Cc2ccco2)SC(=S)N1CCCCNc1ccnc2ccccc12,2
O=C1c2ccccc2C(=O)C2OC12,2
C1=CC2C=CC3CC4CC(C1)C2C34,2
c1ccc2c(NCCN(Cc3ccc4c(c3)OCO4)c3ccnc(N4CCCCC4)n3)ccnc2c1,2
O=C(CCc1c[nH]c2ccccc12)NCC(=O)NC(Cc1c[nH]c2ccccc12)C(=O)NCC(=O)NC(Cc1c[nH]c2ccccc12)C(=O)NCC(=O)NC(Cc1c[nH]c2ccccc12)C(=O)NCCSSCCNC(=O)C(Cc1c[nH]c2ccccc12)NC(=O)CNC(=O)C(Cc1c[nH]c2ccccc12)NC(=O)CNC(=O)C(Cc1c[nH]c2ccccc12)NC(=O)CNC(=O)CCc1c[nH]c2ccccc12,2
O=C1CSCN1CCNc1ccnc2ccccc12,2
c1ccc(CC(CN2CCN(Cc3ccc4c(c3)OCO4)CC2)Nc2ccnc3ccccc23)cc1,2
c1cc(C2CCC3(CC2)OOC2(O3)C3CC4CC(C3)CC2C4)ccc1CN1CCOCC1,2
c1ccc2c(N3CCNCC3)c3c(nc2c1)[nH]c1ccccc13,2
O=c1cc(-c2ccc(Cc3cccnc3)cc2)[nH]c2ccccc12,2
c1ccc(Nc2nc(NCCNCCOC3CC4CCCC5CCC6OOC54C(O3)O6)nc(N3CCOCC3)n2)cc1,2
O=C1CC(OC2CCCCO2)CC(OC2CC(NCCCNc3ccnc4ccccc34)CCO2)CCCCNCCCCO1,2
c1ccc(-c2ccnc(NCCCCCCCCCCNc3ccnc4ccccc34)n2)cc1,2
c1ccc(CCN2CCC3(N4CCCCC4)CC(c4ccccc4)C2C(c2ccccc2)C3)cc1,2
O=S(=O)(NCCCNc1nc2ccccc2c2[nH]c3ccccc3c12)c1ccccc1,2
O=C(Nc1cccc2ccccc12)C1CC2CCC1O2,2
C=C1CN2CCC3c4ccccc4NC3C2CC1CC1=NCCc2c1[nH]c1ccccc21,2
O=C(c1ccc(Nc2nccc(NCCNc3ccnc4ccccc34)n2)cc1)N1CCSCC1,2
O=C(c1ccc(Nc2ccnc(NCCCCNc3ccnc4ccccc34)n2)cc1)N1CCCC1,2
c1ccc2c(CNCCNc3ccnc4ccccc34)c3ccccc3cc2c1,2
O=C1C=C(c2cnc3ccccc3c2)C(=O)c2ccccc21,2
O=C(C(=Cc1ccoc1)Oc1ccc(C=NNc2ccnc3ccccc23)cc1)c1ccccc1,2
S=C(NCCCNCCCCCCNCCCNC(=S)NCC(c1ccccc1)c1ccccc1)NCC(c1ccccc1)c1ccccc1,2
O=C(CNC(=O)c1cc2ccccc2[nH]1)NCc1ccccc1,2
c1cc(C2CC2)nc(-n2nc(-c3cn[nH]c3)cc2-c2cn[nH]c2)n1,2
O=C(CCCc1ccccc1)NCC(=O)NCC=CC(=O)N1C(=O)C=CC1Cc1c[nH]c2ccccc12,2
c1cnc(N2CCC3(CCN(Cc4c5ccccc5cc5ccccc45)C3)CC2)nc1,2
O=C1CNC(=O)C2C(CCN2C(=O)CCc2c[nH]c3ccccc23)Oc2ccc(cc2)C=CN1,2
O=S(=O)(Nc1ccnc2ncnn12)c1ccccc1,2
S=C(Nc1ccccc1)Nc1ccccc1,2
O=C(Cc1ccccc1)Nc1cccc2ncccc12,2
O=C(NC1CCn2ccnc21)c1cc[nH]n1,2
O=C1C=C(N2CCN(c3ccnc4ccccc34)CC2)C(=O)c2ccccc21,2
c1ccc(-c2ccnc(Nc3ccccc3Nc3ccnc4ccccc34)n2)cc1,2
c1ccc2c(Nc3ccncc3)ccnc2c1,2
C1=CC(c2ccccn2)N(Cc2ccccc2)C(c2ccccn2)C1,2
O=C1CSCN1CCCCNc1ccnc2ccccc12,2
O=C1CCSC(c2ccccc2)N1CCCCNc1ccnc2ccccc12,2
O=C1C=CC(CSc2ccccn2)N1CCNc1ccnc2ccccc12,2
c1ccc2c(NCCn3cc(CN4CCc5c([nH]c6ccccc56)C4)nn3)ccnc2c1,2
O=S(=O)(c1ccc(C2CCC3(CC2)OOC2(O3)C3CC4CC(C3)CC2C4)cc1)N1CCCCC1,2
O=C(NCCCCCCNc1nc2ccccc2c2[nH]c3ccccc3c12)Nc1ccccc1,2
O=C(NNC(=O)C1Cc2c([nH]c3ccccc23)CN1)c1ccc(Nc2ccnc3ccccc23)cc1,2
c1ccc(C2CC3(N4CCCCC4)CNCC2C(c2ccccc2)C3)cc1,2
O=C(NCCNc1ccnc2ccccc12)NN=Cc1cccc(CN2CCCCC2)c1,2
O=C(NC(CCNC1(c2ccccc2)CC1)Cc1ccccc1)c1ccccc1,2
O=C(NC(CCNCc1ccccc1)Cc1ccccc1)c1ccc(C(=O)N2CCNCC2)cc1,2
O=C(c1ccnc(Nc2nc3cnc(Nc4cccnc4)cc3[nH]2)c1)N1CCN(C2CC2)CC1,2
O=C1C=CC2CCC3C(=CCC4CC(OC5CC(OC6CCCCO6)CCO5)CCC43)C12,2
O=c1[nH]c2c(ccc3cccnc32)c2ccccc12,2
C(=Cc1cccs1)c1ccc2ccccc2n1,2
O=C(NC(CCNC1(c2ccccc2)CCCC1)Cc1ccccc1)c1ccccc1,2
O=C(Nc1ccnc(=O)[nH]1)c1coc(-c2ccccc2)n1,2
c1ccc(CCNC2CCCCC2)cc1,2
c1cnc(N2CCC3(CN(Cc4cc5ccccc5o4)C3)C2)nc1,2
c1cnc(N2CCC3(CN(Cc4ccc5ncccc5c4)C3)C2)nc1,2
c1ccc(Nc2nc(NCCCCCCCCNc3cnc4ccccc4c3)nc(N3CCOCC3)n2)cc1,2
c1ccc2c(NCCCCNCCC3CC4CCCC5CCC6OOC54C(O3)O6)ccnc2c1,2
c1cnc(N2CCC3(CN(Cc4ccc5ccccc5c4)C3)C2)nc1,2
O=C(CC1CC2CCCC3CCC4OOC32C(O1)O4)NCCCNc1ccnc2ccccc12,2
c1ccc(CN2CC3(CCN(c4ncccn4)C3)C2)cc1,2
c1csc(-c2noc(CSc3nnc(-c4c[nH]c5ccccc45)[nH]3)n2)c1,2
C=C(c1ccccc1)C1COC2(CCCCC2)OO1,2
c1ccc(Nc2cc3[nH]c(Nc4cc(N5CCNCC5)ccn4)nc3cn2)cc1,2
c1ccc(CN(CCNc2ccnc3ccccc23)c2nccc(N3CCOCC3)n2)nc1,2
c1ccc2c(NCCCCCCNc3ccnc(N4CCOCC4)n3)ccnc2c1,2
O=C1CCCc2nc3c(cnn3-c3ccccc3)cc21,2
C1CCN(C2CCC3(CC2)OOC2(OO3)C3CC4CC(C3)CC2C4)C1,2
c1ccc2c(NCCCCCCNc3ccncn3)ccnc2c1,2
c1ccc2c(CNCCN3CCCC3)cc(-c3ccc(CN4CCOCC4)cc3)nc2c1,2
c1ccc(N2CCN(c3ncnc4c3ncn4CCNc3ccnc4ccccc34)CC2)cc1,2
c1ccc(Cn2c(NC3CCN(CCc4ccc(-c5ncno5)cc4)C3)nc3ccccc32)cc1,2
c1ccc2c(NCCCn3cc(CN4CCc5c([nH]c6ccccc56)C4)nn3)ccnc2c1,2
O=C(NNc1ccncn1)c1ccc(N2CCNCC2)cc1,2
C1CC(NC2CCC3(CC2)OOC2(OO3)C3CC4CC(C3)CC2C4)CCN1,2
O=C(CSS(=O)(=O)c1ccccc1)c1ccccc1,2
c1ccc2c(c1)[nH]c1c(N3CCC(N4CCCCCC4)CC3)nccc12,2
c1cnc(N2CCC3(CN(Cc4cnc5ccccc5c4)C3)C2)nc1,2
c1ccc(Cc2nc(NCCCCNc3ccnc4ccccc34)oc2N2CCOCC2)cc1,2
c1cc(CNCCCCNc2ccnc3ccccc23)c2c(c1)OCO2,2
c1cnc(N2CCC3(CN(Cc4cccc5ccccc45)C3)C2)nc1,2
c1cnc(N2CCC3(CN(Cc4cc5ccccc5s4)C3)C2)nc1,2
c1ccc2c(C(NCCCNc3ccnc4ccccc34)c3nnn[nH]3)cccc2c1,2
O=c1cc[nH]c(CNCCCCCCNc2ccnc3ccccc23)c1,2
c1cc(CNc2ccnc(N3CCSCC3)n2)cc(Nc2ccnc3ccccc23)c1,2
c1ccc2c(N3CCNCCNCCNCC3)ccnc2c1,2
O=C(C=Cc1ccccc1)OCCCC1CCC2C1CCC1C3CCCCC3=CCC12,2
c1ccc(CNCC23CC4CC(CC(C4)C2)C3)nc1,2
O=C(CN1CCNCC1)N1CCC2(N3CCCCC3)CC(c3ccccc3)C1C(c1ccccc1)C2,2
O=C(NCCCN1CCN(CCCNc2ccnc3ccccc23)CC1)C1CCc2ccccc2C1,2
c1ccc2c(c1)[nH]c1ccc[nH+]c12,2
O=C(OCCC1CC2CCCC3CCC4OOC32C(O1)O4)C1CCCCC1,2
c1cn[nH]c1,2
O=C(CNC(=O)CNC(=O)C(Cc1ccccc1)NC(=O)C1CCCN1)NCC(=O)NCC(=O)NC(Cc1ccccc1)C(=O)N1CCCC1,2
c1cncc(-c2cccc(-c3cccnc3)c2)c1,2
c1cnc2c(Nc3cccc4ncoc34)cccc2c1,2
c1ccc(N(CC2=NCCN2)c2ccccc2)cc1,2
O=C1C(NC(=S)Nc2ccnc3ccccc23)C(C=Cc2ccccc2)N1c1ccccc1,2
c1cc(C2CC2)cc(Nc2nc3ccc(C4CCNCC4)cc3[nH]2)n1,2
c1ccc(Nc2nc3ccc(N4CCNCC4)cc3[nH]2)cc1,2
c1ccc(OCc2ccc3ccccc3c2)cc1,2
O=C(Nc1ccc(C(=O)C=Cc2ccc3c(c2)OCO3)cc1)NS(=O)(=O)c1ccccc1,2
c1ccc(Nc2cc3nc4ccccc4n(-c4ccccc4)c-3cc2=NCCC2CCCN3CCCCC23)cc1,2
c1cc2cc(c1)Oc1ccc(cc1)CC1NCCc3ccc4c(c31)Oc1cc3c(cc1O4)CCN=C3C2,2
c1cc(C2CC3CCCC4CCC5OOC43C(O5)O2)[nH]c1CN1CCCCC1,2
O=C(COc1ccc(C=CC(=O)c2ccccc2)cc1)NCCCCNc1ccnc2ccccc12,2
O=C(CC1CCCCN1)Cn1cnc2cnccc2c1=O,2
c1cnc(OCc2cn(CCNc3ccnc4ccccc34)nn2)nc1,2
O=C1C=CC2C(CCC3C4=CC(=O)C(c5ccoc5)C4CCC32)C1,2
c1ccc2c(NCCCn3cc(C4CCCCC4)nn3)ccnc2c1,2
O=C1CC2Oc3c(cc(-c4cccc5c4CCNC5)c4ccccc34)C23Oc2ccc4c(c2-c2cccc1c23)CCNC4,2
O=c1cc[nH]cc1-c1ccc(CCc2ccccc2)nc1,2
c1ccc(C2CC3CCN(CCN4CCNCC4)C2C(c2ccccc2)C3)cc1,2
c1cc[n+](Cc2ccc(-c3ccc(C[n+]4ccc(N5CCCC5)cc4)cc3)cc2)cc1,2
O=c1[nH]cnc2c1ccn2CC(COCCP(=O)(NCCc1ccccc1)NCCc1ccccc1)COCP(=O)(NCCc1ccccc1)NCCc1ccccc1,2
O=C(NCCCNCCCCNCCCNC(=O)NCC(c1ccccc1)c1ccccc1)NCC(c1ccccc1)c1ccccc1,2
c1ccc(-c2nc3c(N4CCC(CN5CCNCC5)CC4)nncc3[nH]2)cc1,2
N=C1CC2CC(c3ccccc3)C1C(c1ccccc1)C2,2
c1coc(CNCCOC2CC3CCCC4CCC5OOC43C(O2)O5)c1,2
c1ccc2nc(CNCC3CCNCC3)ccc2c1,2
O=C(CNc1ccccc1)c1c[nH]c2ccccc12,2
O=C(NCCc1csc(-c2ccccc2)n1)c1ccccc1,2
O=C(Cc1cc(-c2ccccc2)oc1-c1ccccc1)N1CCN(c2ncccn2)CC1,2
O=C(Nc1ccncc1)OCCN1CCOCC1,2
O=C(CN(Cc1ccccc1)C(=O)c1cccc2ccccc12)Nc1ccccc1,2
C(=Cc1ccc2c(c1)OCO2)Cn1cc(Cn2c3ccccc3c3ccncc32)nn1,2
S=C(NCCCNCCCCCCNCCCNC(=S)Nc1ccccc1)Nc1ccccc1,2
c1ccc2c(NCCCCN=C3C4CC5CC(C4)CC3C5)ccnc2c1,2
c1ccc(Nc2nc3ccc(N4CCN5CCCC5C4)cc3[nH]2)nc1,2
O=C(C=Cc1ccco1)NCCNc1ccnc2ccccc12,2
O=C1c2ccccc2SC(c2ccccc2)N1CCNc1ccnc2ccccc12,2
O=C(c1ccc(-c2cncc(-c3ccccc3)n2)cc1)N1CCOCC1,2
S=C(NCCCNCCCCCCNCCCNC(=S)NCCC(c1ccccc1)c1ccccc1)NCCC(c1ccccc1)c1ccccc1,2
O=S(=O)(c1ccc(-c2cnc3ccc(-c4ccccc4)nn23)cc1)N1CCNCC1,2
O=C(c1ccc(C2CCC3(CC2)OOC2(O3)C3CC4CC(C3)CC2C4)cc1)N1CCNCC1,2
c1ccc(CN(CCCNc2ccnc3ccccc23)c2ncccn2)nc1,2
C1CCC2(CC1)COC1(OO2)C2CC3CC(C2)CC1C3,2
c1cc(C2CCC3(CC2)OOC2(O3)C3CC4CC(C3)CC2C4)ccc1OCCN1CC2(COC2)C1,2
c1ccc(CN(CCNc2ccnc3ccccc23)c2ccncn2)nc1,2
O=C1c2cc3ccc(OC4CC(OC5CCCCO5)CCO4)cc3cc2CCC1OC1CC(OC2CCC(OC3CCCCO3)CO2)CCO1,2
O=C1CSC(=S)N1CCNc1ccnc2ccccc12,2
O=C1C=C(Nc2cccc(S(=O)(=O)NCCc3ccccc3)c2)C(=O)c2ccccc21,2
c1cc[n+]2c(c1)CCCC2,2
c1cc(CNc2nccc(N3CCCCCC3)n2)cc(Nc2ccnc3ccccc23)c1,2
O=C(NCCCCCNc1ccnc2ccccc12)NC1COC(n2ccc(=O)[nH]c2=O)C1,2
c1ccc(CCCc2cccc(N=c3cc[nH]cc3)c2)cc1,2
c1ccc(Cn2nnc(C(CNc3cccc4ccccc34)c3ccccc3)c2-c2ccccc2)cc1,2
c1cc[n+](Cc2ccc(CCCCc3ccc(C[n+]4ccccc4)cc3)cc2)cc1,2
O=C(NCCCCNc1cccc2cccnc12)Nc1ccccc1,2
c1ccc(Nc2ncnc3ccsc23)cc1,2
O=C(c1ccc(CCN2CCC(Nc3nc4ccccc4n3Cc3ccccc3)CC2)cc1)N1CCNCC1,2
O=C(NC(CCNC1CCCC1)Cc1ccccc1)c1ccc(N2CCNCC2)cc1,2
c1ccc(CNC2C3CC4CC(C3)CC2C4)cc1,2
O=C(NC(CCNCc1ccccc1)Cc1ccccc1)c1ccc(N2CCN(Cc3ccccc3)CC2)cc1,2
O=C(Nc1ccccc1)c1cn(CCCCNc2cccc3cccnc23)c(-c2ccccc2)c1-c1ccccc1,2
O=C1CSC(=S)N1CCCCNc1ccnc2ccccc12,2
O=C(CC1CCC2(CC1)OOC1(OO2)C2CC3CC(C2)CC1C3)NC1COC(n2ccc(=O)[nH]c2=O)C1,2
O=C(COc1ccccc1)NCCCNc1ccnc2ccccc12,2
O=C(COc1ccc(C(=O)C=Cc2ccccc2)cc1)NCCCNc1ccnc2ccccc12,2
O=C(COc1ccc(C(=O)C=Cc2ccccc2)cc1)NCCCCCCNc1ccnc2ccccc12,2
c1ccc2c(NCCNC3CCC4(CC3)OOC3(O4)C4CC5CC(C4)CC3C5)c3ccccc3nc2c1,2
C1=NOC(c2nc(-c3ccsc3)no2)C1,2
O=S(=O)(NCCNCCNc1ccnc2ccccc12)c1cccc2ccccc12,2
c1ccc(Oc2ccsc2)cc1,2
O=C(CN1CCNCC1)N1CCN(c2ccnc3ccccc23)CC1,2
c1ccc(CN(CCCNc2ccnc3ccccc23)c2nccc(N3CCOCC3)n2)nc1,2
c1c(COCCOCc2cn(CCCOC3OCCCC3OC3CCCCO3)nn2)nnn1CCCOC1OCCCC1OC1CCCCO1,2
c1csc(CN(CCCNc2ccnc3ccccc23)c2nccc(N3CCCC3)n2)c1,2
O=C(NCC12CC(CN1Cc1ccccc1)C2)c1c[nH]c2ccccc12,2
O=C(CCNCCNc1ccnc2ccccc12)OC1CC2CCCC3CCC4OOC32C(O4)O1,2
c1ccc2c(NCCCN3CCN(CCCNCc4ccsc4)CC3)ccnc2c1,2
O=C(C=Cc1ccccc1)c1cccc(-n2cc(COc3ccc4ccc(=O)oc4c3)nn2)c1,2
O=C1C(=Cc2ccc(OCCCCN3CCCCCC3)cc2)CCC1=Cc1ccc(OCCCCN2CCCCCC2)cc1,2
O=S(=O)(NCCNCCCNc1ccnc2ccccc12)c1cccc2ccccc12,2
O=C(CC1CCC2(CC1)OOC1(OO2)C2CC3CC(C2)CC1C3)NCCNC(=O)CC1CCC2(CC1)OOC1(OO2)C2CC3CC(C2)CC1C3,2
c1ccc2c(NCCNCCC3CC4CCCC5CCC6OOC54C(O3)O6)c3ccccc3nc2c1,2
O=C(CNC(=O)CNC(=O)Cc1ccc2ccccc2c1)NCCCCNc1cccc2cccnc12,2
c1cc(CN2CCN(c3nc4ccccc4[nH]3)CC2)cc(Nc2ccnc3ccccc23)c1,2
O=C(c1ccc(Nc2ccnc(NCCCCNc3ccnc4ccccc34)n2)cc1)N1CCSCC1,2
c1cc2cc(c1)Oc1ccc3c(c1)C(Cc1ccc(cc1)Oc1cccc4c1C(C2)NCC4)NCC3,2
c1ccc2c(-n3cc(CN4CCc5c([nH]c6ccccc56)C4)nn3)ccnc2c1,2
c1cc(-c2ccc3ncc(-c4ccncc4)n3n2)c2ccncc2c1,2
c1ccc(CCn2cnc3ccc(C4CC4)nc32)cc1,2
O=C(Nc1c[nH]c(C(=O)Nc2nccs2)c1)c1ccc(C=Cc2cnc3ccccc3c2)cc1,2
c1ccc(CCn2cnc(-c3ccccc3)c2)cc1,2
O=C(NC(CCNCCCc1ccccc1)Cc1ccccc1)c1ccccc1,2
c1c[nH+]c[nH]1,2
c1ccc(C2CC3(N4CCCCC4)CCN(CCN4CCCC4)C2C(c2ccccc2)C3)cc1,2
c1ccc2c(NCCCn3cc(COc4ccc(B5OCCO5)cc4)nn3)ccnc2c1,2
c1cc(C2CCC3(CC2)CCC2(OC3)C3CC4CC(C3)CC2C4)ccc1OCCN1CCOCC1,2
C1CCC2(CC1)CC1(OO2)C2CC3CC(C2)CC1C3,2
O=C(C=Cc1ccccc1)c1cccc(-n2cc(COc3cc(=O)oc4ccccc34)nn2)c1,2
c1cc(Nc2ccnc3ccccc23)cc(C2CCCCC2)c1,2
O=[PH](OCCCC1CC2CCCC3CCC4OOC32C(O1)O4)OCCCC1CC2CCCC3CCC4OOC32C(O1)O4,2
B1OCc2ccc(Oc3ccccc3)cc21,2
O=C(CC1CCC2(CC1)OOC1(OO2)C2CC3CC(C2)CC1C3)NCCCCNC(=O)CC1CCC2(CC1)OOC1(OO2)C2CC3CC(C2)CC1C3,2
O=C1C=C(Nc2ccc3c(c2)CCCC3)OC1,2
O=C(CCC1OOC2(CCCCC2)OO1)NCc1cccc(CNC(=O)CCC2OOC3(CCCCC3)OO2)c1,2
C=C(Cc1ccccc1)C(=C)Cc1ccccc1,2
c1cc(CC2CCOC2)ccn1,2
c1cc(COCCC2CC3CCCC4CCC5OOC43C(O2)O5)ccc1COCCC1CC2CCCC3CCC4OOC32C(O1)O4,2
O=C(NCCCCCCNc1ccnc2ccccc12)NC1C(=O)N(c2ccccc2)C1C=Cc1ccccc1,2
c1cnc2[nH]ccc2c1,2
c1ccc2c(C(c3nnn[nH]3)N3CCCC3)ccnc2c1,2
c1cnc(N2CCC3(CCN(Cc4csc5ccccc45)C3)CC2)nc1,2
c1ccc(CCNCCC2CC3CCCC4CCC5OOC43C(O2)O5)cc1,2
O=C(c1ccc(-c2ccc3ncc(-c4ccccc4)n3n2)cc1)N1CCOCC1,2
O=C(NN=C(C=Cc1ccccc1)c1ccccc1)c1cccnc1,2
c1cnc2c(NCCCCNCc3ccc(COC4CC5CCCC6CCC7OOC65C(O4)O7)cc3)cccc2c1,2
c1ccc(Sc2nncc(-c3cnncn3)n2)cc1,2
c1ccc(-c2cc[nH]c3c4ccccc4nc2-3)cc1,2
c1ccc(CNCCC2CC3CCCC4CCC5OOC43C(O2)O5)nc1,2
O=c1ccn(C2CC2)c2cc(N3CCN(c4c5ccccc5nc5ccccc45)CC3)ccc12,2
c1ccc(CN(CCCOc2cccc3c[n+](Cc4ccccc4)ccc23)Cc2ccccc2)cc1,2
O=C(CC1CCCCN1)Cn1cnc2cccnc2c1=O,2
c1nnn(CCCOC2OCCCC2OC2CCCCO2)c1COC1C(OCc2cn(CCCOC3OCCCC3OC3CCCCO3)nn2)OC(COCc2cn(CCCOC3OCCCC3OC3CCCCO3)nn2)C(OCc2cn(CCCOC3OCCCC3OC3CCCCO3)nn2)C1OCc1cn(CCCOC2OCCCC2OC2CCCCO2)nn1,2
c1ccc(C(Nc2ccnc3ncnn23)c2ccc(CN3CCNCC3)cc2)cc1,2
O=C1CCC2C1C2C1CO1,2
c1ccc(C(NCCCN2CCN(CCCN=c3cc[nH]c4ccccc34)CC2)c2ccc(CN3CCCC3)cc2)cc1,2
c1ccc(Cc2nc(CNCCCCCCNc3ccnc4ccccc34)oc2N2CCOCC2)cc1,2
O=C1CSC(Nc2ccccc2)=C1C(=O)NCC1CC1,2
O=C(CN1C(=O)C(COC(=O)Nc2ccccc2)N=C(c2ccccc2)c2ccccc21)NC(C=CS(=O)(=O)c1ccccc1)CCc1ccccc1,2
c1cnc2c(NCCCCNCC3CCC4(CC3)OOC3(OO4)C4CC5CC(C4)CC3C5)cccc2c1,2
c1ccc2c(NCCN(CCOC3CC4CCCC5CCC6OOC54C(O3)O6)CCOC3CC4CCCC5CCC6OOC54C(O3)O6)ccnc2c1,2
c1ccc(-c2cc3c(N4CCC(CN5CCNCC5)CC4)nccc3[nH]2)cc1,2
O=C(NN(c1ccncn1)C1CCCCC1)c1ccc(CN2CCNCC2)cc1,2
S=C(NCCCNc1ccnc2ccccc12)N1CCCC1,2
O=C1C=C(Nc2ccc3c(c2)CCC3)SC1,2
S=C(NCCCNc1ccnc2ccccc12)NC1CC1,2
S=C(NCCCNc1ccnc2ccccc12)N1CCOCC1,2
c1ccc(-c2nc3c(N4CCC(CN5CCCCC5)CC4)nccc3[nH]2)cc1,2
O=C1C(c2ccsc2)=[NH+]c2ccccc21,2
c1cncc(-c2ccc3nccc(-c4ccncc4)c3n2)c1,2
c1coc(-c2c[nH+]c3ccccc3[nH+]2)c1,2
c1ccc(-c2coc(CNc3ccnc4ccccc34)n2)cc1,2
c1ccc2ncc(NCCCCNc3nc(NC4CCCCC4)nc(N4CCCCC4)n3)cc2c1,2
c1ccc2c(NCCOCCOc3ccncn3)ccnc2c1,2
O=C(C1CCCO1)N1CCN(c2ncc3ccccc3n2)CC1,2
c1ccc(Nc2nc(NCCCCCCNc3cnc4ccccc4c3)nc(Nc3ccccc3)n2)cc1,2
O=C(c1ccc(CCN2CCC(Nc3nc4ccccc4n3Cc3ccccc3)CC2)cc1)N1CCCCC1,2
C1CCC(C2CC3CCOC3OO2)CC1,2
N=C(NC1CCCC1)c1ccc(N2CCN(c3ccc(C(=N)NC4CCCC4)cc3)CC2)cc1,2
O=C(Cc1ccccn1)NC1CNCC1c1ccccc1,2
c1cnc(N2CCOC3(CCCC3)C2)nc1,2
O=C(OC1CC2(N3CCCCC3)CC(c3ccccc3)C1C(c1ccccc1)C2)c1ccncc1,2
c1ccc2c(NCc3ccc(CN4CCCC4)s3)ccnc2c1,2
C1CC(OCC23CC4CC(CC(C4)C2)C3)OO1,2
c1ccc(CN2CCC(Nc3nc(N4CCCCC4)cc4ccccc34)CC2)cc1,2
O=C(c1ccnc(Nc2nc3cnc(Nc4ccccc4)cc3[nH]2)c1)N1CCS(=O)(=O)CC1,2
c1ccc(CNc2ncnc3cc(-c4ccccc4)sc23)cc1,2
O=S(=O)(NCCNCCNc1ccnc2ccccc12)c1ccc2c(c1)OCCN2,2
c1cc(NCCNc2ccnc3ncnn23)n2ncnc2n1,2
c1ccc(Nc2ncnc(NCCNCCOC3CC4CCCC5CCC6OOC54C(O3)O6)n2)cc1,2
O=C1C=CC2C(CCC3C4=CCC(C5CCOC5=O)C4CCC32)C1,2
c1coc(CNc2cccc3nc4ccccc4n23)c1,2
c1ccc(-c2ncn(Cc3ncn[nH]3)c2-c2ccccc2)cc1,2
C1CCC2C(C1)CCC1C2CCC23CC12CCC3C1CCOC1,2
c1ccc2c(Nc3ccc4oc(NCCCN5CCCCC5)nc4c3)ccnc2c1,2
C=C1C(=O)OC23C4=C5CC12CC1CC2CC2C1C3CC1=C4C(CC5=O)C2CC12,2
c1ccc(CN(CCCNc2ccnc3ccccc23)c2nccc(N3CCCC3)n2)nc1,2
C1=C(c2c[nH]c3ccccc23)CCN(c2ccc3nnc(-c4ccccc4)n3n2)C1,2
O=C1C=C(OCc2ccccc2)C(Cc2ccccc2)N1CCNCCNc1ccnc2ccccc12,2
O=c1cc(CNCCCCCCNc2ccnc3ccccc23)[nH]cc1OCc1ccccc1,2
O=c1cc(CNCCNc2ccnc3ccccc23)n(C2CC2)cc1OCc1ccccc1,2
O=C(NCCCN1CCN(CCCN(CC2CC2)CC2CC2)CC1)C12CCCCC1C1=CCC3C4CCCCC4CCC3C1CC2,2
O=C(CCC(Cc1ccccc1)Nc1ccnc2ccccc12)N1CCNCC1,2
O=C(NC(Cc1ccccc1)C(=O)NNCc1ccccc1)OCc1ccccc1,2
O=c1cc[nH]c(CNCCNc2ccnc3ccccc23)c1,2
O=c1ccn(C2CC2)c(CNCCNc2ccnc3ccccc23)c1,2
c1ccc2c(NCCn3cncc3C3CCCC3)ccnc2c1,2
c1ccc(Nc2nccc(-c3cncs3)n2)cc1,2
O=C1C(=Cc2ccc(OCCCn3ccnc3)cc2)CCC1=Cc1ccc(OCCCn2ccnc2)cc1,2
C1=NOC(c2nc(-c3ccccc3)n[nH]2)C1,2
C(=Cc1c[nH]c2ncccc12)c1ccc2ccccc2[nH+]1,2
O=C(NCCNCCNc1ccnc2ccccc12)c1ccccc1NCc1ccccc1,2
c1ccc2c3nc4ccccc4c-3[nH]cc2c1,2
c1ccc2c(Nc3ccc4oc(NCc5ccncc5)nc4c3)ccnc2c1,2
O=C(Nc1ccc(C(=O)C=Cc2cnc3ccccc3c2)cc1)NS(=O)(=O)c1ccccc1,2
c1ccc2nc(CCc3c[nH]c4ccccc34)ccc2c1,2
c1ccc(Oc2cccc(Oc3ccccc3)n2)cc1,2
c1ccc(-c2ccnc(Nc3ccc(Nc4ccnc5ccccc45)cc3)n2)cc1,2
c1ccc2c(CN(CCCN3CCN(CCCNc4ccnc5ccccc45)CC3)Cc3ccnc4ccccc34)ccnc2c1,2
C(=NCCc1ccccc1)c1ccc(C2OOC(c3ccccc3)OO2)cc1,2
O=C(NCCc1ccccc1)c1cnn2c3c(cnc12)CCCC3,2
O=C(NCCc1ccccc1)c1ccc(C2OOC(c3ccccc3)OO2)cc1,2
c1cnc(N2CCC3(CCN(CC4CCCCC4)C3)CC2)nc1,2
O=C(NCCCNc1nc2ccccc2c2[nH]c3ccccc3c12)c1cccs1,2
c1ccc2c(N3CCN(C4CCC5(CC4)OOC4(O5)C5CC6CC(C5)CC4C6)CC3)ccnc2c1,2
O=c1[nH]c(=O)c2[nH]c(C3CCCC3)nc2[nH]1,2
O=C1C(NCCc2ccccc2)=CC2=NCCc3c[nH]c1c32,2
O=C1CC(=O)C2=C(C1)OC1(CCC3CC1C3)CC2c1ccccc1,2
O=C(CCC(=O)OCCCCC1CCC2C3=CCC4CC(=O)CCC4C3=CCC12)CCC1CCC2C3=C(C(=O)CC12)C1CCCCC1CC3=O,2
O=C(Nc1ccc(-c2nc3ccccc3[nH]2)cc1)c1ccc[nH]1,2
O=C(C=Cc1ccc2ccccc2n1)NCCNCCNc1ccnc2ccccc12,2
O=C(Nc1ccccc1)n1cnc(S(=O)(=O)C2CC3CCC2C3)n1,2
O=C(CN(CCCCNc1ccnc2ccccc12)C(=O)c1cccc(COC2CC3CCCC4CCC5OOC43C(O2)O5)c1)NC1CCCCC1,2
c1ccc(-n2ncc3cccnc32)cc1,2
c1ccc(-c2ccn3c(c2)nc2ncccc23)cc1,2
O=C(NC(CCNCc1ccc2ccccc2c1)Cc1ccccc1)c1ccccc1,2
C1=NCCc2c1cccc2-c1cccc2cccc(-c3cc(-c4cccc5c4CCNC5)c4ccccc4c3)c12,2
c1ccc(CN2CCN(CC(Nc3ccnc4ccccc34)n3ccc4ccccc43)CC2)cc1,2
c1ccc(CC(CN2CCNCC2)Nc2ccnc3ccccc23)cc1,2
O=C(COc1ccccc1)Nc1cc(C2CC2)nn1-c1nccc(=O)[nH]1,2
O=C(NC(CCNC1CCOCC1)Cc1ccccc1)c1ccccc1,2
O=C(CC1CC2CCC1C2)NCc1ccc(-c2ccccc2)cc1,2
O=C1OC2CCOC23OC(Cc2cc4ccccc4[nH]2)CC13,2
C1=CC2CCCC3CCCC(C1)C23,2
c1ccc(CNc2cccc3nc4ccccc4n23)nc1,2
O=C(c1ccccc1)c1ccccc1NC(=O)C(NC(=O)N1CCNCC1)c1ccccc1,2
c1ccc(COCCCOc2ccc(C3CCNCC3OCc3ccc4ccccc4c3)cc2)cc1,2
O=C(NC1CCCCC1)N1CCCN(c2nc(Cc3ccccc3)nc3c2cnn3-c2ccccc2)CC1,2
O=C(NC(CCNCc1ccccc1)Cc1ccccc1)c1cccc(S(=O)(=O)N2CCNCC2)c1,2
c1ccc(-c2cc3ncnc(NCCN4CCCC4)c3s2)cc1,2
c1ccc(Nc2cc[n+](Cc3ccc(-c4ccc(C[n+]5ccc(Nc6ccccc6)c6ccccc65)cc4)cc3)c3ccccc23)cc1,2
c1ccc(-c2cc3cncnc3s2)cc1,2
c1ccc2c(NCCCNCc3ccc(COC4CC5CCCC6CCC7OOC65C(O4)O7)cc3)c3ccccc3nc2c1,2
c1ccc2c(NCCCNC3CCC4(CC3)OOC3(O4)C4CC5CC(C4)CC3C5)ccnc2c1,2
c1ccc(CCNc2nc3cc(Nc4ccnc5ccccc45)ccc3o2)nc1,2
c1ccc2c(Nc3ccc4oc(NN5CCNCC5)nc4c3)ccnc2c1,2
O=c1ccn(C2CC2)c(CNCCCCCCNc2ccnc3ccccc23)c1,2
O=C1C(=Cc2cccc3ccccc23)SC(=S)N1CCCCNc1ccnc2ccccc12,2
O=C(CNC(=O)CNC(=O)C1CCNCC1)NCC=CC(=O)N1C(=O)C=CC1Cc1c[nH]c2ccccc12,2
O=C(CCC1CCCCC1)NC(CCc1ccccc1)C(=O)NCC=CC(=O)N1C(=O)C=CC1Cc1c[nH]c2ccccc12,2
O=S(=O)(Nc1ccc(-c2nccc3c2[nH]c2ccccc23)cc1)c1ccccc1,2
O=c1cc(CNCCCCNc2ccnc3ccccc23)[nH]cc1OCc1ccccc1,2
O=c1cc[nH]c(CNCCCCNc2ccnc3ccccc23)c1,2
O=c1[nH]c2cnc3ccc(-c4ccc5[nH]cnc5c4)cc3c2n1-c1ccccc1,2
O=C1CC(OC2CCCCO2)CC(=O)N2CCC1c1cc3c(cc1C2)OCO3,2
c1ccc2c(NC3CCN(CC4CCCCC4)CC3)nc(N3CCCCC3)nc2c1,2
c1ncc2sc(-c3ccc4nonc4c3)cc2n1,2
O=C1CCCC(OC2OCCCC2OCCCNc2ccnc3ccccc23)CCCCNCCCCO1,2
c1cnc(NCC2CCCN2)nc1,2
c1ccc(CC2NCCc3ccc(Oc4ccccc4CC4NCCc5ccccc54)cc32)cc1,2
c1ccc2c(c1)[nH]c1c[n+](Cc3ccc(C[n+]4ccc5c(c4)[nH]c4ccccc45)cc3)ccc12,2
c1ccc(C[NH2+]CCCNCc2ccc(-c3ccccc3)o2)cc1,2
O=C1CC(OC2CCCCO2)CC(OC2OCCCC2OCCCNCc2ccc3ccccc3n2)CCCCNCCCCO1,2
O=S(=O)(NCc1ccccc1)c1cccc(-c2ccc3ncc(-c4ccccc4)n3n2)c1,2
O=C(CCN1CCCC1)Nc1cc(-c2ccc(CN3CCNCC3)cc2)nc2ccccc12,2
O=C(NCCCN1CCN(CCCNc2ccnc3ccccc23)CC1)C1CCCN1,2
O=c1[nH]cnc2c(C3CCCN3)c[nH]c12,2
c1ccc(C2Cc3c(ccc4c3OCO4)O2)cc1,2
C(CCCNCCCNCC1CCCCCC1)CCCNCCCNCC1CCCCCC1,2
O=C(NC1CCC(Nc2ccccc2)C1)N1CCCCC1,2
N=C(Nc1ccc(-c2cccc(-c3cccc(NC(=N)c4ccccc4)c3)c2)cc1)c1ccccc1,2
c1ccc(Nc2cc3[nH]c(C4CCOC4)nc3cn2)nc1,2
O=C(NCCOCCOCCNc1ccnc2ccccc12)c1ccc(C=CC(=O)c2ccco2)cc1,2
N=C(Nc1ccc(-c2cccc(-c3cccc(NC(=N)c4ccccn4)c3)c2)cc1)c1ccccn1,2
O=C1C=C(Nc2ccc3[nH]c4ccccc4c3c2)SC1,2
c1cnc(N2C3CCCC2CC3)nc1,2
c1ccc(Nc2ncnc(OCc3cn(CCCNc4cccc5ccccc45)nn3)n2)cc1,2
O=C1CSC(=S)N1CCCNc1ccnc2ccccc12,2
O=C1CSC(Nc2ccc3ccccc3c2)=C1C(=O)NC1CC1,2
c1ccc2c(c1)[nH]c1c(N3CCOCC3)nccc12,2
c1ccc2c(c1)[nH]c1c(N3CCNCC3)nccc12,2
c1cncc(CNc2nc3cc(Nc4ccnc5ccccc45)ccc3o2)c1,2
O=C(NCCNc1ccnc2ccccc12)c1ccc(C2OOC(c3ccccc3)OO2)cc1,2
O=C(C1CCCCC1)N1CC(=O)N2CCc3ccccc3C2C1,2
O=C1C(=Cc2cccc3ccccc23)SC(=S)N1CCCNc1ccnc2ccccc12,2
c1ccc(Nc2cc3[nH]cnc3cn2)nc1,2
O=c1[nH]cnc2[nH]nnc12,2
O=C(C=Cc1ccccc1)OCCCC1CCC2C1CCC1C3CCC(OC(=O)C=Cc4ccccc4)CC3=CCC12,2
O=C(CCCNc1ccnc2ccccc12)NCCCOC1CCCOC1OC1CCCCNCCCCOC(=O)CCC1,2
O=C(CCN1CCNCC1)NC1CC2(N3CCCCC3)CC(c3ccccc3)C1C(c1ccccc1)C2,2
c1ccc(-c2cnc3ccc(Nc4cnccn4)nn23)cc1,2
c1ccc2c(NCCCCCCNc3nccc(N4CCNCC4)n3)ccnc2c1,2
c1ccc2c(NCCCCCCNc3ccnc4ccccc34)ccnc2c1,2
O=c1c2c([nH]c3ccccc13)CN(Cc1ccccc1)C2,2
O=C(CC1CCC1)NCc1ccc(-c2ccccc2)cc1,2
C(=Cc1cc(C=Cc2ccccc2)on1)c1ccccc1,2
O=c1cc(NCCNc2ccnc3ccccc23)c1=O,2
O=C(NCCCNc1ccnc2ccccc12)C(=O)NC1C(=O)N(C2CCCCC2)C1C=Cc1ccccc1,2
O=S1(=O)CCC(Nc2ccc3ncc(-c4ccccc4)n3n2)CC1,2
O=C(c1ccccc1)C1CCCN(c2ccncn2)C1,2
c1ccc(Nc2nc(NCCN3CCOCC3)nc(Nc3ccc(Nc4c5ccccc5nc5ccccc45)cc3)n2)cc1,2
C1CC2COOC(C1)C2,2
c1ccc(C2CN3CCC2CC3Cc2ccnc3ccccc23)cc1,2
O=C(NN=Cc1ccccc1)c1cn(-c2ccccc2)nc1-c1ccccc1,2
c1cnc(N2CCC(N3CCNCC3)CC2)nc1,2
c1ccc2c(NCc3cn(CCN4CCCC4)nn3)ccnc2c1,2
c1ccc2c(NCc3cn(CCCN4CCCCC4)nn3)ccnc2c1,2
O=C1C=C(c2ccccc2)C(Cc2ccccc2)O1,2
c1ccc(-c2noc(C3CCN(c4ncnc5oncc45)CC3)n2)cc1,2
c1ccc(C2CC3(N4CCCC4)CCN(CCN4CCNCC4)C2C(c2ccccc2)C3)cc1,2
C=C(c1ccccc1)C1COC2(CCC(Nc3ccccc3)CC2)OO1,2
c1ccc2nc(NCCCNCCCNc3ccnc4ccccc34)ccc2c1,2
c1cncc(-c2cncc(-c3cccnc3)c2)c1,2
O=c1ccn(CCNCc2ccccc2)c(=O)[nH]1,2
c1ccc(CCOC23CCCC(COO2)C3)cc1,2
O=C(CN(CCCNc1ccnc2ccccc12)C(=O)c1ccc(COC2CC3CCCC4CCC5OOC43C(O2)O5)cc1)NC1CCCCC1,2
O=[PH](OCCC1CC2CCCC3CCC4OOC32C(O1)O4)OCCC1COC2OC3CCC4CCCC1C42OO3,2
O=C1c2ccccc2C(=O)N1Cc1cccc(-c2nnc(Nc3ccccc3)c3ccccc23)c1,2
C1COC(N2CCN(C3CC4CCCC5CCC6OOC54C(O6)O3)CC2)C1,2
O=C(c1ccc(-c2cncc(-c3cccnc3)n2)cc1)N1CCOCC1,2
C1CC2COOC(OCC34CC5CC(CC(C5)C3)C4)(C1)C2,2
O=S1(=O)CCC(Nc2ncccn2)CC1,2
c1cc2cc(c1)Oc1ccc(cc1)CCc1ccccc1Oc1cccc(c1)CC2,2
c1ccc(-c2cc(-c3ccc(-c4ccccc4)o3)c(-c3ccccc3)nn2)cc1,2
O=C(c1ccnc(Nc2nc3cnc(NC4CC4)cc3[nH]2)c1)N1CCNCC1,2
O=C(CN1CCCCC1)Nc1cc(COC(=O)CCN2CCCCC2)cc(Nc2ccnc3ccccc23)c1,2
C1=C(CCC2CCCOO2)CCCC1,2
O=C1CCN(c2ccccc2)c2cc(N3CC4CC4C3)ccc21,2
c1ccc2c(NCCCNc3ccnc4ccccc34)ccnc2c1,2
c1cncc(-c2cncc(-c3ccc(-c4nnco4)cc3)c2)c1,2
c1ccc(CCn2cnc(C3CC3)c2)cc1,2
O=C(NCCCCCCNc1ccnc2ccccc12)c1ccc(C=CC(=O)c2ccco2)cc1,2
O=c1cc(-c2ccc(-c3ccccc3)cc2)oc2ccccc12,2
O=C(C=Cc1cnc2ccccc2c1)c1cccnc1,2
C=C(c1ccccc1OCc1ccccc1)C1COC2(OO1)C1CC3CC(C1)CC2C3,2
c1ccc(CN2COc3cc(Nc4ccnc5ccccc45)ccc3C2)cc1,2
O=C(Nc1cccnc1)c1csc(N2CCNCC2)n1,2
O=C(NC1CCCC1)c1ccc(-c2ccc3ncc(-c4ccccc4)n3n2)cc1,2
O=C(C=CCC1CCCCC1)N1C(=O)C=CC1Cc1c[nH]c2ccccc12,2
O=C(CCC1CCCCC1)NCC(=O)NC(C=CC(=O)N1C(=O)C=CC1Cc1c[nH]c2ccccc12)C1CCCCC1,2
O=C1CN(Cc2cc3cc4c(cc3nc2-c2ccccc2)OCO4)CCN1,2
O=C(C=Cc1ccccc1)OCC(=O)c1ccccc1,2
O=C(c1ccc(Nc2nc3cnc(-c4ccccc4)cc3[nH]2)nc1)N1CCNCC1,2
C1CCC2(CC1)C1CC3CC(C1)CC2C3,2
C1CCC(C2OOC(C3CCCC3)C3OC23)C1,2
O=C(C=Cc1ccc(OCc2cn(CCCN3C(=O)C(=O)c4ccccc43)nn2)cc1)c1ccccc1,2
O=C(Cc1ccccc1)OC1CCCC1,2
N=C(CCCCCCCCCCCCC(=N)NCc1ccccc1)NCc1ccccc1,2
O=C(C=C1CCC2C1CCC1C3CCCCC3CCC21)Nc1ccccc1,2
O=C(NCCCNCCCCCCNCCCNC(=O)C1CCC2(CC1)OOC1(O2)C2CC3CC(C2)CC1C3)C1CCC2(CC1)OOC1(O2)C2CC3CC(C2)CC1C3,2
N=C(Nc1ccc(Oc2cccc(Oc3ccc(NC(=N)c4ccccc4)cc3)c2)cc1)c1ccccc1,2
O=C(Nc1ccc(-c2nc3cc(NC(=O)c4ccccc4)ccc3[nH]2)cc1)c1ccccc1,2
O=C(COc1ccc2c(=O)cc(-c3ccccc3)oc2c1)N1CCNCC1,2
O=C(CNCCc1c[nH]c2ccccc12)NC1CCCCC1,2
O=C1C=CC2C(C1)CC(OC(=O)CN1CCNCC1)C1C2CCC2C(c3ccoc3)C(=O)C3OC321,2
O=C1C=CC2C(C1)CC(OC(=O)c1ccccc1)C1C2CCC2C(c3ccoc3)C(=O)C3OC321,2
O=C(CCN1CCCCC1)OC1CC2CC(c3ccccc3)C1C(c1ccccc1)C2,2
C1COC2(OO1)C1CC3CC(C1)CC2C3,2
O=C(C=Cc1ccccc1)NCC(OC(=O)C=Cc1ccccc1)c1ccccc1,2
C=C1CCC2CCCC3CCC(CCNC(=O)CNC(=O)c4ccncc4)C1C23,2
O=C1c2ccc3c(c2OC2COc4ccccc4C12)C=CCO3,2
O=C(C=Cc1cccnc1)c1ccccc1,2
O=C(Cc1cc(-c2ccccc2)oc1-c1ccccc1)NCCCc1ccccc1,2
c1ccc(C(c2ccccc2)N2CCN(CCCc3ccc4c(c3)OCO4)CC2)cc1,2
c1cnc(N2CCCC2)c(CNc2ccncn2)c1,2
O=C1c2ccc(N3CCNCC3)cc2C(=O)N1CCNc1ccnc2ccccc12,2
c1ccc(-c2ccnc3ccc(-c4cccnc4)nc23)cc1,2
c1ccc2c(NCCCn3cnc4c(N5CCOCC5)ncnc43)ccnc2c1,2
c1ccc(-c2ccc3nccc(-c4cn[nH]c4)c3n2)cc1,2
C=C1C(=O)OC2CCC3CCCC3CC12,2
S=C(NCCCNc1ccnc2ccccc12)Nc1cccc2ccccc12,2
O=C1NC2CCC1CN(C(=O)c1cccc(-c3ncccn3)c1)C2,2
c1ccc(Nc2nc(Nc3ccncc3)nc3ccccc23)cc1,2
c1ccc2c(CCN3CCN(CCc4ccnc5ccccc45)CC3)ccnc2c1,2
O=C1CC(=O)C2=C(C1)OC(c1ccccc1)CC2,2
O=c1cc[nH]c2cc(Cc3ccccc3)ccc12,2
c1ccc(-c2cncc(-c3cccnc3)n2)nc1,2
O=C(NCCCOc1ccccc1)C1=NOC2(CC=CC=CO2)C1,2
N=C1NC(c2cccc(-c3ccccc3)c2)CC(=O)N1C1CCCCC1,2
O=C(NC(CCN1CCN(Cc2ccccc2)CC1)Cc1ccccc1)c1ccc(N2CCOCC2)cc1,2
O=C(NC(CCN1CCN(Cc2ccccc2)CC1)Cc1ccccc1)c1ccccc1,2
c1ccc2c(NCCCCNc3ccnc4ccccc34)ccnc2c1,2
C1CC2CCC3OOC24C(C1)CC(OCCN1CCCC1)OC4O3,2
O=C(NC(CNc1c(NCCNCCCCNc2ccnc3ccccc23)c(=O)c1=O)C1CCCCO1)C1CCCN1,2
O=C(Cc1ccccc1)NCCn1cnc2ccccc21,2
O=C(c1ccc(-c2cncc(-c3ccccc3)n2)cc1)N1CCC1,2
B1OCc2ccc(OCc3cn(CCCNc4ccnc5ccccc45)nn3)cc21,2
O=c1ccn(CCCn2ccnc2)cc1,2
O=C(NC1CCC1)c1ccc(-n2cnc3ccccc32)s1,2
O=C(C=C1CCC2C1CCC1C3CCCCC3CCC21)Oc1ccc2ccccc2c1,2
O=C1CC(OC2OCCC3OCOCOC32)CC(=O)N2CCC1c1cc3c(cc1C2)OCO3,2
O=C(CC1CCCCN1)Cn1cnc2ccncc2c1=O,2
O=C(c1ccnc(Nc2nc3cnc(Nc4cccnc4)cc3[nH]2)c1)N1CCOCC1,2
O=C1CNc2cccc3[nH]cc(c23)CC(COC2CCCCO2)N1,2
O=C1C=C(c2ccc(C(=O)N3CCCCC3)cc2)C(=O)c2ccccc21,2
O=C1CC(c2ccccc2)Oc2c(Cc3ccccc3)cc(Cc3ccccc3)cc21,2
c1ccc2c(NCCCNCCC3CC4CCCC5CCC6OOC54C(O3)O6)ccnc2c1,2
O=C(NCCN1CCOCC1)c1csc(NC(=O)c2cc(NC(=O)c3cc(C=Cc4ccccc4)c[nH]3)c[nH]2)n1,2
c1ccc2c(NCCCCCCCCNc3c4c(nc5ccccc35)CCCC4)c3c(nc2c1)CCCC3,2
O=C(NCCCNCCCCNCCCNC(=O)C1CCC2(CC1)OOC1(O2)C2CC3CC(C2)CC1C3)C1CCC2(CC1)OOC1(O2)C2CC3CC(C2)CC1C3,2
S=C(NCCNCc1cccc(Nc2ccnc3ccccc23)c1)Nc1ccccc1,2
O=C(CCc1ccccc1)NCC(=O)NCC(=O)OCc1ccccc1,2
O=C(CN1CCNCC1)N1CCC2(N3CCCC3)CC(c3ccccc3)C1C(c1ccccc1)C2,2
O=C(c1cccnc1)N1N=C(c2ccccc2)CC1c1ccc(OCc2ccccc2)cc1,2
O=c1c2ccccc2nc2cc(-c3ccccc3)c(-c3ccccc3)nn12,2
C1=C(NCCc2ccccc2)Oc2ccccc2C1c1ccc(N2CCN(c3ccnc4ccccc34)CC2)cc1,2
c1ccc(-c2cncc(-c3ccc(-n4cccn4)cc3)c2)cc1,2
c1ccc(-c2cncc(-c3ccc4scnc4c3)c2)cc1,2
O=C(c1ccc(-c2ccccc2)cc1)N1CCN(S(=O)(=O)c2ccccc2)CC1,2
c1ccc(Cc2c[nH]c3ccccc23)cc1,2
O=C(CC(NC(=O)c1ccccc1)c1ccccc1)NCc1cn(CCCNc2ccnc3ccccc23)nn1,2
C=C1C=CC(=O)C2C1CCC1CCCCC12,2
c1nc(Sc2nnc[nH]2)c2ccsc2n1,2
c1ccn2c(Sc3ncnc4sccc34)nnc2c1,2
c1ccc2cc(C[n+]3ccc4c(c3)[nH]c3ccccc34)ccc2c1,2
O=C(CCOC1CCCOC1OC1CCCCNCCCCOC(=O)CC(OC2CCCCO2)C1)NCCNc1ccnc2ccccc12,2
O=C(CC1OOCC2OC12)OC12CC3CC(CC(C3)C1)C2,2
O=c1cc[nH]c2ccc(Cc3ccccc3)cc12,2
O=C(NCC1CCC(n2cnc3c(NCc4ccc(Oc5ccccc5)cc4)ncnc32)O1)c1ccc2[nH]c(=O)[nH]c2c1,2
O=C(CCC(=O)OCCCCCCC1CCC2C3=CCC4CC(=O)CCC4C3=CCC12)CCC1CCC2C3=C(C(=O)CC12)C1CCC(=O)CC1CC3=O,2
c1ccc(-c2ccc3ncc(-c4cncnc4)n3n2)cc1,2
O=S1(=O)CC2C(OC(COCc3ccccc3)C(OCc3ccccc3)C2OCc2ccccc2)c2c1ccc1ccccc21,2
C(=NCc1ccccc1)c1ccc(C2OOC(c3ccccc3)OO2)cc1,2
O=C(Nc1c[nH]c(C(=O)Nc2c[nH]c(C(=O)Nc3c[nH]c(C(=O)NCCCN4CCOCC4)c3)c2)c1)c1ccccc1,2
O=C(CC1CC1)NCc1ccc(-c2ccccc2)cc1,2
c1ccc2c(NCCCN(Cc3ccc4c(c3)OCO4)c3nccc(N4CCNCC4)n3)ccnc2c1,2
c1ccoc1,2
O=c1cc[nH]c(CN2CCOCC2)c1,2
O=C(CCC1CCCCC1)NC(CC1CCCCC1)C(=O)NCC=CC(=O)N1C(=O)C=CC1Cc1c[nH]c2ccccc12,2
[N+]=c1ccc2nc3c(ccc4ccccc43)oc-2c1,2
O=C(CCCc1ccccc1)NCC=CC(=O)N1C(=O)C=CC1Cc1c[nH]c2ccccc12,2
c1ccc(-c2cncc(-c3ccc4nonc4c3)c2)cc1,2
O=C(CCC1CCCCC1)NCC(=O)NCC=CC(=O)N1C(=O)C=CC1Cc1c[nH]c2ccccc12,2
C1CC2CCC3OOC24C(C1)CC(OCCN1CCNCC1)OC4O3,2
c1cncc(-c2cncc(-c3ccc4nccn4c3)c2)c1,2
O=C(C=CCCCc1ccccc1)N1C(=O)C=CC1Cc1c[nH]c2ccccc12,2
O=C(CC1CCC2(CC1)OOC1(OO2)C2CC3CC(C2)CC1C3)NC1CC1,2
O=C(CNC(=O)C(CC1CCCCC1)NC(=O)C1CCNCC1)NCC=CC(=O)N1C(=O)C=CC1Cc1c[nH]c2ccccc12,2
O=C1C=C(CCC2CCCOO2)CCC1,2
O=C(c1ccccc1)N(Cc1ccc(-c2ccccc2)o1)C1CCNCC1,2
O=C(Nc1ccc2c(c1)OCO2)C1CCN(c2cnc3nccnc3c2)CC1,2
c1ccc2c(Nn3cccc3)ccnc2c1,2
O=c1c(NCCCCNc2ccnc3ccccc23)c(NCCCCNc2ccnc3ccccc23)c1=O,2
O=C(CCC(=O)OC1CC2CCCC3CCC4OOC32C(O4)O1)NCCCN(CCCCCCCCCCN(CCCNC(=O)CCC(=O)OC1CC2CCCC3CCC4OOC32C(O4)O1)C(=O)CCC(=O)OC1CC2CCCC3CCC4OOC32C(O4)O1)C(=O)CCC(=O)OC1CC2CCCC3CCC4OOC32C(O4)O1,2
C1=CC23CCCC(CCC2C1)C3,2
c1ccc(-c2ccnc(NCCCCCNc3ccnc4ccccc34)n2)cc1,2
O=C1CC2(CCCC2)CC(=O)N1CCCCN1CCN(c2ncccn2)CC1,2
O=C1C=CC(CSc2ncccn2)N1CCNc1ccnc2ccccc12,2
O=C(NCCCCNc1cccc2cccnc12)c1ccc(COC2CC3CCCC4CCC5OOC43C(O2)O5)cc1,2
O=C(CNC(=O)C1CCC2(CC1)OOC1(OO2)C2CC3CC(C2)CC1C3)NC(C=CS(=O)(=O)c1ccccc1)CCc1ccccc1,2
O=C(Nc1ccccc1)c1cccc(S(=O)(=O)N(Cc2ccccc2)CC2CCCCC2)c1,2
c1c[n+](CCCCc2ccc(CCCC[n+]3ccsc3)cc2)cs1,2
c1csc(Nc2ccnc3ccccc23)c1,2
O=C(Nc1ccccc1N1CCCCC1)c1nc2ncccn2n1,2
O=C1C=CC(=O)c2cc3c(cc21)CCO3,2
O=C(Nc1n[nH]c(CCc2ccccc2)n1)c1cscn1,2
O=C(NC1CCNCC1)c1cc(-c2ccc(CN3CCOCC3)cc2)nc2ccccc12,2
C1CC2CC(CC3C4CC5CC(C4)CC3C5)OOC2O1,2
c1ccc(N2CCN(CCNCc3cc(-c4ccc(CN5CCOCC5)cc4)nc4ccccc34)CC2)cc1,2
O=C(c1sc(-c2ccccc2)nc1-c1ccccc1)N1CCC(N2CCCCC2)CC1,2
O=C(CC(NC(=O)c1ccccc1)c1ccccc1)NCc1cn(-c2ccccc2Nc2ccnc3ccccc23)nn1,2
c1ccc2c(c1)OCC1c3cc4c(cc3OC21)OCO4,2
c1cncc(-c2cncc(-c3ccncn3)n2)c1,2
c1ccc(CN(CCNc2ccnc3ccccc23)c2ccnc(N3CCCC3)n2)nc1,2
c1ccc(CN(CCCNc2ccnc3ccccc23)c2ccnc(N3CCCCC3)n2)nc1,2
O=c1[nH]cnc2c1ncn2CCCSCP(=O)(NCCc1ccccc1)NCCc1ccccc1,2
O=S(=O)(Cc1cn2ccccc2n1)c1ccccc1,2
O=C(CC1CCCCN1)Cn1cnc2ncccc2c1=O,2
O=C(NCCCCNc1cccc2cccnc12)c1ccc(Oc2ccccc2)cc1,2
O=C(CNC(=O)c1ccc(Oc2ccccc2)cc1)NCCCCNc1cccc2cccnc12,2
c1ccc2c(c1)[nH]c1cccnc12,2
c1ccc(NCCc2ccnc3ccccc23)cc1,2
c1ccc(CN2CCC(Nc3ccccn3)CC2)cc1,2
O=S(=O)(c1ccccc1)c1[nH+]onc1OCCNCc1cccc(Nc2ccnc3ccccc23)c1,2
c1ccc2c(CCNC34CC5CC(CC(C5)C3)C4)ccnc2c1,2
c1ccc(CNCc2ccc(C3OOC(c4ccccc4)OO3)cc2)cc1,2
C(=Nc1cccnc1)c1ccc(C2OOC(c3ccccc3)OO2)cc1,2
O=C(CCc1ccccc1)N1CCn2c(nc(-c3ccccc3)c2Nc2ccc3c(c2)OCO3)C1,2
c1ccc(-c2nc3n(c2Nc2cccnc2)CCNC3)cc1,2
c1cnc2c(-c3ccc4ncc(-c5ccncc5)n4n3)cccc2c1,2
c1cnc(OCc2cn(CCCNc3ccnc4ccccc34)nn2)nc1,2
O=C1c2cccc(N3CCCCC3)c2C(=O)N1CCCCCCNc1ccnc2ccccc12,2
O=C1c2ccc(N3CCCCC3)cc2C(=O)N1CCCCNc1ccnc2ccccc12,2
O=C(CCC1CCCCC1)NCC=CC(=O)N1C(=O)C=CC1Cc1c[nH]c2ccccc12,2
c1ccc2c(NCCCN3CCOCC3)ccnc2c1,2
c1coc(CN(CCCNc2ccnc3ccccc23)c2ccnc(N3CCCCC3)n2)c1,2
O=c1[nH]c2cnc3ccccc3c2n1-c1ccccc1,2
c1ccc(-c2ccc(-c3cc4ccccc4[nH]3)s2)cc1,2
O=c1cccnn1CCNCc1cnc2ccccc2c1,2
O=C1c2cccc3cccc(c23)C(=O)N1CCCCCCNc1ccnc2ccccc12,2
C1CN(C2CCC3(CC2)OOC2(OO3)C3CC4CC(C3)CC2C4)CCO1,2
c1ccc(-c2nc3c(N4CCCN(CC5CC5)CC4)nccc3[nH]2)cc1,2
O=C(OC1CCCCC1)c1cnc(Oc2ccc3c(c2)BOC3)cn1,2
c1ccc2c(NCCCn3cnc4c(N5CCSCC5)ncnc43)ccnc2c1,2
c1ccc2c3c([nH]c2c1)C1C(CCC2CCCCC21)C3,2
O=C1CCC2C1CCC1C3CCCCC3CCC21,2
O=C(Nc1c[nH]c(C(=O)Nc2c[nH]c(C(=O)NCCN3CCOCC3)c2)c1)c1ccc(C=Cc2ccc3nonc3c2)cc1,2
c1ccc(C(c2ccccc2)n2cncn2)cc1,2
c1ccc(CNCCCSCc2ccccc2)cc1,2
C(CCc1cc2ccccc2c2ccccc12)=NOCc1ccccc1,2
c1ccc2c(NCCc3c[nH]c4ccccc34)ccnc2c1,2
O=S(=O)(c1cccc(-c2ccc3ncc(-c4ccccc4)n3c2)c1)C1CC1,2
c1cc(-c2ccc(C3=NCCCN3)cc2)cc(-c2ccc(C3=NCCCN3)cc2)c1,2
C1CCC(CC2CC3CCOC3OO2)C1,2
c1ccc2c(NCCCNCc3csc4ccccc34)ccnc2c1,2
C(CCc1cc2ccccc2c2ccccc12)=NN=C1CCCCCC1,2
c1ccc(-c2nc3c(N4CCN5CCC4CC5)nccc3[nH]2)cc1,2
c1ccc(-c2nc3c(N4CCC5(CC4)CNCCO5)nccc3[nH]2)cc1,2
O=C(NNc1ccncn1)c1ccc(OCCN2CCOCC2)cc1,2
O=C(c1ccccc1)N1CCC(Nc2nc3ccccc3n2Cc2ccccc2)CC1,2
O=C(Nc1ncn[nH]1)c1cnc(-c2ccccc2)s1,2
c1ccc2c(Nc3ccc(Nc4nc(N5CCCCC5)nc(N5CCNCC5)n4)cc3)ccnc2c1,2
O=C(Cc1ccccc1)OC1=C(C2CCC(c3ccccc3)CC2)C(=O)c2ccccc2C1=O,2
c1ccc2cc(-c3ncnc4ccccc34)ccc2c1,2
O=C1CC2CC(c3ccccc3)C(N1)C(c1ccccc1)C2,2
c1ccc2c(NCCCCNc3nccc(N4CCCCC4)n3)ccnc2c1,2
O=C(CNc1ccnc2ccccc12)NCCOc1ccc2[nH]c3cnccc3c2c1,2
O=C(COc1ccccc1)N(c1ccccc1)C1CCN(Cc2ccccc2)CC1,2
C1CC2CCC(C1)OOC2,2
C1CCN(c2nc(NCCNCCOC3CC4CCCC5CCC6OOC54C(O3)O6)nc(N3CCCCC3)n2)CC1,2
O=C(CCC(=O)OC1CC2CCCC3CCC4OOC32C(O4)O1)NCCCNCCCCCCNCCCNC(=O)CCC(=O)OC1CC2CCCC3CCC4OOC32C(O4)O1,2
C1CC2CCC3C4CCC5(CC4CCC3C2C1)OOC1(CCCC1)OO5,2
C(=NNc1ccnc2ccccc12)c1ccncc1,2
c1cc(C2CCC3(CC2)OOC2(O3)C3CC4CC(C3)CC2C4)ccc1OCCCNC1CCCCC1,2
c1ccc(-c2ccc(CCCN3CCN(c4ccccc4)CC3)cc2)cc1,2
O=C(C=Cc1ccccc1)NCC(OC(=O)C=Cc1ccccc1)c1ccc2ccccc2c1,2
O=C(C=Cc1ccccc1)NCCc1ccc2c(c1)OCO2,2
O=C(CNC(=O)c1cn2c3c(c(N4CCNCC4)ccc3c1=O)OCC2)OC(c1ccnc2ccccc12)C1CC2CCN1CC2,2
O=C1C=CC(CSc2ccncc2)N1CCNc1ccnc2ccccc12,2
O=C(C=Cc1ccc(CN2CCCC2)cc1)c1ccccc1,2
c1ccc(Cn2ccnn2)cc1,2
O=C(Nc1cccn(C(C=CS(=O)(=O)c2ccccc2)CCc2ccccc2)c1=O)OCc1ccccc1,2
O=C(c1ccc(Nc2ccnc(NCCCNc3ccnc4ccccc34)n2)cc1)N1CCOCC1,2
c1ccc(OCc2ccc(COc3ccccc3)c3ccccc23)cc1,2
O=C(c1ccc(Nc2nccc(NCCNc3ccnc4ccccc34)n2)cc1)N1CCOCC1,2
O=C(Nc1nncs1)c1cc(-c2ccccc2)on1,2
c1cnnc(NC2CCCCC2)c1,2
c1ccc(NC(c2cccnc2)c2ncc[nH]2)cc1,2
c1cc(CN2CCN(c3ccncn3)CC2)cc(Nc2ccnc3ccccc23)c1,2
O=C(C1CC2CCC1O2)N1CCSCC1,2
O=C(CCN1CCNCC1)N1CCC2(N3CCCC3)CC(c3ccccc3)C1C(c1ccccc1)C2,2
O=C1C=C(c2cncnc2)C(=O)c2ccccc21,2
O=C1C=C(c2ccco2)C(=O)c2ccccc21,2
c1ccc(CCN2CCC3CC(c4ccccc4)C2C(c2ccccc2)C3)cc1,2
c1ccc(C2CC3(N4CCCC4)CCN(CCN4CCCC4)C2C(c2ccccc2)C3)cc1,2
c1cc(C2CCC3(CC2)OOC2(O3)C3CC4CC(C3)CC2C4)ccc1OCCN1CCC1,2
c1ccc2c(NCCCCCCNc3nccc(N4CCOCC4)n3)ccnc2c1,2
O=C(NCCNc1ccnc2ccccc12)C(=O)NC1C(=O)N(c2ccccc2)C1C=Cc1ccccc1,2
O=C(Cc1cc(-c2ccccc2)oc1-c1ccccc1)NCCc1ccccc1,2
O=S(=O)(NCCCNC12CC3CC(CC(C3)C1)C2)c1cccc2ccccc12,2
O=C(CN(Cc1ccccc1)C(=O)Cc1ccccc1)NC1CCCCC1,2
O=C(Nc1ccccc1)C1CCN(c2ccnc3sncc23)CC1,2
c1ccc(N2CCCN(c3ccccc3)CC2)cc1,2
O=C1CNC(=O)CNC(=O)CNC(=O)C2CCCN2C(=O)C(Cc2ccccc2)NC(=O)CNC(=O)CN1,2
O=C(CCCCCc1ccc2ccccc2c1)NCCNc1ccnc2ccccc12,2
O=C(c1ccc(-c2cc3ncncc3s2)cc1)N1CCOCC1,2
c1ccc2c(c1)[nH]c1c(N3CCC(N4CCOCC4)CC3)nccc12,2
C1=Cc2cc(CNCCc3ccccc3)ccc2OC1,2
c1ccc2c(N3CCN(c4ccnc(N5CCOCC5)n4)CC3)ccnc2c1,2
c1ncc2sc(-c3ccc(N4CCNCC4)cc3)cc2n1,2
O=C(NCCCCNc1ccnc2ccccc12)c1ccc(C=CC(=O)c2ccco2)cc1,2
O=S(=O)(CC1CC1)c1ccc(-c2cncc(-c3cccnc3)n2)cc1,2
C1CC2CCC3OOC24C(C1)CC(OCC1OC1COC1CC2CCCC5CCC6OOC52C(O1)O6)OC4O3,2
c1ccc2c(NCCCN(Cc3ccc4c(c3)OCO4)c3nccc(N4CCCC4)n3)ccnc2c1,2
O=c1cc(-c2ccccc2)oc2cc3c(cc12)C=CCO3,2
c1ccc2c(NCCN(Cc3ccc4c(c3)OCO4)c3nccc(N4CCCC4)n3)ccnc2c1,2
O=C1CC2(N3CCCC3)CC(c3ccccc3)C(N1)C(c1ccccc1)C2,2
O=C(C=Cc1ccccc1)Nc1ccc(NC(=O)c2cccc3ccccc23)c(C(=O)c2ccccc2)c1,2
c1ccc2c(-n3cc(COc4ccc5[nH]c6cnccc6c5c4)nn3)ccnc2c1,2
O=C(NCCNc1ccnc2ccccc12)NN=Cc1cccc(CN2CCCC2)c1,2
O=C(Cn1nnc2ccccc21)N(Cc1ccccc1)C1(C(=O)Nc2ccccc2)CCCCC1,2
C1CC(C2OOC(C3CCC3)C3OC23)C1,2
c1cc(C2CCC3(CC2)OOC2(O3)C3CC4CC(C3)CC2C4)ccc1CN1CCCCC1,2
c1coc(CN(CCNc2ccnc3ccccc23)c2nccc(N3CCCCC3)n2)c1,2
c1coc(CN(CCCNc2ccnc3ccccc23)c2nccc(N3CCOCC3)n2)c1,2
C(CCc1cc2ccccc2c2ccccc12)=NN=Cc1cccc(CN2CCCCC2)c1,2
C(CCc1cc2ccccc2c2ccccc12)=NN=CC1CCCCC1,2
C(CCc1cc2ccccc2c2ccccc12)=NN=Cc1cccc(CN2CCOCC2)c1,2
C(COC12CCCC(COO1)C2)CC12CC3CC(CC(C3)C1)C2,2
c1ccc2c(Nc3ccc4oc(NCCN5CCCCC5)nc4c3)ccnc2c1,2
O=C(CC(NC(=O)c1ccccc1)c1ccccc1)NCc1cn(CNc2ccnc3ccccc23)nn1,2
N=C(Nc1c[nH]c(C(=O)Nc2c[nH]c(C(=O)Nc3nccs3)c2)c1)c1cc2ccccc2cn1,2
O=C(Nc1c[nH]c(C(=O)Nc2nccs2)c1)c1cccc(C=Cc2ccccc2)c1,2
c1ccc(C(Nc2cccc3cccnc23)c2ccc(CN3CCCC3)cc2)cc1,2
c1ccc(COCCCNCc2cccs2)cc1,2
O=C1C=C(Nc2cnc3ccccc3c2)SC1,2
O=C1C=C(Nc2ccc3c(c2)CCCC3)SC1,2
O=C(NCC1CCOCC1)c1cccc(-c2ncccn2)c1,2
O=C1OCC=C1C1CCn2c3c(c4ccccc42)CCNC3C1,2
c1cc2cc(c1)Oc1ccc(cc1)CC1NCCc3c(cccc31)Oc1ccc3c(c1)C(C2)NCC3,2
O=C(c1cc2ccccc2s1)N1CCCCC1,2
O=C(Nc1c[nH]c(C(=O)Nc2cc[nH]c2)c1)c1ccc[nH]1,2
c1cnc(N2CCC3(CCN(Cc4cccc5ccccc45)C3)CC2)nc1,2
C(=NNc1c2c(nc3ccccc13)CCCC2)c1ccc2c(c1)OCO2,2
O=C(CCc1cn(S(=O)(=O)c2ccccc2)c2ccccc12)NC1CCCCCC1,2
c1ccc2c(NCCCN(Cc3ccc4c(c3)OCO4)c3nccc(N4CCOCC4)n3)ccnc2c1,2
c1ccc2c(NCCN(Cc3ccc4c(c3)OCO4)c3nccc(N4CCOCC4)n3)ccnc2c1,2
c1ccc2c(NCCN(Cc3ccc4c(c3)OCO4)c3ccnc(N4CCOCC4)n3)ccnc2c1,2
O=C(Nc1c[nH]c(C(=O)Nc2cc[nH]c2)c1)c1cc2ccccc2cn1,2
c1ccc2c(NCCN(Cc3ccc4c(c3)OCO4)c3ccnc(N4CCNCC4)n3)ccnc2c1,2
c1ccc2c(NCCCN(Cc3ccc4c(c3)OCO4)c3ccncn3)ccnc2c1,2
c1ccc(NNc2ncnc3c2ncn3C2CCCO2)cc1,2
c1ccc(C(c2c[nH]cc2-c2cccc3ccccc23)n2ccnc2)cc1,2
O=S(=O)(NCc1ccccc1)c1cccc(Nc2ccc3nccc(-c4ccncc4)c3n2)c1,2
C1=CC2CCC3CCCC4CCC(C1)C2C34,2
c1ccc(Cc2ccc(-c3cnc4ccccc4c3)cc2)cc1,2
O=C1CNC(=O)CNC(=O)C(Cc2ccccc2)NC(=O)CNC(=O)COC(=O)C=CCCCCOC(=O)CN1,2
c1ccc(CCNCCNc2nc3ccccc3n2Cc2ccccc2)cc1,2
C1=NN=C2C(OC3OC4CCC5CCCC2C53OO4)S1,2
O=c1cc(-c2ccc3ccccc3c2)nc[nH]1,2
c1ncon1,2
c1ccc2c(NCCn3ccnc3)ccnc2c1,2
c1ccc(COC2CNCCC2CNCc2cnc3ccccc3c2)cc1,2
c1cncc(-c2cccc(-c3nnc(Nc4cnc5c(c4)CNCC5)o3)c2)c1,2
c1cnc(N2CCC3(CCN(Cc4cccc5ncccc45)C3)CC2)nc1,2
c1ccc(CN2CCC3(CCN(c4ncccn4)CC3)C2)nc1,2
O=C(CCNCCCNc1ccnc2ccccc12)OC1CC2CCCC3CCC4OOC32C(O4)O1,2
O=C(CCNCCCCCCNc1ccnc2ccccc12)OC1CC2CCCC3CCC4OOC32C(O4)O1,2
O=C1c2ccccc2C(=O)c2c1[nH+]cn2Cc1cnccn1,2
c1csc(-c2cncn2CCNc2ccnc3ccccc23)c1,2
C1=NOC(c2ncc(-c3ccccc3)o2)C1,2
O=S(=O)(NCCNCCNc1ccnc2ccccc12)c1ccc2ccccc2c1,2
O=C1C=CCC(c2ccccc2)C1,2
c1ccc(COCC2CCCCC23OOC2(CCCCC2COCc2ccccc2)OO3)cc1,2
C1=CC2c3ccccc3OCC2CC1,2
S=C(NCCCNc1ccnc2ccccc12)N1CCCCC1,2
c1ccc(C2CCNCC2)cc1,2
c1ccc2oncc2c1,2
O=C(NN=Cc1ccccc1)c1ccncc1,2
c1ccc2c(NCCCOc3ccncn3)ccnc2c1,2
c1ccc2c(Nc3ccc(Nc4ccncn4)cc3)ccnc2c1,2
O=C1NC(c2c[nH]c3ccccc23)=CC1=C1C(=O)Nc2ccccc21,2
O=C1c2cc(C3c4ccccc4C(=O)c4cccc(-c5ccccc5)c43)ccc2C(=O)c2c1cccc2-c1ccccc1,2
c1ccc2c(CCNCCCCCCCCCCCCNCCc3ccnc4ccccc34)ccnc2c1,2
c1ccc2c(NCCCNc3nc(NC4CCCCC4)nc(N4CCCCC4)n3)ccnc2c1,2
O=C1CCSSCCNC(=O)C(Cc2c[nH]c3ccccc23)NC(=O)CNC(=O)C(Cc2c[nH]c3ccccc23)NC(=O)CNC(=O)C(Cc2c[nH]c3ccccc23)NC(=O)CNC(=O)C(Cc2c[nH]c3ccccc23)NC(=O)CNC(=O)CNC(=O)CNC(=O)CNC(=O)CNC(=O)CNC(=O)CNC(=O)CNC(=O)CCSSCCNC(=O)C(Cc2c[nH]c3ccccc23)NC(=O)CNC(=O)C(Cc2c[nH]c3ccccc23)NC(=O)CNC(=O)C(Cc2c[nH]c3ccccc23)NC(=O)CNC(=O)C(Cc2c[nH]c3ccccc23)NC(=O)CNC(=O)CNC(=O)CNC(=O)CNC(=O)CNC(=O)CNC(=O)CNC(=O)CN1,2
O=C(NCCCNCCCCNCCCNC(=O)NC(c1ccccc1)c1ccccc1)NC(c1ccccc1)c1ccccc1,2
O=C1C=CCO1,2
c1ccc2c(Nc3ccc(CN4CCCCC4)cc3)ccnc2c1,2
C1=C2Nc3ccccc3C23CCN2C(c4ccc5c(c4)C4CCN6CCCC7CCC4(N5)C76)C4OC4C(C1)C23,2
O=C(NCCCN1CCN(CCCNc2ccnc3ccccc23)CC1)c1ccc(Oc2ccccc2)cc1,2
c1ccc2oc(N3CCOCC3)nc2c1,2
c1ccc(Cc2nc(CNCCCCNc3ccnc4ccccc34)oc2N2CCOCC2)cc1,2
c1ccc(N2CCN(c3ccnc4ccccc34)CC2)cc1,2
C1=CC23CCCCC2C2(CCC4CCCC4C12)CO3,2
c1csc(CCCc2ccc(CN3CCCCC3)cc2)c1,2
O=C1CC2(CCC=CC2=O)CO1,2
c1ccc(Nc2nc3ccc(C4CC5CCC(C4)N5)cc3[nH]2)nc1,2
O=C(NCCCNc1ccnc2ccccc12)C(=O)NC1C(=O)N(c2ccccc2)C1C=Cc1ccccc1,2
O=C(CC(NC(=O)c1ccccc1)c1ccccc1)NCc1cn(Cc2cccc(Nc3ccnc4ccccc34)c2)nn1,2
c1c(OCc2cn(CCCOC3OCCCC3OC3CCCCO3)nn2)cc(OCc2cnnn2CCCOC2OCCCC2OC2CCCCO2)cc1OCc1cnnn1CCCOC1OCCCC1OC1CCCCO1,2
O=C(CNC(=O)CNC(=O)c1ccc2ccccc2c1)NCCCCNc1cccc2cccnc12,2
C(CCc1cc2ccccc2c2ccccc12)=NN1CCCCC1,2
N=C(NC1CCCCC1)c1ccc(N2CCN(c3ccc(C(=N)NC4CCCCC4)cc3)CC2)cc1,2
c1ccc(-c2cnc(-c3ccccc3)cn2)cc1,2
O=C1C=C(Nc2cccc(S(=O)(=O)N3CCc4ccccc4C3)c2)C(=O)c2ccccc21,2
c1ccc([I+]c2ccccc2)cc1,2
c1ccc2c(NCCCCN(CCOC3CC4CCCC5CCC6OOC54C(O3)O6)CCOC3CC4CCCC5CCC6OOC54C(O3)O6)ccnc2c1,2
C(CCCCCCCCN1CCCC1)CCCCCCCN1CCCC1,2
c1ccc(-c2ccc(-c3ccc(CNCC4CCNCC4)o3)cc2)cc1,2
c1ccc2[nH]c(CNc3ccnc4ccccc34)nc2c1,2
c1ccc(CN2CCCCC2)cc1,2
O=C1NCCc2c[nH]c3ccc4c(c23)C1C(c1ccccc1)O4,2
c1ccc(Nc2nc(NCCCN3CCOCC3)nc(Nc3ccc(Nc4c5ccccc5nc5ccccc45)cc3)n2)cc1,2
c1ccc2c(Nc3ccc(CN4CCCC4)s3)ccnc2c1,2
O=C1C=C2OCCC2C2Oc3ccccc3CC12,2
O=C(CN1CCN(c2ccccc2)CC1)Nc1nnc(COc2ccc3ccccc3c2)s1,2
c1ccc(NCCCn2cc(CNc3ccnc4ccccc34)nn2)cc1,2
c1ccc2c(NCc3cn(CCCN4CCOCC4)nn3)ccnc2c1,2
c1ccc(CN(CCn2cc(CNc3ccnc4ccccc34)nn2)Cc2ccccc2)cc1,2
c1ccc2c(c1)CCc1ccccc1N2CCCn1cc(CNc2ccnc3ccccc23)nn1,2
c1cnc(N2CCC3(CN(Cc4cccs4)C3)C2)nc1,2
c1cnc(N2CCC3(CN(Cc4c5ccccc5cc5ccccc45)C3)C2)nc1,2
c1cnc(N2CCC3(CN(Cc4csc5ccccc45)C3)C2)nc1,2
O=C1CC2(N3CCCCC3)CC(c3ccccc3)C1C(c1ccccc1)C2,2
S=C(NN=Cc1cn(-c2ccccc2)nc1-c1ccccc1)Nc1ccccc1,2
O=C1CCCN1CCCNc1nc2cc(Nc3ccnc4ccccc34)ccc2o1,2
c1ccc(N2CCN(c3ncnc4c3ncn4CCCNc3ccnc4ccccc34)CC2)cc1,2
O=C1C=C(C2CCC3C2CCC2C4CCC(OC5CCCCO5)CC4CCC23)CO1,2
c1ccc2ncc(C(Nc3nncs3)C3CCC3)cc2c1,2
c1ccc2c(NCCN(Cc3ccc4c(c3)OCO4)c3ccnc(N4CCCC4)n3)ccnc2c1,2
c1ccc2c(NCCCN(Cc3ccc4c(c3)OCO4)c3ccnc(N4CCCCC4)n3)ccnc2c1,2
c1ccc2c(NCCCN(Cc3ccc4c(c3)OCO4)c3nccc(N4CCCCC4)n3)ccnc2c1,2
O=C1OCCC=CCCCCC=Cc2ccccc21,2
c1ccc2c(NCCCn3cnc4c(N5CCCC5)ncnc43)ccnc2c1,2
C1CCC2(CC1)CC1CCOC1OO2,2
C1=Cc2cc(CNCCCCc3ccccc3)ccc2OC1,2
c1ccc2c(NCCn3cnc4c(N5CCOCC5)ncnc43)ccnc2c1,2
O=C(NCCN1CCN(c2ccccc2)CC1)c1cc(-c2ccc(CN3CCOCC3)cc2)nc2ccccc12,2
c1cnc(N2CCC3(CCN(Cc4ccncc4)C3)CC2)nc1,2
c1cnc(N2CCC3(CN(Cc4ccncc4)C3)C2)nc1,2
c1cn2c(n1)OCC(OCc1ccc(Cc3nnn[nH]3)cc1)C2,2
c1cnc(N2CCC3(CCN(Cc4ccsc4)C3)CC2)nc1,2
c1ccc2c(NCCN(Cc3ccc4c(c3)OCO4)c3nccc(N4CCNCC4)n3)ccnc2c1,2
O=C1CC2(N3CCCCC3)CC(c3ccccc3)C(N1)C(c1ccccc1)C2,2
c1ccc2c(NCCCN(Cc3ccc4c(c3)OCO4)c3ccnc(N4CCNCC4)n3)ccnc2c1,2
C(=NNc1ccnc2ccccc12)c1cccnc1,2
c1cc(OCCOc2ccc(C[N+]34CCC(CC3)CC4)cc2)ccc1C[N+]12CCC(CC1)CC2,2
c1coc(CN(CCCNc2ccnc3ccccc23)c2ccnc(N3CCOCC3)n2)c1,2
c1coc(CN(CCNc2ccnc3ccccc23)c2nccc(N3CCOCC3)n2)c1,2
O=C1C(=Cc2ccncc2)SC(=S)N1CCCCNc1ccnc2ccccc12,2
O=C(CN1CCCCC1)Nc1cc(CN2CCNCC2)cc(Nc2ccnc3ccccc23)c1,2
O=C(CCC(=O)OC1CC2CCCC3CCC4OOC32C(O4)O1)NCCCN(CCCCCCN(CCCNC(=O)CCC(=O)OC1CC2CCCC3CCC4OOC32C(O4)O1)C(=O)CCC(=O)OC1CC2CCCC3CCC4OOC32C(O4)O1)C(=O)CCC(=O)OC1CC2CCCC3CCC4OOC32C(O4)O1,2
c1ccc(Cc2cn(Cc3ccccc3)cn2)cc1,2
O=C(CSCc1nnc(SCC(=O)Nc2ccccc2)[nH]1)Nc1ccccc1,2
c1ccc(CN2CCC3(CCN(c4ncccn4)CC3)C2)cc1,2
O=S(=O)(NCCN1CCCC1)c1cccc(-c2ccc3nccc(-c4ccncc4)c3n2)c1,2
O=C(NCCCCNc1cccc2cccnc12)NN=C(c1ccccc1)c1ccccc1,2
O=C1CSCN1CCCNc1ccnc2ccccc12,2
C1=CC2Cc3nc4ccccc4c(NCCCNCCCNc4c5c(nc6ccccc46)CCCC5)c3C(C1)C2,2
O=C(NCCN1CCCC1)c1cc(-c2ccc(CN3CCOCC3)cc2)nc2ccccc12,2
c1ccc2c(c1)CC(CC1CCC(NCCCNc3c4c(nc5ccccc35)CCCC4)CC1)C2,2
O=C(Nc1c[nH]c(C(=O)Nc2c[nH]c(C(=O)NCCN3CCOCC3)c2)c1)c1ccc(C=Cc2nc3ccccc3o2)cc1,2
O=C1CC2CCN(Cc3ccccc3)C3CCC4OOC23C(O1)O4,2
O=C(CNC(=O)C1=CN(C2CC2)C2C=C(N3CCNCC3)C=CC2C1=O)OC(c1cccc2ccccc12)C1CC2CCC1CC2,2
O=C1C=C(OCCC[P+](c2ccccc2)(c2ccccc2)c2ccccc2)C(=O)c2ccccc21,2
O=C1CCOC(=O)CNC(=O)C(Cc2ccccc2)NC(=O)C2CCCN2C(=O)COC(=O)CNC(=O)CN1,2
c1ccc2c(NCCCN(Cc3ccc4c(c3)OCO4)c3ccnc(N4CCCC4)n3)ccnc2c1,2
O=C1c2ccccc2-c2ncccc21,2
c1ccc2c(NCCn3cnc4c(N5CCSCC5)ncnc43)ccnc2c1,2
C1CCC2C(C1)CCC13CC(CC4OC421)C1(CO1)C3,2
O=C1C=C(Nc2cnc3ccccc3c2)OC1,2
O=C(OC1CC2(N3CCCC3)CC(c3ccccc3)C1C(c1ccccc1)C2)c1cccnc1,2
C1CCC(C2CC3CCOC3OO2)C1,2
C1CCC2(C1)CC1CCOC1OO2,2
O=C(NC1CCNCC1)c1ccccc1,2
c1ccc(Oc2ccc(-c3ccc4ccccc4n3)cc2)cc1,2
O=c1cc(-c2ccc(CN3CCOCC3)cc2)[nH]c2ccccc12,2
c1ccc(Nc2nc(NCCCN3CCOCC3)nc(Nc3cccc(Nc4ccnc5ccccc45)c3)n2)cc1,2
c1ccc(Nc2ncnc(Nc3cccc(Nc4ccnc5ccccc45)c3)n2)cc1,2
C1CC2CCC3OOC24C(C1)CC(CC1(CC2CC5CCCC6CCC7OOC65C(O2)O7)CO1)OC4O3,2
O=C(C=Cc1ccc(-n2ccnc2)cc1)c1ccccc1,2
O=S(=O)(NC(CCN1CCN(Cc2ccccc2)CC1)Cc1ccccc1)c1ccccc1,2
c1ccc2c(CCCC[n+]3ccsc3)ccc(CCCC[n+]3ccsc3)c2c1,2
c1c[n+](CCOc2ccc(Cc3ccc(OCC[n+]4ccsc4)cc3)cc2)cs1,2
O=c1cc(-c2ccc(-c3cccnc3)nc2)[nH]c2ccccc12,2
O=c1ccn(CC2CN2Cc2ccccc2)c(=O)[nH]1,2
O=C1OC2CC=C3CCNC3C2c2ccccc21,2
c1ccc2c(NCCCN3C4CC5CC(C4)CC3C5)ccnc2c1,2
O=C(CCC(=O)OC1CC2CCCC3CCC4OOC32C(O4)O1)NCCCNCCCCCCCNCCCNC(=O)CCC(=O)OC1CC2CCCC3CCC4OOC32C(O4)O1,2
O=C(CCC(=O)OC1CC2CCCC3CCC4OOC32C(O4)O1)NCCCNCCCCCCCCCCNCCCNC(=O)CCC(=O)OC1CC2CCCC3CCC4OOC32C(O4)O1,2
O=C(NC1CCCCC1)C1CCCC(=O)N1CCCCCCNc1ccnc2ccccc12,2
O=S(=O)(NCCN1C2C3C4CC5C6C4C2C6C1C53)c1ccc2ccccc2c1,2
c1ccc2c(C34CCC5CCCCC5(CO3)OO4)cccc2c1,2
c1csc(CN(CCCNc2ccnc3ccccc23)c2nccc(N3CCCCC3)n2)c1,2
c1ccc(C23CCN(C2)C(CNCc2cnc4ccccc4c2)C3)cc1,2
C(=Cc1ccc2[nH]c(-c3ccccc3)cc2c1)c1ccccc1,2
O=C(CCCC(=O)N1CCN(c2ccnc3ccccc23)CCN(c2ccnc3ccccc23)CC1)N(CCNc1ccnc2ccccc12)CCNc1ccnc2ccccc12,2
c1cc2c(cc1OCCCN1CCNCC1)CCC1CCCCC21,2
c1ccc(CNCCCOc2ccc3c(c2)CCC2CCCCC32)cc1,2
c1ccc(CNCCCOc2cccc3ccccc23)cc1,2
O=c1[nH]cc(S(=O)(=O)N2CCN(c3ccccc3)CC2)c(=O)[nH]1,2
c1c[n+](CCCc2ccc(CCC[n+]3ccsc3)cc2)cs1,2
O=C(OCCC1CC2CCCC3CCC4OOC32C(O1)O4)c1cccc(C(=O)OCCC2CC3CCCC4CCC5OOC43C(O2)O5)c1,2
B1OCc2ccc(Oc3cccnn3)cc21,2
C(CCc1cccc2ccccc12)=NN=Cc1cccnc1,2
c1ccc2cn(CCCNC34CC5CC(CC(C5)C3)C4)cc2c1,2
c1ccc(CN2CCN(CCN3C4C5C6CC7C8C6C4C8C3C75)CC2)cc1,2
c1ccc(-c2cc(OCCCNc3ccnc4ccccc34)ncn2)cc1,2
c1ccc(NCCCNC23CC4CC(CC(C4)C2)C3)cc1,2
O=C1C(=O)N(Cc2cn(CC3CC4OCOC4O3)nn2)c2ccccc21,2
O=C(Nc1ccccc1)c1cn(CCCCNc2ccnc3ccccc23)c(-c2ccccc2)c1-c1ccccc1,2
c1ccc2c(NCCNCc3ccc4c(c3)OCO4)ccnc2c1,2
O=C(NCCCc1ccccc1)C1CC2CCC1O2,2
c1ccc(-c2cnc3ccc(-c4ccncc4)nn23)cc1,2
O=C(CNCCNc1ccnc2ccccc12)N(c1ccccc1)c1ccccc1,2
O=C(NCCCCNc1cccc2cccnc12)C1CCC2(CC1)OOC1(OO2)C2CC3CC(C2)CC1C3,2
O=S(=O)(c1ccc(-c2cnc3ccc(-c4cccnc4)nn23)cc1)C1CC1,2
c1ccc(CN(CCN(CCNc2ccnc3ccccc23)CCN(Cc2ccccc2)Cc2ccccc2)Cc2ccccc2)cc1,2
C(CCc1c2ccccc2cc2ccccc12)=Nc1ccccc1,2
c1ccc(-c2nc3cnc(NC4CCNCC4)cc3[nH]2)cc1,2
c1ccc(N(CCNCCCNc2ccnc3ccccc23)c2ccccc2)cc1,2
O=C(NCCCN(CCCCCCCN(CCCNC(=O)C1CCC2(CC1)OOC1(O2)C2CC3CC(C2)CC1C3)C(=O)C1CCC2(CC1)OOC1(O2)C2CC3CC(C2)CC1C3)C(=O)C1CCC2(CC1)OOC1(O2)C2CC3CC(C2)CC1C3)C1CCC2(CC1)OOC1(O2)C2CC3CC(C2)CC1C3,2
O=C(Nc1c[nH]c(C(=O)Nc2nc(C(=O)NCCN3CCOCC3)cs2)c1)c1ccc(C=Cc2ccc3ccccc3c2)cc1,2
O=C(NCCCN(CCCCCCCCN(CCCNC(=O)C1CCC2(CC1)OOC1(O2)C2CC3CC(C2)CC1C3)C(=O)C1CCC2(CC1)OOC1(O2)C2CC3CC(C2)CC1C3)C(=O)C1CCC2(CC1)OOC1(O2)C2CC3CC(C2)CC1C3)C1CCC2(CC1)OOC1(O2)C2CC3CC(C2)CC1C3,2
O=C(NCCCN(CCCCCCN(CCCNC(=O)C1CCC2(CC1)OOC1(O2)C2CC3CC(C2)CC1C3)C(=O)C1CCC2(CC1)OOC1(O2)C2CC3CC(C2)CC1C3)C(=O)C1CCC2(CC1)OOC1(O2)C2CC3CC(C2)CC1C3)C1CCC2(CC1)OOC1(O2)C2CC3CC(C2)CC1C3,2
O=C(NCCCNCCCCCCCCNCCCNC(=O)C1CCC2(CC1)OOC1(O2)C2CC3CC(C2)CC1C3)C1CCC2(CC1)OOC1(O2)C2CC3CC(C2)CC1C3,2
c1ccc(CN(CCNCCNc2ccnc3ccccc23)Cc2ccccc2)cc1,2
c1ccc2c(Nc3ccc(CN4CCCC4)cc3)ccnc2c1,2
c1cc(C2CC3CCCC4CCC5OOC43C(O5)O2)[nH]c1CN1CCC(N2CCCC2)CC1,2
c1ccc2c(c1)[nH]c1c(-c3ccncn3)nccc12,2
O=C(NCCN1CCN(c2ccccc2)CC1)c1ccccc1,2
O=C1c2ccc(N3CCOCC3)cc2C(=O)N1CCCCNc1ccnc2ccccc12,2
c1cc2[n+]3c(n1)NCCC3CC2,2
c1cnc(N2CCC3(CCN(Cc4cccc5ccncc45)C3)CC2)nc1,2
c1cc2oc(CCCCCc3cc4cc(C5=NCCN5)ccc4o3)cc2cc1C1=NCCN1,2
c1ccc2c(NCCCNCc3ccc4c(c3)OCO4)ccnc2c1,2
O=c1cc(NCCCCNc2cccc3cccnc23)c1=O,2
O=C(Nc1ccccc1)c1ccc(C(=O)Nc2ccccc2)cc1,2
N=C(COC1CC2CCCC3CCC4OOC32C(O1)O4)COC1CC2CCCC3CCC4OOC32C(O1)O4,2
c1csc(CNCCCCNc2ccnc3ccccc23)c1,2
O=C1OC2(Oc3ccccc31)C1C=CC3C(C=C(C4=CCC5OC5C4)C32)C1,2
c1cc(Nc2ccnc3ccnn23)c2ccncc2c1,2
c1coc(CN(CCNc2ccnc3ccccc23)c2ccncn2)c1,2
O=C(NCc1ccccc1)c1cc(-c2ccc(CN3CCOCC3)cc2)nc2ccccc12,2
O=C(OCC1=CC=CCC1)c1ccccc1,2
c1coc(CN(CCCNc2ccnc3ccccc23)c2ccncn2)c1,2
O=C(CCCCc1ccccc1)NCCCN1CCN(CCCNc2ccnc3ccccc23)CC1,2
c1cnc(N2CCC3(CN(Cc4ccsc4)C3)C2)nc1,2
c1ccc2c(CCNCCC3CCCC3)ccnc2c1,2
C=C1CCC2c3[nH]c4cccc(C5CC6CCCN7CCc8c(n5c5ccccc85)C67)c4c3CC[NH+]2C1,2
C1CC2CC3(OOC2O1)C1CC2CC(C1)CC3C2,2
c1ccc2c(NC(CC3CCCCC3)CN3CCCCC3)ccnc2c1,2
c1ccc(CCN2CCN(c3ccccc3)CC2)cc1,2
O=C(NCCc1ccccc1)C1CC2CCC1O2,2
C1CC2CCC3CCCC3(C1)C2,2
c1nncs1,2
O=C(CC1CCC2(CC1)OOC1(OO2)C2CC3CC(C2)CC1C3)NCCCCNc1cccc2cccnc12,2
O=C(OCc1ccccc1)c1ccc(Oc2ccccc2)cc1,2
c1ccc2c(CCNC3CCCCC3)ccnc2c1,2
O=C1C=CC(Cc2ccccc2)N1,2
C(Cc1cccc2ccccc12)=NN=Cc1ccccc1,2
c1ccc2c(N3CCN(c4ccnc(N5CCNCC5)n4)CC3)ccnc2c1,2
O=C1OCCC1C1CC=C2C1CCC1C2CCC2CCCCC21,2
c1csc(-c2ncnc3ccccc23)c1,2
c1cnc2c(Nc3ccnc4cc(C5CC5)nn34)cccc2c1,2
O=c1c(OC2CCCCO2)c(-c2ccccc2)oc2ccccc12,2
c1ccc(-c2csc(CNc3ccnc4ccccc34)n2)cc1,2
O=C(CCC(=O)OC1CC2CCCC3CCC4OOC32C(O4)O1)NCCCN(CCCCCCCN(CCCNC(=O)CCC(=O)OC1CC2CCCC3CCC4OOC32C(O4)O1)C(=O)CCC(=O)OC1CC2CCCC3CCC4OOC32C(O4)O1)C(=O)CCC(=O)OC1CC2CCCC3CCC4OOC32C(O4)O1,2
O=C1CCC2C(CCC3C4CCC(CCCC5CO5)=C4CCC23)C1,2
c1ccc(CNC23OC4C5C6CC(C7C6C4C72)C53)cc1,2
O=C(NCCCNCCCCCCCNCCCNC(=O)C1CCC2(CC1)OOC1(O2)C2CC3CC(C2)CC1C3)C1CCC2(CC1)OOC1(O2)C2CC3CC(C2)CC1C3,2
c1ccc2c(NCCN(Cc3ccc4c(c3)OCO4)c3ccncn3)ccnc2c1,2
N=C1NC(c2cccc(-c3cccnc3)c2)CC(=O)N1C1CCS(=O)(=O)CC1,2
O=C1C=CC2(C=C1)CCNC1=C2C2=NCCc3c[nH]c(c32)C1=O,2
c1ccc(CNc2nc(N3CCCC3)nc3ccccc23)cc1,2
O=C(CCC1OOC2(CCCCC2)OO1)NCCCCNC(=O)CCC1OOC2(CCCCC2)OO1,2
O=C(CN1CCCCC1)Nc1cc(CN2CCN(c3ccccc3)CC2)cc(Nc2ccnc3ccccc23)c1,2
c1ccc2c(c1)cnc1c3cc4c(cc3ccc21)OCO4,2
C(=NNc1nncc2ccccc12)c1c[nH]c2ccccc12,2
c1ccc(CN(CCN2CCN(c3ccnc4ccccc34)CC2)Cc2ccccc2)cc1,2
O=C(CCCOc1ccccc1)NCCCN1CCN(CCCNc2ccnc3ccccc23)CC1,2
O=C1c2ccccc2SC(c2ccccc2)N1CCCNc1ccnc2ccccc12,2
O=P(OCCCC1CC2CCCC3CCC4OOC32C(O1)O4)(OCCC1CC2CCCC3CCC4OOC32C(O1)O4)Oc1ccccc1,2
N=C1CC2(N3CCCCC3)CC(c3ccccc3)C1C(c1ccccc1)C2,2
O=C(CCSSCCC(=O)NCC(=O)NCC(=O)NCC(=O)NCC(=O)NCC(=O)NCC(=O)NCC(=O)NCC(=O)NC(Cc1c[nH]c2ccccc12)C(=O)NCC(=O)NC(Cc1c[nH]c2ccccc12)C(=O)NCC(=O)NC(Cc1c[nH]c2ccccc12)C(=O)NCC(=O)NCCc1c[nH]c2ccccc12)NCC(=O)NCC(=O)NCC(=O)NCC(=O)NCC(=O)NCC(=O)NCC(=O)NCC(=O)NC(Cc1c[nH]c2ccccc12)C(=O)NCC(=O)NC(Cc1c[nH]c2ccccc12)C(=O)NCC(=O)NC(Cc1c[nH]c2ccccc12)C(=O)NCC(=O)NCCc1c[nH]c2ccccc12,2
c1ccc2c(NCCCN3CCCCCC3)ccnc2c1,2
C1=NC(CNCCCN2CCN(CCCN=c3cc[nH]c4ccccc34)CC2)N=C1,2
c1cn(CCCCCCCCCCCCn2ccnc2)cn1,2
c1ccc2c(NCCN3CCCCCC3)ccnc2c1,2
c1ccc(C(Cn2ccnc2)(c2ccccc2)c2ccc(CN3CCCC3)cc2)cc1,2
O=c1ssc(=Nc2ccccc2)n1-c1ccccc1,2
O=C(C=Cc1ccccc1)c1ccc(-n2ccnc2)cc1,2
O=C(C=Cc1ccccc1)Nc1ccc(NC(=O)Cc2ccc(-c3ccccc3)cc2)c(C(=O)c2ccccc2)c1,2
O=C(CCCCCCCCC(=O)Nc1cccc2c(CC3CC4CCN3CC4)ccnc12)NCc1cccc2c(CC3CC4CCN3CC4)ccnc12,2
O=C(N1CCCC1)n1cnc(S(=O)(=O)C2CC3CCC2C3)n1,2
C1=C(C=C2C3COCC4C3CC3N2CCC32c3ccccc3NC42)C2CC3Nc4ccccc4C34CCN1C4C2,2
O=C(CC1CCCC1)NCc1ccc(-c2ccccc2)cc1,2
O=C1C=CC2CCC3C4CCC(OC5CCCCO5)CC4CCC3C12,2
O=C(NCc1ccccc1)c1cccc2ccccc12,2
O=C(C=Cc1ccc2ccccc2c1)NCCNCCNc1ccnc2ccccc12,2
c1ccc(Cn2c(NC3CCN(CCN4CCNCC4)CC3)nc3ccccc32)cc1,2
c1cocn1,2
C1CCC(CC2CC3CCOC3OO2)CC1,2
C1=CC(=Cc2ccc(-c3ccccc3)[nH]2)N=C1,2
B1OCc2ccc(OCc3cn(-c4ccnc5ccccc45)nn3)cc21,2
O=C(Cc1cccnc1)NC1CNCC1c1ccccc1,2
C1=CC(=Cc2ccc(-c3ccc[nH]3)[nH]2)N=C1,2
C1=CC(c2ccco2)=NC1=Cc1ccc[nH]1,2
c1ccc(NCCNCCNc2ccnc3ccccc23)nc1,2
c1ccc2[nH]c(NCCNCCNc3ccnc4ccccc34)nc2c1,2
O=C(NCCCNc1ccnc2ccccc12)C(=O)Nc1ccc2c(c1)Cc1ccccc1-2,2
c1cc(CNCCCNc2ccnc3ccccc23)c2c(c1)COC2,2
c1ccc(Nc2nc(NCCCCNc3cnc4ccccc4c3)nc(Nc3ccccc3)n2)cc1,2
O=C1NCC2OC12,2
c1ccc2ncc(NCCCCNc3ncnc(N4CCOCC4)n3)cc2c1,2
O=C1C=CC2OOC(c3ccccc3)OC2C1,2
O=C(c1ccc(Nc2ccnc(NCCCNc3ccnc4ccccc34)n2)cc1)N1CCCCC1,2
O=C(OC1CC2(N3CCCC3)CC(c3ccccc3)C1C(c1ccccc1)C2)c1ccncc1,2
C1CCC(C2OOCC3OC32)C1,2
O=C1NC(=O)c2ccc3c4c(ccc1c24)C(=O)C(CNc1c2ccccc2nc2ccccc12)C3=O,2
O=C(NCc1ccccc1)c1cnc(Oc2ccc3c(c2)BOC3)cn1,2
O=S(=O)(NCCNCCNc1ccnc2ccccc12)c1cccnc1,2
C(=Cc1ccc2c(c1)OCO2)Cn1cc(COc2ccc3c(c2)[nH]c2cnccc23)nn1,2
O=C(C=Cc1ccccc1)OC1COC(Oc2c(-c3ccccc3)oc3ccccc3c2=O)C(OC(=O)C=Cc2ccccc2)C1,2
O=C(NCCCN1CCN(CCCNc2ccnc3ccccc23)CC1)c1ccsc1,2
O=C(COc1ccc(C(=O)C=Cc2ccccc2)cc1)NCCCCNc1ccnc2ccccc12,2
c1cnc(N2CCC3(CCN(Cc4ccc5ccccc5n4)C3)CC2)nc1,2
c1ccc(-c2cc(NCCN3CCCCC3)n3c(c2)nc2ccccc23)cc1,2
O=C(Cc1ccccc1)c1ccccc1C(=O)N1CCCCC1,2
C(=NC1CCCCC1)c1ccc(C2OOC(c3ccccc3)OO2)cc1,2
O=C(NCCCN(CCCCCCCCCCN(CCCNC(=O)C1CCC2(CC1)OOC1(O2)C2CC3CC(C2)CC1C3)C(=O)C1CCC2(CC1)OOC1(O2)C2CC3CC(C2)CC1C3)C(=O)C1CCC2(CC1)OOC1(O2)C2CC3CC(C2)CC1C3)C1CCC2(CC1)OOC1(O2)C2CC3CC(C2)CC1C3,2
O=S(=O)(NCCNC(=S)Nc1ccc(Nc2ccc(NC(=S)NCCNS(=O)(=O)c3ccccc3)cc2)cc1)c1ccccc1,2
c1ccc(-c2ccc3ncc(-c4ccccc4)n3c2)cc1,2
c1ccc2c(CCCNc3nc(NCCCNc4ccnc5ccccc45)nc(N4CCCCC4)n3)ccnc2c1,2
c1cnc(N2CCC3(CN(Cc4cccc5cccnc45)C3)C2)nc1,2
c1cnc(N2CCC3(CN(Cc4cccnc4)C3)C2)nc1,2
C(#CC1CN2CCC1CC2)c1cnc2ccccc2c1,2
O=S(=O)(c1ccc(-c2cncc(-c3cccnc3)c2)cc1)N1CCOCC1,2
c1cnc(N2CCC3(CCN(Cc4ccc5ccc6cccc7ccc4c5c67)C3)CC2)nc1,2
O=C1CC(c2ccccn2)N(Cc2ccccc2)C(c2ccccn2)C1,2
c1cncc(-c2cncc(-c3ccc4ncccc4c3)c2)c1,2
O=C(Cc1ccc(Cc2cn(Cc3ccccc3)cn2)cc1)Nc1cccc(Cc2ccccc2)c1,2
O=C(NC1CCCCC1)c1ccc(C2OOC(c3ccccc3)OO2)cc1,2
c1ccc(Cc2[nH+]ccc3cc4c(cc23)OCO4)cc1,2
c1cc2[nH]cnc2cn1,2
c1c(COCC(COCc2cn(CCCOC3OCCCC3OC3CCCCO3)nn2)(COCc2cn(CCCOC3OCCCC3OC3CCCCO3)nn2)COCc2cn(CCCOC3OCCCC3OC3CCCCO3)nn2)nnn1CCCOC1OCCCC1OC1CCCCO1,2
C(=NC1C2CC3CC(C2)CC1C3)c1ccc(C2OOC(c3ccccc3)OO2)cc1,2
[N+]=c1ccc2nc3ccccc3sc-2c1,2
O=C1C=CC2C(CCC3C4=CC(=O)C(C5CCOC5)C4CCC32)C1,2
c1ccc(-n2c[n+](-c3ccccc3)cn2)cc1,2
O=C(Cc1ccccc1)NCCCCNCCCNC(=O)Cc1ccccc1,2
c1ccc2c(NCCCCNCc3ccc(-c4csc5ccccc45)cc3)ccnc2c1,2
O=C(CNC(=O)c1ccccn1)NCCc1ccccc1,2
c1cnc(N(CCNc2ccnc3ccccc23)Cc2ccc3c(c2)OCO3)nc1,2
c1cc(NCCn2c(NC3CCN(CCc4ccc(-c5ncno5)cc4)CC3)nc3ccccc32)c2nonc2c1,2
C(CCc1cc2ccccc2c2ccccc12)=NN=Cc1cccc(CN2CCNCC2)c1,2
O=C(CC1CCC2(CC1)OOC1(OO2)C2CC3CC(C2)CC1C3)NNc1ccncn1,2
c1ccc(CN(CCCNCCNc2ccnc3ccccc23)Cc2ccccc2)cc1,2
C(=C1Cc2ccccc2O1)c1ccccc1,2
c1cc(CN2CCN(c3nc4ccccc4s3)CC2)cc(Nc2ccnc3ccccc23)c1,2
O=C(Nc1ccc2ocnc2c1)C1CCCN(C(=O)c2ccccc2)C1,2
c1cc2cc(c1)Oc1ccc3c(c1)C(=NCC3)Cc1ccc(cc1)COc1ccc3c(c1)C(C2)NCC3,2
O=C(CC1CC=NO1)NCCc1ccccc1,2
O=C(CN1CCc2[nH]c3ccccc3c(=O)c2C1)Nc1ccccc1,2
c1ccc2c(NCCCNc3c4c(nc5ccccc35)CCCC4)c3c(nc2c1)CCCC3,2
C1CCCC2(CCC1)OOC1(CCC3C(CCC4C5CCCC5CCC34)C1)OO2,2
O=C(CCc1ccncc1)NCC(=O)NCC(=O)C1CO1,2
O=S(=O)(Nc1c(S(=O)(=O)c2ccccc2)c2nc3ccccc3nc2n1CC1CCCO1)c1ccccc1,2
c1ncc2sc(-c3ccc(N4CCOCC4)cc3)cc2n1,2
c1ccc2c(c1)[nH]c1c(NCCN3CCOCC3)nccc12,2
c1ccc(CNCCCOc2ccc3ccccc3c2)cc1,2
c1ccc(-c2cc3ncnc(NC4CC4)c3s2)cc1,2
O=C1CCCCCC2CCCC(CC(OC3CCCCO3)CCC=CC=CCC(CCCCCCOC3CCC(OC4CCC(OC5CCCCO5)CO4)CO3)O1)O2,2
O=C1C=C(CCC2CCCC3C=CCCC32)CO1,2
c1ccc2c(NCCNc3ccnc4ncnn34)ccnc2c1,2
c1ccc(COC2CNCCC2CNCc2ccc3ccccc3n2)cc1,2
c1ccc2nsnc2c1,2
C1CCC2(CC1)OOC1CCCCC12,2
O=C(Nc1nccs1)c1cc2ccccc2n1Cc1ccccc1,2
c1ccc(-c2cc3ncnc(NCCN4CCOCC4)c3s2)cc1,2
c1ccc2cc(COc3ccc(Nc4ccnc5ccccc45)cc3)ccc2c1,2
c1ccc(-c2ccc(-c3nc4ccccc4[nH]3)cc2)cc1,2
O=C(NCCNc1ccnc2ccccc12)C(=O)NC1C(=O)N(C2CCCCC2)C1C=Cc1ccccc1,2
c1cc(N2CCN(c3ccc(C4=NCCCN4)cc3)CC2)ccc1C1=NCCCN1,2
O=C(NCN1CCN(c2ccccc2)CC1)c1ccccc1,2
c1ccc(C2OOC(c3ccc(CNC4C5CC6CC(C5)CC4C6)cc3)OO2)cc1,2
c1ccc2c(NCCCn3cnc4c(N5CCCCC5)ncnc43)ccnc2c1,2
O=C1C2Cc3c([nH]c4ncccc34)C(c3ccc4c(c3)OCO4)N2C(=O)CN1C1CCN(Cc2ccccc2)C1,2
c1ccc2c(NCCN3CCNCC3)c3ccccc3nc2c1,2
c1ccc2c(c1)nc1cc(C3CCCCC3)ccn12,2
O=C(C(Cc1ccccc1)Nc1ccnc2ccccc12)N1CCNCC1,2
c1ccc(-c2cc(NCCn3ccnc3)n3c(c2)nc2ccccc23)cc1,2
O=C(NCCCCNc1ccnc2ccccc12)C(=O)NC1C(=O)N(c2ccccc2)C1C=Cc1ccccc1,2
O=C(C=Cc1ccccc1)Nc1ccc(NC(=O)c2ccccc2)c(C(=O)c2ccccc2)c1,2
c1ccc(-c2cc(NCCCCNc3ccnc4ccccc34)nc(N3CCOCC3)n2)cc1,2
O=C(c1sc2ccccc2c1NCc1ccccc1)N1CCOCC1,2
O=[PH](Oc1ccccc1)Oc1ccccc1,2
c1ccc(NNc2ccnc3ccccc23)cc1,2
O=S(=O)(c1ccccc1)N1CCC2(CC1)OOC(C1CCCCC1)OO2,2
c1ccc2c(NCc3cn(CCN4CCOCC4)nn3)ccnc2c1,2
O=C(Cc1ccc(CC2=CC(=O)c3ccccc3C2=O)cc1)NCCNc1ccnc2ccccc12,2
c1ccc(CN(CCCn2cc(CNc3ccnc4ccccc34)nn2)Cc2ccccc2)cc1,2
O=c1ccc2cc3c(cc2o1)OCC(c1ccccc1)O3,2
O=C(CC1CCC2CCCCC2C1)NC1CCCCC1,2
O=C(Nc1ccc2c(c1)C(=O)Nc1cccnc1O2)c1ccccc1,2
C1CC2CCC3OOC24C(C1)CC(OCCNCCNc1nc(N2CCOCC2)nc(N2CCOCC2)n1)OC4O3,2
O=C(NCc1ccccc1)Nc1cnc2ccccn2c1=O,2
O=C(CN1CCN(c2ccccc2)CC1)c1ccco1,2
O=C(NC(CCNCc1ccccc1)Cc1ccccc1)c1cccc(C(=O)N2CCNCC2)c1,2
c1ccc(C(c2ccccc2)(c2ccc(CN3CCOCC3)cc2)n2ccnc2)cc1,2
c1ccc(CN2CCN(Cc3ccc(C(Nc4ccnc5ccccc45)c4ccccc4)cc3)CC2)cc1,2
O=P(OCCC1CCCC2CCC3OCC12OO3)(Oc1ccccc1)Oc1ccccc1,2
O=C1CSC(Nc2ccccc2)=C1C(=O)NC1CC1,2
O=C(c1cc2ccccc2[nH]1)N1CCc2sccc2C1,2
O=C(Nc1ccccc1)c1ccc(COc2ccccc2)cc1,2
O=C(Cc1ccc(N(Cc2ccccc2)C(=O)C2CCCC2)cc1)NCCN1CCCC1,2
c1ccc(C(Nc2c3ccccc3nc3ccccc23)(c2ccccc2)c2ccc(CN3CCCC3)cc2)cc1,2
c1ccc(CN2CCN(c3ncnc4sc5c(c34)CCCC5)CC2)cc1,2
O=C(CC1CCC2(CC1)OOC1(OO2)C2CC3CC(C2)CC1C3)NCCCNC(=O)CC1CCC2(CC1)OOC1(OO2)C2CC3CC(C2)CC1C3,2
c1ccc(-c2ccccc2-c2c[nH]cc2C(c2ccccc2)n2ccnc2)cc1,2
O=C1C=C(Cc2ccncc2)C(=O)c2ccccc21,2
c1cc(CN2CCN(c3nc4ccccc4o3)CC2)cc(Nc2ccnc3ccccc23)c1,2
O=C1CC(OC2CCCCO2)CC(OC2CCCCO2)CCCCN(CCCNCc2cccc3ccccc23)CCCCO1,2
O=C(NN(CC1CCCC1)c1ccncn1)C1CCC2(CC1)OOC1(OO2)C2CC3CC(C2)CC1C3,2
O=C(NCc1ccccc1)C1CNCC1c1cccs1,2
O=C1Nc2ccccc2C1=CNCCCc1ccccc1,2
c1ccc(-c2cncc(-c3ccc4nccnc4c3)c2)cc1,2
O=C1CNC(=O)C(Cc2ccccc2)NC(=O)CNC(=O)C(CCCCNc2c(CCNCCCCNc3ccnc4ccccc34)c(=O)c2=O)NC(=O)CNC(=O)C(Cc2ccccc2)NC(=O)CN1,2
O=C(NCc1ccccc1)C1Cn2nc(-c3ccccc3)cc2C(=O)N1c1ccccc1,2
O=C(C=Cc1ccc(-c2ccccc2)o1)Nc1ccc(NC(=O)c2ccccc2)c(C(=O)c2ccccc2)c1,2
O=S(=O)(c1cccc(-c2ccn3ncc(-c4ccccc4)c3n2)c1)C1CC1,2
O=C(CCCNc1ccnc2ccccc12)N1CCNCC1,2
c1ccc(CNCCOC2CC3CCCC4CCC5OOC43C(O2)O5)cc1,2
c1cncc(-c2cncc(-c3ccc(-n4cncn4)cc3)c2)c1,2
O=c1c2ccc(Nc3ccnc4ccccc34)cc2ncn1Cc1ccc(CN2CCCC2)cc1,2
c1ccc2cc(OCc3cn(CCCNc4ccnc5ccccc45)nn3)ccc2c1,2
O=C(CCC(=O)OC1CC2CCCC3CCC4OOC32C(O4)O1)NCCCNCCCCCCCCNCCCNC(=O)CCC(=O)OC1CC2CCCC3CCC4OOC32C(O4)O1,2
c1cnc(N2CCC3(CN(Cc4cnc5ccccn45)C3)C2)nc1,2
c1ccc(CN2CC2COc2cccc3c[n+](Cc4ccccc4)ccc23)cc1,2
O=C(c1ccnc(Nc2nc3cnc(Nc4cccnc4)cc3[nH]2)c1)N1CCNCC1,2
c1ccc2cc(OCc3cn(CCNc4ccnc5ccccc45)nn3)ccc2c1,2
O=C(CCc1ccccc1)NCC(=O)NCC(=O)NCCc1ccccc1,2
C(=Cc1n[nH]c2ccccc12)c1ccc2ccccc2[nH+]1,2
c1c[n+](CCCCc2ccc(CCCC[n+]3ccsc3)s2)cs1,2
O=C(NCCCCNc1cccc2cccnc12)c1ccccc1,2
O=C(CN(CCCCNc1ccnc2ccccc12)C(=O)c1ccc(COC2CC3CCCC4CCC5OOC43C(O2)O5)cc1)NC1CCCCC1,2
N=C(NCCNCc1cccc(Nc2ccnc3ccccc23)c1)c1ccccc1,2
O=C(c1ccc(Nc2nccc(NCCCCCCNc3ccnc4ccccc34)n2)cc1)N1CCCCC1,2
O=c1ccnc[nH]1,2
S=c1[nH]cnc2[nH]cnc12,2
c1ccc2c(NCCCN3CCN(CCCN(Cc4ccsc4)Cc4ccsc4)CC3)ccnc2c1,2
C1OOCC2OC12,2
c1ccc(OCc2cn(CCN3CCN(c4ccnc5ccccc45)CC3)nn2)cc1,2
O=C1c2cccc(N3CCCCC3)c2C(=O)N1CCCCNc1ccnc2ccccc12,2
O=C1C2Cc3c([nH]c4ccccc34)C(c3ccc4c(c3)OCO4)N2C(=O)CN1c1cccc(CN2CCNCC2)c1,2
c1ccc([PH+](c2ccccc2)c2ccccc2)cc1,2
c1ccc(Cc2nc(NCCCCCCNc3ccnc4ccccc34)oc2N2CCOCC2)cc1,2
O=C1C(=Cc2ccccc2)CN(C(=O)c2ccc(OCCN3CCOCC3)cc2)CC1=Cc1ccccc1,2
c1ccc(-c2ccn3ncc(-c4ccccc4)c3c2)cc1,2
O=C(OCc1ccccc1)C1=CCC2(C(=O)N3C(C(=O)OC(c4ccccc4)c4ccccc4)CSC32)C1C(=O)c1ccccc1,2
O=C1CSC(c2ccco2)N1CCNc1ccnc2ccccc12,2
O=C1C=CC2CCC(COS(=O)(=O)c3ccccc3)C(CCC3=CCOC3=O)C2C1,2
C(=Cc1cc(N2CCNCC2)c2ccccc2n1)c1ccccc1,2
N=C(Nc1ccccc1)Nc1ccc(-c2ccc(-c3ccc(NC(=N)Nc4ccccc4)cc3)s2)cc1,2
c1cc(CCNCC2CC2)c2c(c1)COCO2,2
O=C(C=Cc1ccc2ccccc2n1)N1CCCCC1,2
c1ccc2c(=NCCCN3CCN(CCCNCc4ccc(CN5CCCC5)cc4)CC3)cc[nH]c2c1,2
O=C(Nc1ccc(N2CCNCC2)nc1)c1cnc(-c2ccccc2)o1,2
O=C(Nc1ccc2nc(Nc3ccccc3)ccc2c1)c1cc2ccccc2[nH]1,2
O=C(CC1CCC2(CC1)OOC1(OO2)C2CC3CC(C2)CC1C3)Nc1cccc(NC(=O)CC2CCC3(CC2)OOC2(OO3)C3CC4CC(C3)CC2C4)c1,2
O=C1C2=C(C3=NCCc4c[nH]c1c43)C1(C=CCC=C1)CCN2,2
O=C(CNC(=O)OCc1ccccc1)Nc1ccc(-c2ccccc2)cc1,2
O=C(Nc1ccccn1)c1cccc(S(=O)(=O)Nc2ccccc2)c1,2
O=C(CCC1OOC2(CCCCC2)OO1)NCCNC(=O)CCC1OOC2(CCCCC2)OO1,2
c1ccc(C2OOC3(CCNCC3)OO2)cc1,2
O=C(Nc1ccc(C2C(Oc3ccccc3)C(=O)N2c2ccccc2)cc1)N1CCOCC1,2
c1ccc2c(Nc3ccc(CNCC4CCCN5CCCCC45)cc3)ccnc2c1,2
O=C(Nc1ccccc1)Nc1cccc(Nc2nccc(Nc3ccc4c[nH]nc4c3)n2)c1,2
O=C(CNc1ccnc2ccccc12)NCCOc1ccc2c(c1)[nH]c1cnccc12,2
O=C(Nc1cccn(C(C=CS(=O)(=O)c2ccccc2)Cc2ccccc2)c1=O)OCc1ccccc1,2
O=C(NCCCN1CCN(CCCNc2ccnc3ccccc23)CC1)c1cccc2ccccc12,2
c1ccc2c3c(N4CCNCC4)c4ccccc4[nH]c-3nc2c1,2
c1cc(-c2ccc3c(c2)CNCC3)c2ccc(-c3cc(-c4ccc5c(c4)CNCC5)c4ccccc4c3)cc2c1,2
O=C1c2ccccc2C(=O)c2cc(C3C(Oc4ccccc4)C(=O)N3c3cccc4ccccc34)ccc21,2
O=S(=O)(NC1CC1)c1ccc(-c2cncc(-c3cccnc3)c2)cc1,2
O=C1CSC(c2ccco2)N1CCCNc1ccnc2ccccc12,2
C(=Cc1cc(C=Cc2ccccc2)[nH]n1)c1ccccc1,2
O=C(NCCN1CCOCC1)c1csc(NC(=O)c2cc(NC(=O)c3cc(NC(=O)c4cc5ccccc5cn4)c[nH]3)c[nH]2)n1,2
N=C(Nc1c[nH]c(C(=O)Nc2c[nH]c(C(=O)Nc3cc[nH]c3)c2)c1)c1cc2ccccc2cn1,2
O=C(C=Cc1ccc2ccccc2c1)NCCCNCCCNc1ccnc2ccccc12,2
O=C(C=Cc1ccccc1)N1CCN(c2ccc3c(=O)ccn(C4CC4)c3c2)CC1,2
O=c1[nH]cnc2c1NCN2CC1CO[PH](=O)CO1,2
c1cnc(N2CCC3(CN(Cc4c[nH]c5ccncc45)C3)C2)nc1,2
O=S(=O)(c1ccc(-c2ccc3ncc(-c4ccncc4)n3n2)cc1)N1CCOCC1,2
c1ccc2c(CCNCCCN3CCN(CCCNCCc4ccnc5ccccc45)CC3)ccnc2c1,2
O=C(CCCNc1ccnc2ccccc12)NCCCNC1CCOC(OC2CCCCNCCCCOC(=O)CC(OC3CCCCO3)C2)C1,2
O=C1CC2CC(CCO2)O1,2
O=c1cccc(C=CC=Cc2ccccc2)o1,2
c1ccc2c(Nc3ccc4oc(N5CCNCC5)nc4c3)ccnc2c1,2
O=C(CCC(Nc1ccnc2ccccc12)C(=O)N1CCNCC1)N1CCNCC1,2
O=C1C2=C(C(=O)c3cc4c(cc31)C(=O)c1occ3c1C4CCC3=O)S(=O)(=O)CCN2,2
O=C(Nc1ccccc1)C1CC1C(=O)Nc1ccccc1,2
c1ccc(Cn2nc(-c3ccccc3)[nH+]c2-c2ccccc2)cc1,2
O=C1c2ccccc2-c2c1c(N1CCN(c3ccccn3)CC1)nc1ccccc21,2
c1ccc(CNc2nc3cc(Nc4ccnc5ccccc45)ccc3o2)nc1,2
c1ccc2c(NCCCNc3ccnc4ncnn34)ccnc2c1,2
c1cnc(N2CCC3(CN(Cc4cccc5cnccc45)C3)C2)nc1,2
c1ccc(-c2cccn2CCCNc2ccnc3ccccc23)cc1,2
c1ccc(-c2nc(CNc3ccnc4ccccc34)sc2CN2CCCC2)cc1,2
O=C1c2ccccc2-c2c1c(N1CCNCC1)nc1ccccc21,2
O=C(CNc1ccccn1)Nc1ccccc1,2
c1ccc2c(NCCCCCCNc3ccnc4ncnn34)ccnc2c1,2
c1cnc(N2CCC3(CN(Cc4cncc5ccccc45)C3)C2)nc1,2
c1ccc2c(NCCCCNc3ccnc4ncnn34)ccnc2c1,2
O=C(CCN1CCCCC1)OC1CC2(N3CCCC3)CC(c3ccccc3)C1C(c1ccccc1)C2,2
c1ccc2c(NCCCNC3CCC4(CC3)OOC3(O4)C4CC5CC(C4)CC3C5)c3ccccc3nc2c1,2
c1cc(NCCCCCCNc2ccnc3ncnn23)n2ncnc2n1,2
c1cnc(OC2Cc3ccccc3C2)nc1,2
N=c1cc2n(-c3ccccc3)c3ccccc3nc-2cc1Nc1ccccc1,2
C=C1C(OCCCOC2OC3OC4CCC5CCCC(C2=C)C53OO4)OC2OC3CCC4CCCC1C42OO3,2
c1ccc(NCCCCCNc2ccccc2)cc1,2
O=C(C(Cc1c[nH]c2ccccc12)Nc1ccnc2ccccc12)N1CCNCC1,2
c1ccc2c(N3CC3)ccnc2c1,2
C1=CC(c2cc3ccccc3[nH]2)=NC1=Cc1ccc[nH]1,2
O=C(CC(Nc1ccnc2ccccc12)C(=O)N1CCNCC1)N1CCNCC1,2
O=C(CCN1CCCC1)OC1CC2CCCC3CCC4OOC32C(O4)O1,2
c1ccc(-c2ccc3[nH]c(-c4ccccc4)nc3c2)cc1,2
O=C(NCCc1ccccc1)C1CCN(c2nccn3nc4c(c23)CCCC4)CC1,2
c1ccc2c(N3CCN(c4ccnc(N5CCCC5)n4)CC3)ccnc2c1,2
c1ccc2c(NCCCCNc3c4c(nc5ccccc35)CCCC4)c3c(nc2c1)CCCC3,2
c1ccc2c(NCCCN3CCN(CCCNc4ccnc5ccccc45)CC3)ccnc2c1,2
C1CCC2C(C1)CCCC2C1CCCO1,2
c1ccc2cc(-c3cc4nc5ccccc5nc4c4ccccc34)ccc2c1,2
c1ccc(CNCCCCOc2cccc3ncccc23)cc1,2
C1=CC2CC1CC2CNCCCNc1ccnc2ccccc12,2
c1ccc2c(NCCCCNc3nccc(N4CCOCC4)n3)ccnc2c1,2
c1ccc2c(CN(CCCN3CCN(CCCNc4ccnc5ccccc45)CC3)Cc3cccc4ccccc34)cccc2c1,2
c1ccc2c(-n3cc(Cn4c5ccccc5c5ccncc54)nn3)ccnc2c1,2
c1ccc(CON=c2[nH]cnc3[nH]cnc23)cc1,2
O=C(CCc1ccc(CN2CCCCC2)cc1)c1cccs1,2
c1cncc(CNCCC2CC3CCCC4CCC5OOC43C(O2)O5)c1,2
c1ccc(CN2C3C4C5CC6C7C5C3C7C2C64)cc1,2
c1ccc2c(C(c3nnn[nH]3)N3CCCCC3)ccnc2c1,2
O=C1C=CC(=O)C2=C1CCc1ccccc1O2,2
O=C(OC1CC2CCCC3CCC4OOC32C(O4)O1)c1cccc2c1OCO2,2
c1cc2cc(c1)Oc1ccc(cc1)CC1NCCc3cccc(c31)Oc1cccc3c1CCNC3C2,2
O=C(CN1CCCC1)OC1CC2(N3CCCC3)CC(c3ccccc3)C1C(c1ccccc1)C2,2
O=C1CSC(c2ccc3c(c2)OCO3)N1CCNc1ccnc2ccccc12,2
c1ccc(-c2cncc(-c3cccc4ncccc34)c2)cc1,2
O=S(=O)(Nc1ccccc1)c1ccc(Nc2ccnc3ccnn23)cc1,2
O=c1[nH]c2c3ccncc3ccc2c2ccccc12,2
O=C(NCCCNCCCCNCCCNC(=O)NCc1ccccc1)NCc1ccccc1,2
c1ncc2[nH]cnc2n1,2
C(#CC1CN2CCC1CC2)c1ccc2ccccc2c1,2
O=C(c1sc(-c2ccccc2)nc1-c1ccccc1)N1CCC(N2CCCC2)CC1,2
O=C1CCCC(=O)C1,2
C1=CC(c2cccs2)=NC1=Cc1ccc[nH]1,2
O=C1C=CC2C(CCC3C4=CCC(C5CCOC5)C4CCC32)C1,2
C1=CC(c2ccccc2)=NC1=Cc1ccc[nH]1,2
c1ccc2c(NCCCCCCCNc3c4c(nc5ccccc35)CCCC4)c3c(nc2c1)CCCC3,2
c1ccc(-c2csc(-c3cccs3)n2)cc1,2
c1ccc(CCCCN2CCC(N3CCCCC3)CC2)cc1,2
O=c1[nH]c2cnc3ccc(-c4cncnc4)cc3c2n1-c1ccccc1,2
c1ccc2c(C(Nc3ccc(Nc4ccnc5ccccc45)cc3)c3nnn[nH]3)cccc2c1,2
c1ccc2c(NCCn3cnc4c(N5CCCC5)ncnc43)ccnc2c1,2
O=C1C(=O)c2c(ccc3c2CCCC3)C2=C1CCO2,2
O=C(c1ccc[nH]1)N1CCCC(c2nnn[nH]2)C1,2
c1ccc2c(NCCCCCNc3c4c(nc5ccccc35)CCCC4)c3c(nc2c1)CCCC3,2
O=C(c1ccc(CNc2ccccc2)cc1)N1CCCCC1,2
O=C1OC2CC3OC3c3ccc(o3)CCCCC13OC23,2
c1ccc2c(NCCNC3CCC4(CC3)OOC3(O4)C4CC5CC(C4)CC3C5)ccnc2c1,2
O=C(Cn1c(-c2ccccn2)nc2ccccc21)c1ccc(-c2ccccc2)cc1,2
C1=Nc2ccccc2CN1CCc1ccccc1,2
c1ccc2c(NCCNCc3ccc(COC4CC5CCCC6CCC7OOC65C(O4)O7)cc3)c3ccccc3nc2c1,2
O=C(CN(Cc1ccccc1)C(=O)c1cccc2ccccc12)NCc1ccccc1,2
O=C1c2cccc3cccc(c23)C(=O)N1CCNc1ccnc2ccccc12,2
O=C1c2cccc3cccc(c23)C(=O)N1CCCCNc1ccnc2ccccc12,2
O=C(c1cnc(Oc2ccc3c(c2)BOC3)cn1)N1CCCC1,2
O=c1cc2c3c(cc4c(c3o1)CCC(c1ccccc1)O4)Oc1ccccc1-2,2
O=C(OC1CC2CC(c3ccccc3)C1C(c1ccccc1)C2)c1cccnc1,2
O=C1c2ccccc2C(=O)c2cc(C3c4ccccc4C(=O)c4cc(C5c6ccccc6C(=O)c6ccccc65)ccc43)ccc21,2
c1ccc2c(NCCNc3c4c(nc5ccccc35)CCCC4)c3c(nc2c1)CCCC3,2
N=C1NC(c2ccccc2)(c2ccccc2)C(=O)N1C1CCNCC1,2
c1ccc(-c2nc3c(N4CCC(CN5CCN(c6ncc[nH]6)CC5)CC4)nccc3[nH]2)cc1,2
c1ccc(-c2cc(OC3CCNCC3)n3c(c2)nc2ccccc23)cc1,2
O=C(CCN1CCN(c2ccccc2)CC1)OC1CC2CCCC3CCC4OOC32C(O4)O1,2
c1cc2c3c(c1)Oc1ccc(cc1)CC1NCCc4cccc(c41)Oc1ccc(cc1)CC3NCC2,2
O=C(NCCCN1CCN(CCCNc2ccnc3ccccc23)CC1)c1ccccc1C(=O)c1ccccc1,2
c1ccc2c(NCCCN3CCN(CCCN(CC4CCCCC4)CC4CCCCC4)CC3)ccnc2c1,2
c1cnc(NCCNCCNc2ccnc3ccccc23)nc1,2
c1cc2cc(c1)Oc1ccc(cc1)CC1[NH2+]CCc3ccc(cc31)Oc1cccc3c1C(C2)NCC3,2
c1ccc(Cn2nnc(C(CNc3ccc4c(c3)OCO4)c3ccccc3)c2-c2ccccc2)cc1,2
O=C1CCCC(OC2CC(NCCCNc3ccnc4ccccc34)CCO2)CCCCNCCCCO1,2
c1ccc(COCCCNCC2CCCN2)cc1,2
C=C1NC(=O)C2CSSCCC=CC(CC(=O)NCC(=O)N2)OC(=O)CNC1=O,2
O=C(NNc1ccnc2ccccc12)c1ncc[nH]1,2
c1ccc2c(NCCCN=C3C4CC5CC(C4)CC3C5)ccnc2c1,2
O=C(OCCC1CC2CCCC3CCC4OOC32C(O1)O4)c1ccc(C(=O)OCCC2CC3CCCC4CCC5OOC43C(O2)O5)cc1,2
C1CC2COOC(OCCC34CC5CC(CC(C5)C3)C4)(C1)C2,2
C(=CCCC1CCCOO1)CCC1=CCCCC1,2
c1ccsc1,2
O=C(C=Cc1cnc2ccccc2c1)c1ccsc1,2
c1ccc(CN(CCCNc2ccnc3ccccc23)c2ccncn2)nc1,2
O=C1CNC(=O)C(Cc2ccccc2)NC(=O)C(Cc2ccccc2)NC(=O)CNC(=O)C2CCCN2C(=O)C(Cc2ccccc2)NC(=O)CN1,2
O=C(CN1CCNCC1)NCCNc1ccnc2ccccc12,2
O=C(CN1CCCCC1)NCCNc1ccnc2ccccc12,2
c1ccc(CN(CCCNc2ccnc3ccccc23)c2ccnc(N3CCCC3)n2)nc1,2
C1=NOC(c2nc(-c3ccc4c(c3)OCCO4)no2)C1,2
c1ccc2c(NCCCCCCNc3nccc(N4CCCCC4)n3)ccnc2c1,2
O=C(Oc1ccccc1C(=O)Nc1ccccc1)c1ccccc1,2
c1ccc(-c2noc(CCN3CCNCC3)n2)cc1,2
O=C1NCc2c1c1c3ccccc3n3c1c1c2c2ccccc2n1C1CCCC3O1,2
O=C(Cc1ccccc1)NC(CCN1CCN(Cc2ccccc2)CC1)Cc1ccccc1,2
O=C(c1cnc(Oc2ccc3c(c2)BOC3)cn1)N1CC(C2CC2)C1,2
c1ccc(Nc2nc(N3CCCCC3)nc3ccccc23)cc1,2
c1ccc2[nH]c(NCCCN3CCN(CCCN=c4cc[nH]c5ccccc45)CC3)nc2c1,2
O=C1CCCC2CCC3Cc4ccoc4CC3C12,2
c1ccc(CN(CCNc2ccnc3ccccc23)c2ccnc(N3CCOCC3)n2)nc1,2
c1cc(C2=NCCN2)cc(-c2cc(-c3cccc(C4=NCCN4)c3)on2)c1,2
O=C1C=C(OCCCCCC[P+](c2ccccc2)(c2ccccc2)c2ccccc2)C(=O)c2ccccc21,2
O=C1C(Oc2ccccc2)C(c2ccccc2)N1Cc1ccccc1,2
c1ccc(-c2cncc(-c3cc(NCCCn4ccnc4)ncn3)c2)cc1,2
O=C1NC23CCNCC2C(c2ccccc2O3)C1C(=O)c1ccccc1,2
c1ccc(NCCn2cc(CNc3ccnc4ccccc34)nn2)cc1,2
O=C(C1Cc2c([nH]c3ccccc23)CN1)N1CCCCC1,2
O=C(NCc1ncn[nH]1)c1ccc2c(c1)CCO2,2
N=C(Nc1ccc(Oc2ccc(Oc3ccc(NC(=N)c4ccccc4)cc3)cc2)cc1)c1ccccc1,2
O=C(C=Cc1ccccc1)NCC(C(=O)C=Cc1ccccc1)c1ccccc1,2
c1ccc(CNCCn2cc(CNc3ccnc4ccccc34)nn2)cc1,2
c1ccc2c(NCc3cn(CCN4CCCCC4)nn3)ccnc2c1,2
O=C(c1ccnc(Nc2nc3cnc(NC4CC4)cc3[nH]2)c1)N1CCCCC1,2
O=C1c2ccccc2OC2(c3ccccc3)Oc3ccc4c(c3C12)OC(c1ccccc1)CC4,2
O=C(c1ccnc(Nc2nc3cnc(Nc4cccnc4)cc3[nH]2)c1)N1CCCCC1,2
O=C(Nc1ccncc1)c1ccnn1Cc1ccccc1,2
c1ccc(CCCc2ccc(CN3CCCCC3)cc2CN2CCCCC2)cc1,2
c1ccc(C2COc3ccccc3O2)cc1,2
O=C(NCCc1ccccc1)c1cc2c(=O)[nH]ccn2n1,2
c1ccc2ncc(NCCNc3ncncn3)cc2c1,2
c1ccc(CNCCCn2cc(CNc3ccnc4ccccc34)nn2)cc1,2
c1cc2c(cc1OCC1CO1)CCC1CCCCC21,2
C(=CC[n+]1ccc2c(c1)[nH]c1ccccc12)C[n+]1ccc2c(c1)[nH]c1ccccc12,2
c1ccc2c(OCCCN3CCNCC3)cccc2c1,2
c1ccc(N=c2c3ccccc3[nH]c3ccccc23)cc1,2
O=C(NCCCCCCNc1ccnc2ccccc12)NC1C(=O)N(C2CCCCC2)C1C=Cc1ccccc1,2
O=C1c2ccccc2C(=O)N1CCCOc1ccc2c(c1)CCC1CCCCC21,2
c1ccc(-c2cnc3ccc(NCC4CC4)nn23)cc1,2
O=C(CC(NC(=O)c1ccccc1)c1ccccc1)NCCCNc1ccnc2ccccc12,2
O=S(=O)(c1cccc(C2CCn3ncc(-c4ccccc4)c3N2)c1)C1CC1,2
c1ccc2c(CNCC3CCNCC3)ccnc2c1,2
c1ccc2c(Nc3ccc4oc(NCCCN5CCOCC5)nc4c3)ccnc2c1,2
c1ccc(-c2cc(-c3nnco3)nn2-c2ccccc2)cc1,2
c1ccc(C2CC3CCN(CCN4CCCC4)C2C(c2ccccc2)C3)cc1,2
O=C(OCCCC1CCC2C1CCC1C3CCC(OC(=O)c4ccccc4)CC3=CC(OC(=O)c3ccccc3)C12)c1ccccc1,2
c1ncc2[nH]nnc2n1,2
O=C(NCC12CC(CN1Cc1ccccc1)C2)c1ccc2ccccc2c1,2
O=C(NC12CC3CC(CC(C3)C1)C2)C1Cc2c([nH]c3ccccc23)CN1,2
c1ccc(CCNCc2ccc(C3OOC(c4ccccc4)OO3)cc2)cc1,2
B1OCc2ccc(OCc3cn(CCNc4ccnc5ccccc45)nn3)cc21,2
c1ccc(-c2cncc(-c3ccoc3)c2)cc1,2
O=C(CN(Cc1ccccc1)C(=O)c1cccc2ccccc12)NC1CCCCC1,2
C1=C2CCCC3CCC4CCCC(C1)C4C23,2
O=C(C=CS(=O)(=O)c1ccccc1)NNC(=O)CNc1cc(=O)c1=O,2
O=C(Cc1ccccc1)NCCNc1ccnc2ccccc12,2
O=C(CCCNc1ccnc2ccccc12)NC1CCOC(OC2CCCCNCCCCOC(=O)CC(OC3CCCCO3)C2)C1,2
c1ccc2c(c1)CCN(Cc1ncno1)C2,2
C(#Cc1ccc(C#CC[n+]2ccsc2)cc1)C[n+]1ccsc1,2
O=C(NCCCN1CCOCC1)C1Cc2c([nH]c3ccccc23)C(c2ccccc2)N1,2
O=C(CC(NC(=O)c1ccccc1)c1ccccc1)NCc1cn(Cc2ccccc2Nc2ccnc3ccccc23)nn1,2
O=C(CCC(=O)OC1CC2CCCC3CCC4OOC32C(O4)O1)NCCCN(CCCCCCCCN(CCCNC(=O)CCC(=O)OC1CC2CCCC3CCC4OOC32C(O4)O1)C(=O)CCC(=O)OC1CC2CCCC3CCC4OOC32C(O4)O1)C(=O)CCC(=O)OC1CC2CCCC3CCC4OOC32C(O4)O1,2
O=c1cc(-c2cccc(-c3ccccc3)n2)[nH]c2ccccc12,2
c1ccc2c(NCc3cn(CCCN4CCCC4)nn3)ccnc2c1,2
c1cc(NC2COC3OC4CCC5CCCC2C53OO4)cc(OC2CC3CCCC4CCC5OOC43C(O5)O2)c1,2
c1ccc2cc(OCc3cn(C4CCCC4)nn3)ccc2c1,2
O=C1OC2OC3CCC4CCCC(C1=O)C42OO3,2
O=C(NNC(=O)c1ccc2c(c1)C(=O)N(CCCCCCCCNc1ccnc3ccccc13)C2=O)c1ccncc1,1
O=c1oc2ccccc2c2ccncc12,1
O=C(NCCCc1ccccc1)c1cncn(Cc2ccccc2)c1=O,1
O=c1c(NCCCCNc2cccc3cccnc23)c(NCCCCNc2cccc3cccnc23)c1=O,1
O=C1Nc2ccccc2C12CC1NC2CC2C=COCC21,1
C(CSCC1CC2CCCC3CCC4OOC32C(O1)O4)CSCC1CC2CCCC3CCC4OOC32C(O1)O4,1
c1ccc(COc2ccc3c(NC4CCNCC4)nc(N4CCCNCC4)nc3c2)cc1,1
C1=C2C(CCC3C2CCC2CCCCC23)C2CCCCC2C1,1
O=C1CSC(c2cccs2)N1CCCCNc1ccnc2ccccc12,1
O=C1C2=C(C(=O)c3ccccc31)C1OCc3cc4c(cc3C1CO2)OCO4,1
O=C1CSC(c2cccs2)N1CCCNc1ccnc2ccccc12,1
c1cncc(CN2CCc3cc4c(cc3C2C2OCc3ccccc32)OCO4)c1,1
O=C(CCN1C(=O)c2ccc(N3CCNCC3)cc2C1=O)NCCNc1ccnc2ccccc12,1
C1CCC2C(C1)CCC13CC(CCC21)C1(CO1)C3,1
c1ccc2c(N3CC(CN4CCCC4)N=N3)ccnc2c1,1
O=C(NCCCN1CCNCC1)C12CCCCC1C1CCC3C4CCCCC4CCC3C1CC2,1
O=C(Nc1cccc(-c2cncnc2)c1)N1CCc2ccccc21,1
O=C(C=Cc1ccccc1)OCC1CCC(OC(=O)C=Cc2ccccc2)C(Oc2ccccc2)O1,1
c1ccc2c(NC3CCCCC3)nc(N3CCNCC3)nc2c1,1
O=C(C=Cc1ccco1)c1ccc(S(=O)(=O)NCCCNc2cncc3ccccc23)cc1,1
O=C(NCc1ccccc1)C1CNCC1c1cncnc1,1
O=C(OCCCCCCCCCCCCCCCC1=NCCCN1)C1C2CCC3CC4(CCC=CCO4)N=C(NC14CCCCO4)N32,1
O=C(COc1ccccc1)Cn1cc(C(NC(=O)OCCC2(CCC(=O)NCCCN3CCCC3=O)OOC3(O2)C2CC4CC(C2)CC3C4)C2CCCC2)nn1,1
c1nnc(SC2CCCCC2)nc1-c1cnnc(SC2CCCCC2)n1,1
c1ccc(-c2cscn2)nc1,1
c1ccc2c(NC3CCN(C4CCCCC4)CC3)nc(N3CCCCC3)nc2c1,1
c1ccc(CN2CCC(Nc3nc(N4CCCCCC4)nc4ccccc34)CC2)cc1,1
C1=C2CCC3CCCCC3C2CCC1,1
O=C(C=Cc1ccccc1)c1c[nH+]c2ccccc2[nH+]1,1
c1ccc(Oc2ccc(CCNc3ncnc4ccccc34)cc2)cc1,1
O=c1ccn(CCN2CCOCC2)cc1,1
c1ccc(CSc2ncnc3c2ncn3Cc2ccc(CCc3ccc(C[n+]4ccccc4)cc3)cc2)cc1,1
c1ccc(-c2nc3cnc(Nc4cccnn4)cc3[nH]2)cc1,1
c1ccc(Nc2nc(Nc3ccccc3)nc(Nc3ccccc3)n2)cc1,1
O=C1C=CCCCCCCCCCCCCCCCCCC2CC(CCCCCCCCCCCCCCCCO1)OCO2,1
O=C1c2ccc(N3CCOCC3)cc2C(=O)N1CCNc1ccnc2ccccc12,1
O=C1C=CCC(CC2CCC3C4=C(CCC23)C2CCCCC2CC4)O1,1
O=C1CCCCNC(=O)C(Cc2ccccc2)NC(=O)CNC(=O)C(Cc2ccccc2)NC(=O)CNC(=O)CNC(=O)CN1,1
O=C1c2ccc(N3CCOCC3)cc2C(=O)N1CCCNc1ccnc2ccccc12,1
O=C(CCC(=O)N(CCCCNC(=O)CCC1CC2CCCC3CCC4OOC32C(O1)O4)CCCCNC(=O)CCC1CC2CCCC3CCC4OOC32C(O1)O4)NCCNc1ccnc2ccccc12,1
O=C(CCC(=O)OC(c1ccnc2ccccc12)C1CCCCN1)OC1=C(C2CCC(c3ccccc3)CC2)C(=O)c2ccccc2C1=O,1
O=C(Nc1ccc(NC2=NCCN2)cc1)Nc1ccc(NC2=NCCN2)cc1,1
O=c1cc(-c2cnn(CCN3CCOCC3)c2)[nH]c2ccccc12,1
O=C(NCCCCNc1nc2ccccc2[nH]1)c1ccccc1,1
O=C(CCc1ccc(CN2CCCCC2)cc1)c1ccccc1,1
O=C(C=Cc1cccc(CN2CCNCC2)c1)c1ccccc1,1
C=C1CCC(=O)CCCC2C(=C)C(=O)CC2CC1,1
c1ccc(Nc2cc3[nH]c(CN4CCOCC4)nc3cn2)nc1,1
C=C1CCc2c3[nH]c4ccccc4c3cc[n+]2C1,1
O=C(CS(=O)(=O)N1CCN(c2ccnc3ccccc23)CC1)Nc1ccccc1,1
O=C(NCCCc1ccccc1)c1cccc(Cn2cncn2)c1,1
O=C(NNc1ccncn1)c1ccc(CN2CCNCC2)o1,1
O=C1C=C2C3=C4C(CC2O1)C1CC1C4CC1C2C(CC4=CC(=O)OC431)CC1CC12,1
O=C(Nc1ccccn1)C1CC2c3ccccc3C1c1ccccc12,1
O=[SH](=NCc1cn(Cc2ccccc2)nn1)c1ccccc1,1
O=C(NNc1ccncn1)c1cncc(-c2ccc(CN3CCNCC3)cc2)c1,1
O=C1C2Cc3c([nH]c4ccccc34)C(c3ccccc3)N2C(=O)CN1C1CCN(Cc2ncc[nH]2)C1,1
O=C1c2ccccc2C(=O)c2cc(-c3ccc4c(c3)C(=O)c3ccccc3C4=O)ccc21,1
O=C1c2ccccc2SCN1CCCNc1ccnc2ccccc12,1
c1ccc(Cc2ccc(CN3CCNCC3)cc2)cc1,1
O=C(NCCCNc1nc2cccnc2[nH]1)c1ccccc1,1
O=C(COc1ccccc1)Nc1ccccc1N1CCOCC1,1
O=C1C=C2OCC3CC45OC4CCC14CCC1CCCCC16CC45C23O6,1
c1ccc(CCNc2ccccc2)cc1,1
c1ccc(Nc2nc(Nc3ccccc3)nc(NC3CC3)n2)cc1,1
c1ccc(Nc2nc(Nc3ccccc3)nc(N3CCCCC3)n2)cc1,1
C1=C2C3CCCCC3CCC23CCC(C1)C3,1
O=C1C=C2CCCCC2CC1,1
S=C(Nc1ccccc1)c1ccoc1,1
c1ccc(OCCCCCCOc2cccc(-c3cc4ccc(C5=NCCN5)cc4o3)c2)cc1,1
C(=C1CN2CCC1CC2)c1ccccc1,1
c1ccc(-n2c(NCC3CCCCC3)nc3ccccc32)cc1,1
O=C(Nc1ccccc1)c1cn(CCNc2ccnc3ccccc23)c(-c2ccccc2)c1-c1ccccc1,1
O=C1CNC(=O)N1S(=O)(=O)c1ccccc1,1
O=C1C2=C(NC=CS2(=O)=O)C(=O)c2sccc21,1
c1cnc(NCCCCCCCNc2ccnc3ccccc23)nc1,1
C(=Cc1ccc(C=Cc2ccccc2)cc1)c1ccccc1,1
O=C1C2Cc3c([nH]c4ccccc34)C(c3ccc4c(c3)OCO4)N2C(=O)CN1C1CCN(Cc2ccc3c(c2)OCO3)C1,1
O=C(Cc1cccc2ccccc12)NCCCN1CCCCOC(=O)CC(OC2CCCCO2)CC(OC2CCCCO2)CCCC1,1
O=C1C2Cc3c([nH]c4ccccc34)C(c3ccc4nnnn4c3)N2C(=O)CN1C1CCN(Cc2ccccc2)C1,1
O=C(Nc1ccncc1)C1CC2c3ccccc3C1c1ccccc12,1
O=C1CCSCN1CCNc1ccnc2ccccc12,1
C=C(c1ccccc1OCc1ccccc1)C1COC2(CCCC2)OO1,1
O=c1cc(-c2ccc(OC3CCCCC3)cc2)[nH]c2ccccc12,1
c1ccc(CNC2CCC3CCC2N3)cc1,1
c1cc(C2=NCCN2)cc(-c2cc(-c3ccc(C4=NCCN4)cc3)on2)c1,1
O=C(C=Cc1ccccc1)OCc1cn(Cc2nccc3c2[nH]c2ccccc23)nn1,1
O=c1cc(N2CCN(c3ccnc4ccccc34)CC2)c1=O,1
O=C1NCC2(CCN(CCc3ccccc3)CC2)O1,1
O=C1Nc2ccccc2C1=C1Nc2ccccc2C1=O,1
O=C(C=CC(=O)Nc1ccccc1)NCCCCNc1ccnc2ccccc12,1
c1ncc2ccn(C3CCCO3)c2n1,1
O=C1OCCC1CCC1CCCC2CCCCC21,1
c1ncn(C2CCCO2)n1,1
O=C(CSc1nnc2c(n1)[nH]c1ccccc12)Nc1nccs1,1
C=C1CCC2C(=C)C(=O)OC2C2CCCC12,1
O=S(=O)(Nc1ccncn1)c1ccc(NCc2ccc(CCCc3ccccc3)cc2)cc1,1
O=C1C2=C(NC=CS2(=O)=O)C(=O)c2occc21,1
C1=C2C(CCC1)CCC1CCCC21,1
O=C1C=CC2CCC3C4CCC(OC5CCC(OC6CCCCO6)CO5)CC4CCC3C12,1
O=C1C(OCc2ccccc2)=C(C2CCC(c3ccccc3)CC2)C(=O)c2ccccc21,1
O=C(CCCc1ccccc1)OC1CC2CCCC3CCC4OOC32C(O4)O1,1
c1ccc(CCNCc2cc3c(c4c2OCCC4)OCCC3)cc1,1
O=C(Nc1ccc(Oc2ccccc2)cn1)NC1C2COc3ccccc3C21,1
c1ccc(Nc2nc(Nc3ccc(Nc4c5ccccc5nc5ccccc45)cc3)nc(NC3CCCC3)n2)cc1,1
O=C(Nc1ccc2ccccc2n1)c1cccc(C(=O)Nc2ccc3ccccc3n2)n1,1
O=C(NCCCCC(NC(=O)OCc1ccccc1)C(=O)OC(c1ccnc2ccccc12)C1CC2CCN1CC2)OCc1ccccc1,1
O=C(CCC1CC2CCCC3CCC4OOC32C(O1)O4)NCCCCNCCCNC(=O)CCC1CC2CCCC3CCC4OOC32C(O1)O4,1
c1ccc(C2CC3(N4CCNCC4)CC(NCCCN4CCCC4)C2C(c2ccccc2)C3)cc1,1
O=C(c1ccc(C2CCC3(CC2)OOC2(OO3)C3CC4CC(C3)CC2C4)cc1)N1CCC1,1
O=C(NC1CCN(CC2(c3ccccc3)CCC2)CC1)c1ccno1,1
O=C(COc1ccc(C2C=CNC=C2)cc1)NN=Cc1cn(-c2ccccc2)nc1-c1ccccc1,1
c1cncc(-c2cccc(-c3nnc(Nc4ccc5c(c4)CNCCO5)o3)c2)c1,1
O=C1NC(=O)C(c2ccccc2)N1,1
O=c1cc(-c2ccc(-c3cccnc3)cc2)oc2ccccc12,1
O=C(CCc1ccccc1)NCCCN1CCCCOC(=O)CC(OC2CCCCO2)CC(OC2CCCCO2)CCCC1,1
O=c1cccc(C2CCCCC2)[nH]1,1
c1ccc(-c2nc3c(N4CCC(CN5CCNCC5)CC4)ncnc3[nH]2)cc1,1
O=C(NC(CCNCc1cccc(CN2CCCC2)c1)Cc1ccccc1)c1ccc(N2CCNCC2)cc1,1
O=C(NCCCCNc1cccc2cccnc12)NC(c1ccccc1)c1ccccc1,1
O=C(Nc1cc(-c2ccccc2)ccn1)c1ccccc1,1
O=C(NC1CC1)c1ccnc(Nc2nc3cnc(Nc4cccnc4)cc3[nH]2)c1,1
c1cc[n+](Cc2ccc(-c3ccc(Cn4cncc5ncnc4-5)cc3)cc2)cc1,1
c1ccc(-c2cc[nH]c3c4ccccc4nc2-3)nc1,1
c1ccc(CCc2ccon2)cc1,1
c1ccc2cc(OCc3cn(CCN4CCOCC4)nn3)ccc2c1,1
O=C(NCCCCNc1cccc2cccnc12)NCCNC(c1ccccc1)(c1ccccc1)c1ccccc1,1
O=C(NN=Cc1cccc2ccccc12)c1ccncc1,1
S=P1(Oc2ccccc2)OCCS1,1
c1ccc(-c2cccnc2)cc1,1
O=C(C=Cc1ccccc1)OCC1CC(OC2CCCCO2)C2OC(c3ccccc3)COC2O1,1
O=c1c(OC2CCC(COC3CCCCO3)CO2)cc2nccc3c4ccccc4n1c23,1
O=C1Nc2ccccc2C12CCNC2CCOCc1ccccc1,1
c1cc(Sc2ccc(NC3=NCCN3)cc2)ccc1NC1=NCCN1,1
C1=CC2CC34OC(CN3CCC3c5ccccc5NC34)C2C(OC2CCCCO2)O1,1
c1ccc(-c2nc3cnc(Nc4cnccn4)cc3[nH]2)cc1,1
N=C1NC(=O)C(c2ccccc2)(c2cccc(-c3cccnc3)c2)N1,1
O=C(NC1CC1)c1ccc(CSCc2ccccc2)o1,1
O=c1c(Nc2ccc(N3CCCCC3)cc2)c(Nc2ccc(N3CCCCC3)cc2)c1=O,1
O=C1C(Cc2ccccc2)=C(OCCC[P+](c2ccccc2)(c2ccccc2)c2ccccc2)C(=O)c2ccccc21,1
c1ccc(CCCCNCc2cc3c(c4c2OCCC4)OCCC3)cc1,1
O=C1NC2(CCN(Cc3ccccc3)CC2)C(=O)N1CCCc1ccncc1,1
C(=C(c1ccccc1)c1ccccc1)C1CCCN2CCCCC12,1
O=C1c2cccc3cccc(c23)C(=O)N1CCC[NH2+]CCCCCCCCCCCC[NH2+]CCCN1C(=O)c2cccc3cccc(c23)C1=O,1
c1ccc(-c2ncc(-c3cccnc3)s2)cc1,1
O=C1c2ccccc2CC2CCCCC12,1
O=C1C=C(OCCC[n+]2ccccc2)C(=O)c2ccccc21,1
O=c1n(CCCN2CCN(c3ccccc3)CC2)nc2ccccn12,1
c1ccc(Oc2cccc(CN(CCCN3CCN(CCCNc4ccnc5ccccc45)CC3)Cc3cccc(Oc4ccccc4)c3)c2)cc1,1
O=C(CCOCc1ccccc1)N(CCCNc1c2ccccc2nc2ccccc12)CCCNc1c2ccccc2nc2ccccc12,1
O=C1C=C(OCCCCCCCCCC[P+](c2ccccc2)(c2ccccc2)c2ccccc2)C(=O)c2ccccc21,1
O=C1C(OCCC[P+](c2ccccc2)(c2ccccc2)c2ccccc2)=C(c2ccccc2)C(=O)c2ccccc21,1
O=S(=O)(Cc1ccccc1)N1CCC2(CC1)OOC1(CCCCC1)OO2,1
c1ccc(-c2ccc3nc(-c4ccccc4)[nH]c3c2)cc1,1
c1cc(C2CCC3(CC2)OOC2(OO3)C3CC4CC(C3)CC2C4)ccc1OCCN1CCNCC1,1
c1ccc(Nc2nc(N3CCCC3)nc3ccccc23)cc1,1
O=C1Nc2cccnc2N(C2CC2)c2ncccc21,1
O=S(=O)(c1cccc(Nc2ccc3nccc(-c4ccncc4)c3n2)c1)N1CCCCC1,1
c1cncc(CNc2nc(Nc3ccncc3)nc3ccccc23)c1,1
O=C1C=C(NCc2cn(-c3ccc4c(c3)OCO4)nn2)CO1,1
O=C1C(=Cc2ccc(-c3cccnc3)cc2)Oc2ccccc21,1
O=C1C=C(OCc2cn(C=Cc3ccccc3)nn2)C(=O)c2ccccc21,1
N=C(NC(=O)OCc1ccccc1)NC(=O)c1ccc(C(=O)NCc2ccc(NC(=O)OCc3ccccc3)cc2)o1,1
O=C1CCC2C(CCC3C4CCC5CCCCC5C4=CCC23)C1,1
c1ccc2c(Oc3ncnc4ccccc34)cccc2c1,1
O=C1CCC=CCC(=O)CC(CCC2CCCCC2)OC(=O)C2CCCCN2C(=O)C(=O)C2CCCC(CCC=CC=CC=CCCC1)O2,1
O=C(NCc1cccc2ccccc12)c1sccc1-c1ccccc1,1
O=C(NCCc1csc(-c2ccccc2)n1)c1ccccn1,1
O=S1(=O)CCN(CC2CCN(c3nccc4[nH]c(-c5ccccc5)nc34)CC2)CC1,1
O=C1C(c2ccc3ccccc3c2)=[NH+]c2cc(OCc3ccccc3)ccc21,1
O=C1OC(C2[NH2+]CCc3cc4c(cc32)OCO4)c2ccc3c(c21)OCO3,1
O=C(CN1CCN(C(c2ccccc2)c2ccccc2)CC1)Nc1nnc(COc2ccc3ccccc3c2)s1,1
O=c1c(N2CCC(Nc3ccnc4ccccc34)CC2)c(N2CCC(Nc3ccnc4ccccc34)CC2)c1=O,1
O=C(CCc1ccccc1)Cn1c[nH+]c(-c2ccccc2)n1,1
c1cc(C2=NCCN2)ncc1OCCCCCOc1ccc(C2=NCCN2)nc1,1
c1cc2c(cc1COC1CC3CCCC4CCC5OOC43C(O1)O5)OCO2,1
O=C(c1ccc(Nc2nc(NC3CCCCC3)nc3c2ncn3-c2ccc3c(c2)OCO3)cc1)N1CCCCC1,1
O=C(CN1C(=O)C(COC(=O)Nc2ccccc2)N=C(c2ccccc2)c2ccccc21)NC1COC(=O)C1,1
O=C(NN=Cc1ccc2c(c1)OCO2)c1nc(-c2ccccc2)no1,1
O=C(CCc1ccccc1)Cn1nc(-c2ccccc2)[nH+]c1-c1ccccc1,1
O=S(=O)(c1ccc(-n2cc(COc3cccc4cc5[n+](cc34)CCc3cc4c(cc3-5)OCO4)nn2)cc1)N1CCCCC1,1
c1ccc(CNc2ncnc(Nc3ccc(Nc4ccnc5ccccc45)cc3)n2)cc1,1
O=C(OCCCOC(=O)c1ccc(OCCOCc2ccccc2)cc1)c1ccc(OCCOCc2ccccc2)cc1,1
c1ccc(-n2c[n+]3c(n2)CCC3)cc1,1
O=C1C=CCOC(=O)CCC(=O)OCC2=C3CC4C(CO1)C1CC1C4C1CC4C5=C(C6=CC(=O)OC6CC5C5CC45)C31OC2=O,1
c1ccc(-c2nccs2)cc1,1
O=C1c2cccc3c(N4CCNCC4)ccc(c23)C(=O)N1CCNc1ccnc2ccccc12,1
O=c1cc(N2CCOCC2)oc2c(-c3ccccc3)cccc12,1
C1=C2CCCC(Cc3ccccc3)C2CCC1,1
O=P1(Oc2ccccc2)OCc2cc(CC3CC4CCCC5CCC6OOC54C(O3)O6)c(CC3CC4CCCC5CCC6OOC54C(O3)O6)cc2CO1,1
C=C(CC1CC2CCCC3CCC4OOC32C(O1)O4)C(=C)CC1CC2CCCC3CCC4OOC32C(O1)O4,1
c1nc[nH]n1,1
C1=CNC(Nc2ncc3ccccc3n2)=NC1,1
O=C1CCCCCCCN1,1
O=C(NCCCCNc1cccc2cccnc12)NNC(=O)NCCc1ccccc1,1
O=c1[nH]c(=O)c2c(-c3ccccc3)n(-c3cccc4ccccc34)cc2[nH]1,1
O=C(OC1CN2Cc3cc4c(cc3C13C=CCCC23)OCO4)c1cccnc1,1
c1cncc(-c2cccc(-c3nnc(Nc4ccc5c(c4)CNCC5)o3)n2)c1,1
O=C1C(=Cc2ccccc2)COc2ccccc21,1
c1cncc(-c2ccnc(-c3nnc(Nc4ccc(CN5CCCC5)cc4)o3)c2)c1,1
c1cc(C2=NCCCN2)cc(-c2cccc(-c3cccc(C4=NCCCN4)c3)c2)c1,1
O=c1[nH]c2cnc3ccc(-c4cccnc4)cc3c2n1C1CC1,1
O=S(=O)(c1ccccc1)N1CCc2ccccc21,1
O=C(CCN1CCCC1)N1CC2CC(c3ccccc3)C(C1)C(c1ccccc1)C2,1
O=C1C(OCCC[P+](c2ccccc2)(c2ccccc2)c2ccccc2)=C(C2CCCCC2)C(=O)c2ccccc21,1
c1ccc(C2CC3(N4CCOCC4)CNCC2C(c2ccccc2)C3)cc1,1
O=C1NC(=O)C2(Cc3ccccc3N3CCN(Cc4ccccc4)CC32)C(=O)N1,1
O=C(CN1CCOCC1)C(CCc1ccccc1)NC(=O)C1CCCN1C(=O)OCc1ccccc1,1
O=C(NN=Cc1cccc(CN2CCSCC2)c1)c1cc(-c2ccccc2)nc2ccccc12,1
c1ccc(CNCCCc2ccc3c(c2)CCCO3)cc1,1
O=C1c2ccccc2C(=O)N1c1ccccc1,1
O=C1C2COC3CCC=CC32N1Cc1ccccc1,1
c1cc(Nc2nc3cnc(NC4CC4)cc3[nH]2)ncc1N1CCNCC1,1
O=C(CCCCCCCN1CCCCC1)Nc1cccc(Nc2ccnc3ccccc23)c1,1
O=C(CNC(=O)C1CC(=O)N1)Nc1ccccc1,1
O=S(=O)(c1ccccc1)N1CCC2(CC1)OOC(c1ccccc1)OO2,1
O=C(CN1CCCCC1)Nc1nnc(COc2ccc3ccccc3c2)s1,1
O=C(Nc1cccs1)c1cc(-c2ccccc2)nc2ccccc12,1
O=C(NCCN1CCCC1)c1sc(-c2ccccc2)nc1-c1ccccc1,1
O=c1cc(-c2cnn(Cc3cccnc3)c2)[nH]c2ccccc12,1
O=C(Nc1cccnc1)c1ccc(CNS(=O)(=O)c2ccc(N3CCOCC3)cc2)cc1,1
O=C1c2[nH]c3ccccc3c2C2CC1CCN2,1
O=C(c1ccc(CCN2CCC(Nc3nc4ccccc4[nH]3)CC2)cc1)N1CCN2CCCC2C1,1
c1ccc(CCCNCc2cc3c(c4c2OCCC4)OCCC3)cc1,1
O=C(c1ccnn1Cc1ccccc1)N1CCN(c2ccccn2)CC1,1
O=C1C2Cc3c([nH]c4ccccc34)C(c3ccc4c(c3)OCO4)N2C(=O)CN1C1CCN(CCOc2ccccc2)C1,1
c1cc(Nc2nc3cnc(NC4CCCCC4)cc3[nH]2)ncc1N1CCN(C2CC2)CC1,1
O=C1CC(=O)C2=CC3(CCN(C(=O)CCC(=O)NCCC4CC5CCCC6CCC7OOC65C(O4)O7)CC3)OOC2C1,1
O=S1(=O)CCC(Nc2cc(-c3ccccc3)cc3nc4ccccc4n23)CC1,1
c1ccc(Cn2cc(CCOC(c3ccnc4ccccc34)C3CC4CCN3CC4)nn2)cc1,1
c1ccc(CCCNc2ccccc2)cc1,1
c1cc2cc[nH+]cc2[nH]1,1
O=C1c2cccc3cccc(c23)C(=O)N1CCC[NH2+]CCCCCCCC[NH2+]CCCN1C(=O)c2cccc3cccc(c23)C1=O,1
c1ccc2c(C(OCc3cn(CCc4c[nH]c5ccccc45)nn3)C3CC4CCN3CC4)ccnc2c1,1
C=C1C(=O)CC2CC=CCCCC=CCC12,1
c1ccc(-c2c[nH]nn2)cc1,1
C(CCSC1CC2CCCC3CCC4OOC32C(O4)O1)CSCC1CC2CCCC3CCC4OOC32C(O1)O4,1
O=C(CNc1ccnc2ccccc12)NCCN1CCCCC1,1
C=C1C(=O)N(Cc2ccccc2)CC12C=CC(=O)C=C2,1
c1ccc(CSc2ncnc3c2ncn3Cc2ccc(-c3ccc(C[n+]4ccccc4)cc3)cc2)cc1,1
O=C1CC(OC2CCCCO2)CC(OC2CCCCO2)CCCCN(CCCNCc2cccnc2)CCCCO1,1
O=C1CCCC(OC2CCCCO2)CCCCN(CCCNCc2ccncc2)CCCCO1,1
O=C1CCCCCCCCN(CCCNCc2cnc3ccccc3c2)CCCCO1,1
N=C1NC(c2ccccc2)(c2cccc(OCc3ccccc3)c2)C(=O)N1C1CCCCC1,1
c1ccc2c(CN3CC3COc3ccn[nH]3)ccnc2c1,1
O=c1ncccn1CC1CN1Cc1cnc2ccccc2c1,1
O=C(C=NNc1cnc2ccccc2n1)NCCCCCCCNc1ccnc2ccccc12,1
O=C(COc1ccc(C=CC(=O)c2ccccc2)cc1)NCCCCCCNc1ccnc2ccccc12,1
O=C1c2cccc3cccc(c23)C(=O)N1CCC[NH2+]CCCCCCC[NH2+]CCCN1C(=O)c2cccc3cccc(c23)C1=O,1
C1=CC2CC3c4[nH]c5ccccc5c4CCN3CC2CO1,1
O=C1N(c2ccccc2)C2(c3ccccc3-c3ccccc32)C12c1ccccc1Oc1ccccc12,1
O=C(Nc1ccccc1)Nc1cccc(Nc2nccc(Nc3ccc4cc[nH]c4c3)n2)c1,1
O=C(C=Cc1cccs1)c1ccccc1,1
O=C(CNC(=O)N1CCCCC1)NCC(=O)NC(Cc1ccccc1)C(=O)NNc1ccccc1,1
O=C1CC23C=CC(OO2)C2CC(OCc4ccccc4)CC2C3O1,1
O=C(NCc1ccccc1)C12CC3CC(C1)C1(OOC4(CCCCC4)O1)C(C3)C2,1
O=C(NCCCCNc1cccc2cccnc12)NNC(=O)NCCCCNc1cccc2cccnc12,1
N=C1NC(c2ccccc2)(c2ccccc2)C(=O)N1C1CCC1,1
C1=Cc2cc(COCCc3ccccc3)ccc2OC1,1
O=C(CCN1CCCCOC(=O)CC(OC2CCCCO2)CC(OC2CCCCO2)CCCC1)NCc1ccccc1,1
C1=Cc2cc(CN3CCOCC3)ccc2OC1,1
O=C(Cn1cc[n+](CC(=O)c2ccc(Cc3ccccc3)cc2)c1)c1ccc(Cc2ccccc2)cc1,1
O=C1C(CCCN2C(=O)c3ccccc3C2=O)=[NH+]c2ccccc21,1
O=C(C=Cc1ccccc1)OC1=C(C2CCC(c3ccccc3)CC2)C(=O)c2ccccc2C1=O,1
O=C(CS(=O)(=O)c1ccccc1)c1ccccc1,1
O=C1c2ccccc2C(=O)N1CCCC1NCCc2c1[nH]c1ccccc21,1
O=S(=O)(c1ccccc1)N1c2ccccc2-n2cccc2C1c1cccnc1,1
O=C1NC(Cc2ccc(Nc3nccc(Nc4ccc5cn[nH]c5c4)n3)cc2)CO1,1
O=C1C(=CC=Cc2ccccc2)NC(=S)N1CCCNc1ccnc2ccccc12,1
O=C(Nc1ccccc1)Nc1cccc(Nc2nccc(Nc3ccc4[nH]ncc4c3)n2)c1,1
O=S(=O)(NCCCNC1CCC2(CC1)OOC1(O2)C2CC3CC(C2)CC1C3)c1cccc2ccccc12,1
O=C(CNC(=O)N1CCCCC1)NCC(=O)NC(Cc1c[nH]c2ccccc12)C(=O)N1CCN=C1COc1ccccc1,1
c1cc(C2CCC3(CC2)OOC2(OO3)C3CC4CC(C3)CC2C4)ccc1OCCNC1CCOCC1,1
O=C(C1=CC2CCCC(C1=O)C2=O)c1ccc(OCCC2OCCO2)c(OCCC2OCCO2)c1,1
C1CCCC2(CC1)OOC1(CCCCCC1)OO2,1
O=c1cc(N2CCC(Nc3ccnc4ccccc34)CC2)c1=O,1
O=C1C=C(c2ccc(OCCC[P+](c3ccccc3)(c3ccccc3)c3ccccc3)cc2)C(=O)c2ccccc21,1
N=C1NC(c2ccccc2)(c2ccccc2)C(=O)N1c1ccccc1,1
O=C(Nc1ccccc1)Nc1nc(-c2cccnc2)nc2ccccc12,1
O=c1ccoc2ccccc12,1
O=c1cc[nH]cc1-c1ccc(-c2ccccc2)cc1,1
O=C(Nc1ccc(NC=NOCc2ccccc2)cc1)c1ccc(NC=NOCc2ccccc2)cc1,1
O=C(NCCCc1ccccc1)c1cnc(SCC(=O)N2CCOCC2)n(Cc2ccccc2)c1=O,1
c1ccc(CN2CCC(NCc3ccn(-c4ccccc4)c3)CC2)cc1,1
c1cc[n+](Cc2ccc(CCCCc3ccc(Cn4cncc5ncnc4-5)cc3)cc2)cc1,1
O=C(C=Cc1ccccc1)OC1CCOC(Oc2ccc3oc4ccccc4c(=O)c3c2)C1,1
c1ccc(Sc2cnc3ccccc3n2)cc1,1
C1=C(COCc2ccccc2)C2CCCC3CCC4OOC32C(O1)O4,1
C(=C1CCC2C1CCC1C3CCCCC3CCC21)c1nc(-c2ccccc2)no1,1
O=C(C=Cc1ccccc1)c1ccc2c(c1)OCO2,1
N=C1NC(c2ccccc2)(c2cccc(-c3ccncc3)c2)C(=O)N1C1CCCCC1,1
c1ccc(-c2ccc(-c3cncnc3)cn2)cc1,1
O=C(CN1CCNCC1)Nc1nnc(COc2ccc3ccccc3c2)s1,1
c1cc(NC2=NCCN2)ccc1Cc1ccc(NC2=NCCN2)cc1,1
O=C(NCc1cccnc1)c1cccc(C(=O)NCc2cccnc2)c1,1
C(#Cc1ccc(C#CCC2CC3CCCC4CCC5OOC43C(O2)O5)cc1)CC1CC2CCCC3CCC4OOC32C(O1)O4,1
O=S(=O)(CCC(CC1CC2CCCC3CCC4OOC32C(O1)O4)CC1CC2CCCC3CCC4OOC32C(O1)O4)c1ccccc1,1
O=C(OCC(CC1CC2CCCC3CCC4OOC32C(O1)O4)CC1CC2CCCC3CCC4OOC32C(O1)O4)c1cc[nH+]cc1,1
O=C(CN1CCCCC1)Nc1cc(CNCCN2CCOCC2)cc(Nc2ccnc3ccccc23)c1,1
c1ccc(C2CC3(N4CCNCC4)CCN(CCCN4CCCC4)C2C(c2ccccc2)C3)cc1,1
c1ccc2c(c1)C1=NCCCN1C2Cc1ccc2c(c1)OCO2,1
C=C1CCC2CCCC3CCC(CCNC(=O)CNCCNc4ccnc5ccccc45)C1C23,1
O=C(CCOC1CC2CCCC3CCC4OOC32C(O1)O4)NCCCCNCCCCNC(=O)CCC1CC2CCCC3CCC4OOC32C(O1)O4,1
c1ccc(COC2CC3(OCCO3)C3CCC4c5ccccc5CCC4C23)cc1,1
O=S(=O)(c1ccccc1)C1CCCC23C=CC1C2CCC1c2ccccc2CCC13,1
c1ccc(-c2cno[nH+]2)cc1,1
c1ccc(Nc2cc[n+](Cc3ccc(CCc4ccc(C[n+]5ccccc5)cc4)cc3)cc2)cc1,1
c1ccc(Nc2cc[n+](Cc3ccc(CCc4ccc(C[n+]5ccc(N6CCCC6)cc5)cc4)cc3)cc2)cc1,1
O=C1CSC(Nc2ccc3ccccc3c2)=C1C(=O)NCC1CC1,1
O=C(OC1CN2Cc3cc4c(cc3C13C=CCCC23)OCO4)c1ccccc1,1
O=C1CC(C=Cc2ccccc2)N1Cc1ccccc1,1
N=C1NC(c2cccc(NC(=O)c3ccc[nH]3)c2)CC(=O)N1C1CCOCC1,1
c1ccc(C2CC3(N4CCCCC4)CCN(CCCN4CCCCC4)C2C(c2ccccc2)C3)cc1,1
C1=C2CCC3C(CCC4C5CCCCC5CCC43)C2CC1,1
O=C(CN1CCN(CCCOc2ccccc2)CC1)Nc1ccccc1,1
C1=CC2=CCN3CCc4cc5c(cc4C23CC1)OCO5,1
O=C(CN1CCCNC1=O)NCCCC(Cc1ccccc1)NC(=O)COc1ccccc1,1
O=C1CC=C(CC2=CCC=C(CC3=CCC(=O)CC3=O)C2=O)C(=O)C1,1
c1ccc2c(c1)C1c3ccccc3C2C2CNCC12,1
O=C(OCC=Cc1ccc2c(c1)C(COC(=O)c1ccccc1)C(c1ccccc1)O2)c1ccccc1,1
O=C1CSC(c2cccs2)N1CCNc1ccnc2ccccc12,1
O=C1CC(c2ccccn2)NC(c2ccccn2)C1,1
C(#CC1CC2CCCC3CCC4OOC32C(O1)O4)c1ccc(C#CC2CC3CCCC4CCC5OOC43C(O2)O5)cc1,1
O=C(C=Cc1ccc(-c2ccccc2)o1)Nc1ccc(NC(=O)Cc2cccc3ccccc23)c(C(=O)c2ccccc2)c1,1
N=C1NC(c2cccc(-c3cccnc3)c2)CC(=O)N1C1CCOCC1,1
c1ccc(C2CC3CC(NCN4CCCC4)C2C(c2ccccc2)C3)cc1,1
c1ccc(C2CC3(N4CCCCC4)CC(NCCN4CCCC4)C2C(c2ccccc2)C3)cc1,1
c1ccc(Cc2ccc(-c3ccco3)o2)nc1,1
O=C1C=C(NCCCCCCCCCC[P+](C2CCCCC2)(C2CCCCC2)C2CCCCC2)C(=O)c2ccccc21,1
O=C(CNC(=O)c1ccccc1)NC1CCCc2ccccc21,1
c1ccc(CSc2ncnc3c2ncn3Cc2ccc(C[n+]3ccc(N4CCCC4)cc3)cc2)cc1,1
O=C1NC(=O)c2ccccc21,1
c1ccc(CSc2ncnc3c2ncn3Cc2ccc(-c3ccc(C[n+]4ccc(N5CCCC5)cc4)cc3)cc2)cc1,1
O=C(CN1C(=O)C(COC(=O)Nc2ccccc2)N=C(c2ccccc2)c2ccccc21)NC1CC(=O)OC1OCc1ccccc1,1
O=C(OC1C=CC23c4cc5c(cc4CN(CC2OC(=O)c2ccccc2)C3C1)OCO5)c1ccccc1,1
O=C(OCC1c2ccccc2-c2ccccc21)N1CCC2(CC1)COC1(OO2)C2CC3CC(C2)CC1C3,1
C1CCC2(CC1)OOC1(CCCCC1)O2,1
N=C(Nc1cccc(-c2cccc(-c3cccc(NC(=N)c4ccccc4)c3)c2)c1)c1ccccc1,1
c1cc(C2=NCCN2)cc(-c2cccc(-c3cccc(C4=NCCN4)c3)c2)c1,1
C1CN(c2nc(N3CCOCC3)nc(N3CCC4(CC3)OOC3(OO4)C4CC5CC(C4)CC3C5)n2)CCO1,1
C1=CC(c2c[nH]c3ccccc23)C2CCCC3CCCCC32C1,1
O=C(CNCC(=O)N1CCN(c2ccnc3ccccc23)CCN(c2ccnc3ccccc23)CC1)N1CCN(c2ccnc3ccccc23)CCN(c2ccnc3ccccc23)CC1,1
O=S(=O)(c1ccc(Nc2nccc(Nc3ccc4nc[nH]c4c3)n2)cc1)N1CCNCC1,1
C1=CC2CCCC3C(c4c[nH]c5ccccc45)C=CCC23CC1,1
c1ccc(Cc2nccc3ccccc23)cc1,1
O=C(CCC(=O)OC1CC2CCCC3CCC4OOC32C(O4)O1)NCCCNC(=O)CCC(=O)OC1CC2CCCC3CCC4OOC32C(O4)O1,1
O=C(COc1cccc2oc(=O)ccc12)NCCc1c[nH]c2ccccc12,1
c1cnc(N=c2cc3oc4ccccc4nc-3c3ccccc23)nc1,1
O=C1CCC2C(COc3ccc4ccc(=O)oc4c3)CCCC2C1,1
O=C1NC(=O)N(C2CCCCC2)C(=O)C1=Cc1c(-c2ccccc2)[nH]c2ccccc12,1
O=C1Cc2ccccc2CNCCc2cc3c(cc21)OCO3,1
c1cc[n+](Cc2ccc(Cn3cnc4cncnc43)cc2)cc1,1
O=C(CN1CCN(c2cc(N3CCOCC3)ncn2)CC1)Nc1nnc(COc2ccc3ccccc3c2)s1,1
O=C1C=C(NCCn2ccnn2)C(=O)c2ccccc21,1
O=C1CC2C3CCC4(CC(=O)OC4C2C1)OO3,1
O=S(=O)(c1ccccc1)N1CCC2(CC1)OOC1(CCCCCCCCCCC1)OO2,1
c1ccc(CCc2ccno2)cc1,1
O=C1C=C(NCc2cn(-c3ccccc3Oc3ccccc3)nn2)CO1,1
O=S(=O)(C1=C(c2ccccc2)OC(c2ccc(-c3ccncc3)cc2)C1)c1ccccc1,1
N=C1NC(c2cccc(-c3ccccc3)c2)CC(=O)N1C1CCNCC1,1
O=C(Nc1ccc(N2CCNCC2)cc1)OC(Cn1ccnc1)c1ccccc1,1
O=C(CN1C(=O)c2ccc(N3CCOCC3)cc2C1=O)NCCCCNc1ccnc2ccccc12,1
c1cc[n+](Cc2ccc(CCc3ccc(C[n+]4ccc(N5CCCC5)cc4)cc3)cc2)cc1,1
O=C(CNC(=O)c1ccccn1)NC(CCNCCc1ccc(-c2ccccc2)cc1)Cc1ccccc1,1
O=C(NCCCCNc1cccc2cccnc12)NCc1ccncc1,1
O=[PH](Oc1ccccc1)N1CCOCC1,1
O=C(NC(Cc1ccccc1)C(=O)NC1COC(n2cnc3cncnc32)C1)OC1CCCC2(C1)OOC1(O2)C2CC3CC(C2)CC1C3,1
c1ccc2c(NCC[N+]3(CCCOC4CC5CCCC6CCC7OOC65C(O4)O7)CCN(CCCOC4CC5CCCC6CCC7OOC65C(O4)O7)CC3)ccnc2c1,1
O=C(CN1CCN(CC2CCCCC2)CC1)Cn1c2ccccc2c2ccccc21,1
O=C(Nc1ccccc1)Nc1cccc(Nc2nccc(Nc3ccc4[nH]ccc4c3)n2)c1,1
O=C(CC1CCC2(CC1)OOC1(OO2)C2CC3CC(C2)CC1C3)Nc1ccc(NC(=O)CC2CCC3(CC2)OOC2(OO3)C3CC4CC(C3)CC2C4)cc1,1
O=C(CC1CCC2(CC1)OOC1(OO2)C2CC3CC(C2)CC1C3)NCCCN1CCN(CCCNC(=O)CC2CCC3(CC2)OOC2(OO3)C3CC4CC(C3)CC2C4)CC1,1
O=C(NCCCCCCNc1ccnc2ccccc12)c1ccc2c(c1)C(=O)N(NC(=O)c1ccncc1)C2=O,1
O=C(CC1CCC2(CC1)OOC1(CCCCC1)OO2)NCCCCNC(=O)CC1CCC2(CC1)OOC1(CCCCC1)OO2,1
O=C1OC2CC=C3CC[NH2+]C3C2c2cc3c(cc21)OCO3,1
C1=C2CCC(OC3CCCCO3)CC2C2CCC3CCCC3C2C1,1
O=[PH](NCCc1ccccc1)NCCc1ccccc1,1
c1cc(C2=NCCN2)cc(-c2cc(-c3ccc(C4=NCCN4)cc3)no2)c1,1
c1ccc2c3c(N4CCCNCC4)c4ccccc4[nH]c-3nc2c1,1
c1ccc(C2CC3CC(c4ccccc4)C2CN(CCCN2CCNCC2)C3)cc1,1
O=C1C=CCC2(CCCCO2)C1,1
O=C(Nc1ccccc1)C1CCC(Cn2cnc3ccccc3c2=O)CC1,1
O=C(Nc1nccs1)c1cnccn1,1
O=C(NCc1cccnc1)c1nc2cccc(COCc3ccccc3)c2c(=O)[nH]1,1
c1ccc(CC2CCOO2)cc1,1
O=C(NC(CCNC1CCc2ccccc21)Cc1ccccc1)c1ccccc1,1
O=C(Nc1cccc(-c2ccccc2)c1)N1CCc2ccccc21,1
O=C1Nc2ccccc2C(C#CC2CC2)O1,1
O=C1CC23C=CC(OO2)C2CCCC2C3O1,1
O=C(NCc1ccccc1)c1nc2ccc(COCc3ccccc3)cc2c(=O)[nH]1,1
c1ccc(Nc2nc(OCc3cn(CCCNc4cccc5ccccc45)nn3)nc(N3CCOCC3)n2)cc1,1
O=S(=O)(c1ccc(N=C2NCCN2)cc1)c1ccc(N=C2NCCN2)cc1,1
O=c1ccn(C=Cc2ccncc2)c2ccccc12,1
C1=C2CCCCCCCCCC1=NC2=Cc1ccc(-c2ccc[nH]2)[nH]1,1
O=C1CC=CCCCCC2CCCC(O2)C(=O)C(=O)N2CCCCC2C(=O)OC(C=CC2CCCCC2)CCC1,1
c1ccc(-c2nc[nH]c2-c2ccccc2)cc1,1
O=C(OCCN1CCCCC1)c1ccccc1,1
c1cc[n+](Cc2ccc(CCCCc3ccc(Cn4cnc5cncnc54)cc3)cc2)cc1,1
c1ccc(C2CC3CC(c4ccccc4)C2CN(CCCN2CCCC2)C3)cc1,1
O=C(NCc1ccccc1)c1nc2cccc(COc3ccccc3)c2c(=O)[nH]1,1
O=S(=O)(Cc1ccccc1)N1CCC2(CC1)OOC1(CCCC1)OO2,1
O=C1CNC(=O)N1C(=O)Cc1ccccc1,1
O=c1ccn(C2CC2)c2cc(N3CC4CCCNC4C3)ccc12,1
O=C1CCOc2ccc(cc2)C(=O)CNC(=O)C(Cc2c[nH]cn2)N1,1
c1ccc(C2CC3CC(c4ccccc4)C2CN(CCCN2CCCCC2)C3)cc1,1
C1CCC2(C1)OOC1(CCN(c3nc(N4CCOCC4)nc(N4CCOCC4)n3)CC1)OO2,1
O=C(C=Cc1ccccc1)OCO[PH](=O)OCOC(=O)C=Cc1ccccc1,1
c1cnc(CNc2cccc3nc4ccccc4n23)nc1,1
O=C(OCO[PH](=O)OCOC(=O)OCc1coc(-c2ccccc2)n1)OCc1coc(-c2ccccc2)n1,1
N=C1NC(c2cccc(-c3ccccc3)c2)CC(=O)N1C1CCS(=O)(=O)CC1,1
C=C1CNC2Cc3c([nH]c4ccccc34)CCC1C2,1
O=C1C=C2CCCCC2c2cc3occc3cc21,1
O=C(NCCNc1ccnc2ccccc12)c1ccc2c(c1)C(=O)N(NC(=O)c1ccncc1)C2=O,1
O=C1C=C(Nc2ccc(S(=O)(=O)NCCc3ccccc3)cc2)C(=O)c2ccccc21,1
c1ccc(OCCCCOc2ccc(-c3cc4ccc(C5=NCCN5)cc4o3)cc2)cc1,1
c1ccc(CCC2CCCCO2)cc1,1
O=C(CCCc1ccccc1)NCC1CCC(n2cnc3c(NCc4ccc(Oc5ccccc5)cc4)ncnc32)O1,1
O=C(NCC12CC(CN1Cc1ccccc1)C2)c1coc2ccccc12,1
O=C(Nc1ncccc1OCc1ccccc1)c1cnc2ccccn2c1=O,1
O=c1cccc(C2C(c3ccccc3)C(c3ccccc3)C2c2cccc(=O)o2)o1,1
C1=C(c2cc3ccccc3o2)C2CCN1CC2,1
O=C1C(=Cc2ccc(-c3ccncc3)cc2)Oc2ccccc21,1
c1ccc(-c2ccc(-c3cc4ccccc4[nH]3)[se]2)cc1,1
O=C1CCOc2ccc(cc2)C(=O)CNC(=O)C(Cc2c[nH]c3ccccc23)N1,1
O=C1NC(=O)C2(CCN(Cc3ccccc3)CC2)N1C1CCCC1,1
O=C(C=Cc1ccc2c(c1)OCO2)c1ccc(S(=O)(=O)NCCCNc2cncc3ccccc23)cc1,1
c1ccc(Nc2nc(Nc3ccccc3)nc(N3CCN(c4nc(Nc5ccccc5)nc(Nc5ccccc5)n4)CC3)n2)cc1,1
c1ccc(-c2cc(NCCN3CCOCC3)n3c(c2)nc2ccccc23)cc1,1
c1ccc(-c2cn3c(n2)CCC(c2ccccc2)C3)cc1,1
O=C(NC(CCNCc1ccccc1)Cc1ccccc1)c1ccc2cc[nH]c2c1,1
C=C1C=CC(=O)O1,1
O=c1cccc(C=Cc2cccc3ccccc23)o1,1
O=C(CCCC1CCCCC1)NCC12CC(CN1Cc1ccccc1)C2,1
O=C1CC(=O)C2=CC3(CCN(C(=O)CCC(=O)N(CCCCNC(=O)CCC4CC5CCCC6CCC7OOC65C(O4)O7)CCCCNC(=O)CCC4CC5CCCC6CCC7OOC65C(O4)O7)CC3)OOC2C1,1
O=c1c2ccccc2oc2ccc(C3CCCCO3)cc12,1
C1CCOC2(CC1)CC1CCC3CC4(CCCCO4)NC(=[N+]13)N2,1
c1cc(COC2COc3nccn3C2)cc(C(NCCCCNc2cccc3cccnc23)c2nnn[nH]2)c1,1
O=c1cc2oc3ccccc3nc-2c2ccccc12,1
c1ccc(-c2nccc(N3CCNCC3)n2)nc1,1
c1ccc(Nc2nc(Nc3cccnc3)nc3ccccc23)cc1,1
O=C(CN[PH](=O)NCC(=O)OC1CCCCC1)OC1CCCCC1,1
c1ccc2c(c1)C1=NCCN1C2Cc1ccc2ccccc2c1,1
C=C1CN2CCC34c5ccccc5N5C6=C7C8CC9N(CC8=C)C(C8=CC%10C%11CC%12N(CCC%12%13c%12ccccc%12N(C8=O)C%10%13)CC%11=C)CC98c9ccccc9N(C6=C(C1CC23)C54)C78,1
O=C(CN[PH](=O)NCC(=O)OCc1ccccc1)OCc1ccccc1,1
O=C(CCCC(=O)NCCCCNc1cccc2cccnc12)NCCCCNc1cccc2cccnc12,1
c1ccc2c(c1)CCC1C2CCC2CCCC21,1
O=c1ccn(C2CCC(CNC(c3ccccc3)(c3ccccc3)c3ccccc3)O2)c(=O)[nH]1,1
O=C1C=CC(Cc2ccccc2)N1CCN1CCN(CCNc2ccnc3ccccc23)CC1,1
c1ccc2c3c(NCCN4CCOCC4)c4ccccc4[nH]c-3nc2c1,1
O=C(CSc1nnc(-c2ccc3ccccc3c2)[nH]1)Nc1nncs1,1
O=C(CCC(=O)OC1CC2CCCC3CCC4OOC32C(O4)O1)NCCCN(CCCCN(CCCNC(=O)CCC(=O)OC1CC2CCCC3CCC4OOC32C(O4)O1)C(=O)CCC(=O)OC1CC2CCCC3CCC4OOC32C(O4)O1)C(=O)CCC(=O)OC1CC2CCCC3CCC4OOC32C(O4)O1,1
O=C(CCCc1cn(S(=O)(=O)c2cccs2)c2ccccc12)NC1CCCCCC1,1
C(=NOCc1ccccc1)c1ccccc1,1
c1ccc(-c2ccc(-c3nc4ccccc4[nH]3)s2)cc1,1
c1ccc2c(c1)nc1cccc(NCc3cnccn3)n12,1
c1cncc(-c2ccc(-c3cc4ccccc4[nH]3)o2)c1,1
O=S(=O)(c1ccccc1)N1CCc2c([nH]c3ccccc23)C1,1
c1ccc(CN2CCOc3ccccc3C2)cc1,1
c1ccc(Nc2nc(NCCCCCCNc3nc(Nc4ccccc4)nc(Nc4ccccc4)n3)nc(Nc3ccccc3)n2)cc1,1
O=C(NCCCNc1nc2ccccc2[nH]1)c1ccc2c(c1)CCO2,1
c1ccc2c(Nc3ccc(Nc4ncnc(N5CCOCC5)n4)cc3)ccnc2c1,1
c1ccc2oc(NCCN3CCCC3)nc2c1,1
c1ccc(CCCc2ccc(CN3CCCC3)cc2)cc1,1
c1ccc(Oc2cnn(-c3ccc(C4CC4)nn3)c2)cc1,1
c1ccc(-c2ccc(CCCc3ccc(CN4CCCCC4)cc3)cc2)cc1,1
N=C1NC(c2cccc(-c3ccc(C4CC4)nc3)c2)CC(=O)N1C1CCS(=O)(=O)CC1,1
O=C(NCCc1c[nH]c2ccccc12)c1ccccc1,1
c1coc(-c2ccc(-c3cc4ccccc4[nH]3)s2)c1,1
O=C(Nc1ccccc1)c1csc(N2CCOCC2)n1,1
O=C(NCCNc1ccnc2ccccc12)C(Cc1ccccc1)Nc1c(NC(Cc2ccccc2)C(=O)NCCNc2ccnc3ccccc23)c(=O)c1=O,1
O=C(N1CCCC1)n1cnc(S(=O)(=O)Cc2ccccc2)n1,1
c1ccc(-c2cc3nc(N4CCNCC4)ncc3s2)cc1,1
O=C1c2ccccc2C(=O)c2c(Nc3ccc(Nc4ncnc(Nc5ccccc5)n4)cc3)cccc21,1
c1ccc(-c2cc3nc(N4CCNCC4)nc(-c4ccccc4)c3s2)cc1,1
c1ccc(-c2cc3ncnc(NC4CNC4)c3s2)cc1,1
O=C(NNC(=O)c1ccc2c(c1)C(=O)N(CCCNc1ccnc3ccccc13)C2=O)c1ccncc1,1
O=C1c2ccccc2C(=O)N1Cc1nc2ccccc2n1Cc1c[nH]nn1,1
C=C1C(OC(=O)c2ccccc2)CCCC=CCC(=O)C2CCCC2C1OC(=O)c1ccccc1,1
O=C1C2=C(C(=O)c3ccccc31)c1ccccc1CC2,1
O=C1C=CC(=O)c2cc3c(cc21)C(=O)c1occ2c1C3CCC2=O,1
C=C1CC2C(=O)CCC2CC(=O)C2CCC(OC(=O)c3ccccc3)C2C1,1
C(=NNc1nncc2ccccc12)c1ncc[nH]1,1
c1ccc2scnc2c1,1
O=C1NC=Cc2ccc(cc2)OC(c2ccccc2)C(NC(=O)C2CCCN2C(=O)C=Cc2ccccc2)C(=O)NC1Cc1ccccc1,1
O=C(c1ccccc1)n1c(SCCN2CCOCC2)nccc1=O,1
O=c1c2ccccc2nc2n1CCc1c-2[nH]c2ccccc12,1
c1nc(NC2CCCC2)c2nc[nH]c2n1,1
O=C(Cc1ccccc1)N1CCC(Nc2nc3ccccc3n2Cc2ccccc2)CC1,1
c1ccc(N=NNc2ccccc2)cc1,1
O=C1C(=CC=Cc2ccccc2)NC(=S)N1CCCCCCNc1ccnc2ccccc12,1
c1ccc(OCCc2cn(Cc3cncnc3)nn2)cc1,1
O=C1C(NC(=S)Nc2ccnc3ccccc23)C(C=Cc2ccccc2)N1C1CCCCC1,1
C1=CC2OOC1CC1CC(OCc3ccccc3)CC12,1
c1cnc(NCCCCCCCCNc2ccnc3ccccc23)nc1,1
O=C(c1ccccc1)N1CCC(Nc2nc(N3CCCCC3)nc3ccccc23)CC1,1
O=C(NCc1cccnc1)n1cnc(S(=O)(=O)C2CC3CCC2C3)n1,1
O=C(N1CCCC1)n1cnc(SCc2ccccc2)n1,1
N=C1NC(c2ccccc2)(c2ccccc2)C(=O)N1CC1CCCCC1,1
c1ccc(CN2CCC(Nc3nc(N4CCC(c5ccccc5)CC4)nc4ccccc34)CC2)cc1,1
O=C(CCN1CCN(c2ccnc3ccccc23)CC1)NN=Cc1c[nH]c2ccccc12,1
c1ccc(CCNc2ncnc3c2ncn3C2CCCO2)cc1,1
C(=Cc1cc(NC2CCCCC2)c2ccccc2n1)c1ccncc1,1
O=c1occcc1Cc1cccc2c1OC1CCC3CC2C31,1
O=C(NCCCc1ccccc1)c1ccc(Cn2cncn2)cc1,1
c1ccc(Cn2c(NC3CCN(CCc4ccc(-c5nnco5)cc4)CC3)nc3ccccc32)cc1,1
O=S(=O)(c1ccccn1)N(Cc1ccc2nsnc2c1)C1Cc2ccccc2N(Cc2cnc[nH]2)C1,1
c1ccc(Nc2cc[n+](Cc3ccc(C[n+]4ccc(N5CCCC5)cc4)cc3)cc2)cc1,1
O=C(CCc1ccccc1)NC1CNCC1c1ccccc1,1
O=C(C1=CC2CCCC3CCC4OOC23C(O1)O4)c1ccccc1,1
c1cc2cc(c1)Oc1ccc3c(c1)C(Cc1ccc(cc1)Oc1cccc4c1C(C2)[NH2+]CC4)NCC3,1
c1ccc(Oc2ccnc3ccccc23)cc1,1
O=C1NC(Cc2ccc(OCc3ccccc3)cc2)c2nc3ccccc3c(=O)n2C1Cc1c[nH]c2ccccc12,1
O=C1C=CC(Cc2ccccc2)N1CCNCCNc1ccnc2ccccc12,1
O=C(CN1CCOCC1)Nc1nnc(COc2ccc3ccccc3c2)s1,1
O=C1CNC(=O)N1C(=O)c1ccccc1,1
O=C1C=C2C(CCC3C2C(=O)CC2Cc4c([nH]c5ccccc45)C23)OC1,1
O=C1c2cccc3cccc(c23)C(=O)N1CCC[NH2+]CCCCCCCCCC[NH2+]CCCN1C(=O)c2cccc3cccc(c23)C1=O,1
O=C(Cn1cc[n+](CC(=O)c2ccccc2)c1)c1ccccc1,1
O=C(OCCCn1c(=O)[nH]c(=O)c2nc(C3CCCC3)[nH]c21)c1ccccc1,1
O=C(Nc1nccs1)c1ccnn1-c1ccccc1,1
O=C1C=CC(=O)C(Nc2ccccc2)=C1,1
C1C2CC3CC1CC(C1OOCC4OC41)(C2)C3,1
O=C1C=C(OCc2cn(-c3ccnc4ccccc34)nn2)C(=O)c2ccccc21,1
c1ccc(-c2nccc(N3CCCC3)n2)nc1,1
O=C1C=[N+]2Cc3cc4c(cc3C13C=CCCC23)OCO4,1
O=C(c1ccc(CCN2CCC(Nc3nc4ccccc4[nH]3)CC2)cc1)N1CCNCC1,1
O=C(c1cc2ccccc2[nH]1)N1CCN(c2ccccn2)CC1,1
O=C1C2NC(=O)C3(CC4=CC=CCC4N13)SS2,1
c1ccc2[nH]c(-c3ccc(OCCCCCOc4ccc(-c5nc6ccccc6[nH]5)cc4)cc3)nc2c1,1
O=C1C=C(OCc2cn(Cc3ccccc3)nn2)C(=O)c2ccccc21,1
O=C1NC(Cc2ccccc2)=CC(c2ccc3ccccc3c2)N1,1
O=C1NC(c2ccccc2OS(=O)(=O)c2ccccc2)C=CN1Cc1ccccc1,1
c1ccc(CN2CCC(Nc3nc(N4CCCCC4)nc4ccccc34)C2)cc1,1
c1ccc2c(c1)CC(CC1CCN(CCNc3c4c(nc5ccccc35)CCCC4)CC1)C2,1
O=S(=O)(c1c[nH]cn1)N(Cc1ccc2ccccc2c1)C1Cc2ccccc2N(Cc2cnc[nH]2)C1,1
O=C(CCCN1C(=O)c2ccccc2C1=O)NCCCCCCCCNc1ccnc2ccccc12,1
c1ccc(CN2CCCC(Nc3nc(N4CCNCC4)nc4ccccc34)C2)cc1,1
O=C1c2cccc(NCc3ccccc3)c2C(=O)N1c1ccccc1,1
c1ccc(COc2ccc3c(NC4CCN(Cc5ccccc5)CC4)nc(N4CCNCC4)nc3c2)cc1,1
c1nsnc1N1CCOCC1,1
O=C1Nc2ccccc2C1=Cc1ccc[nH]1,1
c1ccc2c(NCCCC(CCOC3CC4CCCC5CCC6OOC54C(O3)O6)CCOC3CC4CCCC5CCC6OOC54C(O3)O6)ccnc2c1,1
O=C(CNC(=O)OCc1ccccc1)NC(CCc1ccccc1)C(=O)COc1ccccc1,1
c1ccc(C2CC2)c(OCC2=NCCN2)c1,1
c1ccc2c(c1)CCCC2C1=NCCN1,1
O=C1Cc2ccccc2N1,1
O=C(CCN1C(=O)c2ccccc2C1=O)NCCCCCCCCNc1ccnc2ccccc12,1
O=C(c1ccccc1)N(Cc1ccc(Nc2ccncc2)cc1)C1CCNCC1,1
O=C(CCCN1C(=O)c2ccccc2C1=O)NCCCCCCNc1ccnc2ccccc12,1
O=C(Nc1ccccc1)Nc1nc(-c2ccccn2)cs1,1
O=C(Nc1cnn(Cc2ccccc2)c1)c1ccon1,1
C=C1C[n+]2ccc3c([nH]c4ccccc43)c2CC1CC1OCC2C3CCN4CCC5(c6ccccc6N1C25)C4C3,1
O=C(NN1C(=O)c2ccc(C(=O)OCCCNc3ccnc4ccccc34)cc2C1=O)c1ccncc1,1
c1ccc(Nc2nc3ccccc3c3[nH]c4ccccc4c23)cc1,1
O=C(OC1c2cc3c(cc2C24C=CCCC2N1CC4)OCO3)c1cccnc1,1
O=C(OC1c2cc3c(cc2C24C=CCCC2N1CC4OC(=O)c1ccccc1)OCO3)c1ccccc1,1
c1ccc(-c2ccccn2)nc1,1
c1ccc(Cc2ccc(NC3=NCCN3)cc2)cc1,1
c1cc2c(cc1NC1=NCCN1)Cc1cc(NC3=NCCN3)ccc1-2,1
c1ccc(OCCCOc2cccc(-c3cc4ccc(C5=NCCN5)cc4o3)c2)cc1,1
c1ccc(OCCCCOc2cccc(-c3cc4cc(C5=NCCN5)ccc4o3)c2)cc1,1
O=C1C2=C(OCCC2)C2(CO2)c2ccccc21,1
O=S(=O)(C1=C(c2ccccc2)OC(c2ccccc2)C1)c1ccccc1,1
c1ccc(CCN2CCC(Nc3nc4ccccc4n3Cc3ccccc3)C2)cc1,1
O=C(c1ccc2nc(Nc3ccccn3)[nH]c2c1)N1CCNCC1,1
C=C1C(=O)CC2CC3C=CCCC3CCC12,1
O=C(CSc1nnc(CSc2ccnc3ccccc23)[nH]1)N1CCOCC1,1
O=C1C=C(NCCn2cc(C3CCCCC3)nn2)C(=O)c2ccccc21,1
O=c1[nH]c(=Cc2ccccc2)c(=O)[nH]c1=Cc1ccccc1,1
c1ccc(OCCCCOc2ccc(-c3cc4cc(C5=NCCN5)ccc4o3)cc2)cc1,1
c1c[n+](CCOc2ccc(-c3ccc(OCC[n+]4ccsc4)cc3)cc2)cs1,1
C1=CC2CC3CC4C=CC(C1)C2C43,1
c1[nH+]cc(CCOCCCCCCOCCc2c[nH+]cs2)s1,1
O=C(CN1CCCCC1)Nc1cc(COC(=O)c2ccnc3ccccc23)cc(Nc2ccnc3ccccc23)c1,1
O=C(NNc1ccncn1)c1cc(N2CCNCC2)on1,1
O=C(NN(Cc1ccco1)c1ccncn1)c1ccc(CN2CCNCC2)cc1,1
c1ccc(Cn2c(NC3CCN(CCN4CCCCC4)CC3)nc3ccccc32)cc1,1
O=C1OC2CCOC2c2cc3ccccc3cc21,1
O=C(NN(Cc1ccccc1)c1ccncn1)c1ccc(CN2CCNCC2)cc1,1
c1ccc(C(CCN2CCN(c3ccccc3)CC2)c2ccccc2)cc1,1
c1ccc2c(Nc3nncs3)ccnc2c1,1
N=C(NCCCCCCCCCCCCNC(=N)c1ccccc1)c1ccccc1,1
O=C1C(=Cc2ccc(NCc3ccccc3)cc2)Oc2ccccc21,1
c1ccc2c(c1)ncc1c3ccc(CN4CCNCC4)cc3[nH]c21,1
c1cc2cc(CCCCCc3cc4ccc(C5=NCCN5)cc4o3)oc2cc1C1=NCCN1,1
O=c1cc[nH]c2ccc(OCc3ccccc3)cc12,1
c1cc(Nc2ccc3cn[nH]c3c2)nc(Nc2ccc(N3CCOCC3)cc2)n1,1
c1ccc(Nc2nc(NCCNc3nc(Nc4ccccc4)nc(Oc4ccccc4)n3)nc(Nc3ccccc3)n2)cc1,1
N=C1NC(c2ccccc2)(c2cccc(-c3ccccc3)c2)C(=O)N1C1CCCCC1,1
N=C1NC(c2ccccc2)(c2ccccc2)C(=O)N1CCCc1ccccc1,1
O=C(NCCCCNc1cccc2cccnc12)NCCCCNc1cccc2cccnc12,1
N=C1NC(c2ccccc2)(c2cccc(-c3ccccn3)c2)C(=O)N1C1CCCCC1,1
O=C1C=Cc2ccc3c(c2C1=O)C(=O)CCC3,1
O=C(Nc1nc(-c2ccccn2)cs1)c1cccs1,1
c1ccc(-c2cc(CNCC3CCCN4CCCCC34)cn2Nc2ccnc3ccccc23)cc1,1
N=C1NC(c2ccccc2)(c2ccccc2)C(=O)N1C1CCOCC1,1
N=C1NC(c2ccccc2)(c2ccccc2)C(=O)N1C1CCCCCC1,1
O=C(NCC1CCC(n2cnc3c(NCc4ccc(Oc5ccccc5)cc4)ncnc32)O1)c1ccc2c(c1)ncn2Cc1ccccn1,1
O=C(Nc1ccccc1)c1cc(C(=O)Nc2ccccc2)cc(C(=O)Nc2ccccc2)c1,1
O=C1C=CC(=O)c2c1oc1ccccc21,1
N=C1NC(c2ccccc2)(c2ccccc2)C(=O)N1C1CC1,1
c1ccc(C2CCCN2c2ccnc(-c3ccccn3)n2)cc1,1
c1ccc2c(c1)[nH]c1c(C3CCC3c3nccc4c3[nH]c3ccccc34)nccc12,1
c1ccc(C2CCN(c3ccnc(-c4ccccn4)n3)C2)cc1,1
C(=Cc1ccccc1)COc1ncnc2ccccc12,1
O=C(NCc1ccccc1)C1CNCC1c1cc2ccccc2o1,1
O=C(Nc1cccc(-c2nc3ccccc3[nH]2)c1)c1ccccc1,1
O=c1cc2ccoc3ccoc(c1)c23,1
O=C(Cc1ccc(-c2ccccc2)cc1)NCC(=O)Nc1cccc2cccnc12,1
c1ccc2c(NCCCCCCCCNc3c4ccccc4nc4ccccc34)c3ccccc3nc2c1,1
O=S(=O)(CCNc1ccnc(-c2ccccn2)n1)c1ccccc1,1
c1ccc(-c2nccc(NC3Cc4ccccc4C3)n2)nc1,1
c1cc(Nc2ccc3cn[nH]c3c2)nc(Nc2ccc(N3CCNCC3)cc2)n1,1
O=C(CN1CCNCC1)Nc1cccc(Nc2ccnc3ccccc23)c1,1
O=C(NC1CCCCC1)NS(=O)(=O)c1ccc(CCNC(=O)c2ccccc2)cc1,1
O=C(c1ccns1)N(Cc1c[nH]c2ccccc12)c1ccc2c(c1)OCO2,1
O=C(COc1ccccc1)NC(CCC(Cc1ccccc1)NC(=O)CN1CCCNC1=O)Cc1ccccc1,1
O=C(Cc1ccccc1)NC1CNCC1c1cc2ccccc2s1,1
c1cc(Nc2ccc3nc[nH]c3c2)nc(Nc2ccc(N3CCOCC3)cc2)n1,1
c1ccc2c(NCCCCCCCCCCNc3c4ccccc4nc4ccccc34)c3ccccc3nc2c1,1
c1cc[n+](Cc2ccc(-c3ccc(Cn4cnc5cncnc54)cc3)cc2)cc1,1
c1ccc(Cc2ccc(-c3ccccc3)nc2)cc1,1
c1ccc(-c2cc(N3CCC3)n3c(c2)nc2ccccc23)cc1,1
O=C1C(=CC=Cc2ccccc2)NC(=S)N1CCNc1ccnc2ccccc12,1
C=C1C(=O)OC2CC34OC3CCCC4CC12,1
O=C(Nc1ccccn1)NC1C2COc3ccccc3C21,1
O=C(OCO[PH](=O)OCOC(=O)c1ccc2ccccc2c1)c1ccc2ccccc2c1,1
c1ccc(-c2cc(-c3ccccc3)nc(NCCCNc3ccnc4ccccc34)n2)cc1,1
O=c1ccoc2c1CC1C(CCC3C4CCCCC4CCC13)O2,1
O=C1c2ccc(N3CCCCC3)cc2C(=O)N1CCNc1ccnc2ccccc12,1
c1ccc(Nc2cccc(OCc3ccc4ccccc4n3)c2)cc1,1
O=S(=O)(Nc1ccc2ccccc2c1)c1ccc(Nc2ccnc3ccccc23)cc1,1
O=C1Cc2cc3c(cc2CNCCc2cc4c(cc21)OCO4)OCO3,1
O=C1C2=C(C(=O)c3ccccc31)C1CC=CCC1CC2,1
O=C(CCN1C(=O)c2ccc(N3CCOCC3)cc2C1=O)NCCCCNc1ccnc2ccccc12,1
O=C(CCN1C(=O)c2ccc(N3CCOCC3)cc2C1=O)NCCCCCCNc1ccnc2ccccc12,1
C(=Cc1cc(N2CCCC2)c2ccccc2n1)c1ccncc1,1
O=C(c1ccnc(Nc2nc3cnc(Nc4cccnc4)cc3[nH]2)c1)N1CCCC1,1
c1ccc2c(NCCNCc3csc4ccccc34)ccnc2c1,1
O=C(NNc1ccnc2ccccc12)c1cc(-c2ccccc2)nc2ccccc12,1
c1ccc2c(NCCCN3CCN(CCCN(CC4CC4)N4CCCCCC4)CC3)ccnc2c1,1
O=C(NCc1ccccn1)c1nc2cccc(COCc3ccccc3)c2c(=O)[nH]1,1
c1ccc(Nc2ccnc3ccccc23)nc1,1
O=C1C=C(NCCN2CCOCC2)C(=O)c2cc3c(cc21)CCCC3,1
O=c1cccc(CCc2ccc(CCc3cccc(=O)o3)cc2)o1,1
O=C(Nc1ccncc1)OC(Cn1ccnc1)c1ccccc1,1
O=C(NC1(C(=O)NCCCc2ccccc2)CCSCC1)OCc1ccccc1,1
N=C1NC(c2ccccc2)(c2ccccc2)C(=O)N1CC1CCOCC1,1
O=C(c1ccccc1)c1ccccc1NC(=O)C(c1ccccc1)N1CCOCC1,1
c1c[n+](CCCCCn2cc(CCC[n+]3ccsc3)nn2)cs1,1
O=c1occc2ccccc12,1
O=C(NN1C(=O)c2ccc(N3CCN(c4ccnc5ccccc45)CC3)cc2C1=O)c1ccncc1,1
O=S(=O)(c1c[nH]cn1)N(CC1CCNCC1)C1Cc2ccccc2N(Cc2cnc[nH]2)C1,1
N=C1NC(CCCCCCCOC(=O)c2cnc3[n+]4c2CCC4CCN3)C=C2CCCN12,1
c1ccc2c(c1)nc(NCC1CCCO1)c1c3ccccc3[nH]c21,1
c1ccc2c(c1)ncc1c3ccc(CN4CCC(N5CCCCC5)CC4)cc3[nH]c21,1
C1=CCC=CC1,1
O=C(CC1CCC2(CC1)OOCCCOO2)N1CCOCC1,1
c1ccc2[nH]c(-c3nc4ccccc4c4cc[nH]c34)cc2c1,1
c1cc(CN2CCOCC2)cc(Nc2ccnc3ccccc23)c1,1
O=C(Nc1ncnc2[nH]ccc12)c1cccc(-n2ccnn2)c1,1
c1ccc(N2CC[NH2+]CC2)cc1,1
c1ccc2[nH]c(-c3ccc(OCCCCOc4ccc(-c5nc6ccccc6[nH]5)cc4)cc3)nc2c1,1
S=c1[nH]nc(C=C2CCC3C2CCC2C4CCCCC4CCC32)o1,1
C1CCC2(CC1)OOC1(CCN(c3nc(N4CCOCC4)nc(N4CCOCC4)n3)CC1)OO2,1
O=C1c2cccc3c(N4CCCCC4)ccc(c23)C(=O)N1CCCNc1ccnc2ccccc12,1
O=C1c2cccc3c(N4CCOCC4)ccc(c23)C(=O)N1CCCCCCNc1ccnc2ccccc12,1
O=C1C=CCCCCCC2CC(CCCCCCCCCCCCCCCCCCCCCCCCCCCCO1)OCO2,1
c1cc(Nc2nccc(Nc3ccc4nc[nH]c4c3)n2)cc(N2CCNCC2)c1,1
N=C(CCCCCCCCOc1ccc(C(=N)N2CCCC2)cc1)N1CCCC1,1
O=C1C2Cc3c([nH]c4ccccc34)C(c3ccc4nsnc4c3)N2C(=O)CN1C1CCN(Cc2ccccc2)C1,1
c1ccc2nc(NC3=NCNCN3)ncc2c1,1
O=C1C2Cc3c([nH]c4ccccc34)C(c3cccnc3)N2C(=O)CN1C1CCN(Cc2ccccc2)C1,1
c1cc2[nH]c(C3CCCC3)nc2c(N2CCC(CN3CCNCC3)CC2)n1,1
O=C1C2Cc3c([nH]c4ccccc34)C(c3ccc4c(c3)OCCO4)N2C(=O)CN1C1CCN(Cc2ccccc2)C1,1
O=C(NCC12CC(CN1Cc1ccccc1)C2)c1ccc(OCc2ccccc2)cc1,1
O=c1[nH]c2cc3c(cc2cc1-c1ccccc1)OCO3,1
O=C(OCO[PH](=O)OCOC(=O)c1coc(-c2ccccc2)n1)c1coc(-c2ccccc2)n1,1
O=C(NCC12CC(CN1Cc1ccccc1)C2)c1ccc2[nH]ncc2c1,1
O=C(CNCCCNc1ccnc2ccccc12)Nc1ccc2c(c1)C1(CCCC1)c1ccccc1-2,1
C(=Nc1ccc(Oc2ccc(N=Cc3cccc(CN4CCOCC4)c3)cc2)cc1)c1cccc(CN2CCOCC2)c1,1
C1=CC(C23CC4CC(CC(C4)C2)C3)OOC1,1
c1ccc(COCC2OC3c4c(ccc5ccccc45)SCC3C(OCc3ccccc3)C2OCc2ccccc2)cc1,1
O=C(NCCc1ccccn1)c1cc(-c2ccc(CN3CCOCC3)cc2)nc2ccccc12,1
O=C(c1ccc(CCN2CCC(Nc3nc4ccccc4n3Cc3ccccc3)CC2)cc1)N1CCC1,1
O=C(CCN1CCCCC1)N1CC2CC(c3ccccc3)C(C1)C(c1ccccc1)C2,1
c1ccc(Sc2ccnc3ccccc23)cc1,1
O=C1NC2(CCN(Cc3ccccc3)CC2)C(=O)N1Cc1cccnc1,1
O=C(CC1CC2CCCC3CCC4OOC32C(O1)O4)NCCCCNc1cccc2cccnc12,1
O=C(C=NNCc1ccccc1)NCCCCCCCNc1ccnc2ccccc12,1
O=C1c2cccc3c(N4CCNCC4)ccc(c23)C(=O)N1CCCCCCCCNc1ccnc2ccccc12,1
c1cnc2[nH]c(-c3cncc(-c4cn[nH]c4)c3)nc2c1,1
c1ccc(CCCNc2nc(N3CCCC3)nc3ccccc23)cc1,1
O=C1NC(=O)c2ccc3c4c(ccc1c24)C(=O)NC3=O,1
O=C(COc1cc(N2CCOCC2)cc2oc(=O)ccc12)N1CCc2c([nH]c3ccccc23)C1,1
O=C(NC1CC1)c1ccc(N2CCOc3ccccc32)s1,1
O=C1C2Cc3c([nH]c4ccccc34)C(c3ccc4c(c3)OCO4)N2C(=O)CN1CCCn1ccnc1,1
O=c1cc[nH]cc1-c1ccccc1Oc1ccccc1,1
O=C(CCCCCCCCCCCN1CCCCC1)Nc1cccc(Nc2ccnc3ccccc23)c1,1
O=C(c1ccc(C2CCC3(CC2)OOC2(OO3)C3CC4CC(C3)CC2C4)cc1)N1CCSCC1,1
c1ccc(COCCCNc2ccccn2)cc1,1
O=C(CNC(=O)N1CCOCC1)NN(CCc1ccccc1)C(=O)C=CS(=O)(=O)c1ccccc1,1
c1ccc2nc3occc3cc2c1,1
c1ccc(CCCNCCCN2CCN(CCCNc3ccnc4ccccc34)CC2)cc1,1
O=C1c2cccc3c(N4CCNCC4)ccc(c23)C(=O)N1CCCCNc1ccnc2ccccc12,1
c1ccc2c(N3CC(CN4CCCC4)N=N3)ccnc2c1.c1ccccc1,1
O=C(NC(Cc1ccccc1)C(=O)OC(c1cccc2ccccc12)C1CC2CCC1CC2)C1=CN2CCOC3=C(N4CCNCC4)C=CC(C1=O)C32,1
O=C(NCc1ccccc1)C1CNCC1CCc1ccccc1,1
c1c[n+](N2CCOCC2)no1,1
c1ccc2[nH]c(-c3ccc(OCCCCCCCOc4ccc(-c5nc6ccccc6[nH]5)cc4)cc3)nc2c1,1
O=C(CCCc1ccccc1)NCCCCCC(=O)NCC(=O)NCC(=O)NCC(=O)NCC(=O)NCC(=O)NC(Cc1ccccc1)C(=O)N1CCCC1,1
c1ccc(OCCCCCOc2cccc(-c3cc4cc(C5=NCCN5)ccc4o3)c2)cc1,1
O=C(CCn1c(=O)[nH]c2ccsc2c1=O)NCc1ccccc1,1
O=C(NCC1CNC2Cc3c[nH]c4cccc(c34)C2C1)c1ccncc1,1
C(#Cc1ccc(-c2ccco2)o1)c1ccccc1,1
c1cc(Nc2ccc3cn[nH]c3c2)nc(Nc2ccc(Cn3cncn3)cc2)n1,1
c1ccc(-c2ccc(-c3ccco3)s2)cc1,1
c1cncc(-c2ccc(-c3ccco3)o2)c1,1
C(=Cc1ccc2c(c1)CCCC2)c1ccccc1,1
c1ccc(OCCCCCCOc2ccc(-c3cc4cc(C5=NCCN5)ccc4o3)cc2)cc1,1
c1ccc(Cn2c(NC3CCN(c4ccnc5ccccc45)CC3)nc3ccccc32)cc1,1
O=C1CNC(=O)COC(=O)CCOC(=O)CNC(=O)C(Cc2ccccc2)NC(=O)C2CCCN2C(=O)CN1,1
C(=Nc1ccccc1N=Cc1cccc(CN2CCOCC2)c1)c1cccc(CN2CCNCC2)c1,1
O=S(=O)(c1nc[nH]n1)C1CCCCC1,1
O=C1Nc2ccccc2C12C(c1ccccc1)C=CN1N3C=CC=CC3C(=O)C12CC=Cc1ccccc1,1
O=C(CNC(=O)c1ccccc1)NCCc1ccccc1,1
O=C1CC23c4cc(-c5cccc6c5CCNC6)c5ccccc5c4OC2Oc2ccc4c(c2-c2cccc1c23)CCNC4,1
O=C(CNC(=O)NCCCCNc1cccc2cccnc12)NC(c1ccccc1)c1ccccc1,1
c1ccc2c(c1)ccn2C(CN1CCNCC1)Nc1ccnc2ccccc12,1
O=c1ccn(CCCCCCNC(c2ccccc2)(c2ccccc2)c2ccccc2)c(=O)[nH]1,1
O=C(C=CC(=O)NCCCCNc1cccc2cccnc12)NCCCCNc1cccc2cccnc12,1
O=C1CC(OC2CCCCO2)CC(OC2CCCCO2)CCCCN(CCCNCc2ccncc2)CCCCO1,1
O=S(=O)(c1ccccc1)N1CCN(c2nc3ccccc3n2Cc2ccccc2)CC1,1
O=C(c1ccc(COc2ccccc2)cc1)N1CCOCC1,1
c1cc(Nc2ccc3cn[nH]c3c2)nc(Nc2ccc(OCCN3CCOCC3)cc2)n1,1
O=C1C=CC(=O)C1=CNCCc1ccc(OCCCNC(=O)C2=NOC3(CC=CC=CO3)C2)cc1,1
c1ccc(CC(CN2CCN(c3ccccc3)CC2)Nc2ccnc3ccccc23)cc1,1
c1ccc2c(NC3CCN(C4CCCCC4)CC3)nc(N3CCNCC3)nc2c1,1
c1ccc(Nc2nc(N3CCNCC3)nc3ccccc23)cc1,1
O=C(CCCN1C(=O)c2ccccc2C1=O)NCCCCNc1ccnc2ccccc12,1
c1ccc(SC(c2ccccc2)c2ccccn2)cc1,1
c1ccc(-c2ccc(-c3ccccn3)o2)nc1,1
O=C(NCc1cccc(C2CC2)c1)c1nc2cccc(OCCc3ccccc3)c2c(=O)[nH]1,1
C(=Cc1cc(Nc2ccccc2)c2ccccc2n1)c1ccncc1,1
O=C(CSc1nc2ccccc2n1Cc1ccccc1)NN=Cc1ccccc1,1
c1ccc2c(Oc3ccc4[nH]cnc4c3)cccc2c1,1
c1ccc2c(NC3CCN(CC4CCCCC4)CC3)nc(N3CCCNCC3)nc2c1,1
c1ccc(-n2c(Sc3ncnc4sccc34)nnc2N2CCCC2)cc1,1
C1=Cc2cc(CNCC3CCCCC3)ccc2OC1,1
O=C(CCN1CCCCC1)NC1CC2(N3CCNCC3)CC(c3ccccc3)C1C(c1ccccc1)C2,1
C=C1CCC2CCCC3CCC(CCNC(=O)CN(CCNc4ccnc5ccccc45)C(=O)c4ccncc4)C1C23,1
C(=Cc1cc(N2CCNCC2)c2ccccc2n1)c1ccncc1,1
O=C(Nc1nccs1)c1cccnn1,1
c1ccc(CN2CCC(Nc3cc(N4CCCNCC4)nc4ccccc34)CC2)cc1,1
c1ccc(COc2ccc3c(NC4CCN(Cc5ccccc5)CC4)nc(N4CCCCC4)nc3c2)cc1,1
O=C(NC(Cc1ccccc1)C(=O)NCCCc1ccccc1)OCc1ccccc1,1
O=C(NCC1CNC2Cc3c[nH]c4cccc(c34)C2C1)c1ccccn1,1
O=C1C=CCCCCCCOC(=O)CCC=CCCC1,1
C(=Cc1ccc2ccccc2[nH+]1)c1ccn(-c2ccccc2)c1,1
O=C(NCCCNc1nc2ccccc2[nH]1)c1ccc(CN2CCCC2)cc1,1
C1=C2Nc3ccccc3C23CCN2C(c4ccc5c(c4)C4CCN6CC7OC7C7CCC4(N5)C76)C4OC4C(C1)C23,1
O=C(Cc1ccccc1Nc1ccccc1)NCC(=O)Nc1cccc2cccnc12,1
O=C(Cc1ccc(C(=O)c2ccccc2)[nH]1)NCC(=O)Nc1cccc2cccnc12,1
O=c1c2cc(N=C3NCCN3)ccc2[nH]c2ccc(N=C3NCCN3)cc12,1
O=C1CCCCOC(=O)CCCCO1,1
c1ccc(Nc2cc[n+](Cc3ccc(CCCCc4ccc(C[n+]5ccccc5)cc4)cc3)cc2)cc1,1
c1cc[n+](Cc2ccc(CCc3ccc(Cn4cnc5cncnc54)cc3)cc2)cc1,1
c1cc(OCCCCCOc2cccc(C3=NCCN3)n2)nc(C2=NCCN2)c1,1
O=C1CC2CCCC2C2CC=C3CCCCC3C12,1
c1ccc(-c2cncc3c(-c4cccnc4)csc23)cc1,1
c1ccc(CCC2(CCc3ccccc3)OOC(CCc3ccccc3)(CCc3ccccc3)OO2)cc1,1
O=C(Cc1cc(-c2ccccc2)oc1-c1ccccc1)NCC1CCCCC1,1
c1ccc(C2CC3CC(c4ccccc4)C2CN(CCN2CCCC2)C3)cc1,1
c1ccc(C2CC3CC(c4ccccc4)C2CN(CCN2CCCCC2)C3)cc1,1
O=C1CN2Cc3cc4c(cc3C13C=CCCC23)OCO4,1
O=C(CNC(=O)N1CCOCC1)NCC(=O)NC(Cc1c[nH]c2ccccc12)C(=O)N1CCCC1COc1ccccc1,1
C=C1NC(=O)CNC1=O,1
c1ccc(C2CC3(N4CCCC4)CCN(CCCN4CCCCC4)C2C(c2ccccc2)C3)cc1,1
c1ccc(N2CCN(c3nc(NC4CCNCC4)c4ccccc4n3)CC2)nc1,1
B1OCc2cccc(CCn3cnnn3)c21,1
O=C1CNC(=O)C2CCCCN2C(=O)C(Cc2ccccc2)NC(=O)C(Cc2c[nH]c3ccccc23)N1,1
c1ccc(C2(c3ccccc3)CCC3(CC2)OOC2(O3)C3CC4CC(C3)CC2C4)cc1,1
c1ccc(CN2CCC(Nc3nc(N4CCNCC4)nc4ccccc34)C2)cc1,1
c1coc(CN(Cc2cnc3ccccc3c2)Cc2cnc3ccccc3c2)c1,1
O=C(CCCCCCC(=O)Oc1ccncc1-c1ccc(Oc2ccccc2)cc1)Oc1ccccc1Oc1ccccc1,1
O=C(NC(CCN1CCN(Cc2ccccc2)CC1)Cc1ccccc1)c1ccc2ccccc2c1,1
c1ccc(-c2nnc(CNCC3CCNCC3)o2)cc1,1
O=C(CCc1ccccc1)NC(CCN1CCN(Cc2ccccc2)CC1)Cc1ccccc1,1
O=C(NC(CCN1CCN(Cc2ccccc2)CC1)Cc1ccccc1)c1cnc2ccccc2c1,1
O=C(NC(=S)Nc1nc(-c2ccccn2)cs1)c1ccccc1,1
O=C1C(=O)N(CCCCn2cc(COc3ccccc3)nn2)c2ccccc21,1
c1cnc2c(NCCCCNCCC3CC4CCCC5CCC6OOC54C(O3)O6)cccc2c1,1
O=C(C=C1CCC2C1CCC1C3CCCCC3CCC21)NNC(=O)c1cccs1,1
c1ccc(C[n+]2csc(CCOCCCCCCOCCc3c[n+](Cc4ccccc4)cs3)c2)cc1,1
O=C(CN1CCC(Nc2nc3ccccc3n2Cc2ccccc2)CC1)c1ccccc1,1
c1ccc(-c2ccc(-c3cnccn3)cn2)cc1,1
O=C(NC1CCCCC1)C(NCCc1ccccc1)c1ccccc1,1
c1ccc(C(c2c[nH]cc2-c2ccccc2-n2cccc2)n2ccnc2)cc1,1
O=C(CCN1CCCC1)OC1CC2(N3CCCCC3)CC(c3ccccc3)C1C(c1ccccc1)C2,1
c1ccc(Cc2ccc(Cc3ccccc3)cc2)cc1,1
O=C(CNC(=O)c1ccn(-c2ccccc2)c1)Nc1c[nH]n(-c2ccccc2)c1=O,1
c1ccc(-n2ccc(CNC3CCNCC3)c2)cc1,1
O=[PH](N1CCCC1)N1CCCC1,1
O=C(NCCCNc1nc2ccccc2[nH]1)c1ccncc1,1
O=C1C(NN2CCNCC2)=CC(=O)c2ncccc21,1
O=c1ccn(C2CCC(COC(c3ccccc3)(c3ccccc3)c3ccccc3)O2)c(=O)[nH]1,1
C=C1C(=O)OC2C=CCCCC=CCC12,1
c1ccc(COc2ccc3c(NC4CCNCC4)nc(N4CCCCNCC4)nc3c2)cc1,1
N=C1CN2Cc3cc4c(cc3C13C=CCCC23)OCO4,1
O=C(CCC(=O)OCCCCCCC1CCC2C3=C(CCC12)C1CCC(=O)CC1CC3)CCC1CCC2C3=C(C(=O)CC12)C1CCC(=O)CC1CC3=O,1
c1ccc(-c2cc3ncnc(NCc4cccs4)c3s2)cc1,1
O=C1NC(Cc2ccccc2)c2nc3ccccc3c(=O)n2C1Cc1c[nH]c2ccccc12,1
O=C(CCC(=O)OCCCCC1CCC2C3=C(CCC12)C1CCC(=O)CC1CC3)CCC1CCC2C3=C(C(=O)CC12)C1CCC(=O)CC1CC3=O,1
O=C1C=C(N2CCN(c3ccccc3)CC2)C(=O)c2ccccc21,1
O=C1CNC(=O)CNC(=O)CNC(=O)CNC(=O)CNC(=O)CNC(=O)CNC(=O)CN1,1
O=C1C(=CC=Cc2ccccc2)NC(=S)N1CCCCNc1ccnc2ccccc12,1
c1ccc2c(C(OCc3cn(Cn4nnc5ccccc54)nn3)C3CC4CCN3CC4)ccnc2c1,1
O=C(c1ccc(Nc2nc(NC3CCCCC3)nc3c2ncn3-c2cccc(OCc3ccccc3)c2)cc1)N1CCCCC1,1
O=C(COc1ccccc1)c1c[nH]c2ccccc12,1
O=C(Cc1ccccc1)OC1CC2NC(C1)C1OC21,1
C1CCC2(CC1)OOC1(O2)C2CCCC1CCC2,1
O=C1C2CC3CC1CC(C2)C31OOC2(CCCCC2)O1,1
O=C(Nc1cccnc1)c1cc(-c2ccccc2)nc2ccccc12,1
O=S(=O)(NCc1ccc(-c2nc(-c3cccnc3)no2)cc1)c1ccc(N2CCNCC2)cc1,1
C1=CC(c2ccccc2)CCC1,1
c1ccc(-c2nc3cnc(Nc4cc(-c5nnn[nH]5)ccn4)cc3[nH]2)cc1,1
C=C(c1ccc(-c2cccc3ccccc23)cc1)C1COC2(CCCC2)OO1,1
O=C1c2ccccc2Cc2cc3c(cc21)C1OC(C3)Oc2ccccc21,1
O=C(CCC(=O)OC1CC2CCCC3CCC4OOC32C(O4)O1)OCCCc1ccc2oc(-c3ccc4c(c3)OCO4)cc2c1,1
O=C(Nc1ccccn1)c1csc(N2CCNCC2)n1,1
O=c1[nH]nc(C=C2CCC3C2CCC2C4CCCCC4CCC32)o1,1
O=C(NC(Cc1ccccc1)C(=O)OC(c1cccc2ccccc12)C1CC2CCC1CC2)C1=CNC2C=C3OCOC3=CC2C1=O,1
c1cc(Nc2ccc3nc[nH]c3c2)nc(Nc2ccc(OCCN3CCOCC3)cc2)n1,1
c1ccc(Sc2nncc(-c3cnncn3)n2)nc1,1
O=C1NCc2nc3cnccc3c(=O)n2C1Cc1c[nH]c2ccccc12,1
c1cc(C2CCC3(CC2)OOC2(OO3)C3CC4CC(C3)CC2C4)ccc1OCCCN1CCNCC1,1
C=C(c1ccc2c(c1)CCCC2)C1COC2(CCCCC2)OO1,1
O=C1NCc2nc3ncccc3c(=O)n2C1Cc1c[nH]c2ccccc12,1
O=c1oc2ccccc2cc1-c1ccccc1,1
O=C1CCCC(OC2CCCCO2)CCCCN(CCCNCc2ccc3ccccc3n2)CCCCO1,1
O=C1C=CC2CCCCC2=C1,1
O=C(NCCCNc1nc2ccccc2[nH]1)c1cccs1,1
c1ccc2c3c([nH]c2c1)C1C(CCC2C4CCCOC4CCC21)C3,1
O=C1CC(=O)C2=C(C1)OC1(CC2)CCC2CC1C2,1
O=C(CCCCc1ccccc1)NCCCN1CCCCOC(=O)CC(OC2CCCCO2)CC(OC2CCCCO2)CCCC1,1
O=C(NCc1ccccc1)c1c[nH]c2cc(N3CCN(C(=O)c4ccco4)CC3)ccc2c1=O,1
O=c1cc(CCC2CCCCC2)[nH]c2ccccc12,1
O=S(=O)(c1ccc(Nc2c3ccccc3nc3ccccc23)cc1)N1CCCCC1,1
c1ccc2c3c(N4CCOCC4)c4ccccc4[nH]c-3nc2c1,1
O=C(Nc1ccccc1)c1ccc2ccccc2c1,1
O=C(Cc1cccc2ccccc12)NCCCN1CCCCOC(=O)CCCC(OC2CCCCO2)CCCC1,1
O=C(CCN1C(=O)c2ccc(N3CCNCC3)cc2C1=O)NCCCCCCNc1ccnc2ccccc12,1
O=C(NCCNc1nc2ccccc2[nH]1)c1ccccc1,1
O=C1C=C(CCCCCCCCCC[P+](C2CCCCC2)(C2CCCCC2)C2CCCCC2)C(=O)c2ccccc21,1
O=C(NCCCNc1nc2ccccc2[nH]1)c1cccnc1,1
S=C(Nc1ccccc1)n1cnc(Nc2ccccc2)n1,1
C(=NNc1ccccc1)c1cn(-c2ccccc2)nc1-c1ccccc1,1
O=C1CC(OC2CCCCO2)CC(OC2CCCCO2)CCCCN(CCCNCCCc2ccccc2)CCCCO1,1
O=C(c1ccc(NC2=NCCN2)cc1)c1ccc(NC2=NCCN2)cc1,1
O=C1CCCC(OC2CCCCO2)CCCCN(CCCNCc2cccc3ccccc23)CCCCO1,1
N=C1NC(c2cccc(-c3ccccc3)c2)CC(=O)N1C1CCC1,1
O=C(CNC(=O)c1c[nH]c2cc3c(cc2c1=O)OCO3)OC(c1ccnc2ccccc12)C1CC2CCN1CC2,1
O=C(CCNC(=O)c1ccccc1)Nc1nc2ccccc2[nH]1,1
O=C(c1ccc(C2CCC3(CC2)OOC2(OO3)C3CC4CC(C3)CC2C4)cc1)N1CCCCC1,1
O=C(c1c[nH]c2ccccc12)c1nccc2c1[nH]c1ccc(OC3CCCCO3)cc12,1
c1ncc2ncn(C3CCCC3)c2n1,1
O=C(NCCC(=O)N(CCCNc1c2ccccc2nc2ccccc12)CCCNc1c2ccccc2nc2ccccc12)OCC1c2ccccc2-c2ccccc21,1
O=C1CC(=O)C2=C1C(=O)CC1CCCCC21,1
c1ccc2c(N3CC(CN4CCCCC4)N=N3)ccnc2c1,1
c1ccc2c(N3CC(CN4CCOCC4)N=N3)ccnc2c1.c1ccccc1,1
O=C(Cn1cnnn1)NC1C(=O)N2C=C(CSc3nncs3)CSC12,1
O=C1C2=C(NC=CS2(=O)=O)C(=O)c2ncccc21,1
O=C1C=CCC2CC3OC(OC4CC5C=CC(=O)C6C7C(=O)C=CCC7CC(O4)C56)CC4C=CC(=O)C(C12)C43,1
O=C1C=C(OCc2cn(C3CCOC3n3ccc(=O)[nH]c3=O)nn2)C(=O)c2ccccc21,1
O=C1c2ccccc2C(=O)c2oc(Cc3ccccc3)cc21,1
c1ccc(-c2ccc(N=c3ccn(CCCN4CCCCC4)c4cc(Nc5ccccn5)ccc34)cc2)cc1,1
O=C(CNC(=O)c1ccccc1)Nc1cccc2ccccc12,1
O=C1C=CCC2CC3OCC4C=CC(=O)C(C12)C43,1
O=C1C2=C(OCC=C2)C2CCCC1C2=O,1
N=C1NC(c2cccc(-c3ccc4nc[nH]c4c3)c2)CC(=O)N1C1CCOCC1,1
O=C(NCCn1nnc2ccccc21)Nc1ccccc1,1
O=C(Nc1ccccc1)c1cn2nc(-c3ccccc3)cc2nc1C1CCNCC1,1
c1ccc(CN2CCN(Cc3cn(-c4ccnc5ccccc45)nn3)CC2)cc1,1
c1ccc2c(-n3cc(CN(C4CCCCC4)C4CCCCC4)nn3)ccnc2c1,1
c1ccc2c(-n3cc(CNC4C5CC6CC(C5)CC4C6)nn3)ccnc2c1,1
c1nc(NC2CCCC2)c2ncn(C3CCCO3)c2n1,1
O=c1[nH]c2ccc3c(c2cc1-c1cccc2ccccc12)OCO3,1
O=C(COc1ccccc1)Cn1cc(CC2CCCC2)nn1,1
O=C(Nc1cc(-c2cc3ccccc3[nH]2)n[nH]1)c1ccc2c(c1)OCO2,1
O=C(OCc1ccccc1)C1=CN(CCCCCC(=O)N(CCN2CCOCC2)Cc2ccc(-c3ccccc3)cc2)C(=O)NC1c1ccccc1,1
O=C(C=Cc1cccc(OCC=Cc2ccccc2)c1)NCC(=O)Nc1cccc2cccnc12,1
O=C(Cc1ccc2ccccc2c1)NCCCN1CCCCOC(=O)CCCC(OC2CCCCO2)CCCC1,1
O=C(C(=O)c1ccccc1C(=O)N1CCCCC1)c1ccc2c(c1)OCO2,1
c1ccc(Nc2cc3[nH]c(-c4cccnn4)nc3cn2)nc1,1
O=C(CNC(=O)c1cn(C2CC2)c2nc(N3CCNCC3)ccc2c1=O)OC(c1ccnc2ccccc12)C1CC2CCN1CC2,1
c1ccc2c(c1)c1ccccc1n2CCCN1CCCCCC1,1
O=C1C2=C(NCCS2(=O)=O)C(=O)c2ncccc21,1
O=S(=O)(Nc1ccon1)c1ccc(NCc2ccc(CCCc3ccccc3)cc2)cc1,1
c1ccc2cc(CCCc3ccc(CN4CCCCC4)cc3)ccc2c1,1
C(=NNc1ccncc1)c1cn(-c2ccccc2)nc1-c1ccccc1,1
c1ccc2c(NC3CCN(CC4CCCCC4)CC3)nc(N3CCNCC3)nc2c1,1
O=C(c1ccccc1)N1CCC(Nc2nc(N3CCN(c4ccccn4)CC3)nc3ccccc23)CC1,1
c1ccc(CN2CCC(Nc3nc(N4CCN(c5ccccn5)CC4)nc4ccccc34)CC2)cc1,1
c1ccc(CNCCCCOc2ccc3ncccc3c2)cc1,1
c1ccc(CN2CCC(Nc3nc(N4CCNCC4)cc4ccccc34)CC2)cc1,1
c1cc2oc(Cc3cc4cc(C5=NCCN5)ccc4o3)cc2cc1C1=NCCN1,1
c1ccc(CN2CCC(Nc3cc(N4CCCCC4)nc4ccccc34)CC2)cc1,1
c1ccc(CCCc2ccc(CN3CCOCC3)cc2)cc1,1
C1CC[NH+](C2CCC3CCC4C5CC([NH+]6CCCCC6)CC5CCC4C3C2)CC1,1
O=C(Cc1ccccc1)NCCc1ccc(CNc2ccc3ncncc3c2)cc1,1
O=C(CN1CCCC1)N1CC2CC(c3ccccc3)C(C1)C(c1ccccc1)C2,1
O=C(CCCCCNc1ccnc2ccccc12)NC1C(=O)N(c2ccccc2)C1C=Cc1ccccc1,1
O=C(NCCCNc1cccc2ccccc12)NC1C(=O)N(c2ccccc2)C1C=Cc1ccccc1,1
O=C(NCC12CC(CN1Cc1ccccc1)C2)C1(c2ccccc2)CC1,1
c1ccc(CCOC2CC3(CCCCC3)OO2)cc1,1
O=C1Oc2ccccc2Oc2ccccc21,1
O=C(CNC(=O)N1CCCCC1)NCC(=O)NC(C(=O)N1CCN=C1COc1ccccc1)c1ccccc1,1
c1ccc(Nc2cc3[nH]c(-c4ccncc4)nc3cn2)nc1,1
c1ccc(CN2CCC(Nc3cc(N4CCNCC4)nc4ccccc34)CC2)cc1,1
O=c1occcc1Cc1cccc(Cc2cccoc2=O)c1,1
c1ccc(Nc2cc3[nH]c(-c4ccccn4)nc3cn2)nc1,1
C1=CC23CCC4CCCCC4C2CCC1C3,1
C1=C(N2CCN(c3ccccc3)CC2)CCc2ccccc21,1
O=C1NC(=O)C2(CCN(Cc3ccccc3)CC2)N1CCc1ccccc1,1
c1ccc(Cc2ccsc2)cc1,1
O=C(COc1ccccc1)OC(Cn1ccnc1)c1ccccc1,1
c1ccc(C2CC3CC(c4ccccc4)C2CN(CCN2CCNCC2)C3)cc1,1
C1=CC(CC2CCCCC2)OOC1,1
O=C1c2ccc3c4c(ccc(c24)C(=O)C1CNc1c2ccccc2nc2ccccc12)C(=O)N(CCn1ccnc1)C3=O,1
O=C(CCC(=O)OC1CC2CCCC3CCC4OOC32C(O4)O1)OCC(CC1CC2CCCC3CCC4OOC32C(O1)O4)CC1CC2CCCC3CCC4OOC32C(O1)O4,1
c1csc(C2CC3CCCC4CCC5OOC43C(O5)O2)c1,1
O=C1c2cccc3c(N4CCOCC4)ccc(c23)C(=O)N1CCNc1ccnc2ccccc12,1
O=C(NCc1ccccc1)C1=CC2c3ccccc3C1c1ccccc12,1
c1ccc2c(-n3cc(C4CC4)nn3)ccnc2c1,1
O=C(CCN1CCCC1)Nc1cc(-c2ccccc2)nc2ccccc12,1
O=C(NCc1ccccc1)c1cncc2nnc(-c3ccccc3)n12,1
O=S(=O)(c1ccc(-n2cc(COc3cccc4cc5[n+](cc34)CCc3cc4c(cc3-5)OCO4)nn2)cc1)N1CCOCC1,1
O=C(CN1CCCCC1)Nc1cc(Nc2ccnc3ccccc23)cc(C(=O)N2CCN(Cc3ccccc3)CC2)c1,1
O=C(CN1CCCCC1)Nc1cc(COC(=O)NCc2ccccc2)cc(Nc2ccnc3ccccc23)c1,1
N=C(Nc1ccc(-c2ccc(-c3ccc(NC(=N)c4ncccn4)cc3)o2)cc1)c1ncccn1,1
O=C1c2cccc(N3CCCCC3)c2C(=O)N1CCCNc1ccnc2ccccc12,1
O=C(NCc1ccccc1)C1CNCC1c1ccc2sccc2c1,1
c1cc[n+](Cc2ccc(C[n+]3ccc(N4CCCC4)cc3)cc2)cc1,1
c1nnc(SC2CCCC2)nc1-c1cnnc(SC2CCCC2)n1,1
c1ccc(CCNC2CCCCCCC2)cc1,1
c1nncc(-c2cnnc(SC3CCCC3)n2)n1,1
O=C1C=CCC(C(=O)OCc2ccccc2OC2OCCCC2OC(=O)c2ccccc2)C1,1
O=c1[nH]cnc2nc[nH]c12,1
O=C1C(=Cc2ccccc2)Oc2c(CN3CCOCC3)cccc21,1
O=C1C=CC2C=CC3C(Cc4ccc5c(c4)OCO5)C4CC1C2C34,1
C1=CCCC2Cc3ccccc3OC2C2CC2CC1,1
c1ccc(-c2cc(-c3ccccc3)n(-c3ccccc3)n2)cc1,1
O=C1CCC(c2cccnc2)N1,1
O=C1CC(=O)C2=CC3(CCN(C(=O)CCC(=O)N(CCCCNC(=O)CCC4CC5CCCC6CCC7OOC65C(O4)O7)CCCNC(=O)CCC4CC5CCCC6CCC7OOC65C(O4)O7)CC3)OOC2C1,1
O=C1C=C(NCC[P+](c2ccccc2)(c2ccccc2)c2ccccc2)C(=O)c2ccccc21,1
O=C(c1ccc(C2CCC3(CC2)OOC2(OO3)C3CC4CC(C3)CC2C4)cc1)N1CCOCC1,1
C=C1CCC2c3[nH]c4ccccc4c3CCN2C1,1
O=C(C=NOCc1ccccc1)NCCCCCCCNc1ccnc2ccccc12,1
C=C1CCC2CCCCC2C1CCc1ccoc1,1
c1cnc2ccc(N3CCCC3)cc2c1,1
c1ccc(COCc2ccc(CC3CC4CCCCC45COC3OO5)cc2)cc1,1
c1c[n+](CCCCc2ccc3ccc(CCCC[n+]4ccsc4)cc3c2)cs1,1
c1cc(C2CC3CCCC4CCC5OOC43C(O5)O2)[nH]c1CN1CCSCC1,1
C(#Cc1cc2ccccc2[nH]1)c1cccnc1,1
C1=CC(c2ccc[nH]2)=NC1=Cc1[nH]c2cc1CCCCCCC2,1
O=C1C2C(=O)C34OCCC2C2C=CCC15CCC1CCCCC1(CC253)O4,1
N=C(Nc1ccc(Oc2ccc(Oc3ccc(NC(=N)C4CCCCC4)cc3)cc2)cc1)C1CCCCC1,1
N=C(Nc1ccc(Oc2cccc(Oc3ccc(NC(=N)c4ccc(-c5ccccc5)cc4)cc3)c2)cc1)c1ccc(-c2ccccc2)cc1,1
c1ccc2c(NC3CCN(C4CCCCC4)CC3)nc(N3CCCNCC3)nc2c1,1
O=C1C=C2CCC=CC3C=CC(O3)C2O1,1
O=C(Cn1ccc(=O)[nH]c1=O)NCCNCCNC(c1ccccc1)(c1ccccc1)c1ccccc1,1
c1cnc2ccc(Nc3ccnc4ncnn34)cc2c1,1
c1cc(Nc2ccc(NC3=NCCS3)cc2)ccc1NC1=NCCS1,1
O=C1c2ccccc2C(=O)N1CCNC(=S)Nc1ccc(Nc2ccc(NC(=S)NCCN3C(=O)c4ccccc4C3=O)cc2)cc1,1
O=C(Nc1ccccc1)Nc1ccc(Nc2ccnc(Nc3ccccc3)n2)cc1,1
O=C(NCc1ccccc1)c1nc2cccc(CSCc3ccccc3)c2c(=O)[nH]1,1
c1ncc(CCOc2nncc(-c3cnnc(OCCc4cncs4)n3)n2)s1,1
O=C1CN(Cc2ccccc2)CCN1CCCn1c2ccccc2c2ccccc21,1
c1ccc2c(c1)c1ccccc1n2CCCN1CC2CCC(C2)C1,1
O=C(Nc1nc(-c2cccnc2)cs1)c1ccccc1,1
O=C1C=CC2=CC(=O)c3ccccc3C2=C1,1
O=C(Nc1cccc(-c2cc[nH]c2)c1)N1CCc2ccccc21,1
O=C(CCC1OOC2(CCCCC2)OO1)Nc1ccccc1,1
O=C(NCCCNc1ccnc2ccccc12)NC1C(=O)N(c2ccccc2)C1C=Cc1ccccc1,1
C=C1OC(=O)C2CCCCC(=O)C12,1
c1ccc(Cn2c(N3CCC(Nc4ccnc5ccccc45)CC3)nc3ccccc32)cc1,1
O=C1CCCC2c3c(c4ccccc4n3Cc3ccncc3)CCN12,1
O=C(NC1CC1)c1ccc(CCN2CCC(Nc3nc4ccccc4n3Cc3ccccc3)CC2)cc1,1
O=C(c1ccc(CCN2CCC(Nc3nc4ccccc4n3Cc3ccccc3)CC2)cc1)N1CCCC1,1
c1ccc(Cn2c(NC3CCN(CCc4ccccn4)CC3)nc3ccccc32)cc1,1
O=C(Nc1ccccc1)Nc1ccc(S(=O)(=O)Nc2ccc3ccccc3c2)cc1,1
O=C(Oc1cccc2oc(-c3ccccc3)c(OC3CCCO3)c(=O)c12)c1ccccc1,1
C1CCC2(CC1)OOC1OCCC12,1
c1ccc(-c2cc3ncnc(NC4CCCNC4)c3s2)cc1,1
C1CC2CCC3OOC24C(C1)CC(CCN1CCC(C2CCN(CCC5CC6CCCC7CCC8OOC76C(O5)O8)CC2)CC1)OC4O3,1
O=C1C(N(Cc2cn(-c3ccnc4ccccc34)nn2)Cc2cn(-c3ccnc4ccccc34)nn2)C(C=Cc2ccccc2)N1Cc1ccccc1,1
c1ccc(-c2nnc3cncc(OCCc4ccco4)n23)cc1,1
c1ccc(C2CC3CCN(CCCN4CCNCC4)C2C(c2ccccc2)C3)cc1,1
O=C(CNC(=O)c1cn2c3c(c(N4CCNCC4)ccc3c1=O)CCC2)OC(c1ccnc2ccccc12)C1CC2CCN1CC2,1
O=C(CCCNc1ccnc2ccccc12)NC1C(=O)N(c2ccccc2)C1C=Cc1ccccc1,1
O=C(NCCNc1cccc2ccccc12)NC1C(=O)N(C2CCCCC2)C1C=Cc1ccccc1,1
O=C(CCN1CCNCC1)N1CCC2(N3CCNCC3)CC(c3ccccc3)C1C(c1ccccc1)C2,1
O=C(CCN1CCNCC1)NC1CC2(N3CCNCC3)CC(c3ccccc3)C1C(c1ccccc1)C2,1
O=C1CC2C3=COC(C4CCC=CC4=O)=CC3=CC(=O)C2O1,1
O=C1C=C(CCCc2nnn[nH]2)C(=O)c2ccccc21,1
O=C(c1ccc(CCN2CCC(Nc3nc4ccccc4[nH]3)CC2)cc1)N1CCCC1,1
C(=NN=c1scc(-c2ccccc2)n1-c1ccccc1)c1cn(-c2ccccc2)nc1-c1ccccc1,1
O=C(CCc1nc2ccccc2[nH]1)NCCCNc1ccnc2ccccc12,1
c1cc(OCCCCCCOc2cccc(C3=NCCN3)c2)cc(C2=NCCN2)c1,1
O=C1CNC(=O)C(Cc2ccccc2)NC(=O)C(Cc2ccccc2)NC(=O)CNC(=O)C(Cc2ccccc2)NC(=O)C(Cc2ccccc2)NC(=O)CN1,1
O=C1CNC(=O)CNC(=O)CNC(=O)C(Cc2ccccc2)NC(=O)CNC(=O)CNC(=O)CN1,1
O=C(OCc1ccccc1)C1=CN(CCCC(=O)N(CCN2CCOCC2)Cc2ccc(-c3ccccc3)cc2)C(=O)NC1c1ccccc1,1
O=S(=O)(c1ccccc1)N1CCN(c2ccnc(-c3ccccn3)n2)CC1,1
N=C1C=C(c2cccc3ccccc23)c2ccccc2C1=N,1
C1CCC2CC3(CCC2C1)CO3,1
c1ccc(-c2cc(CNCCC3CCCN4CCCCC34)cn2Nc2ccnc3ccccc23)cc1,1
c1cnn(-c2ccc(-c3cc4ncncc4s3)cc2)c1,1
c1ccc(-c2ncc(-c3cccnc3)cn2)cc1,1
C(C=Cc1ccccc1)=Cc1ccccc1,1
c1ccc2c(-n3cc(OC4CCCCO4)nn3)ccnc2c1,1
O=C1C(OCCCCCC[P+](c2ccccc2)(c2ccccc2)c2ccccc2)=C(C2CCCCC2)C(=O)c2ccccc21,1
O=C(CCC[P+](c1ccccc1)(c1ccccc1)c1ccccc1)OC1=CC(=O)c2ccccc2C1=O,1
c1ccc2oc3cc(=Nc4cc[nH+]cc4)c4ccccc4c-3nc2c1,1
O=C(CC1CCC2(CC1)OOC1(CCCCC1)OO2)NCCCN1CCN(CCCNC(=O)CC2CCC3(CC2)OOC2(CCCCC2)OO3)CC1,1
O=C1NC(=O)c2ccc3c4c(ccc1c24)C(=O)C(CCNc1c2ccccc2nc2ccccc12)C3=O,1
O=C(CN1C(=O)c2ccc(N3CCOCC3)cc2C1=O)NCCNc1ccnc2ccccc12,1
O=C1C=Cc2ccccc2C12C(=O)C=Cc1ccccc12,1
O=C(C=Cc1ccccc1)NCCc1cccc2c1OCO2,1
O=S(=O)(NC1Cc2ccccc2N(Cc2cnc[nH]2)C1)c1cccnc1,1
c1ccc(Oc2cnn(-c3cccnn3)c2)cc1,1
C1=CN(c2ccccc2)CCC1=[N+]1CCCC1,1
O=C(c1ccc(C2CCC3(CC2)OOC2(OO3)C3CC4CC(C3)CC2C4)cc1)N1CCCNCC1,1
O=C1CCC2C(CCC3OC4CCC5CCCCC5C4CCC32)CO1,1
O=C(C=Cc1ccc2c(c1)OCO2)OCc1ccc2c(c1)C(=O)c1ccccc1C2=O,1
C1CCN(C2CCC3(CC2)OOC2(OO3)C3CC4CC(C3)CC2C4)CC1.c1ccccc1,1
O=C(OC1CCCCC1)c1c[nH]c2ccc(Oc3ccccc3)cc2c1=O,1
O=C(OC1CCCCC1)c1c[nH]c2cc(Oc3ccccc3)ccc2c1=O,1
O=C(NC(CCNCc1ccccc1)Cc1ccccc1)c1cccc(N2CCCCC2)c1,1
O=C1C=CC2CC3COC4=CC(=O)C15CCC1CCCCC16CC25C43O6,1
O=C(CN1CCNCC1)NC1CC2CC(c3ccccc3)C1C(c1ccccc1)C2,1
c1ccc(COc2ccccc2OCc2ccccc2)cc1,1
O=C(CN1CCNCC1)OC1CC2CC(c3ccccc3)C1C(c1ccccc1)C2,1
O=c1cc(-c2ccc(CN3CCN(Cc4ccccc4)CC3)nc2)[nH]c2ccccc12,1
O=C(NCC(=O)N(CCCNc1c2ccccc2nc2ccccc12)CCCNc1c2ccccc2nc2ccccc12)OCC1c2ccccc2-c2ccccc21,1
O=C(CCC(=O)N(CCCNc1c2ccccc2nc2ccccc12)CCCNc1c2ccccc2nc2ccccc12)OCC1c2ccccc2-c2ccccc21,1
O=c1[nH]c2ccccc2cc1-c1ccc2ccccc2c1,1
c1cc(-c2cc(-c3ccc(C4=NCCN4)cc3)on2)ccc1C1=NCCN1,1
O=c1[nH]c2ccccc2cc1CN(Cc1ccc2c(c1)OCO2)C(=S)Nc1ccccc1,1
O=C(Nc1cc(-c2cccnc2)cs1)c1cc(-c2ccccc2)nc2ccccc12,1
O=C(CCC(=O)N1CCOCC1)N(CCCNc1c2ccccc2nc2ccccc12)CCCNc1c2ccccc2nc2ccccc12,1
O=C(NN=Cc1ccccc1)c1cc(-c2ccccc2)nc2ccccc12,1
O=C(Nc1nc(-c2ccccn2)cs1)c1cscn1,1
c1ccc(COCC2CC3CCCCC34COC2OO4)cc1,1
C1=CC2Cc3nc4ccccc4c(NCCCN4CCC(CC5Cc6ccccc6C5)CC4)c3C(C1)C2,1
c1ccc(-c2csc(-c3cccnc3)n2)cc1,1
O=C1c2ccccc2C(=O)N1CCCCCCCCCC[P+](Cc1ccccc1)(Cc1ccccc1)Cc1ccccc1,1
O=C1c2ccccc2C(=O)N1CCCCCCCCCC[P+](C1CCCCC1)(C1CCCCC1)C1CCCCC1,1
c1ccc(-c2c[nH]c(-c3ccccc3)n2)cc1,1
C1=NC(c2ccco2)NC(NCCCOc2ccccc2)=N1,1
O=C(CNC(=O)N1CCCCC1)NCC(=O)NC(Cc1ccccc1)C(=O)N1CCCC1COc1ccccc1,1
c1ccc(-c2cccc(-c3ccsc3)c2)cc1,1
O=C1C=NC2CCC=CC12c1ccc2c(c1)OCO2,1
O=C(Cc1ccccc1)OC1C=CC23c4cc5c(cc4CN(CC2OC(=O)Cc2ccccc2)C3C1)OCO5,1
c1ccc(-n2ccc(CN3CCCC3)c2)cc1,1
O=C(CN1C(=O)c2ccc(N3CCNCC3)cc2C1=O)NCCNc1ccnc2ccccc12,1
O=C1CCOC(=O)CNC(=O)CNC(=O)CNC(=O)CNC(=O)CN1,1
C1CC2CCCC3CCC(C1)C23,1
O=C(Nc1cccc(-c2nc3ncccc3o2)c1)c1ccoc1,1
O=c1[nH]c2ccc3c(c2cc1-c1ccccc1)OCO3,1
c1ccc(-c2cc3ncncc3o2)cc1,1
O=C(Nc1cccc2ccccc12)c1ccnn1Cc1ccccc1,1
O=C1OC2C(=O)C=C3CCNC3C2c2cc3c(cc21)OCO3,1
O=C(C=Cc1ccccc1)OCCc1ccc2c(c1)OCO2,1
O=C1C=C(c2ccc(OCCCC[P+](c3ccccc3)(c3ccccc3)c3ccccc3)cc2)C(=O)c2ccccc21,1
c1ccc(C(Sc2nc3ccccc3s2)c2cccnc2)cc1,1
O=C1C=CC2(C=CCO2)CC1,1
c1ccc(C(Sc2ccc3ccccc3c2)c2cccnc2)cc1,1
O=P(OCC1CC2CCCC3CCC4OOC32C(O1)O4)(OCC1CC2CCCC3CCC4OOC32C(O1)O4)Oc1ccccc1,1
N=C1NC(c2ccccc2)(c2ccccc2)C(=O)N1C1CCCC1,1
O=C1CCC(c2ccc3c(c2)OCO3)c2ccccc21,1
O=C(NCCCCCC(=O)N(CCCNc1c2ccccc2nc2ccccc12)CCCNc1c2ccccc2nc2ccccc12)OCC1c2ccccc2-c2ccccc21,1
O=C1CC(=O)NCCC=CC=CC=CC2C=CC3CCCC4OC(C1)C2C34,1
c1ccc(NCCCN2CCNCC2)nc1,1
c1ccc(-c2cc3ncnc(NCCCN4CCOCC4)c3s2)cc1,1
O=C(NCCCCNCCCNC(=O)c1ccco1)c1ccco1,1
O=C1CC23COC4(CCCCC14)C2CCC31OC2CCC1O2,1
O=S(=O)(NCCN1CCOCC1)c1cccc(-c2ccc3nccc(-c4ccncc4)c3n2)c1,1
O=C(NNC(=O)c1ccc2c(c1)C(=O)N(CCNc1ccnc3ccccc13)C2=O)c1ccncc1,1
O=C(CSc1nc2ccccc2s1)c1ccc2ccccc2c1,1
O=c1ccn(CCN2CCCCC2)c(CN2CCCCC2)c1,1
O=C1C=CCC(CC2CCC3C4=CCCC5(CCC(=O)OC5)C4=CCC23)O1,1
c1ccc(CCN(CCCN2CCN(CCCNc3ccnc4ccccc34)CC2)CCc2ccccc2)cc1,1
c1ccc(-c2c3ccccc3[nH+]c3c2[nH]c2ccccc23)cc1,1
O=C(NN=Cc1ccccc1)c1cccs1,1
c1cc(CCCc2ccc(CN3CCCCC3)cc2)ccc1CCCc1ccc(CN2CCCCC2)cc1,1
O=C(C=Cc1ccc(CN2CCCCC2)cc1)c1ccc[nH]1,1
O=C1OC2CC3C1COC14OC5(C(CCC6C7C(=O)C=CC=C7CCC61)C(=O)OC25)C3C4=O,1
O=C1C=C(CCCCCc2nnn[nH]2)C(=O)c2ccccc21,1
c1ccc2c(NCC[N+]3(CCOC4CC5CCCC6CCC7OOC65C(O4)O7)CCN(CCOC4CC5CCCC6CCC7OOC65C(O4)O7)CC3)ccnc2c1,1
O=C(c1ccccc1)c1ccccc1NC(=O)C(c1ccccc1)n1ccnc1,1
O=C(c1ccccc1)c1ccccc1NC(=O)C(c1ccccc1)N1CC[SH+]CC1,1
c1nnc(OC2CC2)nc1-c1cnnc(OC2CC2)n1,1
O=C(C(Cc1ccccc1)N1C(=O)c2ccccc2C1=O)N1CCCCC1,1
O=C(CCN1CCCCOC(=O)CC(OC2CCCCO2)CC(OC2CCCCO2)CCCC1)NCCCc1ccccc1,1
O=C(Cc1ccccc1)NCCCN1CCCCOC(=O)CC(OC2CCCCO2)CC(OC2CCCCO2)CCCC1,1
O=S(=O)(c1ccc(Nc2nccc(Nc3ccc4nc[nH]c4c3)n2)cc1)N1CCOCC1,1
O=C(CCc1cn(S(=O)(=O)c2ccccc2)cn1)OC(c1ccnc2ccccc12)C1CC2CCN1CC2,1
O=C1C2Cc3c([nH]c4ccccc34)C(c3ccc4nonc4c3)N2C(=O)CN1C1CCN(Cc2ccccc2)C1,1
c1c2c(cc3c1OCO3)C1CCCC3CCN(C2)C31,1
O=C1C=C(CN2CC3CCC2CC3)C(=O)c2ccccc21,1
c1ccc(CCn2cc[nH+]c2-c2[nH+]ccn2CCc2ccccc2)cc1,1
c1cc(OCCCOc2cccc(C3=NCCN3)c2)cc(C2=NCCN2)c1,1
c1ccc2cc(-c3ccc4ccccc4n3)ccc2c1,1
O=C(CCOCc1ccccc1)OC(c1ccnc2ccccc12)C1CC2CCN1CC2,1
C1CCC2C(C1)CCC13CCC(CCC21)C3,1
O=C1C=C(OCCN2C(=O)C(=O)c3ccccc32)CS1,1
c1c[n+](Cc2ccc(OCCCCCOc3ccc(C[n+]4ccsc4)cc3)cc2)cs1,1
c1ccc2oc(-c3ccc4c(c3)OCO4)cc2c1,1
O=C(COc1ccccc1)NC(CCN1CCN(Cc2ccccc2)CC1)Cc1ccccc1,1
O=C(NC(CCN1CCN(Cc2ccccc2)CC1)Cc1ccccc1)c1ccc(N2CCNCC2)cc1,1
C(CCSCC1CC2CCCC3CCC4OOC32C(O1)O4)CCSCC1CC2CCCC3CCC4OOC32C(O1)O4,1
O=C1C=CC2(CO2)c2ccccc21,1
O=C(NN=c1scc(-c2ccccc2)n1-c1ccccc1)c1cn(-c2ccccc2)nc1-c1ccccc1,1
c1ccc(CCCN2CCC(Nc3nc(N4CCN(c5ccccc5)CC4)nc4ccccc34)CC2)cc1,1
O=C1C(=Cc2ccccc2)Oc2cc(-c3cccnc3)ccc21,1
O=C(C=Cc1ccccc1)c1ccc(-n2cc(COc3cc(=O)oc4ccccc34)nn2)cc1,1
O=C(Nc1nccs1)c1cccs1,1
c1ccc2ncc(Nc3ccnc4ncnn34)cc2c1,1
c1cc(OCc2ccc(COc3cccc(-c4nc5ccccc5[nH]4)c3)cc2)cc(-c2nc3ccccc3[nH]2)c1,1
O=C1CC23COC4CCC(O4)C2CCC3C2=C1CCCC2=O,1
c1ccc(C[n+]2csc(CCn3cc(CCC[n+]4ccsc4)nn3)c2)cc1,1
O=C(NCc1cccnc1)C1CCC(Cn2c(=S)[nH]c3ccccc3c2=O)CC1,1
c1ccc(CSc2ncnc3c2ncn3Cc2ccc(CCCCc3ccc(C[n+]4ccc(N5CCCC5)cc4)cc3)cc2)cc1,1
c1ncc2ncn(Cc3ccc(C[n+]4ccc(N5CCCC5)cc4)cc3)c2n1,1
O=C(CC1CCC2(CC1)OOC1(CCCCC1)OO2)NCCCNC(=O)CC1CCC2(CC1)OOC1(CCCCC1)OO2,1
C1=CC(c2ccccc2)OOC1c1ccccc1,1
O=C(CNC(=O)N1CCOCC1)NCC(=O)NC(C(=O)N1CCCC1COc1ccccc1)c1ccccc1,1
O=C(CNC(=O)N1CCOCC1)NCC(=O)NC(Cc1ccccc1)C(=O)N1CCCC1COc1ccccc1,1
O=C(CCCCCN1CCCCC1)Nc1cccc(Nc2ccnc3ccccc23)c1,1
c1ccc(CN(c2ccc3ccccc3c2)c2ccnc3ncnn23)cc1,1
S=C1SCN(CCc2ccccc2)CN1CCCCCCN1CN(CCc2ccccc2)CSC1=S,1
c1ccc(-c2cnc(-c3cccnc3)s2)cc1,1
O=C1CC2CC=CCCCC=CCC2C1,1
C=C1C(=O)CC2CC3OC3CCC3OC3CCC12,1
O=C1OCCC=CCC2CCCC(O2)c2ccccc21,1
O=C1c2cccc3cccc(c23)C(=O)N1CCC[NH2+]CCCCCCCCCCC[NH2+]CCCN1C(=O)c2cccc3cccc(c23)C1=O,1
c1ncc2sc(-c3ccoc3)cc2n1,1
c1ncc(-c2cc3ncncc3s2)cn1,1
O=C(NNc1ccnc2ccccc12)c1c[nH]cn1,1
O=C1CC2=C(CCC(c3ccccc3)O2)C1=O,1
N=C(Nc1ccc(-c2ccc(-c3ccc(NC(=N)NC4CCCCC4)cc3)s2)cc1)NC1CCCCC1,1
O=C(Nc1nccs1)c1cscn1,1
c1ccc2[nH]c(-c3ccc(OCCCOc4ccc(-c5nc6ccccc6[nH]5)cc4)cc3)nc2c1,1
O=C1C=CCC2c3c(c4ccccc4n3Cc3ccccc3)CC(COCc3ccccc3)N12,1
O=c1cccc(CCc2cccc(Oc3ccccc3)c2)o1,1
O=C(CNc1cc(=O)c1=O)NN(CCc1ccccc1)C(=O)C=CS(=O)(=O)c1ccccc1,1
c1ccc(COCCCN2CCCC2)cc1,1
O=C1NC(=O)C2(CCN(Cc3cccc(-c4ccccc4)c3)CC2)N1,1
c1cc2oc(CCc3cc4cc(C5=NCCN5)ccc4o3)cc2cc1C1=NCCN1,1
C(=CCn1c[nH+]c2ncncc21)CCC1CCCC2CCCC=C12,1
O=C(CCC1(CCOC(=O)OCCC(NC(=O)N2CCOCC2)C(=O)NC(C=CS(=O)(=O)c2ccccc2)CCc2ccccc2)OOC2(O1)C1CC3CC(C1)CC2C3)NCCCN1CCCC1=O,1
c1cc(Cn2ccnc2)cc(Nc2ccnc3ccccc23)c1,1
O=C(OC1C=CC23c4cc5c(cc4CN(CC2OC(=O)c2cccnc2)C3C1)OCO5)c1cccnc1,1
O=C1SCCN1Cc1ccc(Oc2ccc(C3CCCC3)cc2)cc1,1
O=C1N(Cc2ccc(Oc3ccccc3)cc2)CCS1(=O)=O,1
O=C1N(Cc2ccccc2)CCS1(=O)=O,1
c1cc(OCCOc2cccc(-c3nc4ccccc4[nH]3)c2)cc(-c2nc3ccccc3[nH]2)c1,1
O=P(OCCC1CC2CCCC3CCC4OOC32C(O1)O4)(Oc1ccccc1)Oc1ccccc1,1
C1=CC23CCOC2C2CCCC2C1OO3,1
O=C1CC23CCC(OO2)C2CC(OCc4ccccc4)CC2C3O1,1
O=C(ON=CNCCCCCCCCCCCCNC=NOC(=O)c1ccccc1)c1ccccc1,1
c1ccc(C2COc3ccccc3C2)cc1,1
C1=CC2CC3C(Cc4ccc5c(c4)OCO5)C4C=CC(C1)C2C43,1
c1ccc(OCc2ccc3c(COc4ccccc4)cccc3c2)cc1,1
O=C(CNC(=O)OCc1ccccc1)NC(c1ccccc1)C1OOC2(O1)C1CC3CC(C1)CC2C3,1
O=C(OC1CC2(N3CCCCC3)CC(c3ccccc3)C1C(c1ccccc1)C2)c1cccnc1,1
c1ccc(CN2CC3CC2C3)cc1,1
C(=CCn1c[nH+]c2ncncc21)CCC1CCCC2CC=CCC21,1
O=C(CSc1nc2ccc(NS(=O)(=O)c3ccc4ccncc4c3)cc2s1)c1ccc2ccccc2c1,1
O=C1NC(=O)C(Cc2ccccc2)NC1=Cc1ccccc1,1
O=C1C2Cc3c([nH]c4ccccc34)C(c3ccc4c(c3)OCO4)N2C(=O)CN1C1CCNCC1,1
O=C1CCOc2ccc(cc2)CCNC(=O)C(Cc2c[nH]c3ccccc23)N1,1
C1=CC23c4ccccc4CN4CC2OC1CC43,1
O=C1c2ccc(N3CCCCC3)cc2C(=O)N1CCCNc1ccnc2ccccc12,1
O=C1c2cccc(N3CCOCC3)c2C(=O)N1CCNc1ccnc2ccccc12,1
c1cc(COc2ccc(-c3nc4ccccc4[nH]3)cc2)cc(COc2ccc(-c3nc4ccccc4[nH]3)cc2)c1,1
O=C1c2cccc(N3CCOCC3)c2C(=O)N1CCCNc1ccnc2ccccc12,1
c1cc(OCCOc2ccc(C[n+]3ccc(N4CCCC4)cc3)cc2)ccc1C[n+]1ccc(N2CCCC2)cc1,1
N=C1NC(c2cccc(-c3cnn4cccnc34)c2)CC(=O)N1C1CCOCC1,1
c1cnc2ncnn2c1,1
c1ccc(Cn2c[n+](Cc3ccccc3)cn2)cc1,1
c1ccc2c(NCCCCNC(c3ccc(COC4COc5nccn5C4)cc3)c3nnn[nH]3)ccnc2c1,1
c1ccc2c(NCCNC(c3ccc(COC4COc5nccn5C4)cc3)c3nnn[nH]3)ccnc2c1,1
O=C(NC(CCN1CCN(Cc2ccccc2)CC1)Cc1ccccc1)c1ccc(CN2CCNCC2)cc1,1
O=C(CNc1cc(=O)c1=O)NNCCc1ccccc1,1
c1ccc(OCCCCCCCC[n+]2ccsc2)cc1,1
c1ccc2c(c1)[nH]c1ccc3c(c12)C1CCCC2CCCCC21CC3,1
O=C(OC1C=CC2C(CCC=CCCC1)CCC2OC(=O)c1ccccc1)c1ccccc1,1
c1cnc(NCCCCCCCCCCCCNc2ccnc3ccccc23)nc1,1
c1ccc(-c2cc(NCCCN3CCOCC3)n3c(c2)nc2ccccc23)cc1,1
c1cc(OCCCCCCCCOc2cccc(-c3nc4ccccc4[nH]3)c2)cc(-c2nc3ccccc3[nH]2)c1,1
c1ccc(COc2ccc(-c3nc4ccccc4[nH]3)cc2)c(COc2ccc(-c3nc4ccccc4[nH]3)cc2)c1,1
O=C(COc1ccccc1)N1CCc2c([nH]c3ccccc23)C1,1
O=S(=O)(CC1COC2(CCCC2)OO1)c1ccccc1,1
N=C(Nc1ccc(Oc2cccc(Oc3ccc(NC(=N)C4CCCCC4)cc3)c2)cc1)C1CCCCC1,1
O=C1c2cccc3c(N4CCCCC4)ccc(c23)C(=O)N1CCCCCCNc1ccnc2ccccc12,1
O=C(NC1CCCCC1C(=O)NCCCc1ccccc1)OCc1ccccc1,1
O=C(CN1C(=O)c2ccc(N3CCNCC3)cc2C1=O)NCCCCCCNc1ccnc2ccccc12,1
O=C(CN1C(=O)c2ccccc2C1=O)NCCNc1cccc2ccccc12,1
O=C(CCCN1C(=O)c2ccccc2C1=O)NCCNc1ccnc2ccccc12,1
O=C(OCCCc1ccccc1)OCO[PH](=O)OCOC(=O)OCCCc1ccccc1,1
c1ccc(CNc2nc3ccccc3c3[nH]c4ccccc4c23)cc1,1
c1ccc(Cn2c(N3CCN(c4ccnc5ccccc45)CC3)nc3ccccc32)cc1,1
c1coc(C23CCC4CCCCC4(CO2)OO3)c1,1
c1cc(N2CCN(c3ccc(NC4=NCCN4)cc3)CC2)ccc1NC1=NCCN1,1
O=C(NN(CC1CCOC1)c1ccncn1)c1ccc(CN2CCNCC2)cc1,1
O=c1cccc(C2C(c3ccc4ccccc4c3)C(c3cccc(=O)o3)C2c2ccc3ccccc3c2)o1,1
O=C(CS(=O)(=O)c1ccccc1)NCCS(=O)(=O)c1ccccc1,1
c1ccc(Nc2ccc(NC3=NCCN3)cc2)cc1,1
O=C1CCSCN1CCCNc1ccnc2ccccc12,1
O=C1C=CC2CCC3CCC=CC3C2C1,1
c1ccc(Nc2cc3[nH]c(C4CCCCCC4)nc3cn2)nc1,1
c1ccc2c(NC3CCN4CCCCC4C3)ccnc2c1,1
O=C(C=Cc1ccc(-c2ccccc2)o1)Nc1ccc(NC(=O)c2ccc3ccccc3c2)c(C(=O)c2ccccc2)c1,1
c1ncc(-c2ccc3c(c2)OCO3)cn1,1
c1cc(C2CC3CCCC4CCC5OOC43C(O5)O2)oc1C1CC2CCCC3CCC4OOC32C(O4)O1,1
O=C(COc1cccc(-c2cc(=O)c3ccc(OCC(=O)N4CCN(Cc5ccccc5)CC4)cc3o2)c1)N1CCN(Cc2ccccc2)CC1,1
c1ccc2c(N3CCNCC3)ncnc2c1,1
c1ccc2c(Nc3ncnc4ccccc34)cccc2c1,1
O=C(Nc1cccc2ccccc12)OCC1N=C(c2ccccc2)c2ccccc2NC1=O,1
O=c1[nH]c2ccc3ccccc3c2[nH]c1=O,1
O=S(=O)(NC1Cc2ccccc2N(Cc2cnc[nH]2)C1)c1ccccn1,1
c1cc[n+](CCCCCCCCCCCCCCCC[n+]2ccccc2)cc1,1
O=C1C=C(OCCCn2cc(COc3ccc(C(=O)C=Cc4ccccc4)cc3)nn2)CS1,1
O=C(CCC(=O)OC1CC2CCCC3CCC4OOC32C(O4)O1)NCCCCCCCCNC(=O)CCC(=O)OC1CC2CCCC3CCC4OOC32C(O4)O1,1
B1OCc2ccc3c(c21)CCCC3,1
O=C(CN1CCCCC1)Nc1cc(COC(=O)NCCCN2CCNCC2)cc(Nc2ccnc3ccccc23)c1,1
O=C(NCc1ccccc1)C1CNCC1c1ccc2ccsc2c1,1
O=C(CCc1cccc2c1BOC2)NS(=O)(=O)C1CC1,1
c1ccc(-c2ncc(-c3cccnc3)s2)nc1,1
c1ccc2c(C3CC4CCNC3C(c3cccc5ccccc35)C4)cccc2c1,1
c1ccc2c(NCCCNC(c3ccc(COC4COc5nccn5C4)cc3)c3nnn[nH]3)ccnc2c1,1
O=C(CCN1CCNCC1)OC1CC2CC(c3ccccc3)C1C(c1ccccc1)C2,1
O=C(NCCCN1CCNCC1)c1ccncc1,1
O=C1C=C(NCCN2CCCC2)C(=O)c2cc3c(cc21)CCCC3,1
O=C1c2ccccc2C(=O)c2c1ccc1ccccc21,1
O=C(Cn1ccc(=O)[nH]c1=O)NCCCNC(c1ccccc1)(c1ccccc1)c1ccccc1,1
c1cc2c(cc1NC1=NCCN1)CCC2,1
O=C(NCCCN1CCNCC1)C12CCCC1C1CCC3C4CCCCC4CCC3C1CC2,1
c1ccc(C(c2c[nH]cc2-c2ccccc2-c2cccs2)n2ccnc2)cc1,1
O=C(CCC(=O)N(CCCNc1c2ccccc2nc2ccccc12)CCCNc1c2ccccc2nc2ccccc12)OC1CCCCC1,1
O=C1C=CC2(C=C1)CCCO2,1
O=C1N(c2ccccc2)C2(c3ccccc3-c3ccccc32)C12c1ccccc1Cc1ccccc12,1
C1CCCC2(CC1)OOC1(CCN(c3nc(N4CCOCC4)nc(N4CCOCC4)n3)CC1)OO2,1
O=C1OC2CC3CC=CC(=O)C3C3C(=O)C=CC1C23,1
O=C(Cn1ccc(=O)[nH]c1=O)NCCCNCCCNC(c1ccccc1)(c1ccccc1)c1ccccc1,1
O=C(NCCN1CCCC1)c1cc(NCCN2CCOCC2)nc2ccccc12,1
c1ccc2c(N3CC(CN4CCCCC4)N=N3)ccnc2c1.c1ccccc1,1
c1c[nH]c2ccnc-2c1,1
c1ccc2c(Nc3ccc(Nc4ncnc(N5CCCC5)n4)cc3)ccnc2c1,1
O=C(CCc1ccccc1)NCCCCCNC(=O)OCc1cn(CC2CCCCO2)nn1,1
c1cncc(-c2ccnc(-c3nnc(Nc4ccc5c(c4)CNCC5)o3)c2)c1,1
O=c1ccnc(SCc2ccccc2)[nH]1,1
O=C(CCCCC(=O)OC1C=C2CCNC2C2c3cc4c(cc3C(=O)OC12)OCO4)OC1C=C2CCNC2C2c3cc4c(cc3C(=O)OC12)OCO4,1
O=C(NCCCCNc1cccc2cccnc12)NNC(=O)NC1CCCC1,1
O=C(NCCCCNc1cccc2cccnc12)NNC(=O)NOCc1ccccc1,1
O=C(CCC1OOC2(CCCCC2)OO1)NCCCNC(=O)CCC1OOC2(CCCCC2)OO1,1
O=C(CC1CCC2(CC1)OOC1(CCCCC1)OO2)NCc1cccc(CNC(=O)CC2CCC3(CC2)OOC2(CCCCC2)OO3)c1,1
O=C(CN1CCCCC1)Nc1cc(COC(=O)CCCCCCCN2CCCCC2)cc(Nc2ccnc3ccccc23)c1,1
O=C(CN1CCc2ccccc2C1)Nc1cccc(Nc2ccnc3ccccc23)c1,1
C(#Cc1ccc(C#CCC[n+]2ccsc2)cc1)CC[n+]1ccsc1,1
O=C1CC(c2ccccc2)c2ccc3c(c2O1)CCC(c1ccccc1)O3,1
N=c1sc(-c2cccs2)nn1CCCCCCCCCCCCn1nc(-c2cccs2)sc1=N,1
O=C(C=Cc1ccc2c(c1)OCO2)NCCCCNc1cccc2cccnc12,1
C=C1C(=O)OC2C=CCCC3OC3CCC12,1
O=C(NCCCCNc1ccnc2ccccc12)c1ccc2c(c1)C(=O)N(NC(=O)c1ccncc1)C2=O,1
O=C(NN1C(=O)c2ccc(C(=O)OCCNc3ccnc4ccccc34)cc2C1=O)c1ccncc1,1
O=C(Nc1nccs1)c1cc2ccccc2o1,1
O=S(=O)(NCCCNc1c2c3ccccc3nc-2[nH]c2ccccc12)c1ccc2ccccc2c1,1
c1nc2nc[nH]c(NCCCN3CCNCC3)c-2n1,1
N=c1sc2ccccc2n1CCCCCCCCCCCCn1c(=N)sc2ccccc21,1
c1ccc(C(c2c[nH]cc2-c2ccc(-c3ccncc3)cc2)n2ccnc2)cc1,1
O=C1C=CC2Oc3c(cccc3-c3cccc4c3OC3CCCC=C3C4=O)C(=O)C2C1,1
O=C1C(=Cc2ccc(Cc3ccccc3)cc2)Oc2ccccc21,1
O=C1C(=Cc2ccc(Nc3ccccc3)cc2)Oc2ccccc21,1
O=C(NN=C(C=Cc1ccc2c(c1)OCO2)c1ccccc1)c1cc(-c2ccccc2)nc2ccccc12,1
c1ccc(CNCCNCc2ccccc2)cc1,1
c1cncc(-c2cncc(-c3nnc(Nc4ccc5c(c4)CNCC5)o3)c2)c1,1
O=C1OC2C=CC3CCNC3C2c2cc3c(cc21)OCO3,1
c1ccc2c(c1)nc1cccc(Nc3cnccn3)n12,1
O=C1NC=CC(c2ccccc2)N1,1
C1CCC2(CC1)OOCCCOO2,1
O=C1NC2CSC(CCCCCNC(=O)OCCC3CC4CCCC5CCC6OOC54C(O3)O6)C2N1,1
c1ccc(COc2ccc(-c3cncnc3)cc2)cc1,1
O=C(Oc1cc2c3c(nccc3c1)C=CO2)c1ccccc1,1
C1CCN(CCC2CC3CCCC4CCC5OOC43C(O2)O5)CC1,1
O=C(Nc1cccc(-c2nc3ncccc3o2)c1)c1ccco1,1
O=C(CCCCC1SCC2NC(=O)NC21)NCCSSCCC(=O)NCc1cccc(CNC(=O)C23CC4CC(C2)C2(CC5(CCCCC5)OO2)C(C4)C3)c1,1
O=C(CCCCNC(=O)OCc1ccccc1)NC(C=CC(=O)N1CCCC1)Cc1ccccc1,1
O=C1c2ccccc2C(=O)c2cc(CN3CCNCC3)ccc21,1
C1=C(c2ccccc2)NC2=NC=C3N(c4ccccc4)N=C(c4ccccc4)N3C12,1
O=C(NCCCCC1SCC2NC(=O)NC21)NCc1cccc(CNC(=O)C23CC4CC(C2)C2(OOC5(CCCCC5)O2)C(C4)C3)c1,1
O=C1C=C2CC3COC45OC4C(=O)C4(CCC6CCCCC67CC24C35O7)C1,1
O=C(Cn1cc(COC2=CC(=O)c3ccccc3C2=O)nn1)c1ccc(-c2ccccc2)cc1,1
c1ccc(C(c2ccnc3ccccc23)n2ccnc2)cc1,1
O=C1CC=CCCC(=O)OCCCCCCC=CCC1,1
c1ccc(OCCCOc2ccc(Cc3cncnc3)cc2)cc1,1
O=C(CCc1ccccc1)Nc1ccc(NC(=O)CN2CCNCC2)c(C(=O)c2ccccc2)c1,1
c1ccc(CNCCc2ccc3c(c2)CCCO3)cc1,1
c1ccc(C[n+]2csc(CCOCc3cn(CCc4c[n+](Cc5ccccc5)cs4)nn3)c2)cc1,1
O=C1C=CC23CCNC(Cc4ccccc42)C3=C1,1
O=C1CC2CC3C(=O)C=CC3CCC2O1,1
O=C1CC(OC2CCCCO2)CC(OC2CCCCO2)CCCCN(CCCNCc2ccccn2)CCCCO1,1
C(=CCn1c[nH+]c2ncncc21)CCC1CCCC2=C1CCCC2,1
O=S(=O)(C=Cc1ccc2c(c1)OCO2)c1ccccc1,1
C=C1CCC2CCCCC2C1,1
c1cncc(-c2ccc(-c3cccs3)s2)c1,1
O=C(C=NNc1nnc2ccccc2n1)NCCCCCCCNc1ccnc2ccccc12,1
O=c1c2cc3c(cc2c2cccc4c2n1CC4)OCO3,1
C1=C2CCN3Cc4ccccc4C(CC1)C23,1
O=C1C=C2CCN3Cc4cc5c(cc4C(C1)C23)OCO5,1
c1ccc(CN2CCC(Nc3nc(N4CCN(c5ccccn5)CC4)nc4ccccc34)C2)cc1,1
O=C1CCCN1CCNc1cc(-c2ccccc2)cc2nc3ccccc3n12,1
C(=CCCCC1CCCO1)CCC=CCCCC1CCCO1,1
O=C1C=CC2C(C1)CC(=O)C1C2CCC2C(c3ccco3)OC(=O)C3OC321,1
c1ccc2c(N3CCCC3)ncnc2c1,1
O=C(Cn1ccc(=O)[nH]c1=O)NCCCCNC(c1ccccc1)(c1ccccc1)c1ccccc1,1
c1ccc(-c2ccc3cc(-c4cccnc4)[nH]c3c2)cc1,1
O=C(c1ccccc1)c1cc(NS(=O)(=O)c2ccccc2)ccc1NC(=O)C(c1ccccc1)N1CCNCC1,1
c1ccc2c(c1)C1=NCCN1C2Cc1ccsc1,1
O=C1C=[NH+]c2cc3c(cc21)OCO3,1
c1ccc(OCCCOCCc2ncncc2-c2ccccc2)cc1,1
O=C(CCN1CCCCC1)N(CCCNc1c2ccccc2nc2ccccc12)CCCNc1c2ccccc2nc2ccccc12,1
O=C1CC2CCC(CC3C=C4OC(=O)C5=C4C3C3OC(=O)CC3CC5)=C3C(=O)C=CC3C2O1,1
O=C(CCCCCCCCCCCN1CCCCC1)N1CCN(c2ccnc3ccccc23)CCN(c2ccnc3ccccc23)CC1,1
O=C(CN1CCNCC1)N1CCC2CC(c3ccccc3)C1C(c1ccccc1)C2,1
O=c1[nH]cnc2c1NCN2,1
O=C(CCc1c[nH]c2ccccc12)NCC(=O)NC(Cc1ccccc1)C(=O)C1CO1,1
O=C(CCc1c[nH]c2ccccc12)NC(Cc1c[nH]c2ccccc12)C(=O)NC(Cc1ccccc1)C(=O)C1CO1,1
c1ccc2c(N3CCC(N4CCCCC4)CC3)c3c(nc2c1)[nH]c1ccccc13,1
O=C(CCC(=O)OC1CC2CCCC3CCC4OOC32C(O4)O1)NCCCNCCCCNCCCNC(=O)CCC(=O)OC1CC2CCCC3CCC4OOC32C(O4)O1,1
c1ccc2c3c(NCC4CCCN4)c4ccccc4[nH]c-3nc2c1,1
O=C1C2Cc3c([nH]c4ccccc34)C(c3ccccc3)N2C(=O)CN1C1CCNC1,1
O=c1c2ccccc2sn1-c1cccc2ccccc12,1
O=S(=O)(CCCCCS(=O)(=O)c1ccccc1)c1ccccc1,1
O=C(CC1CCC2(CC1)OOC1(OO2)C2CC3CC(C2)CC1C3)NCc1ccccc1,1
c1ccc2[nH]c(-c3ccc(-c4cc5cc(-c6nc7ccccc7[nH]6)ccc5o4)cc3)nc2c1,1
c1cc(OCCCCCOc2ccnc(C3=NCCN3)c2)cc(C2=NCCN2)n1,1
C1=C(C(c2ccccc2)c2ccccc2)OC2OC3CCC4CCCC1C42OO3,1
O=C(NC1CCCCC1)c1cc(C(=O)N(c2ccccc2)C(C(=O)NCCc2ccccc2)c2ccccc2)sn1,1
c1cc(C2=NCCN2)ccc1NCCCCCNc1ccc(C2=NCCN2)cc1,1
c1ccc2oc(CCCCCCCCCc3cc4ccccc4o3)cc2c1,1
c1ccc(C[n+]2ccc(N=c3cc4oc5ccccc5nc-4c4ccccc34)cc2)cc1,1
O=C(CCCCN1CCCCC1)N1CCN(c2ccnc3ccccc23)CCN(c2ccnc3ccccc23)CC1,1
O=S(=O)(c1ccccc1)c1cncs1,1
c1ccc2c(c1)CC1CCCCC1O2,1
c1ccc(-c2ccccc2COc2ccc3nccc4c3c2CCC4)cc1,1
O=C1Nc2ccccc2C1=CNCCNc1ccnc2ccccc12,1
C(=Cc1cc(NC2CCCCC2)c2ccccc2n1)c1ccccc1,1
O=C(CN1C(=O)c2ccccc2C1=O)NCCCCCCCCNc1ccnc2ccccc12,1
O=C(Nc1ccccc1)ON=CNCCCCCCCCCCCCNC=NOC(=O)Nc1ccccc1,1
O=C1NC=C(C(=O)OCc2ccccc2)C(c2ccccc2)N1,1
C1=C(CN2CCNCC2)C2CCCC3CCC4OOC32C(O1)O4,1
c1ccc2c(N3CCOCC3)ncnc2c1,1
N=C(Nc1ccc(-c2ccc(-c3ccc(NC(=N)NC4CCCC4)cc3)s2)cc1)NC1CCCC1,1
c1ccc(CSc2nc[nH]n2)cc1,1
O=C(c1cc2ccccc2[nH]1)N1CCc2c1ccc1ccoc21,1
c1ccc2c(N3CC(CN4CCOCC4)N=N3)ccnc2c1,1
c1cc(OCCCCCCCCCCOc2cccc(-c3nc4ccccc4[nH]3)c2)cc(-c2nc3ccccc3[nH]2)c1,1
C(=NNc1nncc2ccccc12)c1c(-c2ccccc2)[nH]c2ccccc12,1
c1ccc(C23CCN(C2)C(CNCc2ccnc4ccccc24)C3)cc1,1
c1ccc(-c2nc(-c3c[nH]c4ccccc34)[nH]c2-c2ccccc2)cc1,1
O=C(CN1C(=O)C(COC(=O)Nc2ccccc2)N=C(c2ccccc2)c2ccccc21)NCC=CS(=O)(=O)c1ccccc1,1
O=S1(=O)CCC(Nc2ncnc3cc(-c4ccccc4)sc23)CC1,1
c1cc2nc3ccc(N4CCOCC4)cc3[o+]c2cc1N1CCOCC1,1
c1ccc(-c2nccc(NCCC3CCCCC3)n2)nc1,1
c1c[nH]c(-c2ccc(-c3cc4cc(-c5ncc[nH]5)ccc4o3)cc2)n1,1
c1ccc2c(Nn3ccc(CNCC45CCCN4CCC5)c3)ccnc2c1,1
O=C(CN1CCNCC1)OC1CC2(N3CCCC3)CC(c3ccccc3)C1C(c1ccccc1)C2,1
O=C(CN1CCNCC1)OC1CC2(N3CCCCC3)CC(c3ccccc3)C1C(c1ccccc1)C2,1
C1=C(CN2CCOCC2)C2CCCC3CCC4OOC32C(O1)O4,1
O=C(NCc1ccccc1)c1cc(COc2ccc3ncsc3c2)on1,1
O=C(Cn1c[n+](Cc2ccccc2)cn1)c1ccccc1,1
O=C(Cn1cncn1)c1ccccc1,1
O=C(CCC1CC2CCCC3CCC4OOC32C(O1)O4)NCCCNCCCNC(=O)CCC1CC2CCCC3CCC4OOC32C(O1)O4,1
C1CC2(CCN1)OOC(C1CC1)OO2,1
S=C(NN=Cc1ccco1)N1CCCCC1,1
c1ccc2oc(CCCCCCCCc3cc4ccccc4o3)cc2c1,1
c1cc2oc(CCCCc3cc4cc(C5=NCCN5)ccc4o3)cc2cc1C1=NCCN1,1
c1ccc(CCCN(CCCc2ccccc2)CCCN2CCN(CCCNc3ccnc4ccccc34)CC2)cc1,1
c1ccc2[nH]c(-c3ccc(-c4cc5cc(C6=NCCN6)ccc5o4)cc3)nc2c1,1
c1ccc2c(Nc3ccc(CNCCC45CCCN4CCC5)cc3)ccnc2c1,1
C(CCC1CC2CCCC3CCC4OOC32C(O1)O4)CCC1CC2CCCC3CCC4OOC32C(O1)O4,1
O=c1ccn(CCCCCNC(c2ccccc2)(c2ccccc2)c2ccccc2)c(=O)[nH]1,1
O=C(Nc1ccc(NC(=O)C(c2ccccc2)N2CCNCC2)c(C(=O)c2ccccc2)c1)c1ccc2ccccc2c1,1
O=C(c1ccccc1)c1cc(NC(=O)c2cccc3ccccc23)ccc1NC(=O)C(c1ccccc1)N1CCNCC1,1
O=C1C=C2COCC2C1,1
c1ccc(C2CC3(N4CCCCC4)CC(NCN4CCCC4)C2C(c2ccccc2)C3)cc1,1
O=C1C=CCC(CC2CCC3C4=C(CCC23)CC2=CCC(=O)OCC2CC4)O1,1
O=C1C=CC2CC3=C(CCC2CO1)C1CCC(CC2CC=CC(=O)O2)C1CC3,1
O=C(Nc1cnc2ccccn2c1=O)OCc1ccccc1,1
c1cc2oc(CCCc3cc4cc(C5=NCCN5)ccc4o3)cc2cc1C1=NCCN1,1
c1csc(-c2cnc3c(c2)[nH]c2ccccc23)c1,1
O=C(N1CCCCC1)n1cnc(S(=O)(=O)C2CC3CCC2C3)n1,1
O=C(OCC1c2ccccc2OC1c1ccccc1)c1ccccc1,1
O=C(CN1CCCCC1)Nc1cc(COC(=O)CCCCN2CCCC2)cc(Nc2ccnc3ccccc23)c1,1
O=C(NCC12CC(CN1Cc1ccccc1)C2)c1cc(-c2ccco2)n[nH]1,1
c1cc[n+](Cc2ccc(OCCOc3ccc(C[n+]4ccccc4)cc3)cc2)cc1,1
O=C(C[n+]1ccccc1)Nc1cccc(Nc2ccnc3ccccc23)c1,1
O=C(CCC(=O)OC1CC2CCCC3CCC4OOC32C(O4)O1)OC1CC2CCCC3CCC4OOC32C(O4)O1,1
O=C1C(c2ccccc2)=[NH+]c2ccc(C=Cc3ccccc3)cc21,1
O=C1NC(=O)c2cc(NCc3cn(C4CC(OC5CCCCO5)CCO4)nn3)c3c4c(ccc1c24)C(=O)NC3=O,1
C1=NCCc2ccc(-c3cccc4ccccc34)cc21,1
O=c1cc[nH]cc1-c1ccc(Oc2ccccc2)nc1,1
O=C(Cc1ccc(N2Cc3ccccc3C2=O)cc1)NCC(=O)Nc1cccc2cccnc12,1
C1=CN(Cc2ccc3ccccc3n2)CCC1=[N+]1CCCC1,1
C(=C1CN2CCC1CC2)c1ccc2ccccc2c1,1
c1ccc(-c2ccc(CC3CN4CCC3CC4)cc2)cc1,1
O=C(CSc1nc2sc3c(c2c(=O)n1CCc1ccccc1)CCOC3)NCCCc1ccccc1,1
O=C(CSc1ccnc(SCCN2CCOCC2)n1)NNC(=O)Cc1ccccc1,1
O=C(CSc1nccc(=O)[nH]1)NNC(=O)Cc1ccccc1,1
O=C1CC(=O)C2(CC=CCC2)C(=O)C1,1
O=C(Nc1cc(C#Cc2ccccc2)ccn1)c1ccccc1,1
O=c1cc(NCCNc2cccc3cccnc23)c1=O,1
O=C(c1ccc(Nc2cc3[nH]c(-c4cccnc4)nc3cn2)nc1)N1CCOCC1,1
c1ccc(-c2nc3cnc(N4CCNCC4)cc3[nH]2)cc1,1
O=C(COc1ccc2c(c1)cc1ccccn12)NCc1ccco1,1
C1=C(CC2Cc3nccc4cccc(c34)O2)Oc2cccc3ccnc1c23,1
O=C(CN1CCCCC1)Nc1cc(CN2CCN(Cc3ccc4c(c3)OCO4)CC2)cc(Nc2ccnc3ccccc23)c1,1
O=C(CSCCc1ccccc1)c1c[nH]c2ccccc12,1
O=C1C=CC(=CCCCCC=CCCc2coc(CC3=CCNC3=O)c2)O1,1
O=C(NCc1cccc(OCC2CC2)c1)c1nc2cccc(OCCc3ccccc3)c2c(=O)[nH]1,1
c1cc2cc(Cc3cc4ccc(C5=NCCN5)cc4o3)oc2cc1C1=NCCN1,1
N=C1C=CC2C(CCC3C2CCC2C(c4ccoc4)C(=N)C4OC423)C1,1
O=C(Cc1ccccc1)OC1CCC2=CC(=O)C3OC3C2C1,1
O=C1C=CC2C(C1)CC(OC(=O)C=Cc1ccccc1)C1C2CCC2C(c3ccoc3)C(=O)C3OC321,1
c1cc2c(NCCCN3CCN(CCCNc4nc5ccsc5n5cccc45)CC3)nc3ccsc3n2c1,1
c1ccc(OCc2cc(COc3ccccc3)c3ccccc3c2)cc1,1
c1cc[n+](CCCc2ccc(CCC[n+]3ccccc3)cc2)cc1,1
c1cncc(-c2cccc(-c3nnc(Nc4ccc5c(c4)CNC5)o3)c2)c1,1
c1cncc(-c2cc(-c3nnc(Nc4ccc5c(c4)CNCC5)o3)ccn2)c1,1
O=c1ccnc(SC23CC4CC(CC(C4)C2)C3)[nH]1,1
N=C(Nc1ccc2c(c1)Cc1cc(NC(=N)c3ccccn3)ccc1-2)c1ccccn1,1
c1cnc(Nc2ncc3ccccc3n2)nc1,1
C=C(COC1CCCCO1)c1cc2n(c(=O)c1)CCc1c-2[nH]c2ccccc12,1
c1cc(-c2cc3ncncc3s2)c2ccncc2c1,1
O=C(CCCCC1SCC2NC(=O)NC21)NCCSSCCC(=O)NCc1cccc(CNC(=O)CC2CC3CCCC4CCC5OOC43C(O2)O5)c1,1
O=C(CCCc1cn(CCN2CCCCC2)c2ccccc12)NC12CC3CC(CC(C3)C1)C2,1
O=C(C1CCCN1S(=O)(=O)c1ccc2ccccc2c1)N1CCN(c2ccnc3ccccc23)CC1,1
c1ccc(-c2ccc(-c3nc4ccccc4[nH]3)o2)cc1,1
O=C(CCc1ccccc1)Nc1ccc(NC(=O)C(c2ccccc2)N2CCNCC2)c(C(=O)c2ccccc2)c1,1
O=C1CCC2C3=C(CCC2C1)C1CCCC1CC3=O,1
O=c1c2sc(-c3ccccc3)cc2ncn1-c1ccc2c(c1)ncn2CCCN1CCCC1,1
O=C(CCN1CCCCC1)N1CCC2CC(c3ccccc3)C1C(c1ccccc1)C2,1
C(=C1CN2CCC1CC2)c1ccc(-c2ccccc2)cc1,1
O=C(Nc1ccnc(-c2cccnc2)n1)c1ccccc1,1
c1ccc(-c2cc3ncnc(N4CCNCC4)c3s2)cc1,1
c1ccc2c(NCCCCCCCCCCCCNc3c4ccccc4nc4ccccc34)c3ccccc3nc2c1,1
O=S(=O)(c1ccc2ccccc2c1)N1CCN(c2ccnc3ccccc23)CC1,1
O=C(CC1CC2CCCC3CCC4CC(O1)C32OO4)c1cccc(C(=O)CC2CC3CCCC4CCC5CC(O2)C43OO5)c1,1
c1nncc(-c2cnnc(OCCc3cncs3)n2)n1,1
O=C1C=CCCCCCC2CC(CCCCCCCCCC3CC(CCCCCCCCCCCCCCCCO1)OCO3)OCO2,1
O=C(Nc1ccncc1)OCCn1ccnc1,1
c1ccc(N2CC3CC4CCC(N4)C3C2)nc1,1
c1ccc(COC2CC(c3ccccc3)C3CCC2N3)cc1,1
O=C(OC(Cn1ccnc1)c1ccc(-c2ccccc2)cc1)c1ccc(-c2ccccc2)cc1,1
O=C1c2cccc3c(N4CCOCC4)ccc(c23)C(=O)N1CCCCCCCCNc1ccnc2ccccc12,1
O=C1c2cccc3c(N4CCNCC4)ccc(c23)C(=O)N1CCCNc1ccnc2ccccc12,1
O=C(NCCCNCCCCNCCCNC(=O)c1ccc[nH]1)c1ccc[nH]1,1
O=C(C=Cc1ccc(OCC=Cc2ccccc2)cc1)NCC(=O)Nc1cccc2cccnc12,1
O=S(=O)(CC(CC1CC2CCCC3CCC4OOC32C(O1)O4)CC1CC2CCCC3CCC4OOC32C(O1)O4)c1ccccc1,1
O=C(NCCCNc1nc2ccccc2[nH]1)c1ccc2c(c1)OCCO2,1
O=S(=O)(NN=Cc1c[nH+]c2ccccc2[nH+]1)c1ccccc1,1
O=C(Oc1ccccc1)c1cc(-c2ccccc2)on1,1
O=C1CC(=O)C2=C(C1)OC1C=C3CCCCC3CC1C2,1
c1ccc(CN2CCN(CCC3CC4CCCC5CCC6OOC54C(O3)O6)CC2)cc1,1
O=C(CC1CCC2(CC1)OOC1(O2)C2CC3CC(C2)CC1C3)N1CCC(N2CCNCC2)CC1,1
O=C(CC1CCC2(CC1)OOC1(O2)C2CC3CC(C2)CC1C3)N1CCNCC1,1
O=C1C(=Cc2ccccc2)CSCC1=Cc1ccccc1,1
c1ccc(N2CCN(c3nc(NC4CCN(Cc5ccc6ccccc6c5)CC4)c4ccccc4n3)CC2)cc1,1
c1ccc(COc2ccc3c(NCCNc4cccc5ccccc45)nc(N4CCN(c5ccccc5)CC4)nc3c2)cc1,1
O=C(CCCCCCC(=O)Oc1ccccc1Oc1ccccc1)OC1=C(C2CCC(c3ccccc3)CC2)C(=O)c2ccccc2C1=O,1
c1ncnc(Nc2ccc([As]3SCCS3)cc2)n1,1
O=C1C=C2C(=CCC3CC4OC(=O)CC5C6CCC(C23)C45CO6)O1,1
c1cc(Nc2ccc(N=C3NCCN3)cc2)ccc1N=C1NCCN1,1
O=C1NC(=O)C2(CCN(Cc3cccc4cc[nH]c34)CC2)N1,1
C1=C(c2ccc(OCc3ccccc3)cc2)C2CCN1CC2,1
c1ccc(COCCCNCC2CCCO2)cc1,1
c1ccc(CN2CCC3(N4CCCC4)CC(c4ccccc4)C2C(c2ccccc2)C3)cc1,1
O=C(CN1CCCCC1)N1CC2CC(c3ccccc3)C(C1)C(c1ccccc1)C2,1
O=C(CN1CCCCC1)N1CCC2CC(c3ccccc3)C1C(c1ccccc1)C2,1
c1ccc(C2CC3CCN(CCN4CCCCC4)C2C(c2ccccc2)C3)cc1,1
c1cc2oc(CCc3cc4ccc(C5=NCCN5)cc4o3)cc2cc1C1=NCCN1,1
c1ccc2c(NCCCN3CCN(CCCN(CC4CC4)N4CCCC4)CC3)ccnc2c1,1
N=c1ncc(-c2ccccc2)cn1CCCCCCCCCCCCn1cc(-c2ccccc2)cnc1=N,1
c1ccc2c(c1)Cc1ccccc1C2,1
O=C1C(c2cccnc2)=[NH+]c2ccccc21,1
c1ccc(CSc2cccc(Nc3ccc4nccc(-c5ccncc5)c4n3)c2)cc1,1
C(CCCCCCC1=NC2CCCCC2N1)CCCCCC1=NC2CCCCC2N1,1
O=C1C=CCCCCCCCCCCCCCCCCCCCCO1,1
c1c[nH]c(CCCCCCCCCCCCc2ncc[nH]2)n1,1
O=C1CC2CC(c3ccccc3)C1C(c1ccccc1)C2,1
C(CCCCCCNC1=NCCCC1)CCCCCNC1=NCCCC1,1
c1ccc(CCCn2cc(CCOC(c3ccnc4ccccc34)C3CC4CCN3CC4)nn2)cc1,1
c1ccc(Sc2nc[nH]n2)cc1,1
c1ccc(CNc2nc(Nc3ccncc3)nc3ccccc23)cc1,1
c1ccc2cc3cc(Nc4ccnc5ncnn45)ccc3cc2c1,1
C1CCC(CC2OOCC3OC23)CC1,1
O=C(C=Cc1ccc(-c2ccccc2)o1)Nc1ccc(NC(=O)Cc2ccc(-c3ccccc3)cc2)c(C(=O)c2ccccc2)c1,1
c1ccc(-c2cc3ncnc(NC4CCCCC4)c3s2)cc1,1
O=C(OC1CC2CCCC3CCC4OOC32C(O4)O1)c1ccc2[nH]cnc2c1,1
c1ccc2c(NCCCCNCCCNc3ccnc4ccccc34)ccnc2c1,1
c1ccc(C(ON=C2CC3CCC(C2)N3)c2ccccc2)cc1,1
O=C(NC(CSCc1ccccc1)C(=O)OC(c1ccnc2ccccc12)C1CC2CCN1CC2)OCc1ccccc1,1
O=C(NCC12CC(CN1Cc1ccccc1)C2)c1ccc2cc[nH]c2c1,1
O=C(NCC12CC(CN1Cc1ccccc1)C2)c1cc2ccccc2o1,1
c1ccc2cc(C3CC4CCCC5CCC6OOC54C(O6)O3)ccc2c1,1
N=C(CCCCCCCCCCCCC(=N)N1CCCC1)N1CCCC1,1
N=c1[nH]c2ccccc2n1CCCCCCCCCCCCn1c(=N)[nH]c2ccccc21,1
O=S(=O)(c1cccc(-c2ccc3nccc(-c4ccncc4)c3n2)c1)N1CCCC1,1
O=C1CCCCCCCCCCC=CC=CCC(C2CCCC2)O1,1
c1cc(C2=NCCN2)c2cc(Cc3cc4c(C5=NCCN5)cccc4o3)oc2c1,1
O=C(C=Cc1ccc(CN2CCOCC2)cc1)c1ccccc1,1
c1cc(Nc2nccc(Nc3ccc4cn[nH]c4c3)n2)cc(N2CCNCC2)c1,1
c1ccc(CNc2ncc3sc(-c4ccccc4)cc3n2)cc1,1
O=C(CNC(=O)N1CCOCC1)NC(CCc1ccccc1)C1OOC2(O1)C1CC3CC(C1)CC2C3,1
O=C1c2ccccc2CC1CC1CCC(NCCCNc2c3c(nc4ccccc24)CCCC3)CC1,1
O=C(CCCCc1ccccc1)OCO[PH](=O)OCOC(=O)CCCCc1ccccc1,1
C1CCC(C2CCCC3CCCCC32)OC1,1
O=C(CN1CCCCC1)Nc1cc(CNCCN2CCCCC2)cc(Nc2ccnc3ccccc23)c1,1
O=C(CN1CCCCC1)Nc1cc(Nc2ccnc3ccccc23)cc(C(=O)N2CCN(c3ccccc3)CC2)c1,1
c1ccc(-c2nc(-c3ccsc3)c(-c3ccccc3)[nH]2)cc1,1
C=C1c2ccoc2CC2C1CCC1CCCC(=O)C12,1
c1ccc(-c2ccc(-c3cccnc3)cc2)cc1,1
O=C(OC(Cn1ccnc1)c1ccccc1)N1CCN(C(=O)c2ccco2)CC1,1
c1ccc(-n2ccnc2)cc1,1
c1ccc2c(c1)nnc1ccccc12,1
O=C(CNC(=O)OCc1ccccc1)NC(Cc1ccccc1)C(=O)NCC(=O)OC(c1ccnc2ccccc12)C1CC2CCN1CC2,1
O=C(CNC(=O)OCc1ccccc1)NCC(=O)OC(c1ccnc2ccccc12)C1CC2CCN1CC2,1
c1csc(-c2ccc(-c3cc4ccccc4[nH]3)s2)c1,1
O=C(C=CCNC(=O)CNC(=O)CNC(=O)C1CCCN1)NCC(=O)NCc1ccccc1,1
c1ccc2c(Nc3ccc(Nc4nc(NCCCN5CCOCC5)nc(N5CCCCC5)n4)cc3)ccnc2c1,1
O=C(c1ccc(Nc2nc(Nc3cnc4ccccc4c3)nc3c2ncn3-c2ccccc2)cc1)N1CCCCC1,1
O=C1CC(c2cccc(C3CC=C(C=NOC(c4ccccc4)c4ccccc4)C(=O)C3)c2)CC=C1C=NOC(c1ccccc1)c1ccccc1,1
O=[PH](CCCc1ccccc1)Oc1ccccc1,1
O=C1C(=O)c2ccccc2C=C1CSc1ccccc1,1
O=C(Nc1ccccc1)N1CCC(Nc2nc3ccccc3n2Cc2ccccc2)CC1,1
O=C(OCC1CCCC(Oc2ccccc2)O1)c1ccccc1,1
c1nnco1,1
c1ccc2nc(NCc3ccncc3)ncc2c1,1
O=C(COc1ccc2c(=O)cc(-c3ccccc3)oc2c1)N1CCN(Cc2cccc3c2OCO3)CC1,1
O=C(CCCc1cn(Cc2cn(Cc3ccccc3)nn2)c2ccccc12)NC12CC3CC(CC(C3)C1)C2,1
O=C1NCCC2CCCC1N2S(=O)(=O)c1ccccc1,1
O=C1C(NN2CCN(NC3=CC(=O)c4ncccc4C3=O)CC2)=CC(=O)c2ncccc21,1
O=C(NCCCCCCNCCCCCCNC(=O)c1ccc[nH]1)c1ccc[nH]1,1
O=C(C=C(c1ccccc1)c1c[nH]c2ccccc12)c1ccccc1,1
c1cncc(-c2cccc(-c3nnc(Nc4ccc5c(c4)CNCCC5)o3)c2)c1,1
C(=Cc1ccc2ccccc2[nH+]1)c1ccn(-c2ccccn2)c1,1
S=[PH](NC1CCCC1)Oc1cccc2cccnc12,1
O=C1NCC2=NC(CO2)C(=O)NCC2=NC(CO2)C(=O)NCc2nc1cs2,1
O=C(CNC(=O)c1ccccc1Nc1ccccc1)Nc1cccc2cccnc12,1
O=C(CN1CCNCC1)N1CC2CC(c3ccccc3)C(C1)C(c1ccccc1)C2,1
O=C(CCN1CCNCC1)N1CC2CC(c3ccccc3)C(C1)C(c1ccccc1)C2,1
c1ccc(CNCc2cc3c(c4c2OCCC4)OCCC3)cc1,1
c1ccc2c(NC3CCCCCC3)ncnc2c1,1
O=C(Cc1ccccc1)Nc1ccc(NC(=O)C(c2ccccc2)N2CCNCC2)c(C(=O)c2ccccc2)c1,1
c1ccc(OCCCCCOc2cccc(-c3cc4ccc(C5=NCCN5)cc4o3)c2)cc1,1
c1ccc(Cn2cncc2CN(Cc2cncn2Cc2ccccc2)c2cc(-c3ccccc3)cs2)cc1,1
c1ccc(OCCCCCOc2ccc(-c3cc4ccc(C5=NCCN5)cc4o3)cc2)cc1,1
c1ccc(C2CC3(N4CCCC4)CC(NCN4CCCC4)C2C(c2ccccc2)C3)cc1,1
O=C(NCC12CC(CN1Cc1ccccc1)C2)c1ccon1,1
O=C(NCC12CC(CN1Cc1ccccc1)C2)c1ccc2[nH]ccc2c1,1
O=C(NC(Cc1ccccc1)C(=O)OC(c1ccnc2ccccc12)C1CC2CCN1CC2)c1cn2c3c(c(N4CCNCC4)ccc3c1=O)OCC2,1
c1ccc(N2CCN(Cc3cc(-c4ccc(CN5CCOCC5)cc4)nc4ccccc34)CC2)cc1,1
O=C1C=CCC2CC3OCCC4C=CC(=O)C(C12)C43,1
O=C1C=CC(=O)C(Cc2ccccc2)=C1,1
O=C1C=C2OCCC23CCCC1C3=O,1
O=C(Nc1ccccc1)c1ccc(CNc2ccccc2)cc1,1
O=C(NNc1ccncn1)c1ccc(N2CCOCC2)nc1,1
c1ccc(CCCN2CCC(Nc3nc4ccccc4n3Cc3ccccc3)CC2)cc1,1
O=C1C=CC(=O)c2cc3c(cc21)C=COC3,1
c1ccc(Nc2nc(NCCCCCNc3nc(Nc4ccccc4)nc(Oc4ccccc4)n3)nc(Oc3ccccc3)n2)cc1,1
O=C(CN1CCCC1)NC1CC2(N3CCCCC3)CC(c3ccccc3)C1C(c1ccccc1)C2,1
O=C1c2ccccc2C(=O)c2cc(C3C(Oc4ccc5ccccc5c4)C(=O)N3c3cccc4ccccc34)ccc21,1
c1ccc(Cn2c(NC3CCN(CCn4cccn4)CC3)nc3ccccc32)cc1,1
O=C(NCCCNc1cccc2ccccc12)NC1C(=O)N(C2CCCCC2)C1C=Cc1ccccc1,1
c1ccc(Nc2cc3[nH]c(-c4cccc(-c5nnn[nH]5)c4)nc3cn2)nc1,1
O=C1C(NCCNc2ccnc3ccccc23)C(C=Cc2ccccc2)N1c1ccccc1,1
c1cnc(OCc2cn(-c3ccnc4ccccc34)nn2)nc1,1
O=C(NCCCN1CCNCC1)c1ccc2ccccc2c1,1
c1ccc(OCCCOc2ccc(-c3cc4cc(C5=NCCN5)ccc4o3)cc2)cc1,1
O=S(=O)(c1ccccn1)N(Cc1ccccn1)C1Cc2ccccc2N(Cc2cnc[nH]2)C1,1
c1ccc2c(c1)Cc1ccccc1N2,1
c1cc(CN2CCN(c3cccs3)CC2)cc(Nc2ccnc3ccccc23)c1,1
O=C(NCc1ccncc1)c1ccc(-c2cnn(Cc3ccccc3)c2)nc1,1
N=C(NC1CCCCC1)c1ccc(Nc2nc3cc(C(=N)NC4CCCCC4)ccc3[nH]2)cc1,1
S=C1SCCN1Cc1ccc(Oc2ccccc2)cc1,1
S=C1SCCN1Cc1cccnc1,1
O=C(N(Cc1ccccc1)C1CC1)n1cnc(S(=O)(=O)C2CC3CCC2C3)n1,1
c1ccc2c(OCc3ccc4c(c3)OCO4)ncnc2c1,1
O=C(Nc1ccccc1)c1c(N2CCNCC2)cc(-c2ccccc2)oc1=O,1
c1ccc(CCC2OC2CCC2CO2)cc1,1
O=C1c2ccccc2C[n+]2ccc3cc4c(cc3c21)OCO4,1
c1cnc(NCCCCCCCCCCNc2ccnc3ccccc23)nc1,1
c1ccc(Cn2c(N3CCC4(CN(CCc5ccc(-c6ncno6)cc5)C4)C3)nc3ccccc32)cc1,1
O=C(C=NNc1ccc2cn[nH]c2n1)NCCCCCCCNc1ccnc2ccccc12,1
C(=Cc1ccccc1)CNCc1ccc2c(c1)C=CCO2,1
O=C(Cc1ccccc1)NCc1ccc2c(c1)C=CCO2,1
O=C(C=Cc1ccc(CN2CCCCC2)cc1)c1ccccn1,1
O=C1C2CC3=COC=CCC3N2C(=O)C2Cc3ccccc3N12,1
O=C(CCCCC(=O)NCCc1ccccc1)NCCc1ccccc1,1
O=C(C=Cc1ccccc1)OC1CC2(N3CCCC3)CC(c3ccccc3)C1C(c1ccccc1)C2,1
S=C1SCCN1Cc1ccc(Oc2ccc(C3CCCC3)cc2)cc1,1
c1ccc(OCCCOc2cccc(-c3cc4cc(C5=NCCN5)ccc4o3)c2)cc1,1
c1cc(COc2ccc(C3=NCCN3)cc2)cc(COc2ccc(C3=NCCN3)cc2)c1,1
c1cc(OCc2ccccc2COc2cccc(C3=NCCN3)c2)cc(C2=NCCN2)c1,1
O=C1C=CC(=O)C2=C1COc1c2ccc2c1-c1ccccc1OC2,1
O=C(NCCN1CCCC1)c1cc(NCCCCN2CCCCC2)nc2ccccc12,1
O=C(C(Cc1c[nH]c2ccccc12)NS(=O)(=O)c1ccccc1)N1CCCCC1,1
O=C(CN1CCCCC1)Nc1cc(Nc2ccnc3ccccc23)cc(C(=O)NCCN2CCOCC2)c1,1
c1ccc2c(C3CC4CCCC5CCC6OOC54C(O6)O3)c[nH]c2c1,1
O=C1CC(=O)C2=C(C1)OC1C3CC(C3)CC1C2c1ccccc1,1
c1ccc2[nH]c(NCCCN3CCNCC3)nc2c1,1
O=C(COc1ccc2c(=O)cc(-c3ccccc3)oc2c1)N1CCN(Cc2ccc(OCc3ccccc3)cc2)CC1,1
O=c1cc(-c2ccccc2)oc2cc(OCCN3CCN(Cc4ccccc4)CC3)ccc12,1
O=C1CC(OC2CCCCO2)CC(OC2CCCCO2)CCCCN(CCCNCCCCc2ccccc2)CCCCO1,1
O=c1oc2ccccc2cc1-c1ccc(Oc2ccccc2)cc1,1
c1[nH+]cc(CCOCc2cn(CCc3c[nH+]cs3)nn2)s1,1
C1CCC(C2CC3(CCCCC3)OO2)CC1,1
O=C(Nc1ccccc1)Nc1ccccc1Oc1ccccc1,1
O=C(Nc1ccccc1)N1CCc2ccccc21,1
c1ccc(CC2c3ccccc3-c3nc4ccccc4n32)cc1,1
c1ccc2c(Nn3ccc(CNCC4CCCN5CCCCC45)c3)ccnc2c1,1
O=[PH](NC1CCCCC1)Oc1ccccc1,1
O=C1C=C(NCCCCCCCCCC[P+](Cc2ccccc2)(Cc2ccccc2)Cc2ccccc2)C(=O)c2ccccc21,1
O=C1C=C2C3=C4C(=CC5C6C(CC7=CC(=O)OC735)CC3CC36)C3CC3C4CC2O1,1
O=C(Nc1ccc(CN(C(=O)c2ccccc2)C2CCNCC2)cc1)c1cc2ccccc2s1,1
O=C1CCC(c2ccccc2)c2cc3c(cc21)OCO3,1
c1ccc2c(-c3cc4nc5ncccc5nc4c4ccccc34)cccc2c1,1
O=C(C=Cc1ccc(CN2CCCCC2)cc1)c1cccs1,1
c1ncc2ncn(Cc3ccc(-c4ccc(C[n+]5ccc(N6CCCC6)cc5)cc4)cc3)c2n1,1
c1cc2c(o1)CCCC2,1
c1ccc2c3[nH]c4ccccc4c(-c4c5nc6ccccc6c-5[nH]c5ccccc45)c-3nc2c1,1
c1ccc2c(c1)[nH]c1c3ccccc3[nH+]cc21,1
c1ccc2c(NCC3CCCN3)c3c(nc2c1)[nH]c1ccccc13,1
O=C(CC1CC2CCCC3CCC4OOC32C(O1)O4)OCCCC1CC2CCCC3CCC4OOC32C(O1)O4,1
c1cc2nc3ccc(N4CCCC4)cc3[o+]c2cc1N1CCCC1,1
O=C1C=C(OCCC[n+]2cc[nH]c2)C(=O)c2ccccc21,1
O=C(NC(Cc1ccccc1)C(=O)NC(C=CS(=O)(=O)c1ccccc1)CCc1ccccc1)c1ccc(COC2CC3CCCC4CCC5OOC43C(O2)O5)cc1,1
c1ccc(-c2cncc(-c3cc(NCc4ccco4)ncn3)c2)cc1,1
O=C(CN1CCCCC1)Nc1cc(CNc2ccccc2)cc(Nc2ccnc3ccccc23)c1,1
O=C(CCCCCN1C=C(C(=O)OCc2ccccc2)C(c2ccc(-c3ccccc3)cc2)NC1=O)NCCn1cccc1-c1ccccc1,1
O=C(NCc1ccccc1)c1nc2cccc(CNCc3ccccc3)c2c(=O)[nH]1,1
O=C1C=CC(=CCCCCC=CCCc2coc(Cc3ccoc3)c2)O1,1
O=C(NCc1ccccc1)C1CNCC1c1cccc(Oc2ccccc2)c1,1
O=C1C=CC(=CCCCC=CCCCc2coc(Cc3ccoc3)c2)O1,1
O=C(c1ccccc1)N(Cc1ccc(-c2ccccc2)cc1)C1CCN(Cc2ncc[nH]2)CC1,1
O=C(c1ccccc1)N(Cc1ccc(Nc2ccnc3ccccc23)cc1)C1CCNCC1,1
c1cnc(NCCCN2CCNCC2)cn1,1
O=C(NC(CCNCCc1ccccc1)Cc1ccccc1)c1ccccc1,1
O=C(C=C1CCC2C1CCC1C3CCCCC3CCC21)NS(=O)(=O)c1ccccc1,1
c1ccc(CN2CCCC(Nc3nc(N4CCCCC4)nc4ccccc34)C2)cc1,1
O=C(Nc1cccc(-c2nc3ncccc3o2)c1)c1cscn1,1
c1ccc(OCCCOc2ccc(-c3cc4ccc(C5=NCCN5)cc4o3)cc2)cc1,1
C1CNC(C2CC34CCC5CCCCC5C3CCC2C4)NC1,1
O=C(C=Cc1ccccc1)c1ccc(-n2cccc2)cc1,1
O=C1C(c2ccc(Oc3ccccc3)cc2)=[NH+]c2cc(OCc3ccccc3)ccc21,1
O=C1C2Cc3c([nH]c4ccccc34)C(c3ccc4c(c3)OCO4)N2C(=O)CN1C1CCN(Cc2ncc[nH]2)CC1,1
O=C(NCC12CC(CN1Cc1ccccc1)C2)c1cc2ccccc2[nH]1,1
O=C(Cn1cc(COC(c2ccnc3ccccc23)C2CC3CCN2CC3)nn1)NCCc1ccccc1,1
c1ccc(CCCn2cc(COC(c3ccnc4ccccc34)C3CC4CCN3CC4)nn2)cc1,1
O=C1C=C(CCC2CCCC3C2CCCC32CO2)CO1,1
O=[PH](Oc1ccccc1)N1CCCCC1,1
O=[PH](Nc1ccccc1)Oc1ccccc1,1
c1ccc(CCN2CCN(c3nc4ccccc4n3Cc3ccccc3)CC2)cc1,1
c1ccc(CCc2ccc(CN3CCCCC3)cc2)cc1,1
O=C1C=C2C(=C(Oc3cc4c(c5ccccc35)C=CC(=O)C4)C(=O)c3ccccc32)C1,1
c1ccc(Cn2c(NC3CCN(CC4CC4)CC3)nc3ccccc32)cc1,1
c1ccc(COCCCNC2CCC2)cc1,1
O=C(Nc1nc(-c2ccccn2)cs1)c1cnc[nH]1,1
c1ccc(-c2ccc(N=c3ccn(CCCN4CCCCC4)c4cc(-c5ccccc5)ccc34)cc2)cc1,1
c1ccc(Oc2ccc(N=c3ccn(CCCN4CCCCC4)c4ccccc34)cc2)cc1,1
O=C(CCc1ccccc1)NCCCN1CCN(CCCNc2ccnc3ccccc23)CC1,1
C=C1COC(=O)c2c1cc1n(c2=O)CCc2c-1[nH]c1c(OC3CCCCO3)cccc21,1
O=C(NCC1CNC2Cc3c[nH]c4cccc(c34)C2C1)c1ccncn1,1
O=C(CCN1CCCC1)OC1CC2(N3CCCC3)CC(c3ccccc3)C1C(c1ccccc1)C2,1
c1cc2cc(NC3CCCCCCC3)cnc2[nH]1,1
O=C(CCc1ccc(S(=O)(=O)N2CCC3(CC2)OOC2(OO3)C3CC4CC(C3)CC2C4)cc1)NCCCCNc1cccc2nonc12,1
O=C(Cn1ccc(=O)[nH]c1=O)NCCCCO[SiH](c1ccccc1)c1ccccc1,1
O=C(Cn1ccc(=O)[nH]c1=O)NCCNC(c1ccccc1)(c1ccccc1)c1ccccc1,1
O=C(NCCCCNc1cccc2cccnc12)NC(C(=O)Nc1ccccc1)c1ccccc1,1
O=S(=O)(c1cccc(-c2ccc3nccc(-c4ccncc4)c3n2)c1)N1CCCCC1,1
O=C(CCCCCNC(=O)OCc1ccccc1)NCCCNc1ccnc2ccccc12,1
O=C(CC1CC2CCCC3CCC4OOC32C(O1)O4)NCCCCNc1c2ccccc2nc2ccccc12,1
O=C1C=CCCC2=CC(=O)OC2C2OC2C1,1
O=C1CNC(=O)C(Cc2ccccc2)NC(=O)C2CCCN2C(=O)COC(=O)CCNC(=O)C(Cc2ccccc2)N1,1
O=C(COc1cccc2oc(-c3ccccc3)cc(=O)c12)N1CCN(Cc2ccccc2)CC1,1
O=C(COc1cccc(-c2cc(=O)c3ccccc3o2)c1)N1CCN(Cc2ccccc2)CC1,1
O=C(CCC(=O)OCCCCCCC1CCC2C3=C(CCC12)C1CCC(=O)CC1CC3)CCC1CCC2C3=C(C(=O)CC12)C1CCCCC1CC3=O,1
O=C(NCCCNc1nc2ccccc2[nH]1)C1CCCCC1,1
c1ccc(Cn2c(NC3CCN(CC4CCCCC4)CC3)nc3ccccc32)cc1,1
C(=Cc1ccccc1)CN1CCC(Nc2nc3ccccc3n2Cc2ccccc2)CC1,1
C(#Cc1cccc(C#CCC2CC3CCCC4CCC5OOC43C(O2)O5)c1)CC1CC2CCCC3CCC4OOC32C(O1)O4,1
C1CC2CCC3OOC24C(C1)CC(CSCCSCC1CC2CCCC5CCC6OOC52C(O1)O6)OC4O3,1
c1ccc(-n2cnc3c(Nc4ccc(CN5CCOCC5)cc4)nc(NC4CCCCC4)nc32)cc1,1
c1ccc2nc(-c3c[nH]c4c5ccccc5nc-4c3)ccc2c1,1
O=C(CSc1ccccc1)c1cn(Cc2ccccc2)c2ccccc12,1
c1ccc(COc2cccc(COc3ncnc4ccccc34)c2)cc1,1
C=C1CNC2Cc3c(n(C4CC5CC(Cc6c4[nH]c4ccccc64)NCC5=C)c4ccccc34)CCC1C2,1
O=C1C=C2OCOC2=CC1CCc1ccccc1,1
c1ccc(C2(c3ccccc3)OOCC3OC32)cc1,1
O=c1cc(Nc2ccccc2)c1=O,1
O=c1cccnn1CC1CN1Cc1ccnc2ccccc12,1
c1ccc(CCN2CCC(Nc3nc(N4CCN(c5ccccc5)CC4)nc4ccccc34)CC2)cc1,1
O=c1cc(-c2ccccc2)nc[nH]1,1
O=C(CCc1ccccc1)OCc1ccc2c(c1)C(=O)c1ccccc1C2=O,1
c1coc(-c2ccc(-c3nc4ccccc4[nH]3)o2)c1,1
O=C(NCC1(CNc2nc3ccccc3[nH]2)CC1)c1ccccc1,1
N=C1NC(c2ccccc2)(c2cccc(Oc3ccccc3)c2)C(=O)N1C1CCCCC1,1
N=C(Nc1cccc(-c2cccc(-c3cccc(NC(=N)c4ccccn4)c3)c2)c1)c1ccccn1,1
O=[PH](NC1CCCC1)Oc1ccccn1,1
c1ccc(COCCCNCc2ccco2)cc1,1
O=C1C(=Cc2ccccc2)SC(=S)N1c1ccccc1,1
c1ccc(-c2cn3c(-c4ccccc4)cnc3cn2)cc1,1
O=C(CCNC1CC2(N3CCNCC3)CC(c3ccccc3)C1C(c1ccccc1)C2)N1CCCC1,1
O=C(CN1CCCCC1)NC1CC2(N3CCNCC3)CC(c3ccccc3)C1C(c1ccccc1)C2,1
O=S(=O)(Cc1ccccc1)N1CCC2(CC1)OOC1(CCCCCC1)OO2,1
O=C1CCCCC1CCc1ccccc1,1
O=C(CC1CC2CCCC3CCC4OOC32C(O1)O4)NCCNc1c2ccccc2nc2ccccc12,1
O=C(C=Cc1ccc2c(c1)OCO2)NNC(=O)NCCCCNc1cccc2cccnc12,1
c1ccc(Nc2nc(Nc3ccccc3)nc(N3CCNCC3)n2)cc1,1
c1ccc(-c2nc3cnc(Nc4ccncc4)cc3[nH]2)cc1,1
O=C(c1ccc(Nc2cc3[nH]c(-c4cccnc4)nc3cn2)nc1)N1CCNCC1,1
c1ccc(-c2nc3cnc(Nc4ccc(-c5nnn[nH]5)cn4)cc3[nH]2)cc1,1
c1cc(-c2ccc(C3=NCCN3)cc2)cc(-c2ccc(C3=NCCN3)cc2)c1,1
O=C(NCCc1ccc(CNc2cncnc2)cc1)c1ccccc1,1
O=C(NCc1ccc2c(c1)CCN2)C1CNCC1c1ccccc1,1
O=C(NCc1ccccc1)C1CNCC1c1ccc(Oc2ccccc2)cc1,1
c1ccc2cc(Nc3ccnc4ccccc34)ccc2c1,1
O=C(NC(CCNCc1ccccc1)Cc1ccccc1)c1cccc(N2CCCC2)c1,1
O=C(NCC12CC(CN1Cc1ccccc1)C2)C1(c2ccccc2)CCC1,1
O=S(=O)(c1cccc(-c2ccc3nccc(-c4ccncc4)c3n2)c1)N1CCNCC1,1
O=C(NCC12CC3CC(CC(C3)C1)C2)c1ccccc1,1
O=C1C(Oc2ccc(-c3nc4ccccc4s3)cc2)C(c2ccc3ccccc3c2)N1c1ccccc1,1
O=C(c1ccc(Nc2cc3[nH]c(-c4cccnc4)nc3cn2)nc1)N1CCCC1,1
c1cncc(-c2nc3cnccc3[nH]2)c1,1
O=C1CCC(c2nc3cnc(Nc4ccccn4)cc3[nH]2)CC1,1
O=C1CNC(=O)CNC(=O)CNC(=O)CNC(=O)C2CCCN2C(=O)CNC(=O)CNC(=O)CN1,1
O=C1c2cccc3c(N4CCNCC4)ccc(c23)C(=O)N1CCCCCCNc1ccnc2ccccc12,1
O=C(NCCCCCCNc1c2c3ccccc3nc-2[nH]c2ccccc12)Nc1ccccc1,1
C(=NNc1nncc2ccccc12)c1ccccc1,1
O=C1c2ccccc2CC1CC1CCN(CCNc2c3c(nc4ccccc24)CCCC3)CC1,1
C1=CC2Cc3nc4ccccc4c(NCCCCCCCCNc4c5c(nc6ccccc46)CCCC5)c3C(C1)C2,1
N=C(Nc1ccc(-c2ccc(-c3ccc(NC(=N)c4cccnn4)cc3)o2)cc1)c1cccnn1,1
N=C(Nc1ccc(-c2ccc(-c3ccc(NC(=N)c4ccc[nH]4)cc3)o2)cc1)c1ccc[nH]1,1
c1ccc(Nc2cc3[nH]c(-c4cnco4)nc3cn2)nc1,1
c1ccc2ocnc2c1,1
O=C(OC1C=C2CCNC2C2c3cc4c(cc3C(=O)OC12)OCO4)c1cccc(C(=O)OC2C=C3CCNC3C3c4cc5c(cc4C(=O)OC23)OCO5)c1,1
O=C(NN=CC=Cc1ccccc1)c1ccncc1,1
O=C(Nc1ccccc1)Nc1ccc(NC2=NCCN2)cc1,1
c1cc(C2CCN(c3ccc(NC4=NCCN4)cc3)CC2)ccc1NC1=NCCN1,1
O=C(Nc1ccc(NC2=NCCN2)cc1)c1ccc(NC2=NCCN2)cc1,1
O=C(C=Cc1ccc(-c2ccccc2)cc1)c1ccccc1,1
c1ccc(-c2cnc(-c3ccccn3)s2)cc1,1
O=C(c1cc(-c2ccc(CN3CCOCC3)cc2)nc2ccccc12)N1CCN(c2ccccc2)CC1,1
C=C1C2CC2C2C1CC1=CC(=O)OC13C1C(=C)C(=O)CC4C1=C(CC23)C1CC14,1
O=C1c2cc3c4c(c2OC2CC=CCC12)OCOC4CC1C(=O)c2cc[nH]c(=O)c2C(=O)C31,1
C1CCC2C(C1)CCC1OCCC12,1
O=C(C=Cc1ccccc1)OCOP(=O)(Cc1ccccc1)OCOC(=O)C=Cc1ccccc1,1
O=C(N1CCCC1)n1cnc(SC2CC3CCC2C3)n1,1
O=C(CC1C=CCOO1)OC12CC3CC(CC(C3)C1)C2,1
C1CCC2C(C1)CCC1C2CCC23CC12CCC3C1COC(C2CO2)C1,1
O=C(NCCCNc1nc2ccccc2[nH]1)C1CCOCC1,1
O=C(NCCCNc1nc2ccccc2[nH]1)c1ccc2c(c1)OCO2,1
O=C1C2OC3C1CCCC3C2=O,1
c1ccc(SCC2COC3(CCCC3)OO2)cc1,1
O=C1C(=Cc2cccc(-c3cccnc3)c2)Oc2ccccc21,1
O=C1c2ccccc2C(=O)N1CCCC[P+](c1ccccc1)(c1ccccc1)c1ccccc1,1
c1ccc(Oc2ncnc3ccsc23)cc1,1
O=C(C=Cc1ccc(-c2ccccc2)o1)Nc1ccc(NC(=O)c2cccc3ccccc23)c(C(=O)c2ccccc2)c1,1
c1cc(CCCC[n+]2ccsc2)cc(CCCC[n+]2ccsc2)c1,1
c1c[n+](CCCc2cn(CCc3c[nH+]cs3)nn2)cs1,1
O=C(CN1CCCCC1)Nc1cc(CN2CCCC2)cc(Nc2ccnc3ccccc23)c1,1
c1ccc(CCNCCCN2CCN(CCCNc3ccnc4ccccc34)CC2)cc1,1
O=C(COC1=CC(=O)c2ccccc2C1=O)OCCC[P+](c1ccccc1)(c1ccccc1)c1ccccc1,1
O=C1SCCN1Cc1ccc(Oc2ccccc2)cc1,1
O=C(C=Cc1ccccc1)OC1CC2CC(c3ccccc3)C1C(c1ccccc1)C2,1
O=C(OC1CC2(N3CCCC3)CC(c3ccccc3)C1C(c1ccccc1)C2)c1ccc2c(c1)OCO2,1
C(CCCCCCNC1=NCCCCC1)CCCCCNC1=NCCCCC1,1
O=C1C(c2ccc(N3CCOCC3)cc2)=[NH+]c2ccccc21,1
c1ccc(CCNC2CCCCCC2)cc1,1
c1ccc(C2CCN(c3ccccc3)CC2)cc1,1
c1ccc2oc(CCCCCCCc3cc4ccccc4o3)cc2c1,1
O=C(COc1ccc2c(=O)cc(-c3cccc(OC4CCCC4)c3)oc2c1)N1CCN(Cc2ccccc2)CC1,1
c1ccc2c(Nc3cc(CN4CCCC4)cc(CN4CCCC4)c3)c3ccccc3nc2c1,1
c1ccc2c(c1)Nc1ccc(NCc3cnc[nH]3)cc1S2,1
O=C1C=CC2C(CCC3C4=CCC(C5CC(C6CO6)OC5=O)C4CCC32)C1,1
O=c1cc(-c2ccc(-c3ccc(CN4CCOCC4)cc3)cc2)[nH]c2ccccc12,1
O=C1CC(=O)C2=C(C1)OC1Oc3ccccc3C21,1
c1ccc(-c2cc[n+](CCCc3ccc(CCC[n+]4ccc(-c5ccccc5)cc4)cc3)cc2)cc1,1
O=C1CN(C2CCC3(CC2)OOC2(OO3)C3CC4CC(C3)CC2C4)CCN1,1
O=C(Cc1ccccc1)NC1CNCC1c1ccc(-c2ccccc2)cc1,1
O=C(NCC1CNC2Cc3c[nH]c4cccc(c34)C2C1)c1cnccn1,1
O=C1SCCN1Cc1cccnc1,1
S=C1SCCN1Cc1ccccc1,1
O=C1N(Cc2ccc(Oc3ccc(C4CCCC4)cc3)cc2)CCS1(=O)=O,1
c1ccc2[nH]c(-c3ccc(OCc4ccc(COc5ccc(-c6nc7ccccc7[nH]6)cc5)cc4)cc3)nc2c1,1
c1cc(OCc2ccccc2COc2cccc(-c3nc4ccccc4[nH]3)c2)cc(-c2nc3ccccc3[nH]2)c1,1
O=C(OC1=CC(=O)C2CCCC1C2=O)c1cccnc1,1
O=S(=O)(c1nc[nH]n1)C1C2CC3CC(C2)CC1C3,1
c1ccc(-n2cc(COc3ccc4ccccc4c3)nn2)cc1,1
O=c1cc(-c2ccc(Cc3ccccc3)cc2)[nH]c2cc(N3CCNCC3)ccc12,1
O=C(NCCCNc1nc2ccccc2[nH]1)c1ccco1,1
O=c1cc(-c2ccc(Oc3cccc(OCCN4CCOCC4)c3)cc2)[nH]c2ccccc12,1
O=c1cc(-c2ccc(Cc3cccc(OCCN4CCOCC4)c3)cc2)[nH]c2ccccc12,1
O=C(NCCCc1ccccc1)c1cnc(SCCN2CCOCC2)[nH]c1=O,1
O=C(c1ccccc1)c1ccc2c(c1)ncn2C(=O)OC1CC2CCCC3CCC4OOC32C(O4)O1,1
c1ccc(-c2c3nc4ccccc4c-3[nH]c3ccccc23)cc1,1
O=C(NC1C2C=CC(C2)C1C(=O)NCCCc1ccccc1)OCc1ccccc1,1
c1ccc(-c2c[nH]c3c4ccccc4nc-3c2-c2ccccc2)cc1,1
c1ccc(-c2cnc(-c3ccccn3)s2)nc1,1
c1ncc(-c2ccc(-c3cncnc3)cc2)cn1,1
O=C(C=Cc1cccc(-c2cccc(C=CC(=O)c3cc4ccccc4oc3=O)c2)c1)c1cc2ccccc2oc1=O,1
c1ccc(C2CC3(N4CCCC4)CCN(CCCN4CCNCC4)C2C(c2ccccc2)C3)cc1,1
C1CCC2C3=C(CCC2C1)C1CCC(C2CCCOC2)C1CC3,1
c1ccc(-c2ccc3cc(-c4cccs4)[nH]c3c2)cc1,1
O=C(CNC(=O)c1ccccc1)Nc1ccccc1Cc1ccccc1,1
O=C(CN1CCCC1)Nc1cccc(Nc2ccnc3ccccc23)c1,1
O=C1OCCC1=CNCCCCNc1cccc2cccnc12,1
O=C(Nc1ccccc1)Nc1ccc(S(=O)(=O)N2CCc3ccccc3C2)cc1,1
C1=C(c2ccccc2)CC2(c3ccccc3)OOC3(CCOCC3)OC12,1
C(=Cn1nnc2ccccc21)n1cc(COC(c2ccnc3ccccc23)C2CC3CCN2CC3)nn1,1
c1ccc(-n2cc(COC(c3ccnc4ccccc34)C3CC4CCN3CC4)nn2)nc1,1
c1ccc2c(NCCCOC3COc4nccn4C3)ccnc2c1,1
O=C(NCCCNc1nc2ccccc2[nH]1)C1CCNCC1,1
O=c1oc2ccccc2cc1Oc1ccccc1,1
c1ccc(-c2cnc(-c3ccccc3)s2)cc1,1
c1ccc(Nc2cc3[nH]c(-c4cscn4)nc3cn2)nc1,1
O=C(c1ccc(Nc2nc(NCCc3c[nH]cn3)nc3c2ncn3-c2ccccc2)cc1)N1CCCCC1,1
c1ccc(CCOC2CCOO2)cc1,1
C1=CC23OC4CCC(C4O2)C3CC1,1
O=C(NCCc1ccc(OC(=O)c2ccccc2)cc1)c1ccccc1,1
O=C1OC(=Cc2ccccc2)C=C1c1ccccc1,1
c1ccc2c(-n3cc(CN4CCN(Cc5c[nH]c6ccccc56)CC4)nn3)ccnc2c1,1
O=C1C=C(OCc2cn(-c3cccnc3)nn2)C(=O)c2ccccc21,1
O=C1C=CCC(CC2CCC3C4=C(CCCC4)CCC23)O1,1
O=C1C=CC2=CC3=C(CCC2CO1)C1CCC(CC2CC=CC(=O)O2)C1CC3=O,1
O=C(NCc1ccc(-c2ccccc2)cc1)C1CNCC1c1cccnc1,1
O=C(CCN1CCCC1)Nc1ccc2c(Nc3ccccc3)c3ccc(NC(=O)CCN4CCCC4)cc3nc2c1,1
O=C(CCOC1CC2CCCC3CCC4OOC32C(O1)O4)NCCCNCCCCNC(=O)CCC1CC2CCCC3CCC4OOC32C(O1)O4,1
O=C(Cc1ccccc1)NC1COC(=O)C(Cc2c[nH]c3ccccc23)NC(=O)C2CCCN2C(=O)CNC(=O)C(Cc2ccccc2)NC1=O,1
O=C(NCCCNc1c2c3ccccc3nc-2[nH]c2ccccc12)c1cccs1,1
O=C(Nc1ccccc1)c1cn(CCCNc2ccnc3ccccc23)c(-c2ccccc2)c1-c1ccccc1,1
O=C1C=C(C[P+](c2ccccc2)(c2ccccc2)c2ccccc2)C(=O)c2ccccc21,1
O=c1cc(-c2ccc(Cc3ccccc3)cc2)[nH]c2ccc(N3CCNCC3)cc12,1
O=C(CCCCNC(=O)OCc1ccccc1)NC(C=CC=CC(=O)N1CCCCC1)Cc1ccccc1,1
C(=Cc1cc(N2CCCC2)c2ccccc2n1)c1ccccc1,1
c1cscn1,1
O=C1CC23COC4CCC(O4)C2CCC3C2=C1CCCC2,1
O=C1C2Cc3c([nH]c4ccccc34)C(c3ccc4c(c3)OCO4)N2C(=O)CN1CCc1ccccc1,1
c1ccc(CSc2ncnc3c2ncn3Cc2ccc(CCCCc3ccc(C[n+]4ccccc4)cc3)cc2)cc1,1
O=C(CSc1nc2cccnc2[nH]1)Nc1ccccc1,1
O=C(OC1C=C2CCNC2C2c3cc4c(cc3C(=O)OC12)OCO4)c1ccc(C(=O)OC2C=C3CCNC3C3c4cc5c(cc4C(=O)OC23)OCO5)cc1,1
O=C1OC2C=CC3=CCNC3C2c2cc3c(cc21)OCO3,1
c1ccc2c(Nc3ccc(CNCC45CCCN4CCC5)cc3)ccnc2c1,1
O=C(NNc1ccncn1)c1cncc(-c2cccc(CN3CCNCC3)c2)c1,1
c1ccc2cc(Cn3cc[n+](Cc4ccc5ccccc5c4)c3)ccc2c1,1
O=C(CCN1CCCCC1)N1CCC2(N3CCCC3)CC(c3ccccc3)C1C(c1ccccc1)C2,1
O=C1c2cccc3c(N4CCOCC4)ccc(c23)C(=O)N1CCCCNc1ccnc2ccccc12,1
O=C(COCC(=O)NN=CCCc1ccccc1)NN=CCCc1ccccc1,1
c1ccc(CNc2cccc(OCc3ccccc3)c2)cc1,1
c1cc(OCCCOc2cccc(-c3nc4ccccc4[nH]3)c2)cc(-c2nc3ccccc3[nH]2)c1,1
c1cc(OCCCCCOc2cccc(-c3nc4ccccc4[nH]3)c2)cc(-c2nc3ccccc3[nH]2)c1,1
O=c1nc[nH]c2ccc(CNc3ccccc3)cc12,1
O=c1c(OC2CCCO2)c(-c2ccccc2)oc2ccccc12,1
O=C1OC2C=C1CCCCc1ccc(o1)C2,1
O=S(=O)(C=Cc1ccc2ccccc2c1)c1ccccc1,1
c1cc2cc(CCCCc3cc4ccc(C5=NCCN5)cc4o3)oc2cc1C1=NCCN1,1
c1cc2cc(CCc3cc4ccc(C5=NCCN5)cc4o3)oc2cc1C1=NCCN1,1
O=C(CNC(=O)CNC(=O)OCc1ccccc1)NCC(=O)C1CO1,1
O=C1c2cccc3c(N4CCOCC4)ccc(c23)C(=O)N1CCCNc1ccnc2ccccc12,1
O=C1CCCN1CCCCCCNc1ccnc2ccccc12,1
O=C(Cc1ccccc1)NCCCNCCNCCCNC(=O)Cc1ccccc1,1
O=C(CN1CCNCC1)NC1CC2(N3CCCC3)CC(c3ccccc3)C1C(c1ccccc1)C2,1
C1=CN(Cc2ccc3c(c2)OCO3)CCC1=[N+]1CCCC1,1
O=C1C=C2OCC3CC4CCC15CCC1CCCCC16CC45C23O6,1
O=C1C2C(=O)C34OC=CC2C2C=CCC15CCC1CCCCC1(CC253)O4,1
O=C1C2CC3C=CCC4(CCC5CCCCC56CC34C1O6)C2=O,1
O=C(c1ccnc(Nc2nc3cnc(NC4CCCCC4)cc3[nH]2)c1)N1CCCCC1,1
O=C(NN(CC1CCCO1)c1ccncn1)c1ccc(CN2CCNCC2)cc1,1
O=C(NN(Cc1ccoc1)c1ccncn1)c1ccc(CN2CCNCC2)cc1,1
O=C1OC2C(OC(=O)n3cccc3)C=C3CCNC3C2c2cc3c(cc21)OCO3,1
O=C1C2Cc3c([nH]c4ccccc34)C(c3ccc4c(c3)OCO4)N2C(=O)CN1C1CCN(CC2CCCC2)C1,1
C=C1CNC2Cc3c([nH]c4ccccc34)C(=O)CC1C2,1
O=C(OCC(CC1CC2CCCC3CCC4OOC32C(O1)O4)CC1CC2CCCC3CCC4OOC32C(O1)O4)c1cc(=O)oc2ccccc12,1
c1cc2cc(CCCc3cc4ccc(C5=NCCN5)cc4o3)oc2cc1C1=NCCN1,1
c1ccc(OCCCOc2ccc(C3=NCCN3)cc2)cc1,1
c1ccc(N2CCCCC2)cc1,1
O=c1cc[nH]cc1-c1cccc(Oc2ccccc2)c1,1
C1=CC(c2ccc[nH]2)=NC1=Cc1[nH]ccc1Cc1ccc2ccccc2c1,1
C1=CC(C2CCCCC2)OOC1C1CCCCC1,1
O=c1cc(-c2ccc(-c3cnc4ccccc4c3)cc2)oc2ccccc12,1
O=C(c1c2nc3ccccc3c-2[nH]c2ccccc12)c1c2nc3ccccc3c-2[nH]c2ccccc12,1
c1ccc(SCc2ccnc(-c3ccccn3)n2)cc1,1
C(CCC1CC2CCCC3CCC4OOC32C(O1)O4)CC1CC2CCCC3CCC4OOC32C(O1)O4,1
O=C1OC2OC3CCC4CCCC(C1CC1(CCCCc5ccccc5)CC5CCCC6CCC7OOC65C(O7)O1)C42OO3,1
O=S(=O)(OCC(CC1CC2CCCC3CCC4OOC32C(O1)O4)CC1CC2CCCC3CCC4OOC32C(O1)O4)c1cccc2ccccc12,1
c1nc2cncn(Cc3ccc(CCCCc4ccc(C[n+]5ccc(N6CCCC6)cc5)cc4)cc3)c-2n1,1
O=C1c2ccccc2C2=NCCc3cccc1c32,1
C(=Cc1ccc2ccccc2[nH+]1)c1ccc[nH]1,1
C=C1CC23CCC4CCCCC4C2=CCC1C3,1
c1ccc(C2CC3(N4CCCC4)CC(NCCN4CCCC4)C2C(c2ccccc2)C3)cc1,1
c1cn2c(n1)OCC(OCc1ccc(C(c3nnn[nH]3)N3CCCC3)cc1)C2,1
O=C1C2Cc3c([nH]c4ccccc34)C(c3ccc4c(c3)OCO4)N2C(=O)CN1Cc1ccc(N2CCOCC2)cc1,1
O=C1CCC2C(CCC3C2CCC2C3CCC3(C(=O)n4ccnc4)CCCC23)C1,1
O=C1C2Cc3c([nH]c4ccccc34)C(c3ccc4c(c3)OCO4)N2C(=O)CN1c1ccccc1,1
O=C(NC(CCNC1Cc2ccccc2C1)Cc1ccccc1)c1ccccc1,1
O=C(NCC12CC(CN1Cc1ccccc1)C2)C1CC1c1ccccc1,1
O=C(NCC12CC(CN1Cc1ccccc1)C2)c1cnn(-c2ccccc2)n1,1
c1ccc2oc(CCCCCCc3cc4ccccc4o3)cc2c1,1
c1ccc2oc(CCCCCCCCCCc3cc4ccccc4o3)cc2c1,1
c1ccc(CC2CN3CCC2CC3)cc1,1
c1ccc(Nc2c(-c3ccccc3)nc3cnccn23)cc1,1
c1cnc2c(NCCCCNC(c3ccc(COC4COc5nccn5C4)cc3)c3nnn[nH]3)cccc2c1,1
N=C1c2cc(S(=O)(=O)N3CCOCC3)ccc2-c2ccc(S(=O)(=O)N3CCOCC3)cc21,1
O=C1C(=Cc2ccc(N3CCOCC3)cc2)Nc2ccccc21,1
C=C1CN2CCc3c([nH]c4ccccc34)C2CC1CCc1c[n+]2c(c3[nH]c4ccccc4c13)CCCC2,1
O=C(NCCNc1ccnc2ccccc12)NC1C(=O)N(C2CCCCC2)C1C=Cc1ccccc1,1
O=C(NNc1ccncn1)c1cc2cccc(CN3CCNCC3)c2o1,1
O=C(NNc1ccncn1)c1cc2cc(CN3CCNCC3)ccc2o1,1
O=C(NNc1ccncn1)c1ccc(-c2ccc(CN3CCNCC3)cc2)nc1,1
C1CCC2(C1)OOC1(CCCC1)OO2,1
O=C1CC2C(=O)C3C=CC(OO3)C2C1,1
O=C1CC23CCC(OO2)C2CCCC2C3O1,1
N=C1CCCN1CCCCCCCCCCCCN1CCCC1=N,1
N=C(CCCCCCCCCCCCC(=N)N1CCCCC1)N1CCCCC1,1
c1ccc(Sc2ncnc3sccc23)cc1,1
O=C1c2ccccc2SCN1CCNc1ccnc2ccccc12,1
O=S(=O)(CC1COC2(CCCCC2)OO1)c1ccccc1,1
O=c1ccn(C2CC(n3cc(COc4ccccc4)nn3)CO2)c(=O)[nH]1,1
O=C(OC1CC2C=CC(=O)C3C4C(=O)C=CCC4CC(O1)C23)c1ccccc1,1
O=C1C2Cc3c([nH]c4ccccc34)C(c3ccc4c(c3)OCO4)N2C(=O)CN1c1cncnc1,1
O=C(CN1CCCC1)NC1CC2(N3CCNCC3)CC(c3ccccc3)C1C(c1ccccc1)C2,1
c1ccc(-c2ccc3[nH]c(-c4cccs4)cc3c2)cc1,1
O=C(Nc1nc(-c2ccccn2)cs1)c1ccncc1,1
c1cnc(N2CCOCC2)nc1,1
O=C1c2cccc3c(N4CCCCC4)ccc(c23)C(=O)N1CCCCCCCCNc1ccnc2ccccc12,1
O=C(CCc1ccccc1)Nc1ccccc1C(=O)c1ccccc1,1
O=C(CN(Cc1ccccc1)C(=O)c1ccccc1)N1CCCCC1,1
S=C1SCCN1CCc1ccccc1,1
O=C1C=C(CC2CCCCC2)C(=O)c2ccccc21,1
c1ccc(-c2ccc(-c3cccnc3)cn2)cc1,1
O=P(OCCCC1CC2CCCC3CCC4OOC32C(O1)O4)(OCCCC1CC2CCCC3CCC4OOC32C(O1)O4)Oc1ccccc1,1
O=S(=O)(C=Cc1cnc2ccccc2c1)c1ccccc1,1
c1cc2c(c(-c3ccc4c(c3)OCO4)c1)NCC2,1
O=C(NC1CC1)c1ccc(Nc2cc3[nH]c(-c4cccnc4)nc3cn2)nc1,1
c1ccc(-c2nc3cnc(Nc4ncccn4)cc3[nH]2)cc1,1
O=C(c1ccccc1CCc1ccccc1)N1CCCCC1,1
O=C(C1CC1)N(CCCN1CCN(CCCNc2ccnc3ccccc23)CC1)CC1CC1,1
C(CCCCCCNC1=NCCN1)CCCCCNC1=NCCN1,1
c1ccc2[nH]c(CCCCCCCCCCCCc3nc4ccccc4[nH]3)nc2c1,1
O=C1SCCN1Cc1ccccc1,1
O=C(Cn1ccc(=O)[nH]c1=O)NCCCO[SiH](c1ccccc1)c1ccccc1,1
N=c1c2ccccc2ccn1CCCCCCCCCCCCn1ccc2ccccc2c1=N,1
N=c1sccn1CCCCCCCCCCCCn1ccsc1=N,1
c1cc[n+](CCCCCCCC[n+]2ccccc2)cc1,1
O=C(CSc1ccnc(SCC(=O)N2CCOCC2)n1)NNC(=O)Cc1ccccc1,1
O=C(NCCCc1ccccc1)c1cnc(SCCN2CCOCC2)n(Cc2ccccc2)c1=O,1
C1CCC2OCCC2C1,1
c1ccc(Nc2cc3[nH]c(C4CCCN4)nc3cn2)nc1,1
c1ccc(-c2nc3cnc(Nc4cccnc4)cc3[nH]2)cc1,1
O=C(NCCN1CCCCC1)c1cccc(-c2ccc3nccc(-c4ccncc4)c3n2)c1,1
O=c1c(NCCCNc2ccnc3ccccc23)c(NCCCNc2ccnc3ccccc23)c1=O,1
c1ccc2c(=Nc3ccncc3)cc3oc4cc(N5CCOCC5)ccc4nc-3c2c1,1
O=C(C=Cc1ccccc1)c1ccc(-n2cncn2)cc1,1
O=C(CCN1CCCCC1)Nc1cccc(Nc2ccnc3ccccc23)c1,1
c1ccc2c(NCCN3CCCC3)c3c(nc2c1)[nH]c1ccccc13,1
O=C1CC(OC2CCCCO2)CC(OC2CCCCO2)CCCCN(CCCNC(=O)c2cnco2)CCCCO1,1
c1cc(OCCCCCOc2ccc(C3=NCCN3)cn2)ncc1C1=NCCN1,1
c1ccc(-c2nc(NCCCn3ccnc3)cc(-c3ccncc3)n2)cc1,1
O=C(CCN1CCNCC1)NC1CC2CC(c3ccccc3)C1C(c1ccccc1)C2,1
O=C(CCN1CCNCC1)NC1CC2(N3CCCC3)CC(c3ccccc3)C1C(c1ccccc1)C2,1
O=C(CCN1CCNCC1)N1CCC2CC(c3ccccc3)C1C(c1ccccc1)C2,1
c1cncc(-c2cccc(-c3nnc(Nc4ccc(CN5CCCC5)cc4)o3)c2)c1,1
O=c1cc[nH]cc1C1CCC(c2ccccc2)CC1,1
c1ccc(-c2ccc(-c3ccco3)cn2)cc1,1
O=C1C(=O)c2c(ccc3c2C(=O)CCC3)C2=C1CCO2,1
O=C(C=Cc1ccc(-c2ccccc2)o1)Nc1ccc(NC(=O)Cc2ccc3ccccc3c2)c(C(=O)c2ccccc2)c1,1
C1=CC23OOC14CCCCC4C2CCC1CCCC13,1
O=C(C=Cc1ccco1)NCC(=O)Nc1cccc2cccnc12,1
O=C(CC1=CC(c2ccccc2)c2ccccc21)NCC(=O)Nc1cccc2cccnc12,1
C=C1CCC2C(=C)C(=O)OC2C=CCCC1=O,1
C=C1C(=O)OC2C=CC3CCC(CCC12)O3,1
c1ccc(-c2cnc3ccccc3n2)cc1,1
O=C(Nc1ccccc1)c1cc2c(-c3ccc(OCc4ccccc4)cc3)cc(-c3ccccc3)nc2s1,1
O=C(CC1CC2CCCC3CCC4OOC32C(O1)O4)NCCCNc1c2ccccc2nc2ccccc12,1
O=C1C(=Cc2ccc(-c3cnc4ccccc4c3)cc2)Oc2ccccc21,1
c1ccc(CCn2cc(COC(c3ccnc4ccccc34)C3CC4CCN3CC4)nn2)cc1,1
c1nc(Sc2nnc(C3CC3)[nH]2)c2ccsc2n1,1
c1ccc(-c2csc3ncnc(Sc4nnc5ccccn45)c23)cc1,1
O=C(NC1CCCCC1)N(C(=O)c1ccn(-c2ccccc2)c1)C1CCCCC1,1
O=c1[nH]nc(Cc2ccc3c(c2)OCO3)c2ccccc12,1
c1ccc(OCCCCCOc2ccc(-c3cc4cc(C5=NCCN5)ccc4o3)cc2)cc1,1
c1ccc(OCCCCOc2cccc(-c3cc4ccc(C5=NCCN5)cc4o3)c2)cc1,1
O=[PH](NC1CCC1)Oc1ccccc1,1
O=C(c1ccc2nc(-c3ccccc3)[nH]c2c1)N1CCc2c1ccc1ccoc21,1
c1coc(-c2ccc(-c3cc4ccccc4[nH]3)o2)c1,1
c1csc(-c2ccc(-c3cc4ccccc4[nH]3)o2)c1,1
c1ccc(CN2CCN(c3ccnc4ccc(-c5ccccc5)nc34)CC2)cc1,1
O=C(NCCc1ccc(CNc2ccc3ncncc3c2)cc1)c1ccc2c(c1)OCO2,1
O=C(c1nc2ccccc2s1)N1CCOCC1,1
c1cc(C2CC3OC34C2CCC2C3CCCCC3CCC24)co1,1
O=C1C=CC2C(CCC3C2CCC2C(c4ccoc4)CC4OC423)C1,1
C1=CC2C(CC1)CCC1C2CCC2C(c3ccoc3)CC3OC321,1
O=C1C=C2C(=O)c3cccc(-c4cccc5c4OC4CCCC=C4C5=O)c3OC2CC1,1
c1cc(-c2nnn[nH]2)ccc1OCCCCCOc1ccc(-c2nnn[nH]2)cc1,1
c1ccc2c(NC3CCCCC3)nc(N3CCCNCC3)nc2c1,1
O=C(CCC(=O)NCCCCNc1cccc2cccnc12)NCCCCNc1cccc2cccnc12,1
C1CCC2(CC1)CC(OCC13CC4CC(CC(C4)C1)C3)OO2,1
O=C1CCOC(=O)C(Cc2c[nH]c3ccccc23)NC(=O)C2CCCN2C(=O)CNC(=O)C(Cc2ccccc2)N1,1
O=C(NCCCCNc1cccc2cccnc12)NC1CCCCC1,1
O=C(NN(CCC1CCCC1)c1ccncn1)c1ccc(CN2CCNCC2)cc1,1
O=C(NN(CC1CC=CC1)c1ccncn1)c1ccc(CN2CCNCC2)cc1,1
O=c1oncn1CCCCCCCCCCCCn1cnoc1=O,1
c1ccc2[nH]c(-c3ccc(OCCCCCCOc4ccc(-c5nc6ccccc6[nH]5)cc4)cc3)nc2c1,1
O=C(C=Cc1ccccc1)c1ccc(-c2ccccc2)cc1,1
c1ccc(OCC2CO2)cc1,1
O=c1ccn(CCCCCCN[SiH](c2ccccc2)c2ccccc2)c(=O)[nH]1,1
c1ccc2c3c(NCCN4CCCC4)c4ccccc4[nH]c-3nc2c1,1
c1ccc(-c2nc3cnc(Nc4ccncn4)cc3[nH]2)cc1,1
O=C(CCC(Cc1ccccc1)NC(=O)CNC(=O)c1ccccn1)NCCc1ccccc1,1
c1cncc(-c2nc3cnc(NC4CCCCC4)cc3[nH]2)c1,1
O=C1c2cccc3cccc(c23)C(=O)N1CCC[NH2+]CCCCCCCCC[NH2+]CCCN1C(=O)c2cccc3cccc(c23)C1=O,1
c1ccc(Nc2cc3[nH]c(C4CCOCC4)nc3cn2)nc1,1
O=C(NCCCNc1ccnc2ccccc12)c1ccccc1NCc1ccccc1,1
O=C1CCSCN1CCCCNc1ccnc2ccccc12,1
O=C(NN(c1ccncn1)C1CCNCC1)c1ccc(CN2CCNCC2)cc1,1
C1=Cc2c(ccc3c2OCC(c2ccccc2)C3)OC1,1
O=C(C=CC=Cc1ccccc1)c1ccccc1,1
O=C(NCCCNc1ccnc2ccccc12)c1ccc2c(c1)C(=O)N(NC(=O)c1ccncc1)C2=O,1
C1=C(Cc2ccccc2)CCCC1,1
O=C(CC1CCOO1)c1ccccc1,1
O=C(c1cc(-c2ccc(CN3CCOCC3)cc2)nc2ccccc12)N1CCN(C(=O)c2cc(-c3ccc(CN4CCOCC4)cc3)nc3ccccc23)CC1,1
C1=CN(Cc2ccccn2)CCC1=[N+]1CCCC1,1
C1=C(c2ccccc2)CC2CC1Cc1nc3ccccc3cc12,1
O=C1Nc2ccccc2C1=CNc1ccccc1,1
O=C1C(OC2CCCCC2)C(c2ccc3ccccc3c2)N1Cc1ccccc1,1
O=c1cc(Nc2ccc(N3CCCCC3)cc2)c1=O,1
O=C(Nc1ccc2c(c1)CCC2)N1CCC(Nc2nc3ccccc3n2Cc2ccccc2)CC1,1
O=C1CCN(C2CCC(COCC=CCCC3CO3)O2)C(=O)N1,1
O=C(C(Cc1ccccc1)N1C(=O)c2ccccc2C1=O)N1CCOCC1,1
O=C1CCCC(OC2CCCCO2)CCCCN(CCCNCc2cnc3ccccc3c2)CCCCO1,1
O=C1CC(OC2CCCCO2)CC(OC2CCCCO2)CCCCN(CCCNCc2ccnc3ccccc23)CCCCO1,1
c1ccc(-c2n[nH]c3sccc23)cc1,1
O=C(CC(=O)N1CC(=O)N(CCCCNc2cccc3cccnc23)C1)c1ccccc1,1
c1cc2c3c(nccc3c1)CCO2,1
O=C1CCOC(=O)CNC(=O)C(Cc2ccccc2)NC(=O)C2CCCN2C(=O)C(Cc2ccccc2)NC(=O)CN1,1
c1cc2c(cc1NC1=NCCN1)Cc1ccc(NC3=NCCN3)cc1C2,1
O=C(NCC1CCC(n2cnc3c(NCc4ccc(Oc5ccccc5)cc4)ncnc32)O1)c1ccc2c(c1)[nH]c(=O)n2COc1ccccc1,1
O=C1CCC(NC(=O)OCc2ccccc2)(C(=O)NCCCc2ccccc2)CC1,1
O=C(CCCCCCCN1CCCCC1)N1CCN(c2ccnc3ccccc23)CCN(c2ccnc3ccccc23)CC1,1
O=C(CNC(=O)N1CCOCC1)NC(C=C1CCCN(Cc2ccccc2)S1(=O)=O)Cc1ccccc1,1
O=C(Nc1ccccc1)Nn1c(-c2ccccc2)c2cc3c(cc2cc1=O)OCO3,1
O=C1C2Cc3c([nH]c4ccccc34)C(c3ccc4c(c3)OCO4)N2C(=O)CN1CCNCc1ccccc1,1
O=C1C=C(NCc2ccccc2)C(=O)c2cc3c(cc21)CCCC3,1
O=C1CCCC2c3c(c4ccccc4n3Cc3ccccc3)CC(COCC3CCCCC3)N12,1
O=C1CC(c2ccccc2)CC2Sc3ccccc3C(=O)C12,1
c1cc(Cc2ccnc3ccccc23)cc(CN2CCCC2)c1,1
O=C(C=Cc1ccc(-c2cccc3ccccc23)o1)Nc1ccc(NC(=O)Cc2ccccc2)c(C(=O)c2ccccc2)c1,1
O=C(NCC1CCC(n2cnc3c(NCc4ccc(Oc5ccccc5)cc4)ncnc32)O1)c1ccc2c(c1)[nH]c(=O)n2Cc1ccccn1,1
O=C(NCC1CCC(n2cnc3c(NCc4ccc(Oc5ccccc5)cc4)ncnc32)O1)c1ccc2c(c1)[nH]c(=O)n2CCC1=CCCCC1,1
c1ccc(CCc2ccc(N=c3cc[nH]cc3)cc2)cc1,1
O=C(NCC1CCC(n2cnc3c(NCc4ccc(Oc5ccccc5)cc4)ncnc32)O1)c1ccc(Oc2ccccc2)cc1,1
O=C(NCC1CCC(n2cnc3c(NCc4ccc(Oc5ccccc5)cc4)ncnc32)O1)c1ccccc1,1
O=C(CCCc1ccccc1)NCCCCCCCCC(=O)NCC(=O)NCC(=O)NCC(=O)NCC(=O)N1CCCC1C(=O)NC(Cc1ccccc1)C(=O)N1CCCC1,1
c1ccc(-c2cnn3c2NC(c2ccccc2)CC3)cc1,1
O=C1c2cccc3c(N4CCCCC4)ccc(c23)C(=O)N1CCCCNc1ccnc2ccccc12,1
c1cnc(Nc2ccnc3ccccc23)nc1,1
O=C(CN1CCOCC1)NC(CCc1ccccc1)C1OOC2(O1)C1CC3CC(C1)CC2C3,1
O=C1c2ccc3c(c2OCC1c1ccc2c(c1)CCCO2)CCCO3,1
c1cc(COc2ccc(C3=NCCN3)cc2)ccc1COc1ccc(C2=NCCN2)cc1,1
c1ccc2c(Nn3ccc(CN4CCCC4)c3)ccnc2c1,1
O=C(CCc1ccccc1)NCC(=O)Nc1ccccc1,1
O=C(CCN1CCCCOC(=O)CC(OC2CCCCO2)CC(OC2CCCCO2)CCCC1)NCCc1ccccc1,1
c1cncc(-c2cnc(-c3cccnc3)s2)c1,1
O=C(NCc1ccccc1)c1cc(COc2cccc3ncsc23)on1,1
C1=NN(c2ccccc2)C2=CNc3ccccc3N12,1
O=C1CCCCCCCCN(CCCNCc2ccc3ccccc3n2)CCCCO1,1
O=C1CCCC(OC2CCCCO2)CCCCN(CCCNCc2ccnc3ccccc23)CCCCO1,1
c1ccc2c(c1)NC1CCC3CCCN4CCC21C34,1
C=C1CC2C(C3OCC4C5CCN6CCC7(c8ccccc8N3C47)C6C5)C3Cc4c([nH]c5ccccc45)C2N3C1,1
O=c1cccc(CCc2ccc3ccccc3c2)o1,1
c1cc(OCOc2cccc(-c3nc4ccccc4[nH]3)c2)cc(-c2nc3ccccc3[nH]2)c1,1
c1ccc2[nH]c(-c3ccc(OCCCCCCCCOc4ccc(-c5nc6ccccc6[nH]5)cc4)cc3)nc2c1,1
O=C(Nc1ccccc1)Nc1cccc2ccccc12,1
c1ccc(C(c2c[nH]c3ccccc23)c2c[nH]c3ccccc23)cc1,1
O=C(Oc1ccccc1OC(=O)c1ccccc1)c1ccccc1,1
O=c1cc2occc3c-2c(c1)CCO3,1
O=C1OCCc2cc3c(-c4cccc5cc6c(cc45)CCOC6=O)cccc3cc21,1
O=C(CNC(=O)CC1CCCCC1)NCC(=O)OCc1ccccc1,1
O=C(NCc1ccc2c(c1)C=CCO2)c1ccccc1,1
c1ccc(Nc2nc(NCCCCCCCCCCNc3nc(Nc4ccccc4)nc(Nc4ccccc4)n3)nc(Nc3ccccc3)n2)cc1,1
O=C(CCc1ccncc1)NCC(=O)NC(Cc1ccccc1)C(=O)C1CO1,1
O=C(CCCc1ccccc1)NCCCN1CCCCOC(=O)CC(OC2CCCCO2)CC(OC2CCCCO2)CCCC1,1
O=C(NCCNC(=O)C(=Cc1ccco1)NC(=O)c1ccccc1)C(=Cc1ccco1)NC(=O)c1ccccc1,1
O=C1C=C2C=C(C3CCCCC3=O)OC=C2CC1,1
c1ccc(C2CC3CCN(CCCN4CCCCC4)C2C(c2ccccc2)C3)cc1,1
O=c1[nH]cnc2c(-c3ccccc3)csc12,1
c1ccc2cc(Oc3ncnc4ccccc34)ccc2c1,1
O=C(CCCCN1CCCCC1)Nc1cccc(Nc2ccnc3ccccc23)c1,1
O=C(CNC(=O)N1CCCCC1)NCC(=O)NC(Cc1c[nH]c2ccccc12)C(=O)N1CCCC1COc1ccccc1,1
O=C1c2ccccc2C(=Cc2ccc3ccccc3c2)N1c1ccccc1,1
c1ccc(-n2c(NC3CCCCC3)nc3ccccc32)cc1,1
O=C(CCc1ccccc1)NCC(=O)OCc1ccccc1,1
O=C1c2ccccc2N2C=CCC3(C(=O)Nc4ccccc43)C12,1
O=C1C2Cc3c([nH]c4ccccc34)C(c3ccc4c(c3)OCO4)N2C(=O)CN1c1ccc(N2CCNCC2)cc1,1
O=C(NCC1CNC2Cc3c[nH]c4cccc(c34)C2C1)C1CCCCN1,1
O=C(NCC1CNC2Cc3c[nH]c4cccc(c34)C2C1)C1CCCC1,1
O=C(NCC1CNC2Cc3c[nH]c4cccc(c34)C2C1)c1cccnc1,1
O=C(c1ccc(OCC[n+]2ccsc2)cc1)c1ccc(OCC[n+]2ccsc2)cc1,1
O=C(c1c[nH]c2ccccc12)c1nc2ccccc2c2cc[nH]c12,1
O=C(CN1CCSC1)Nc1cccc(Nc2ccnc3ccccc23)c1,1
c1ccc2c(c1)C1=NCCN1C2Cc1cc2ccccc2[nH]1,1
O=C1CC(c2ccccc2)CC2Nc3ccccc3C(=O)C12,1
O=C(CCc1ccccc1)OCc1ccccc1,1
c1nncc(-c2cnnc(SC3CCCCC3)n2)n1,1
O=S(=O)(c1ccccn1)N(Cc1conc1-c1ccccc1)C1Cc2ccccc2N(Cc2cnc[nH]2)C1,1
O=C(Nc1nccs1)c1cc(-c2ccccc2)nn1Cc1ccccc1,1
O=C(C=Cc1ccc(CN2CCNCC2)cc1)c1ccccc1,1
C1=CC23c4cc5c(cc4CN(C4OC42)C3CC1)OCO5,1
C1=CC23c4cc5c(cc4CN4CC2OC1CC43)OCO5,1
c1ncc2ncn(Cc3ccc(CCc4ccc(C[n+]5ccc(N6CCCC6)cc5)cc4)cc3)c2n1,1
c1ccc(Nc2cc[n+](Cc3ccc(-c4ccc(C[n+]5ccccc5)cc4)cc3)cc2)cc1,1
c1ccc(Nc2cc[n+](Cc3ccc(CCCCc4ccc(C[n+]5ccc(N6CCCC6)cc5)cc4)cc3)cc2)cc1,1
c1ccc2nc(N=c3cc4oc5ccccc5nc-4c4ccccc34)ccc2c1,1
c1ccc2oc3cc(=Nc4nc5ccccc5s4)c4ccccc4c-3nc2c1,1
c1cncc(N=c2cc3oc4ccccc4nc-3c3ccccc23)c1,1
N=C(Nc1c[nH]c(C(=O)Nc2c[nH]c(C(=O)Nc3cc[nH]c3)c2)c1)c1ccccc1,1
C1CC2CCC3OOC24C(C1)CC(CCN1CCOCC1)OC4O3,1
C1=CC(C2CCCC2)OOC1C1CCCC1,1
c1ccc(CC2NCCc3cc4c(cc32)OCO4)cc1,1
c1ccc2[nH]c(-c3ccc(OCCCCCCCCCCOc4ccc(-c5nc6ccccc6[nH]5)cc4)cc3)nc2c1,1
O=C(C=Cc1ccc(-c2ccccc2)o1)Nc1ccc(NC(=O)C(c2ccccc2)c2ccccc2)c(C(=O)c2ccccc2)c1,1
c1nc([Se][Se]c2ncnc3c2ccn3C2CCCO2)c2ccn(C3CCCO3)c2n1,1
S=[PH](NC1CCCC1)Oc1ccc2ncccc2c1,1
S=[PH](NCCCCNc1ccnc2ccccc12)Oc1ccccc1,1
O=C(NCCNc1ccnc2ccccc12)NC1C(=O)N(c2ccccc2)C1C=Cc1ccccc1,1
O=C(NCCCCCCCCCCNC(=O)C1=CC2c3ccccc3C1c1ccccc12)C1=CC2c3ccccc3C1c1ccccc12,1
O=C(NCCCNc1ccnc2ccccc12)NC1C(=O)N(C2CCCCC2)C1C=Cc1ccccc1,1
O=C(C=Cc1cn(-c2ccccc2)nc1-c1ccccc1)c1ccccc1,1
N=C(Nc1ccc(-c2ccc(-c3ccc(NC(=N)c4cnccn4)cc3)o2)cc1)c1cnccn1,1
N=C(Nc1ccc(-c2ccc(-c3ccc(NC(=N)c4ncc[nH]4)cc3)o2)cc1)c1ncc[nH]1,1
C(=Cc1c[nH]c2ccccc12)Cc1ccccc1,1
O=C1c2ccccc2NCN1c1ccccc1,1
O=C(Nc1cccc(-c2nc3ncccc3o2)c1)c1ccccc1,1
c1ccc(CN(Cc2ccccc2)Cc2cn(-c3ccnc4ccccc34)nn2)cc1,1
c1ccc2c(-n3cc(CN4CCN(C5C6CC7CC(C6)CC5C7)CC4)nn3)ccnc2c1,1
N=C(Nc1ccc(-c2ccc(-c3ccc(NC(=N)c4ccccn4)cc3)o2)cc1)c1ccccn1,1
O=C(CCCN1CCNCC1)OC1CC2CC(c3ccccc3)C1C(c1ccccc1)C2,1
O=C(CCCN1CCNCC1)OC1CC2(N3CCCCC3)CC(c3ccccc3)C1C(c1ccccc1)C2,1
O=C(Cc1ccc2ccccc2c1)NCC(=O)Nc1cccc2cccnc12,1
O=C(C=Cc1ccc(Oc2ccccc2)cc1)NCC(=O)Nc1cccc2cccnc12,1
c1ccc(C2CC3CCCCC34COC2OO4)cc1,1
O=S(=O)(NCCCN1CCN(CCCNc2ccnc3ccccc23)CC1)c1ccc2ccccc2c1,1
O=C(Cn1cccn1)Nc1cccc(Nc2ccnc3ccccc23)c1,1
O=C1CC(OC2CCCCO2)CC(OC2CCCCO2)CCCCN(CCCNCc2ccc3ccccc3n2)CCCCO1,1
O=C1CCCC(OC2CCCCO2)CCCCN(CCCNCc2cccnc2)CCCCO1,1
O=C1CC(OC2CCCCO2)CC(OC2CCCCO2)CCCCN(CCCNCc2ccccc2)CCCCO1,1
C(=CC1CC2CCCC3CCC4OOC32C(O1)O4)c1ccc(C=CC2CC3CCCC4CCC5OOC43C(O2)O5)cc1,1
c1ccc(OCC2CCCN2CCCCCCCCCCCCCCCCN2CCCC2COc2ccccc2)cc1,1
C(CCCCCCCC[NH+]1CCCC1)CCCCCCC[NH+]1CCCC1,1
c1ccc2c(N3CCN(c4ccnc5ccccc45)CCN(c4ccnc5ccccc45)CC3)ccnc2c1,1
S=C1SCN(CCc2ccccc2)CN1CCCN1CN(CCc2ccccc2)CSC1=S,1
C1CC2CCC3OOC24C(C1)CC(CC(COC1CC2CCCC5CCC6OOC52C(O1)O6)CC1CC2CCCC5CCC6OOC52C(O1)O6)OC4O3,1
c1cc(CNCCCN2CCNCC2)ccn1,1
O=C1OC2CC3C1COC14OC5(C(CCC6C7C(=O)C=CCC7CCC61)C(=O)OC25)C3C4=O,1
O=C1c2ccccc2C(=O)N1CCCCCC[P+](c1ccccc1)(c1ccccc1)c1ccccc1,1
C1=Cc2nccc3cc(OCc4ccccc4)cc(c23)O1,1
O=c1[nH]c2cc3c(cc2cc1-c1cccc2ccccc12)OCO3,1
O=c1[nH]cccc1C1CCCCC1,1
O=C(CCN1CCCC1)NC1CC2(N3CCNCC3)CC(c3ccccc3)C1C(c1ccccc1)C2,1
c1ccc(-c2ccc3cc(-c4ccccc4)[nH]c3c2)cc1,1
O=C1c2n[nH]cc2C2CCC1N2Cc1ccccc1,1
O=C1NCC2=NC(CS2)C(=O)NCC2=NC(CO2)C(=O)NCc2nc1cs2,1
c1ccc(COC2COc3nccn3C2)cc1,1
O=C(CCc1ccccc1)OC(c1ccnc2ccccc12)C1CC2CCN1CC2,1
c1ccc(-c2ccc(-c3ccccn3)cc2)cc1,1
O=C(CCCOc1ccccc1)NCC1CCC(n2cnc3c(NCc4ccc(Oc5ccccc5)cc4)ncnc32)O1,1
O=C(CCN1CCCCOC(=O)CC(OC2CCCCO2)CC(OC2CCCCO2)CCCC1)NCCCCc1ccccc1,1
O=C1CC(OC2CCCCO2)CC(OC2CCCCO2)CCCCN(CCCNCc2cnc3ccccc3c2)CCCCO1,1
c1ccc2nc(-c3cc[nH]c4c5ccccc5nc3-4)ccc2c1,1
O=c1cc(NCCCNc2ccnc3ccccc23)c1=O,1
O=C(NNc1ccncn1)c1ccc(-c2cccc(CN3CCNCC3)c2)nc1,1
N=c1cc2ccc3ccccc3c2nn1CCCCCCCCCCCCn1nc2c(ccc3ccccc32)cc1=N,1
C(CCCCCCC1=NCCCN1)CCCCCC1=NCCCN1,1
c1ccc2c(c1)sc1ccccc12,1
O=C(c1ccccc1)N1CCN(c2nc3ccccc3[nH]2)CC1,1
c1ccc(-c2ccc(-c3cccs3)s2)cc1,1
O=C(NC(Cc1ccccc1)C(=O)NN(CCc1ccccc1)C(=O)C=CS(=O)(=O)c1ccccc1)OCc1ccccc1,1
O=C1c2ccccc2SCN1CCCCNc1ccnc2ccccc12,1
O=S(=O)(CC1COC(=C2C3CC4CC(C3)CC2C4)OO1)c1ccccc1,1
c1ccc(OCC2CCC[NH+]2CCCCCCCCCCCCCCCC[NH+]2CCCC2COc2ccccc2)cc1,1
O=C(C=NNc1cccnn1)NCCCCCCCNc1ccnc2ccccc12,1
O=C1C=C(CCCCc2nnn[nH]2)C(=O)c2ccccc21,1
O=C(c1ccc(C(=O)N2CCN(c3ccnc4ccccc34)CCN(c3ccnc4ccccc34)CC2)cc1)N1CCN(c2ccnc3ccccc23)CCN(c2ccnc3ccccc23)CC1,1
c1ccc(Nc2cc3[nH]c(-c4cnccn4)nc3cn2)nc1,1
C1=C(c2cc3ccccc3s2)C2CCN1CC2,1
O=C(Nc1ccc(-c2nc3ccccc3o2)cc1)c1ccccc1,1
O=C(Nc1ccncc1)c1cncc2nnc(-c3ccccc3)n12,1
c1ccc(Cn2cnc(CNc3cc(-c4ccccc4)cs3)c2)cc1,1
O=S(=O)(c1cccc(Nc2ccc3nccc(-c4ccncc4)c3n2)c1)N1CCCC1,1
O=S(=O)(NCC1COC1)c1cccc(-c2ccc3nccc(-c4ccncc4)c3n2)c1,1
O=C1CCCCCCN1,1
O=C(NNc1ccncn1)c1ccc(CN2CCNCC2)s1,1
S=C(NN=Cc1ccco1)N1CCCCCC1,1
C(#Cc1cc2ccccc2[nH]1)c1ccccn1,1
O=C1CCCC2c3c(c4ccccc4n3CC3CCC3)CCN12,1
c1ccc2c(-n3cc(CN4CCN(Cc5ccncc5)CC4)nn3)ccnc2c1,1
O=C1C2Cc3c([nH]c4ccccc34)C(c3ccc4c(c3)OCO4)N2C(=O)CN1C1CCN(CCc2ccccc2)C1,1
O=c1cc(-c2ccc(-c3ccc(OCCN4CCCCC4)cc3)nc2)[nH]c2ccccc12,1
O=C(c1cccc(Nc2nc(NC3CCCCC3)nc3c2ncn3-c2ccccc2)c1)N1CCNCC1,1
O=C(c1ccc(Nc2nc(NCCCN3CCOCC3)nc3c2ncn3-c2ccccc2)cc1)N1CCCCC1,1
c1ccc2cc(CNCCCN3CCNCC3)ccc2c1,1
c1ccc(CCN2CCN(Cc3nc4ccccc4n3Cc3ccccc3)CC2)cc1,1
O=c1c(NCCNc2ccnc3ccccc23)c(NCCNc2ccnc3ccccc23)c1=O,1
c1ccc(-n2cc(COc3cccc4cc5[n+](cc34)CCc3cc4c(cc3-5)OCO4)nn2)cc1,1
O=S(=O)(c1ccc(-n2cc(COc3cccc4cc5[n+](cc34)CCc3cc4c(cc3-5)OCO4)nn2)cc1)N1CCNCC1,1
O=C(CCC1OOC2(CCCCC2)OO1)Nc1ccc(NC(=O)CCC2OOC3(CCCCC3)OO2)cc1,1
O=C1CCCN1c1c2nc(c(-c3ccccc3)c3ccc(cc4nc(c(-c5ccccc5)c5ccc1[nH]5)C=C4)[nH]3)C=C2,1
C1=Cc2nc1cc1ccc([nH]1)c(-c1ccccc1)c1nc(cc3ccc([nH]3)c2-c2ccccc2)C=C1,1
O=C(Nc1cccc2[nH]cnc12)c1ccccc1,1
O=C(c1ccccc1)c1ccccc1NC(=O)C(c1ccccc1)N1CCSCC1,1
O=C(c1ccccc1)c1ccccc1NCCc1c[nH]c2ccccc12,1
O=C1C=C(OCCCCCN2C(=O)C(=O)c3ccccc32)CS1,1
O=C1C=C(OCCCCCCN2C(=O)C(=O)c3ccccc32)CS1,1
c1ccc(C2CC3(N4CCNCC4)CCN(CCCN4CCNCC4)C2C(c2ccccc2)C3)cc1,1
O=C(CCN1CCNCC1)OC1CC2(N3CCCCC3)CC(c3ccccc3)C1C(c1ccccc1)C2,1
C=C1CN2CCC34c5ccccc5N5C6C(CC(C1CC23)C54)C(=O)N1c2ccccc2C23CCN4CC(=C)C(CC42)C6C13,1
c1ccc(CC(OC2CC3CCCC4CCC5OOC43C(O5)O2)(c2ccccc2)c2ccccc2)cc1,1
c1ccc(-c2ccc3cc(-c4ccco4)[nH]c3c2)cc1,1
c1ccc2c(Nc3ccc(Nc4nc(NC5CCCCC5)nc(N5CCCCC5)n4)cc3)ccnc2c1,1
c1ccc2c(CNCCCN3CCN(CCCNc4ccnc5ccccc45)CC3)cccc2c1,1
O=C(CCN1CCOCC1)N(CCCNc1c2ccccc2nc2ccccc12)CCCNc1c2ccccc2nc2ccccc12,1
O=C(Nc1ccccc1)Nc1ccc(S(=O)(=O)Nc2cccc3ccccc23)cc1,1
c1cc(OCCCCCCOc2cccc(-c3nc4ccccc4[nH]3)c2)cc(-c2nc3ccccc3[nH]2)c1,1
O=C(CN1C(=O)c2ccc(N3CCNCC3)cc2C1=O)NCCCCNc1ccnc2ccccc12,1
C(=Cc1cc(N2CCCCC2)c2ccccc2n1)c1ccncc1,1
c1ccc(CN2CCC(Nc3nc4ccccc4n3Cc3ccccc3)CC2)cc1,1
O=c1ccnc2n1CC(c1ccccc1)=C(CN1CCOCC1)S2,1
O=C(CCCC(=O)N1CCN(c2ccnc3ccccc23)CCN(c2ccnc3ccccc23)CC1)N1CCNCCN(c2ccnc3ccccc23)CC1,1
O=c1cc2ccn(-c3ccccc3)c3ccoc(c1)c23,1
O=C1C=C(OCc2ccccc2)CS1,1
c1ccc2c(c1)oc1c(-c3ccsc3)cccc12,1
O=C1C(NCc2cn(-c3ccnc4ccccc34)nn2)C(C=Cc2ccccc2)N1c1ccccc1,1
O=C1CCCC2c3c(c4ccccc4n3CC3CCCCC3)CCN12,1
C(#Cc1ccccn1)c1ccccc1,1
C1CC2(CCN1)OOC1(CCNCC1)OO2,1
N=C(Nc1ccc2c(c1)Cc1cc(NC(=N)c3ccccc3)ccc1-2)c1ccccc1,1
c1ccc(Sc2ncnc3ccsc23)cc1,1
O=C(CCN1C(=O)c2ccc(N3CCOCC3)cc2C1=O)NCCNc1ccnc2ccccc12,1
O=C(CCN1C(=O)c2ccc(N3CCNCC3)cc2C1=O)NCCCCNc1ccnc2ccccc12,1
O=C1c2cccc(N3CCCCC3)c2C(=O)N1CCNc1ccnc2ccccc12,1
O=C1c2ccc(N3CCCCC3)cc2C(=O)N1CCCCCCNc1ccnc2ccccc12,1
c1ccc(-c2ccc(-c3ccccc3)nn2)cc1,1
C(#CC1CC2CCCC3CCC4OOC32C(O1)O4)c1cccc(C#CC2CC3CCCC4CCC5OOC43C(O2)O5)c1,1
c1ccc(C2CC3(N4CCNCC4)CCN(CCCN4CCCCC4)C2C(c2ccccc2)C3)cc1,1
O=C1c2ccccc2-c2c3c(cc4ccnc1c24)OCO3,1
C1=CC2OC3(CCC(NC4CCC(Nc5ccnc6ccccc56)CC4)CC3)OOC2CC1,1
c1ccc(CN2CC2Cn2cnc3cncnc32)cc1,1
O=C(NC1CCCC1)C(c1ccccc1)N(C(=O)c1ccns1)c1ccccc1,1
O=C1OC2(C=CC3C=COC(OC4CCCCO4)C32)C=C1C(=O)c1ccccc1,1
O=C(NCC12CC(CN1Cc1ccccc1)C2)c1ccc(-n2cccn2)cc1,1
O=c1cccc(C2C(c3ccccc3)C(c3cccc(=O)o3)C2c2ccccc2)o1,1
O=C(NCCCNc1nc2ccncc2[nH]1)c1ccccc1,1
O=C1C=CCC2OCCCC12,1
S=C(Nc1ccccc1)Nc1ccc(NC2=NCCN2)cc1,1
O=C1C=CC=C2OC(=O)C=C2CCC=C1,1
c1ccc(Oc2ccc(CN(CCCN3CCN(CCCNc4ccnc5ccccc45)CC3)Cc3ccc(Oc4ccccc4)cc3)cc2)cc1,1
O=C(OC1CC2CCCC3CCC4OOC32C(O4)O1)c1cn(C2CC2)c2cc(N3CCNCC3)ccc2c1=O,1
O=c1cc(-c2ccc(CCCCCCCCCCN3CCCCC3)cc2)[nH]c2ccccc12,1
c1ccc2[nH]c(NC3CCN(CCc4ccc(-c5nc(C6CC6)no5)cc4)CC3)nc2c1,1
O=C(NNc1ccncn1)c1ccc(-c2ccc(CN3CCNCC3)cc2)o1,1
c1ccc(CCCNCCc2ccc3c(c2)CCCO3)cc1,1
c1ccc(-[n+]2ccc3c(c2)[nH]c2ccccc23)cc1,1
O=C(Nc1ccccc1)Nc1cccc(Nc2nccc(Nc3ccc4nc[nH]c4c3)n2)c1,1
O=C(CN1CCNCC1)Nc1ccc(NC(=O)c2ccc3ccccc3c2)cc1C(=O)c1ccccc1,1
O=C1CCOC(=O)CNC(=O)C(Cc2ccccc2)NC(=O)CN2CCCC(NC(=O)CN1)C2=O,1
O=C(Cc1c[nH]c2ccccc12)NCC(=O)Nc1cccc2cccnc12,1
c1cc(CN(N2CCCC2)N2CCCC2)cc(Nc2ccnc3ccccc23)c1,1
O=C(C=Cc1ccc(-c2ccc3ccccc3c2)o1)Nc1ccc(NC(=O)Cc2ccccc2)c(C(=O)c2ccccc2)c1,1
O=C(CCN1CCCC1)OC1CC2CC(c3ccccc3)C1C(c1ccccc1)C2,1
O=C1C2Cc3c([nH]c4ccccc34)C(c3ccc4c(c3)OCO4)N2C(=O)CN1C1CCN(CC2CCCCC2)C1,1
O=C1C2Cc3c([nH]c4ccccc34)C(c3ccc4c(c3)OCO4)N2C(=O)CN1C1CCN(Cc2ncc[nH]2)C1,1
c1ccc2oc(NCCCN3CCNCC3)nc2c1,1
O=C(CCCOCc1ccccc1)N1CCN(c2ccnc3ccccc23)CCN(c2ccnc3ccccc23)CC1,1
O=C(Oc1cccc2c1CCC(c1ccccc1)O2)c1ccccc1,1
O=C1C2Cc3c([nH]c4ccccc34)C(c3ccc4c(c3)OCO4)N2C(=O)CN1C1CCN(Cc2ccccn2)C1,1
O=C1C2Cc3c([nH]c4ccccc34)C(c3ccccc3)N2C(=O)CN1C1CCN(Cc2ccc3c(c2)OCO3)C1,1
c1ccc(-c2cc(-c3ccccc3)nc(N3CCCCC3)n2)cc1,1
O=S(=O)(c1cc2c(s1)CCNC2)N1CCN(c2ccccc2)CC1,1
C=C1C(=O)CC2CC=CCCC(=O)CCCC12,1
O=C1C=CCC(CC2CCC3C4=CCC5COCC5C4=CCC23)O1,1
c1ccc2c(-c3c[nH]nn3)ccnc2c1,1
c1ccc(-c2cc(-c3ccccc3)nc(NCCNc3ccnc4ccccc34)n2)cc1,1
C=C1C(=O)CC2CC=CCCC=CCCC12,1
O=C1C(Oc2ccccc2)C2(c3ccccc3-c3ccccc32)N1c1ccccc1,1
O=C(CCCN1CCNCC1)OC1CC2(N3CCCC3)CC(c3ccccc3)C1C(c1ccccc1)C2,1
c1ccc(OCCSc2nnc(-c3c[nH]c4ccccc34)[nH]2)cc1,1
O=C(C=Cc1ccccc1)c1ccc(-n2nnc3ccccc32)cc1,1
c1ccc2c(NCCCN3CCN(CCCN(CC4CC4)N4CCCCC4)CC3)ccnc2c1,1
O=C(CCc1ccccc1)OCO[PH](=O)OCOC(=O)CCc1ccccc1,1
O=C(NNc1ccnc2ccccc12)c1ccnc2ccccc12,1
O=C(CN1C(=O)c2ccc(N3CCOCC3)cc2C1=O)NCCCCCCNc1ccnc2ccccc12,1
O=C(C=Cc1cccc(Nc2ccnc3ccccc23)c1)OC1CCCCC1,1
C(=Cc1cc(Nc2ccccc2)c2ccccc2n1)c1ccccc1,1
O=C(C=NNc1ccnc2ccccc12)NCCCCCCCNc1ccnc2ccccc12,1
C1CCC2(CC1)OCCOO2,1
C1COOCO1,1
O=C(c1ccccc1)c1ccccc1NC(=O)C(c1ccc2ccccc2c1)N1CCNCC1,1
O=C(CCC(=O)OCCCCCCC1CCC2C3=CCC4CC(=O)CCC4C3=CCC12)CCC1CCC2C3=C(C(=O)CC12)C1CCCCC1CC3=O,1
O=C1C=CCC(C(=O)OCc2ccccc2OC2CCCC(COC(=O)c3ccccc3)O2)C1,1
O=C1CC(=O)C2=CC3(CCN(C(=O)CCC4CC5CCCC6CCC7OOC65C(O4)O7)CC3)OOC2C1,1
O=C(CCCCCCCCCC[P+](c1ccccc1)(c1ccccc1)c1ccccc1)OC1=CC(=O)c2ccccc2C1=O,1
O=C1c2ccccc2C(=O)N1CCN(OCc1ccccc1)C(=S)Nc1ccc(Nc2ccc(NC(=S)N(CCN3C(=O)c4ccccc4C3=O)OCc3ccccc3)cc2)cc1,1
O=C(C=Cc1ccccc1)OCCCCNc1ccnc2ccccc12,1
O=C1CSC(c2ccco2)N1CCCCNc1ccnc2ccccc12,1
C1CN2CCC1CC2,1
O=C(C=Cc1c[nH]c2ccccc12)c1ccc(C=Cc2ccccc2)cc1,1
O=C1C(NCc2cn(-c3ccnc4ccccc34)nn2)C(C=Cc2ccccc2)N1C1CCCCC1,1
O=C(c1ccnc(Nc2nc3cnc(Nc4ccccc4)cc3[nH]2)c1)N1CCCC1,1
O=C(C=Cc1ccccc1)OC1CC2(N3CCCCC3)CC(c3ccccc3)C1C(c1ccccc1)C2,1
c1csc(CC2c3ccccc3C3=NCCN32)c1,1
O=S1(=O)c2ccccc2-c2ccc(-c3nc(-c4ccccc4)[nH]c3-c3ccccc3)cc21,1
O=C(NN(CC1CCOCC1)c1ccncn1)c1ccc(CN2CCNCC2)cc1,1
O=C(NN(c1ccncn1)C1CCOCC1)c1ccc(CN2CCNCC2)cc1,1
O=C1C(=Cc2ccccc2)Oc2c(CN3CCCCC3)cccc21,1
O=S(=O)(c1ccccn1)N(Cc1ccc2ccccc2c1)C1Cc2ccccc2N(Cc2cnc[nH]2)C1,1
O=[PH](OCC1CC2CCCC3CCC4OOC32C(O1)O4)OCC1CC2CCCC3CCC4OOC32C(O1)O4,1
O=C(CC1CC2CCCC3CCC4OOC32C(O1)O4)NCCC1CC2CCCC3CCC4OOC32C(O1)O4,1
c1ccc2c(c1)CC1c3ccccc3CC[NH+]1C2,1
O=C(CCCCCN1C=C(C(=O)OCc2ccccc2)C(c2ccc(-c3ccccc3)cc2)NC1=O)NCC1CCCCC1,1
c1ccc2c3c(N4CCC(N5CCCCC5)CC4)c4ccccc4[nH]c-3nc2c1,1
c1ccc2c(NCCN3CCOCC3)c3c(nc2c1)[nH]c1ccccc13,1
O=C(Nc1ccccc1)c1nc2cccc(OCCc3ccccc3)c2c(=O)[nH]1,1
c1ccc(-c2nc(-c3ccncc3)[nH]c2-c2ccccc2)cc1,1
O=C(OC1CC2CC(c3ccccc3)C1C(c1ccccc1)C2)c1ccc2c(c1)OCO2,1
O=C(CCN1CCCC1)N(CCCNc1c2ccccc2nc2ccccc12)CCCNc1c2ccccc2nc2ccccc12,1
c1cn[nH]n1,1
c1nnc[nH]1,1
O=C1C=CC2(C=C1)CO2,1
c1ncc2ncn(Cc3ccc(CCCCc4ccc(C[n+]5ccc(N6CCCC6)cc5)cc4)cc3)c2n1,1
O=C(NCCCCNc1cccc2cccnc12)NNC(=O)NC1CCCCC1,1
O=C(OCC1OCC(OC(=O)c2ccccc2)C(OC(=O)c2ccccc2)C1OC(=O)c1ccccc1)c1ccccc1,1
O=C(CCc1c[nH]c2ccccc12)NC(Cc1c[nH]c2ccccc12)C(=O)NCC(=O)C1CO1,1
c1ccc(C2CCN(c3ccnc(-c4ccccn4)n3)CC2)cc1,1
c1ccc(NCCNc2ccnc(-c3ccccn3)n2)nc1,1
c1cc2nc3ccc(N4CCCCC4)cc3[o+]c2cc1N1CCCCC1,1
O=C(Cn1c[n+](CC(=O)c2ccccc2)cn1)c1ccccc1,1
O=C(NCC1CCC(n2cnc3c(NCc4ccc(Oc5ccccc5)cc4)ncnc32)O1)c1ccc2c(c1)ncn2Cc1cccc2ccccc12,1
c1ccc(CSc2ncnc3c2ncn3Cc2ccc(CCc3ccc(C[n+]4ccc(N5CCCC5)cc4)cc3)cc2)cc1,1
O=C1NCc2nc3cc(-c4nnn[nH]4)ccc3c(=O)n2C1Cc1c[nH]c2ccccc12,1
c1ccc(-c2nccc(NCC3CCOC3)n2)nc1,1
N=C(Nc1ccc(-c2ccc(-c3ccc(NC(=N)c4nccs4)cc3)o2)cc1)c1nccs1,1
N=C(Nc1ccc(-c2ccc(-c3ccc(NC(=N)c4cc[nH]n4)cc3)o2)cc1)c1cc[nH]n1,1
c1ccc(CNc2nc(Nc3ccc(Nc4ccnc5ccccc45)cc3)nc(N3CCCCC3)n2)cc1,1
O=C(NCCN1CCOCC1)c1ccccc1,1
O=C1C=CC(CSc2nnc[nH]2)N1CCNc1ccnc2ccccc12,1
C(#CC1CN2CCC1CC2)c1cccs1,1
C1=C(c2cnc3ccccc3c2)C2CCN1CC2,1
O=C(Cc1ccccc1)NCCCNc1nc2ccccc2[nH]1,1
C1=CC2Cc3nc4ccccc4cc3C(C1)C2,1
c1ccc(CON2CCN=C2Nc2ccc(Nc3ccc(NC4=NCCN4OCc4ccccc4)cc3)cc2)cc1,1
c1cc(Nc2ccc(NC3=NCCN3OC3CCCCO3)cc2)ccc1NC1=NCCN1OC1CCCCO1,1
O=C1C=C(OCc2cn(-c3ccc(C(=O)C=Cc4ccccc4)cc3)nn2)c2ccccc2C1,1
c1ccc2oc(CCCCCCCCCCCc3cc4ccccc4o3)cc2c1,1
c1ccc(C2CC3(N4CCOCC4)CCNC2C(c2ccccc2)C3)cc1,1
c1cc(OCCCCCOc2cccc(C3=NCCN3)c2)cc(C2=NCCN2)c1,1
c1ccc(C2COc3c(ccc4occc34)C2)cc1,1
O=C1C(N(Cc2cn(-c3ccnc4ccccc34)nn2)Cc2cn(-c3ccnc4ccccc34)nn2)C(C=Cc2ccccc2)N1C1CCCCC1,1
O=C(C(Cc1ccccc1)N1C(=O)c2ccccc2C1=O)N1CCCC1,1
O=C(NCCCN1CCN(CCCN(CCCc2ccccc2)CCCc2ccccc2)CC1)C12CCCCC1C1=CCC3C4CCCCC4CCC3C1CC2,1
O=C(c1ccccc1)c1ccc(CN2CCNCC2)cc1,1
C1CCC2C(C1)CCC1CCCCC12,1
C=C1C(=O)OC2CC3CCCCC3CC12,1
C(#CC1CN2CCC1CC2)c1ccc2cc[nH]c2c1,1
c1ccc(-c2noc(CSc3nnc(-c4c[nH]c5ccccc45)[nH]3)n2)cc1,1
O=C1NC(=O)C(Cc2cccc3c2BOC3)S1,1
O=C1CCC2CCCCC2O1,1
O=C(NC1CC1)c1ccc(CCN2CCC(Nc3nc4ccccc4[nH]3)CC2)cc1,1
O=C1C(=Cc2cccc(-c3cccc(-c4cnc5ccccc5c4)c3)c2)Oc2ccccc21,1
c1cnc(-c2ccc(-c3cnccn3)cc2)cn1,1
c1ccc(CC2CCCN2c2ccnc(-c3ccccn3)n2)cc1,1
O=C1Cc2ccc3ccccc3c2C(=O)O1,1
O=C(NC(CCc1ccccc1)C(=O)NCCCc1ccccc1)OCc1ccccc1,1
O=c1cc2ccccc2c(-c2ccccc2)[nH]1,1
c1ccc2c(c1)cnc1[nH]ccc12,1
O=C(CC1CCCCC1)NCC12CC(CN1Cc1ccccc1)C2,1
O=C1c2ccccc2CC2C1CCC1CC=CC(=O)C12,1
O=C(NCC12CC(CN1Cc1ccccc1)C2)C1(c2ccccc2)CCCC1,1
O=C(NN=c1[nH]c(-c2ccccc2)cs1)c1cn(-c2ccccc2)nc1-c1ccccc1,1
c1coc(Cn2cccc2C2CC3CCCC4CCC5OOC43C(O5)O2)c1,1
c1ccc2ncc(CNCC3CCNCC3)cc2c1,1
O=C(c1ccccc1)c1ccc(NC2=NCCN2)cc1,1
c1ccc(Sc2ccc(NC3=NCCN3)cc2)cc1,1
c1cc(NC2=NCCN2)ccc1CCc1ccc(NC2=NCCN2)cc1,1
c1ccc(Oc2ccc(NC3=NCCN3)cc2)cc1,1
O=S(=O)(C=Cc1cccc2ccccc12)c1ccccc1,1
O=C(Cc1ccccc1)N1CC(CNc2ccccc2)C2(C1)CN(c1ccccc1)C2,1
c1ccc(CN2CC(CNc3ccccc3)C3(C2)CN(c2ccccc2)C3)cc1,1
c1ccc2c(Nc3ccc(Nc4ncnc(N5CCNCC5)n4)cc3)ccnc2c1,1
O=c1cc(-c2cc(-c3ccccc3)ccn2)[nH]c2ccccc12,1
C1C2CC3CC1CC(C2)C31OOC2(CC3CCC(C2)N3)OO1,1
c1ccc(-c2cccc3ncccc23)c(CN2CCNCC2)c1,1
O=C1CNC(=O)CNC(=O)c2csc(n2)CNC(=O)C2COC(=N2)CN1,1
O=C1CNC(=O)CNC(=O)c2cccc(c2)CNC(=O)C(Cc2ccccc2)NC(=O)CNC(=O)C(Cc2ccccc2)NC(=O)CN1,1
O=C1C(=Cc2ccccc2)Oc2c(CN3CCNCC3)cccc21,1
O=C1CC(c2ccccc2)NC(c2ccccc2)C1,1
O=S(=O)(OC12CC3CC(C1)C1(OOC4(CCCCC4)O1)C(C3)C2)c1cccc2ccccc12,1
O=C1C(=Cc2ccccc2)SC(=Nc2ccccc2)N1c1ccccc1,1
N=C(Nc1ccc(Oc2ccc(Oc3ccc(NC(=N)c4ccc(-c5ccccc5)cc4)cc3)cc2)cc1)c1ccc(-c2ccccc2)cc1,1
O=C1C2Cc3c([nH]c4ccccc34)C(c3ccc4c(c3)OCO4)N2C(=O)CN1CCN1CCOCC1,1
O=C1C2Cc3c([nH]c4ccccc34)C(c3ccc4c(c3)OCO4)N2C(=O)CN1CCCNCc1ccccc1,1
O=C1C2Cc3c([nH]c4ccccc34)C(c3ccc4c(c3)OCO4)N2C(=O)CN1c1ccc(CN2CCOCC2)cc1,1
O=C1C2Cc3c([nH]c4ccccc34)C(c3ccc4c(c3)OCO4)N2C(=O)CN1c1cccnc1,1
C1=CC(C2CCCCC2)OOC1,1
O=c1cc2cc(OCc3ccccc3)c(OCc3ccccc3)cc2c(-c2ccccc2)[nH]1,1
C=C1CCC2CCCCC2C1CCC1=CC(=O)OC1,1
c1ccc2c3ccnc-3c[nH]c2c1,1
C1CCC2=C(C1)CCC1CCCCC21,1
O=C1CCN(C(C(=O)Nc2ccccc2C(=O)c2ccccc2)c2ccccc2)CC1,1
O=C(c1ccccc1)c1ccccc1NC(=O)C(c1ccc(-c2ccccc2)cc1)N1CCNCC1,1
O=C(c1ccccc1)c1ccccc1NC(=O)C(c1cccc2ccccc12)N1CCNCC1,1
C1=CC(C2CCCCC2)OOC1c1ccccc1,1
c1cc2c3c(c(OC4CCCC4)ccc3n1)CCC2,1
O=[PH](Oc1ccccc1)N1CCCC1,1
O=S(=O)(NCCCNc1ccnc2ccccc12)c1ccc2c(c1)OCCN2,1
O=C(N1CCOCC1)N1CCC2(CC1)OOC1(OO2)C2CC3CC(C2)CC1C3,1
C1=CC2=NC1=CC1=CC3=CCC(=C4CCC(=CC5=NC(=C2)C=C5)N4)C3=N1,1
O=C1c2cc3c(cc2NC1c1ccccc1)OCO3,1
c1ccc2cc(CC3CN4CCC3CC4)ccc2c1,1
O=C(NCC1CCNCC1)c1ccc(C2CCC3(CC2)OOC2(OO3)C3CC4CC(C3)CC2C4)cc1,1
O=C(NCC12CC(CN1Cc1ccccc1)C2)c1ccc2ccccc2n1,1
O=C1C(=Cc2ccc(-c3ccccc3)cc2)Oc2ccccc21,1
O=C(NCc1ccccc1)c1nc(COc2ccc3scnc3c2)cs1,1
c1cc(OCCCCCCCOc2cccc(-c3nc4ccccc4[nH]3)c2)cc(-c2nc3ccccc3[nH]2)c1,1
C1=CCCN=C1,1
N=C1CC(c2ccccc2)CC2Nc3ccccc3C(=O)C12,1
O=C(OC1CCOC(Oc2ccc3oc4ccccc4c(=O)c3c2)C1)c1ccccc1,1
O=C(CCCN1C=CC(c2ccccc2)NC1=O)NCCn1cccc1-c1ccccc1,1
O=c1cc(NCCc2ccccc2)c1=O,1
c1cc(OCCCCOc2cccc(-c3nc4ccccc4[nH]3)c2)cc(-c2nc3ccccc3[nH]2)c1,1
c1ccc2c3ccnc-3[nH]cc2c1,1
O=C(COc1cccc2oc(=O)cc(CC3CC3)c12)N1CCc2c([nH]c3ccccc23)C1,1
c1ccc2[nH]c(-c3ccc(OCCCCCCCCCOc4ccc(-c5nc6ccccc6[nH]5)cc4)cc3)nc2c1,1
C1=CNN2C(c3ccccc3)=CN=CC2=N1,1
S=C(NN=Cc1cccc2ccccc12)Nc1ccccc1,1
O=C1C=CC2=CC3=C(CCC2CO1)C1CCC2CC4(CC=CC(=O)O4)OCC21CC3,1
O=C1C=[NH+]c2ccccc21,1
O=C1CN(C(=O)CCc2ccccc2)CN1CCCCNc1cccc2cccnc12,1
O=C(NCc1cccc(CNC(=O)C23CC4CC(C2)C2(OOC5(CCCCC5)O2)C(C4)C3)c1)OCC1c2ccccc2-c2ccccc21,1
O=C(NN(CC1CC1)c1ccncn1)c1ccc(CN2CCNCC2)cc1,1
O=C(NN(c1ccncn1)C1CCC1)c1ccc(CN2CCNCC2)cc1,1
O=C1C=CC2C(c3cccc(Oc4ccccc4)c3)C(c3cccc(=O)o3)C2(C=Cc2cccc(Oc3ccccc3)c2)O1,1
O=c1cccc(CCc2ccccc2)o1,1
O=C1CC(c2cccc(C3CC=C(C=NOCc4ccccc4)C(=O)C3)c2)CC=C1C=NOCc1ccccc1,1
O=C(C=CS(=O)(=O)c1ccccc1)NCCc1ccccc1,1
O=C(Oc1ccccc1Oc1ccccc1)c1cccnc1,1
O=C(NC12CC3CC(CC(C3)C1)C2)OCC1N=C(c2ccccc2)c2ccccc2NC1=O,1
O=C(NCC12CC(CN1Cc1ccccc1)C2)c1ccc(-c2ccco2)cc1,1
c1cc(OCCCCCCCCCOc2cccc(-c3nc4ccccc4[nH]3)c2)cc(-c2nc3ccccc3[nH]2)c1,1
c1ccc2c(N3CCCC3)nc(N3CCCC3)nc2c1,1
O=C(CCCc1cn(Cc2ccccc2)c2ccccc12)NC1CCCCCC1,1
c1ccc(CNc2ncc3ccccc3n2)nc1,1
c1ccc(N(c2ccccc2)c2ncnc(Nc3ccc(Nc4ccnc5ccccc45)cc3)n2)cc1,1
N=c1n(CCOc2ccccc2)c2ccccc2n1CCN1CCCCC1,1
c1ccc(C2CC3CC(NCCN4CCCC4)C2C(c2ccccc2)C3)cc1,1
c1ccc(OCCCCCCOc2cccc(-c3cc4cc(C5=NCCN5)ccc4o3)c2)cc1,1
O=C1NCc2nc(cs2)C(=O)NCC2=NC(CO2)C(=O)NCc2nc1co2,1
c1ccc(COCCCN2CCNCC2)cc1,1
O=c1ccnc(SCC2CCCCC2)[nH]1,1
O=C(Nc1nc(-c2ccncc2)cs1)c1ccccc1,1
O=C(CN1CCNCC1)Nc1ccccc1C(=O)c1ccccc1,1
O=c1cc(CC2Cc3nccc4cccc(c34)O2)oc2ccccc12,1
c1cc(N2CCCCC2)ccc1NC1=NCCN1,1
O=S(=O)(C1CC1)N1CCC2(CC1)OOC1(OO2)C2CC3CC(C2)CC1C3,1
O=C(CC1CC2CCCC3CCC4OOC32C(O1)O4)N1CCN(c2c3ccccc3nc3ccccc23)CC1,1
c1nc2cncn(Cc3ccc(CCc4ccc(C[n+]5ccc(N6CCCC6)cc5)cc4)cc3)c-2n1,1
O=C(NC(CCN1CCN(Cc2ccc3c(c2)OCO3)CC1)Cc1ccccc1)c1ccc2c(c1)OCO2,1
c1ccc(CSc2ncnc3c2ncn3Cc2ccc(C[n+]3ccccc3)cc2)cc1,1
O=S(=O)(Nc1ccccc1)c1nc[nH]n1,1
O=C(NNc1ccncn1)c1cc2cc(OCCN3CCNCC3)ccc2o1,1
O=C(CNC(=O)c1ccccn1)NCCOCc1ccccc1,1
C1=CCCC2C=CCC2CC=CCC1,1
O=C(CN1CCCCC1)Nc1cc(Nc2ccnc3ccccc23)cc(C(=O)N2CCOCC2)c1,1
c1ccc2c(c1)C1=NCCN1C2Cc1cccc2ccccc12,1
c1ccc2c(c1)OCCO2,1
O=C(NN(CCc1ccccc1)c1ccncn1)c1ccc(CN2CCNCC2)cc1,1
C=C1C(=O)CC2C3=C1C14OC(=O)C5=C1CC1C(COC(=O)C=CCOC(=O)CCC(=O)OC5)C5CC5C1C4CC3C1CC21,1
O=C(OCCC1CC2CCCC3CCC4OOC32C(O1)O4)OCCC1CC2CCCC3CCC4OOC32C(O1)O4,1
c1ccc(Nc2nc(Oc3ccccc3)nc(N3CCCCC3)n2)cc1,1
c1ccc(OPNC2CCCC2)cc1,1
c1cncc(Nc2cc3[nH]c(Nc4ccc(N5CCNCC5)cn4)nc3cn2)c1,1
O=c1ccc(C2CCCCC2)c[nH]1,1
O=c1cc[nH]c2cc(OCc3ccccc3)ccc12,1
O=C(NCCCCNc1cccc2cccnc12)NC1CCCC1,1
c1ccc(-c2nc3c(N4CCOCC4)nccc3[nH]2)cc1,1
O=C1CC2C3=COC(C4CCCCC4=O)=CC3=CC(=O)C2O1,1
O=C1CCCC=CC(=O)OC2CC(CCCC=CC=CCCCCC(=O)CCC1)OC1(CCCCO1)C2,1
O=C(NN(CC1CCC1)c1ccncn1)c1ccc(CN2CCNCC2)cc1,1
O=C(NCCc1ccccc1)c1cc(-c2ccc(CN3CCOCC3)cc2)nc2ccccc12,1
O=C(CCN1CCCCC1)N1CCC2(N3CCCCC3)CC(c3ccccc3)C1C(c1ccccc1)C2,1
c1cc(Nc2nccc(Nc3ccc4nc[nH]c4c3)n2)cc(N2CCOCC2)c1,1
O=C(NCc1ccccc1)C1CNCC1c1cncs1,1
S=C(Nc1cccnc1)NC1CCN(Cc2ccccc2)CC1,1
C1=Cc2ccccc2NC1=CC=C1C=Nc2ccccc21,1
O=S(=O)(NCCCCCCCNc1ccnc2ccccc12)c1cccc2ccccc12,1
O=C1CC2CCC3C(CCC4C(c5ccoc5)C(=O)C5OC543)C2C2OC12,1
c1ccc(-c2coc(-c3ccccc3)n2)cc1,1
O=C(CN1CCCCC1)NC1CC2CC(c3ccccc3)C1C(c1ccccc1)C2,1
O=C(CCN1CCCCC1)NC1CC2CC(c3ccccc3)C1C(c1ccccc1)C2,1
O=C(NCc1ccccc1)C1CNCC1c1cnc2ccccc2c1,1
O=c1ccoc2cc(Nc3ccnc4ncnn34)ccc12,1
O=C(Oc1ccccc1Oc1ccccc1)c1ccc[nH+]c1,1
c1ccc2c(Nc3ccnc4ncnn34)cccc2c1,1
C=C1CCCCC1Cc1ccccc1,1
O=C(Nc1nccs1)c1ccn[nH]1,1
c1ccc(N=c2ccn(CCCN3CCCCC3)c3cc(-c4ccccc4)ccc23)cc1,1
c1ccc(-c2ccc(N=c3ccn(CCCN4CCCCC4)c4cc(-c5cnc6ccccc6c5)ccc34)cc2)cc1,1
O=S(=O)(NCC1=COC2OC3CCC4CCCC1C42OO3)c1ccccc1,1
c1ccc(-c2nc3c(N4CCC(CN5CCNCC5)CC4)ccnc3[nH]2)cc1,1
O=C(CN1CCNCC1)NC1CC2(N3CCNCC3)CC(c3ccccc3)C1C(c1ccccc1)C2,1
O=C(OC1C=C2CCNC2C2c3cc4c(cc3C(=O)OC12)OCO4)c1cccc(C(=O)OC2C=C3CCNC3C3c4cc5c(cc4C(=O)OC23)OCO5)n1,1
O=C1NC2CC=C3CCNC3C2c2cc3c(cc21)OCO3,1
O=C(C=Cc1cccs1)c1ccc(C=Cc2ccccc2)cc1,1
c1ccc(Cc2ccc(Cc3ccccc3)o2)cc1,1
O=C(NCCCCNc1cccc2cccnc12)N(C1CCCCC1)C1CCCCC1,1
O=C1C(NCc2cn(-c3ccnc4ccccc34)nn2)C(C=Cc2ccccc2)N1Cc1ccccc1,1
c1ccc(COc2ccc(C3=NCCN3)cc2)c(COc2ccc(C3=NCCN3)cc2)c1,1
c1ccc2c(NC3CCNCC3)cc(N3CCNCC3)nc2c1,1
c1cc2c(NC3CCNCC3)nc(N3CCNCC3)nc2cc1OCCCN1CCCCC1,1
C=C1CCC2CCCC3CCC(CCNC(=O)C(NC(=O)c4ccncc4)c4ccccc4)C1C23,1
c1ccc(CNc2nc(N3CCCCC3)nc3ccccc23)cc1,1
c1ccc2c(NCc3ccncc3)nc(Nc3ccncc3)nc2c1,1
c1cncc(CNc2nc(N3CCCC3)nc3ccccc23)c1,1
c1ccc(Cc2nnc(Cc3cccc4ccccc34)o2)cc1,1
O=C1C=C(OCc2cn(Cc3ccccn3)nn2)C(=O)c2ccccc21,1
c1ccc(COc2nncc(-c3cnncn3)n2)cc1,1
O=C1CCC2=CCC3C4CC=CC4CC(=O)C3C2C1,1
O=C1CNC(=O)CNC(=O)CNC(=O)CNC(=O)C2CCCN2C(=O)CNC(=O)CNC(=O)CNC(=O)CN1,1
O=C(NCCNc1cccc2ccccc12)NC1C(=O)N(c2ccccc2)C1C=Cc1ccccc1,1
O=C(CCN1CCNCC1)CC1CCC2(CC1)OOC1(OO2)C2CC3CC(C2)CC1C3,1
O=C1c2cccc3c(N4CCCCC4)ccc(c23)C(=O)N1CCNc1ccnc2ccccc12,1
c1ccc(-c2ccc3cc(-c4ccccn4)[nH]c3c2)cc1,1
c1ccc(CCCNc2ccnc(-c3ccccn3)n2)cc1,1
c1ccc(CC2CCN(c3ccnc(-c4ccccn4)n3)C2)cc1,1
O=C(CNC(=O)CN1CCNCC1)NCC(=O)NC(Cc1c[nH]c2ccccc12)C(=O)N1CCN=C1COc1ccccc1,1
O=C1C=C(CSc2ccc3ccccc3c2)C(=O)c2ccccc21,1
O=C1C(c2ccc(-c3ccccc3)cc2)=[NH+]c2ccccc21,1
O=C1C=CC2CC=CCCCC=CCC12,1
O=C1C=CC2CCC3OC3CCC=CCC12,1
C=C1CCC2CC(=O)C(=C)C2CCC2OC2CC1,1
O=C(NCc1ccccc1)C1CNCC1c1cc[nH]n1,1
O=C1NCC2=NC(CS2)C(=O)NC(Cc2ccccc2)C2=NC(CO2)C(=O)NCc2nc1cs2,1
N=C(Nc1ccc(-c2ccc(-c3ccc(NC(=N)c4c[nH]cn4)cc3)o2)cc1)c1c[nH]cn1,1
O=C1NC(=O)C2(CCN(Cc3ccccc3)CC2)N1c1ccccc1,1
c1ccc(COCCCNCC2CC2)cc1,1
c1ccc(Nc2cc3[nH]c(-c4cn[nH]c4)nc3cn2)nc1,1
O=C(CCCC(=O)OC(c1ccnc2ccccc12)C1CC2CCN1CC2)OCc1ccccc1,1
N=C(CCCCCCCCCCCCC=NOC(=O)c1ccccc1)NOC(=O)c1ccccc1,1
O=C1C(Oc2ccc(-c3nc4ccccc4s3)cc2)C(C=Cc2ccccc2)N1c1ccccc1,1
O=C(NNC(=O)c1ccc2c(c1)C(=O)N(CCCCNc1ccnc3ccccc13)C2=O)c1ccncc1,1
c1ccc(-c2ccc(-c3ccco3)o2)cc1,1
c1cc(Oc2ccc(NC3=NCCN3)cc2)ccc1NC1=NCCN1,1
O=C1N(Cc2ccccc2)C(=O)C2(CCNCC2)N1Cc1ccccc1,1
c1ccc(CCN2CCC(Nc3nc4ccccc4n3CC3CCCCC3)CC2)cc1,1
O=C1CCC2C(CCC3C4CCC5(C(=O)n6ccnc6)CCCCC5C4=CCC23)C1,1
c1ccc(COCCCNCCc2cccs2)cc1,1
O=C1C=CC2C(CC=CCCCC1)CCC2OC(=O)c1ccccc1,1
O=C(c1ccccc1)c1cc(N(S(=O)(=O)c2ccccc2)S(=O)(=O)c2ccccc2)ccc1NC(=O)C(c1ccccc1)N1CCNCC1,1
O=C(Nc1ccc(NC(=O)C(c2ccccc2)N2CCNCC2)c(C(=O)c2ccccc2)c1)c1cccnc1,1
c1ccc(OCCCCCCOc2ccc(-c3cc4ccc(C5=NCCN5)cc4o3)cc2)cc1,1
O=C1c2ccccc2OCC1c1ccc2c(c1)C=CCO2,1
O=C(CN1CCCCC1)Nc1cc(COC(=O)CCCCN2CCNCC2)cc(Nc2ccnc3ccccc23)c1,1
O=C(CN1CCCCC1)Nc1cc(CNC(c2ccccc2)c2ccccc2)cc(Nc2ccnc3ccccc23)c1,1
c1csc(-c2ccnc3c2[nH]c2ccccc23)c1,1
O=C(NCc1ccccc1)C1CNCC1c1ccc(Oc2ccccn2)cc1,1
O=C(NCc1ccccc1)C1CNCC1c1cc2ccccc2s1,1
c1ccc(C(c2c[nH]cc2-c2ccc3ccccc3c2)n2ccnc2)cc1,1
O=C(NCc1ccc(N2CCCC2)cc1)C1CNCC1c1cccnc1,1
N=C1NC(c2cccc(-c3cccnc3)c2)(c2cccc(-c3cccnc3)c2)C(=O)N1C1CCCCC1,1
c1ccc2c(c1)c1ccccc1n2CCCN1CCCCC1,1
O=C(OC1CC2(N3CCCCC3)CC(c3ccccc3)C1C(c1ccccc1)C2)c1ccc2c(c1)OCO2,1
c1ccc(-c2nccc(NCCc3ccncc3)n2)nc1,1
O=C1c2ccccc2C(=O)c2cc(-c3cccc4c3C(=O)c3ccccc3C4=O)ccc21,1
c1ccc(-c2nccc(NCC3CCCCC3)n2)nc1,1
C(CCCCCCNC1=NCCC1)CCCCCNC1=NCCC1,1
C(CCCCCCNC(=NC1CCCCC1)NC1CCCCC1)CCCCCNC(=NC1CCCCC1)NC1CCCCC1,1
c1cc(OCCCCOc2cccc(C3=NCCN3)c2)cc(C2=NCCN2)c1,1
c1ccc(-c2ccc(-c3cccs3)o2)cc1,1
O=C(Nc1ccc(NC=NOC2CCCCO2)cc1)c1ccc(NC=NOC2CCCCO2)cc1,1
O=c1[nH]c(CCCCCCCCCCCCc2nsc(=O)[nH]2)ns1,1
O=C(NCc1ccccc1)c1nc(COc2ccc3scnc3c2)co1,1
O=C(Nc1ccc(NC(=O)C(c2ccccc2)N2CCNCC2)c(C(=O)c2ccccc2)c1)c1ccccc1,1
O=C(C=Cc1ccc2ccccc2c1)c1c[nH+]c2ccccc2[nH+]1,1
C1=Cc2cc(COCc3ccccc3)ccc2OC1,1
c1ccc(Cn2cccc2C2CC3CCCC4CCC5OOC43C(O5)O2)cc1,1
C=C1CCc2c3[nH]c4ccccc4c3c(CCC3CC4c5[nH]c6ccccc6c5CCN4CC3=C)c[n+]2C1,1
C1=NN(c2ccccc2)C2=CN=C3NC(c4ccccc4)=CC3N12,1
O=C(CN1CCCCC1)Nc1cc(Nc2ccnc3ccccc23)cc(C(=O)N2CCCCC2)c1,1
c1ccc2[nH]c(-c3ccc(OCOc4ccc(-c5nc6ccccc6[nH]5)cc4)cc3)nc2c1,1
c1ccc(C2Cc3ccccc3O2)cc1,1
O=C(CN1CCCCC1)Nc1cc(COC(=O)c2ccccc2)cc(Nc2ccnc3ccccc23)c1,1
O=C1CCCCN1,1
c1ccc(-c2cn[nH]c2)cc1,1
O=C(CC1CCC2(CC1)OOC1(OO2)C2CC3CC(C2)CC1C3)N1CCN(C2CCNCC2)CC1,1
O=C1C=CCCC2=CC(=O)OC2CC=C1,1
O=c1cccc(C=Cc2ccc3c(c2)OCO3)o1,1
C(=Cc1ccccc1)OC1CC2CCCC3CCC4OOC32C(O1)O4,1
C1=CC2Cc3c4[nH]c5ccccc5c4cc[n+]3CC2CO1,1
c1ccc2c(-n3cc(CN4CCN(C5CCCCC5)CC4)nn3)ccnc2c1,1
O=S(=O)(OC12CC3CC(C1)C1(OCC4(CCCCC4)O1)C(C3)C2)c1cccc2ccccc12,1
c1cc(COc2cccc(-c3nc4ccccc4[nH]3)c2)cc(COc2cccc(-c3nc4ccccc4[nH]3)c2)c1,1
c1ccc2c(c1)nc(NCCCN1CCNCC1)c1c3ccccc3[nH]c21,1
c1ccc2c(c1)nc(N1CCCNCC1)c1c3ccccc3[nH]c21,1
O=C(NCCCCCCCCNc1ccnc2ccccc12)c1ccc2c(c1)C(=O)N(NC(=O)c1ccncc1)C2=O,1
O=C(NCC12CC(CN1Cc1ccccc1)C2)c1cc2occc2[nH]1,1
c1cncc(CNc2ncc3ccccc3n2)c1,1
O=C(Nc1cccnc1)c1ccc(CNS(=O)(=O)c2ccc(N3CCNCC3)cc2)cc1,1
O=C1c2ccccc2C(=Cc2ccccc2)N1c1ccccc1,1
O=C(CC(NC(=O)OCc1ccccc1)C(=O)OC(c1ccnc2ccccc12)C1CC2CCN1CC2)OCc1ccccc1,1
c1ccc(C2CC3(N4CCCCC4)CCN(CCCN4CCNCC4)C2C(c2ccccc2)C3)cc1,1
C1=NN(c2ccccc2)C2N1c1ccccc1NC21CC=NN1c1ccccc1,1
O=C(NC(Cc1ccccc1)C(=O)NC(C=CS(=O)(=O)c1ccccc1)Cc1ccccc1)c1ccc(COC2CC3CCCC4CCC5OOC43C(O2)O5)cc1,1
O=C(C=COP1(=O)OCCO1)OCc1ccccc1,1
O=C(CN1CCCCC1)Nc1cc(CN2CCN(C(c3ccccc3)c3ccccc3)CC2)cc(Nc2ccnc3ccccc23)c1,1
O=C1N(CCc2ccccc2)CCS1(=O)=O,1
O=C(Nc1ccccc1)Nc1ccc(S(=O)(=O)Nc2ccccc2)cc1,1
c1ccc(Nc2cc[n+](Cc3ccc(-c4ccc(C[n+]5ccc(N6CCCC6)cc5)cc4)cc3)cc2)cc1,1
O=c1c(Nc2ccccc2)c(Nc2ccccc2)c1=O,1
O=C(CNC(=O)N1CCOCC1)NNc1cc(=O)c1=O,1
C1C2CC3CC1CC(C2)C31OOC2(CCC(NC3CC3)CC2)OO1,1
c1ccc2c(Nc3ccc(CN4CCCCC4)cc3)c3ccccc3nc2c1,1
c1ccc(Nc2cc[n+](Cc3ccc(C[n+]4ccccc4)cc3)cc2)cc1,1
O=C(Cc1cccc2ccccc12)NCC1CCC(n2cnc3c(NCc4ccc(Oc5ccccc5)cc4)ncnc32)O1,1
c1ccc(CCCOc2ccc(Cc3cncnc3)cc2)cc1,1
O=S(=O)(Cc1cn2cccc(Sc3ccccc3)c2n1)c1ccccc1,1
O=C(CNC(=O)c1ccco1)NCC(=O)NC(Cc1ccccc1)C(=O)NNc1ccccc1,1
C1=CN(Cc2cccc3ccccc23)CCC1=[N+]1CCCC1,1
c1cc(Nc2nccc(Nc3ccc4cn[nH]c4c3)n2)cc(N2CCOCC2)c1,1
O=C1C=CCC2c3c(c4ccccc4n3Cc3ccccc3)CCN12,1
c1ccc2c(c1)c(N1CCCC1)cc[n+]2Cc1ccc(OCCOc2ccc(C[n+]3ccc(N4CCCC4)c4ccccc43)cc2)cc1,1
O=C(CCN1CCNCC1)OC1CC2(N3CCCC3)CC(c3ccccc3)C1C(c1ccccc1)C2,1
c1ccc2[nH]c(-c3ccc(OCCOc4ccc(-c5nc6ccccc6[nH]5)cc4)cc3)nc2c1,1
c1ccc(CC2CC3(CCCCC3)OO2)cc1,1
O=C(Cc1ccccc1)NCCCCNc1ccnc2ccccc12,1
O=S(=O)(NCCCN1CCN(CCCNc2ccnc3ccccc23)CC1)c1ccsc1,1
c1cc2c3c(c1)OC1CCCC4C(C2)N(CC2CCC2)CCC314,1
c1cc(OCc2ccc(COc3cccc(C4=NCCN4)c3)cc2)cc(C2=NCCN2)c1,1
O=C1CC2CC(=O)C3C(CCC4C(c5ccoc5)C(=O)C5OC543)C2C2OC12,1
O=C(Cc1cc(-c2ccccc2)oc1-c1ccccc1)N1CCCCC1,1
C1CCC2(CCCOO2)OC1,1
O=C(CCCC(=O)OC(c1ccnc2ccccc12)C1CCCCN1)OC1=C(C2CCC(c3ccccc3)CC2)C(=O)c2ccccc2C1=O,1
O=c1cccc(C=Cc2ccc(C=Cc3cccc(=O)o3)cc2)o1,1
O=S(=O)(c1ccc(NC2=NCCN2)cc1)c1ccc(NC2=NCCN2)cc1,1
O=c1c(CN2CCCC2)c[nH]cc1-c1ccc(Oc2ccccc2)cc1,1
C1=C2Nc3ccccc3C2N=c2ccccc2=C1,1
c1ccc(-c2ccc(-c3ccccn3)cn2)cc1,1
O=C(CCN1CCNCC1)N(CCCNc1c2ccccc2nc2ccccc12)CCCNc1c2ccccc2nc2ccccc12,1
c1cncc(Nc2nnc(-c3cccc(-c4cccnc4)c3)o2)c1,1
c1cncc(-c2cccc(-c3nnc(Nc4ccc5c(n4)CNCC5)o3)c2)c1,1
O=C1CC2CCCC3CCC4OC(O1)C32O4,1
c1ccc(-c2ccc[n+](CCCc3ccc(CCC[n+]4cccc(-c5ccccc5)c4)cc3)c2)cc1,1
c1ccc(Nc2cc3[nH]c(C4CCNC4)nc3cn2)nc1,1
c1ccc(Nc2cc3[nH]c(-c4ncccn4)nc3cn2)nc1,1
c1ccc(-c2c[nH]c3c4ccccc4nc-3c2)nc1,1
O=C(NCC1CCCO1)c1cnc2ccc(-c3ccccc3)cn2c1=O,1
c1c[n+](CCCCc2ccc(-c3ccc(CCCC[n+]4ccsc4)cc3)cc2)cs1,1
O=C(OC1CCCOC1OC1CC2CCC3C4CCCCC4=CCC3C2C1)c1ccccc1,1
c1ccc(Nc2cc3[nH]c(Nc4ccc(C5CCNCC5)cn4)nc3cn2)cc1,1
O=C(C=Cc1ccccc1)NC(CCNCc1ccccc1)Cc1ccccc1,1
c1ccc(Cc2ccc(N=c3cc[nH]c4ccccc34)cc2)cc1,1
O=C1C=C2C3=CCCCC3CCC2C2CCC3CCCCC3C12,1
O=C1OC2CC3C1COC14OC5(C(CCC6C7C(=O)C=CCC7=CCC61)C(=O)OC25)C3C4=O,1
O=C(C(Cc1ccccc1)N1C(=O)c2ccccc2C1=O)N1CCN(C(=O)C(Cc2ccccc2)N2C(=O)c3ccccc3C2=O)CC1,1
C1CC2CCC3OOC24C(C1)CC(OCC1CC1)OC4O3,1
O=c1cccc(C=Cc2ccco2)o1,1
O=c1onc(CCCCCCCCCCCCc2noc(=O)n2Cc2ccccc2)n1Cc1ccccc1,1
O=C1c2ccc(NC3=NCCN3)cc2C(=O)c2ccc(NC3=NCCN3)cc21,1
c1ccc(CN2CCC3CC(c4ccccc4)C2C(c2ccccc2)C3)cc1,1
O=C1CCOC(=O)CNC(=O)CNC(=O)CNC(=O)CNC(=O)CNC(=O)CNC(=O)CN1,1
O=C1CCC2C(CCC3C2CCC2C(C4CCOC4)C(=O)C4OC432)C1,1
c1cncc(-c2ccc(-c3cccnc3)cc2)c1,1
O=C(Oc1ccc(CO[PH](=O)OCc2ccc(OC(=O)c3ccccc3)cc2)cc1)c1ccccc1,1
O=C(NNC(=O)C12CC3CC(CC(C3)C1)C2)c1ccncc1,1
O=c1cccc(C=Cc2ccc3ccccc3c2)o1,1
O=C(NCCCCNc1cccc2cccnc12)NC(C(=O)NN=C(c1ccccc1)c1ccccc1)c1ccccc1,1
O=C(NCCCCNc1cccc2cccnc12)NNC(=O)NCCNC(c1ccccc1)(c1ccccc1)c1ccccc1,1
c1ccc2c(NCCCCNc3c4ccccc4nc4ccccc34)c3ccccc3nc2c1,1
O=C1CC(=O)C2=C(C1)Oc1cc3c(cc1C2)C(=O)CC(c1ccccc1)O3,1
O=C1CC(=O)C2=C(C1)OC1OC3=C(C(=O)CC(=O)C3)C21,1
N=c1ncccn1CCCCCCCCCCCCn1cccnc1=N,1
N=c1n(CCCCCCCCCCCCn2c(=N)n(Cc3ccccc3)c3ccccc32)c2ccccc2n1Cc1ccccc1,1
O=C(NCc1ccc(-n2cccn2)cc1)C1CNCC1c1cccnc1,1
O=C1C2=C(C(=O)c3ccccc31)C1C(=O)C=CCC1CC2,1
O=C(NN(CC1CCCC1)c1ccncn1)c1ccc(CN2CCNCC2)cc1,1
O=C1CNC(=O)C(Cc2c[nH]c3ccccc23)NC(=O)C(Cc2ccccc2)NC(=O)C(Cc2c[nH]c3ccccc23)NC(=O)C(Cc2ccccc2)NC(=O)CN1,1
O=C1C=C2C(CC3C4CC4C4=CC5C6C(CC7=CC(=O)OC75C2C43)CC2CC26)O1,1
N=C(Nc1cccc(-c2cccc(-c3ccccc3)c2)c1)c1ccccn1,1
O=C1OC2CC3C1COC14OC5(C(CCC6C1CC1OC17CC=CC(=O)C67)C(=O)OC25)C3C4=O,1
O=C(CN1CCCCC1)Nc1cc(Nc2ccnc3ccccc23)cc(C(=O)NCCN2CCCC2)c1,1
c1ccc2[nH]c(-c3ccc4oc(-c5ccc(C6=NCCN6)cc5)cc4c3)nc2c1,1
O=C(CNC(=O)c1ccc(COC2CC3CCCC4CCC5OOC43C(O2)O5)cc1)NC(C=CS(=O)(=O)c1ccccc1)CCc1ccccc1,1
O=C1C(=Cc2cccc(Cc3ccccc3)c2)Oc2ccccc21,1
