Molecule_ChEMBL_ID,Molecule_Name,Molecule Max Phase,Molecular Weight,#RO5 Violations,AlogP,Compound Key,Smiles,Standard Type,Standard Relation,Standard_Value,Standard Units,pChEMBL Value,Data Validity Comment,Comment,Uo Units,Potential Duplicate,Assay ChEMBL ID,BAO Label,Assay Cell Type,Document ChEMBL ID,Source ID,Source Description,Document Journal,Cell ChEMBL ID,Assay Description,Strains,pIC50,potency_label,Representative_pIC50,Flag resistance,Flag Groups,potency_bin,mol_freq,strain_freq,strain_norm
CHEMBL1643381,,,354.8,0.0,2.51,1g,N=C(N)c1ccc(C#Cc2ccc(-c3ccc(C(=N)N)o3)o2)cc1,IC50,'=',14.1,nM,7.85,,,UO_0000065,0,CHEMBL1647318,organism-based format,,CHEMBL1641490,1,Scientific Literature,Bioorg Med Chem,,Antiplasmodial activity against Plasmodium falciparum K1 infected in human RBC after 48 hrs by [3H]-hypoxanthine incorporation assay,K1,7.85,high_potency,7.85,,,>=7.5,1,5948,K1
CHEMBL399201,,,444.58,1.0,6.0,18,CC(C)NC(=N)c1ccc2oc(CCCc3cc4cc(C(=N)NC(C)C)ccc4o3)cc2c1,IC50,'=',9.0,nM,8.05,,,UO_0000065,0,CHEMBL900417,organism-based format,,CHEMBL1138248,1,Scientific Literature,J Med Chem,,Antimalarial activity against chloroquine-resistant Plasmodium falciparum K1,K1,8.05,high_potency,8.05,chloroquine resistant,CQR,>=7.5,1,5948,K1
CHEMBL1294,QUINIDINE,4.0,324.42,0.0,3.17,QND,C=C[C@H]1CN2CC[C@H]1C[C@@H]2[C@@H](O)c1ccnc2ccc(OC)cc12,IC50,'=',51.0,nM,7.29,,,UO_0000065,0,CHEMBL3055249,organism-based format,,CHEMBL3044897,1,Scientific Literature,Med Chem Res,,Antimalarial activity against chloroquine-resistant Plasmodium falciparum K1 assessed as incorporation of [3H]hypoxanthine after 48 hr microdilution method,K1,7.29,active,7.29,chloroquine resistant,CQR,6.0-7.5,8,5948,K1
CHEMBL3358656,,,407.95,0.0,3.84,2,OC12C3C4CC5C6C4C1C6C(C53)N2CCCCNc1ccnc2cc(Cl)ccc12,IC50,'=',8.45,nM,8.07,,,UO_0000065,0,CHEMBL3382320,assay format,,CHEMBL3352505,1,Scientific Literature,Bioorg Med Chem Lett,,Antimicrobial activity against chloroquine-sensitive Plasmodium falciparum D10,D10,8.07,high_potency,8.07,chloroquine sensitive,CQS,>=7.5,2,1503,D10
CHEMBL2368247,,,374.48,0.0,4.58,6a,Cc1ccc(O[C@@H]2O[C@@H]3O[C@]4(C)CC[C@H]5[C@H](C)CC[C@@H]([C@H]2C)[C@@]35OO4)cc1,IC50,'=',3.18,nM,8.5,,,UO_0000065,0,CHEMBL763543,organism-based format,,CHEMBL1134464,1,Scientific Literature,J Med Chem,,In vitro antimalarial activity against chloroquine-resistant Plasmodium falciparum K1,K1,8.5,high_potency,8.5,chloroquine resistant,CQR,>=7.5,4,5948,K1
CHEMBL119049,,,273.38,0.0,3.0,1c,CCN(CC)CCNc1ccnc2cc(OC)ccc12,IC50,'=',448.0,nM,6.35,,,UO_0000065,0,CHEMBL766123,organism-based format,,CHEMBL1135536,1,Scientific Literature,J Med Chem,,In vitro antiplasmodial activity against chloroquine-sensitive Plasmodium falciparum D10,D10,6.35,active,6.35,chloroquine sensitive,CQS,6.0-7.5,3,1503,D10
CHEMBL3329585,,,554.62,1.0,3.66,7k,CC(=O)O[C@@H]1[C@@H](OC(C)=O)[C@H](OC(C)=O)CO[C@H]1CC(=O)/C=C/c1cccc(NC(=S)Nc2ccccc2)c1,IC50,'=',5570.0,nM,5.25,,,UO_0000065,0,CHEMBL3363211,organism-based format,,CHEMBL3351535,1,Scientific Literature,ACS Med Chem Lett,,Antimalarial activity against Plasmodium falciparum K1 after 72 hrs by SYBR Green fluorescence assay,K1,5.25,inactive,5.25,,,5.0-6.0,2,5948,K1
CHEMBL404775,,,331.89,0.0,4.95,16a,CCN(CC)C1CCCC(Nc2ccnc3cc(Cl)ccc23)C1,IC50,'=',40.6,nM,7.39,,,UO_0000065,0,CHEMBL928292,organism-based format,,CHEMBL1144696,1,Scientific Literature,J Med Chem,,Antiplasmodial activity against chloroquine-sensitive Plasmodium falciparum GCO3 after 72 hrs by SYBR green 1 assay,GCO3,7.39,active,7.39,chloroquine sensitive,CQS,6.0-7.5,4,66,GCO3
CHEMBL1236460,THIOSTREPTON,-1.0,1664.92,,,Thiostrepton,C=C(NC(=O)C(=C)NC(=O)c1csc(C2=N[C@@H]3c4csc(n4)[C@H]4NC(=O)c5csc(n5)[C@H]([C@](C)(O)[C@@H](C)O)NC(=O)[C@H]5CSC(=N5)/C(=C/C)NC(=O)[C@H]([C@@H](C)O)NC(=O)c5csc(n5)[C@]3(CC2)NC(=O)[C@H](C)NC(=O)C(=C)NC(=O)[C@H](C)NC(=O)[C@H]([C@@H](C)CC)N[C@@H]2C=Cc3c([C@H](C)O)cc(nc3[C@H]2O)C(=O)O[C@@H]4C)n1)C(N)=O,IC50,'=',916.5,nM,6.04,,,UO_0000065,0,CHEMBL1008260,organism-based format,,CHEMBL1156420,1,Scientific Literature,J Biol Chem,,Antimalarial activity after 96 hrs against Plasmodium falciparum GCO3 by [3H]hypoxanthine uptake,GCO3,6.04,active,5.84,,,6.0-7.5,8,66,GCO3
CHEMBL270539,,,342.4,0.0,4.55,6m,COc1cccc2c(N/N=C/c3ccc4ccccc4n3)cc(C)nc12,IC50,'=',117.0,nM,6.93,,,UO_0000065,0,CHEMBL934471,organism-based format,,CHEMBL1142372,1,Scientific Literature,J Med Chem,,Antiplasmodial activity against chloroquine-resistant Plasmodium falciparum K1 by [3H]hypoxanthine incorporation,K1,6.93,active,6.93,chloroquine resistant,CQR,6.0-7.5,4,5948,K1
CHEMBL97395,,,594.16,2.0,5.6,24,O=C(CN1CCCCC1)Nc1cc(COC(=O)CCCCN2CCOCC2)cc(Nc2ccnc3cc(Cl)ccc23)c1,IC50,'=',14.1,nM,7.85,,,UO_0000065,0,CHEMBL979955,organism-based format,,CHEMBL1140975,1,Scientific Literature,Eur J Med Chem,,Antimalarial activity after 24 hrs against chloroquine-resistant Plasmodium falciparum FcB1R/Colombia by [3H]hypoxanthine uptake,FcB1-R,7.85,high_potency,7.85,chloroquine resistant,CQR,>=7.5,5,214,FcB1-R
CHEMBL55,PENTAMIDINE,4.0,340.43,0.0,2.88,Pentamidine,N=C(N)c1ccc(OCCCCCOc2ccc(C(=N)N)cc2)cc1,IC50,'=',58.0,nM,7.24,,,UO_0000065,0,CHEMBL900417,organism-based format,,CHEMBL1138248,1,Scientific Literature,J Med Chem,,Antimalarial activity against chloroquine-resistant Plasmodium falciparum K1,K1,7.24,active,7.353,chloroquine resistant,CQR,6.0-7.5,23,5948,K1
CHEMBL3099043,,,458.48,1.0,6.69,13d,Clc1ccc2c(c1)c1cc(Cl)ccc1n2CCCN1CCN(CC2CCCCC2)CC1,IC50,'=',707.0,nM,6.15,,,UO_0000065,0,CHEMBL3100671,organism-based format,,CHEMBL3098117,1,Scientific Literature,ACS Med Chem Lett,,Antimalarial activity against Plasmodium falciparum K1 infected in human RBC after 72 hrs by hypoxanthine incorporation assay in presence of serum albumin,K1,6.15,active,6.15,,,6.0-7.5,1,5948,K1
CHEMBL237333,,,504.03,1.0,4.63,23,Clc1ccc2c(N3CCN(Cc4nc(Cc5ccccc5)c(N5CCOCC5)o4)CC3)ccnc2c1,IC50,'=',520.0,nM,6.28,,,UO_0000065,0,CHEMBL897918,organism-based format,,CHEMBL1149674,1,Scientific Literature,Bioorg Med Chem Lett,,Antiplasmodial activity against chloroquine-resistant Plasmodium falciparum K1,K1,6.28,active,6.28,chloroquine resistant,CQR,6.0-7.5,2,5948,K1
CHEMBL2041980,-390048,1.0,393.39,0.0,3.82,15,CS(=O)(=O)c1ccc(-c2cnc(N)c(-c3ccc(C(F)(F)F)nc3)c2)cc1,IC50,'=',25.0,nM,7.6,,,UO_0000065,0,CHEMBL2045642,organism-based format,,CHEMBL2040800,1,Scientific Literature,J Med Chem,,Antimalarial activity against chloroquine-resistant Plasmodium falciparum K1 after 24 hrs by hypoxanthine incorporation assay,K1,7.6,high_potency,7.6,chloroquine resistant,CQR,>=7.5,11,5948,K1
CHEMBL3356382,,,527.72,2.0,7.43,8,c1ccc(Nc2cc3nc4ccccc4n(-c4ccccc4)c-3c/c2=N/CC[C@@H]2CCCN3CCCC[C@H]23)cc1,IC50,'=',180.0,nM,6.75,,,UO_0000065,0,CHEMBL3377298,organism-based format,,CHEMBL3351819,1,Scientific Literature,Bioorg Med Chem,,Antiplasmodial activity against chloroquine-sensitive Plasmodium falciparum D10 assessed as inhibition of parasite growth after 72 hrs by parasite lactate dehydrogenase assay,D10,6.74,active,6.74,chloroquine sensitive,CQS,6.0-7.5,2,1503,D10
CHEMBL62603,,,681.07,2.0,10.75,6a,CCN(CC)CCCC(C)Nc1cc(CCCCCCCCc2cc(NC(C)CCCN(CC)CC)c3ccccc3n2)nc2ccccc12,IC50,'=',25.0,nM,7.6,,,UO_0000065,0,CHEMBL763681,organism-based format,,CHEMBL1133897,1,Scientific Literature,Bioorg Med Chem Lett,,Growth inhibition of chloroquine-resistant Plasmodium falciparum KI,K1,7.6,high_potency,7.6,growth inhibition of chloroquine resistant,CQR,>=7.5,3,5948,K1
CHEMBL1830991,,,431.97,1.0,6.14,11,COc1ccc(CN(C)Cc2cccc(CNc3ccnc4cc(Cl)ccc34)c2)cc1,IC50,'=',91.0,nM,7.04,,,UO_0000065,0,CHEMBL1831540,organism-based format,,CHEMBL1828581,1,Scientific Literature,J Med Chem,,Antimalarial activity against erythrocyte stages of chloroquine-sensitive Plasmodium falciparum D10 infected in human erythrocytes by lactate dehydrogenase assay,D10,7.04,active,7.04,erythrocyte stages of chloroquine sensitive,CQS,6.0-7.5,2,1503,D10
CHEMBL1830991,,,431.97,1.0,6.14,11,COc1ccc(CN(C)Cc2cccc(CNc3ccnc4cc(Cl)ccc34)c2)cc1,IC50,'=',120.0,nM,6.92,,,UO_0000065,0,CHEMBL1831541,organism-based format,,CHEMBL1828581,1,Scientific Literature,J Med Chem,,Antimalarial activity against erythrocyte stages of chloroquine-resistant Plasmodium falciparum K1 infected in human erythrocytes by lactate dehydrogenase assay,K1,6.92,active,6.92,erythrocyte stages of chloroquine resistant,CQR,6.0-7.5,2,5948,K1
CHEMBL5189097,,,549.76,2.0,6.46,29,C=C[C@H]1CN2CCc3c([nH]c4c([C@@H]5CCCN5C)c(O)ccc34)[C@@H]2C[C@@H]1CC1c2[nH]c3ccccc3c2CCN1C,IC50,'<',500.0,nM,,,,UO_0000065,0,CHEMBL5097876,organism-based format,,CHEMBL5096184,1,Scientific Literature,Eur J Med Chem,,Antiplasmodial activity against chloroquine resistant Plasmodium falciparum FCB1-R/Colombia,FcB1-R,6.3,active,6.3,chloroquine resistant,CQR,6.0-7.5,3,214,FcB1-R
CHEMBL4798032,,,427.43,0.0,3.46,UCT943,Nc1ncc(-c2ccc(C(=O)N3CCNCC3)cc2)nc1-c1ccc(C(F)(F)F)cc1,IC50,'=',4.7,nM,8.33,,,UO_0000065,0,CHEMBL5104427,organism-based format,,CHEMBL5104092,1,Scientific Literature,Eur J Med Chem,,Antimalarial activity against Plasmodium falciparum K1,K1,8.33,high_potency,8.305,,,>=7.5,4,5948,K1
CHEMBL290585,,,447.56,0.0,4.47,7q,Nc1ccc2c(Nc3ccc(S(=O)(=O)N4CCCCC4)cc3)c3ccc(N)cc3nc2c1,IC50,'=',1400.0,nM,5.85,,,UO_0000065,0,CHEMBL762989,organism-based format,,CHEMBL1127825,1,Scientific Literature,J Med Chem,,Inhibitory concentration IC50 against Plasmodium falciparum K1 by [3H]hypoxanthine uptake over 24 hr,K1,5.85,inactive,5.85,,,5.0-6.0,1,5948,K1
CHEMBL2041986,,,411.48,0.0,2.12,21,CS(=O)(=O)c1ccc(-c2cnc(N)c(-c3cccc(C(=O)NCCO)c3)c2)cc1,IC50,'=',634.0,nM,6.2,,,UO_0000065,0,CHEMBL2045642,organism-based format,,CHEMBL2040800,1,Scientific Literature,J Med Chem,,Antimalarial activity against chloroquine-resistant Plasmodium falciparum K1 after 24 hrs by hypoxanthine incorporation assay,K1,6.2,active,6.2,chloroquine resistant,CQR,6.0-7.5,2,5948,K1
CHEMBL273018,,,317.36,0.0,1.77,19g,N=C(N)c1ccc(-c2ccc(-c3cnc(C(=N)N)cn3)cn2)cc1,IC50,'=',5.7,nM,8.24,,,UO_0000065,0,CHEMBL1073225,organism-based format,,CHEMBL1152566,1,Scientific Literature,Bioorg Med Chem,,Antiplasmodial activity against Plasmodium falciparum K1,K1,8.24,high_potency,8.24,,,>=7.5,1,5948,K1
CHEMBL608725,,,368.91,0.0,4.15,6,CN(C)Cc1ccccc1CNCCNc1ccnc2cc(Cl)ccc12,IC50,'=',9.8,nM,8.01,,,UO_0000065,0,CHEMBL1065893,organism-based format,,CHEMBL1159040,1,Scientific Literature,Bioorg Med Chem Lett,,Antiplasmodial activity against chloroquine-resistant Plasmodium falciparum K1 infected in human O+ erythrocytes by parasite LDH assay,K1,8.01,high_potency,8.01,chloroquine resistant,CQR,>=7.5,2,5948,K1
CHEMBL1255659,,,175.14,0.0,2.19,NCGC00094193-01,O=Nc1ccc2oc(=O)ccc2c1,IC50,'=',10000.0,nM,5.0,,,UO_0000065,0,CHEMBL1267247,organism-based format,,CHEMBL1255382,1,Scientific Literature,Nat Chem Biol,,Antiplasmodial activity against Plasmodium falciparum D10 after 72 hrs by SYBR green assay,D10,5.0,inactive,5.0,,,<=5.0,6,1503,D10
CHEMBL99170,,,243.35,0.0,2.99,19,CCN(CC)CCNc1ccnc2ccccc12,IC50,'=',799.0,nM,6.1,,,UO_0000065,0,CHEMBL765487,organism-based format,,CHEMBL1133112,1,Scientific Literature,J Med Chem,,In vitro antiplasmodial activity against Plasmodium falciparum D10,D10,6.1,active,6.013333,,,6.0-7.5,3,1503,D10
CHEMBL295589,,,1001.85,,,36,O=C(CNCC(=O)N1CCN(c2ccnc3cc(Cl)ccc23)CCN(c2ccnc3cc(Cl)ccc23)CC1)N1CCN(c2ccnc3cc(Cl)ccc23)CCN(c2ccnc3cc(Cl)ccc23)CC1,IC50,'=',102.6,nM,6.99,,,UO_0000065,0,CHEMBL754073,organism-based format,,CHEMBL1134480,1,Scientific Literature,J Med Chem,,In vitro growth inhibition of Plasmodium falciparum FcB1R,FcB1-R,6.99,active,6.99,,,6.0-7.5,1,214,FcB1-R
CHEMBL501867,VINCRISTINE SULFATE,4.0,923.05,2.0,3.52,NCGC00094455-01,CC[C@]1(O)C[C@H]2CN(CCc3c([nH]c4ccccc34)[C@@](C(=O)OC)(c3cc4c(cc3OC)N(C=O)[C@H]3[C@@](O)(C(=O)OC)[C@H](OC(C)=O)[C@]5(CC)C=CCN6CC[C@]43[C@@H]65)C2)C1,IC50,'=',199.53,nM,6.7,,,UO_0000065,0,CHEMBL1267247,organism-based format,,CHEMBL1255382,1,Scientific Literature,Nat Chem Biol,,Antiplasmodial activity against Plasmodium falciparum D10 after 72 hrs by SYBR green assay,D10,6.7,active,6.7,,,6.0-7.5,7,1503,D10
CHEMBL198195,,,184.26,0.0,1.8,21a,C=CCC1(C)C(=O)SC(C)C1=O,IC50,'=',62000.0,nM,4.21,,,UO_0000065,0,CHEMBL884197,organism-based format,,CHEMBL1141084,1,Scientific Literature,J Med Chem,,"In vitro inhibitory concentration against chloroquine-resistant, pyrimethamine-resistant Plasmodium falciparum K1",K1,4.21,inactive,4.21,chloroquine resistant,CQR,<=5.0,1,5948,K1
CHEMBL242290,,,514.16,2.0,5.56,5c',O=C(CCCC1CCCCC1)NCCCN1CCN(CCCNc2ccnc3cc(Cl)ccc23)CC1,IC50,'=',272.0,nM,6.57,,,UO_0000065,0,CHEMBL891232,organism-based format,,CHEMBL1147171,1,Scientific Literature,Bioorg Med Chem,,"Antiparasitic activity against chloroquine, pyrimethamine-resistant Plasmodium falciparum K1 in erythrocytes by [3H]hypoxanthine uptake",K1,6.57,active,6.57,chloroquine pyrimethamine resistant,"CQR, PYRR",6.0-7.5,2,5948,K1
CHEMBL585,TRIAMTERENE,4.0,253.27,0.0,0.83,"NCGC00023458-04, 12",Nc1nc(N)c2nc(-c3ccccc3)c(N)nc2n1,IC50,'=',69472.0,nM,4.16,,,UO_0000065,0,CHEMBL1267274,organism-based format,,CHEMBL1255382,1,Scientific Literature,Nat Chem Biol,,Antiplasmodial activity against Plasmodium falciparum DAN after 72 hrs by SYBR green assay,DAN,4.16,inactive,4.16,,,<=5.0,45,3,DAN
CHEMBL25236,BP-897,,417.55,0.0,4.18,"NCGC00093649-01, BP-897",COc1ccccc1N1CCN(CCCCNC(=O)c2ccc3ccccc3c2)CC1,IC50,'=',6309.57,nM,5.2,,,UO_0000065,0,CHEMBL1267247,organism-based format,,CHEMBL1255382,1,Scientific Literature,Nat Chem Biol,,Antiplasmodial activity against Plasmodium falciparum D10 after 72 hrs by SYBR green assay,D10,5.2,inactive,5.2,,,5.0-6.0,7,1503,D10
CHEMBL1171067,CHRYSOPENTAMINE,,596.18,2.0,5.75,57,C=Cc1c[n+]2c(c(O)c1C[C@H]1c3[nH]c4ccccc4c3CCN1C)-c1[nH]c3c([C@H]4CCCN4C)c(O)ccc3c1CC2,IC50,'=',500.0,nM,6.3,,,UO_0000065,0,CHEMBL1177562,organism-based format,,CHEMBL1177693,1,Scientific Literature,Bioorg Med Chem,,Antimalarial activity against Plasmodium falciparum FCB1-R,FcB1-R,6.3,active,6.3,,,6.0-7.5,3,214,FcB1-R
CHEMBL389921,,,359.9,0.0,3.59,basic blue,CCN(CC)c1ccc2nc3ccc(N(CC)CC)cc3[o+]c2c1,IC50,'=',3.0,nM,8.52,,,UO_0000065,0,CHEMBL1001817,organism-based format,,CHEMBL1150378,1,Scientific Literature,J Med Chem,,Antiplasmodial activity against chloroquine and pyrimethamine-resistant Plasmodium falciparum K1,K1,8.52,high_potency,8.52,chloroquine and pyrimethamine resistant,"CQR, PYRR",>=7.5,1,5948,K1
CHEMBL428080,,,405.03,1.0,5.16,6a,CCN(CC)CCCN(CCCN(CC)CC)c1ccnc2cc(Cl)ccc12,IC50,'=',186.0,nM,6.73,,,UO_0000065,0,CHEMBL928293,organism-based format,,CHEMBL1144696,1,Scientific Literature,J Med Chem,,Antiplasmodial activity against chloroquine-resistant Plasmodium falciparum FCB after 72 hrs by SYBR green 1 assay,FCB,6.73,active,6.73,chloroquine resistant,CQR,6.0-7.5,4,56,FCB
CHEMBL4093861,,,290.39,0.0,2.73,69,C[C@@H]1CN(C(=O)c2sc3ccccc3c2N)C[C@H](C)O1,IC50,'=',8761.0,nM,5.06,,,UO_0000065,0,CHEMBL3999123,assay format,,CHEMBL3997803,1,Scientific Literature,J Med Chem,,Anti-parasitic activity against CQ-sensitive Plasmodium falciparum D10 assessed as growth inhibition by measuring increase in LDH release after 72 hrs by spectrophotometric method,D10,5.06,inactive,5.06,cq sensitive,CQS,5.0-6.0,1,1503,D10
CHEMBL335121,,,468.4,1.0,7.93,7b,CCN(CC)Cc1cc(Nc2ccnc3cc(Cl)ccc23)cc(-c2ccc(Cl)cc2)c1F,IC50,'=',101.3,nM,6.99,,,UO_0000065,0,CHEMBL762017,organism-based format,,CHEMBL1129934,1,Scientific Literature,J Med Chem,,In vitro inhibition of chloroquine-resistant Plasmodium falciparum K1,K1,6.99,active,7.075,in vitro inhibition of chloroquine resistant,CQR,6.0-7.5,3,5948,K1
CHEMBL4104032,,,491.65,0.0,3.92,8,NCCS(=O)(=O)CCOc1ccc([C@H]2CC[C@]3(CC2)OOC2(O3)C3CC4CC(C3)CC2C4)cc1,IC50,'=',2.0,nM,8.7,,,UO_0000065,0,CHEMBL4008052,assay format,,CHEMBL4007393,1,Scientific Literature,J Med Chem,,Antimalarial activity against chloroquine-resistant Plasmodium falciparum K1 assessed as reduction in [3H]-hypoxanthine incorporation preincubated for 24 hrs followed by [3H]-hypoxanthine addition measured after 18 hrs by liquid scintillation counting,K1,8.7,high_potency,8.7,chloroquine resistant,CQR,>=7.5,2,5948,K1
CHEMBL488145,,,308.88,0.0,4.71,17,CCN(CC)CCCSc1ccnc2cc(Cl)ccc12,IC50,'=',1610.0,nM,5.79,,,UO_0000065,0,CHEMBL954850,organism-based format,,CHEMBL1150767,1,Scientific Literature,J Med Chem,,Antimalarial activity against chloroquine-resistant Plasmodium falciparum FCB after 72 hrs by SYBR green assay,FCB,5.79,inactive,5.79,chloroquine resistant,CQR,5.0-6.0,4,56,FCB
CHEMBL293915,,,592.75,2.0,5.23,4c,COc1ccc2c(c1)nc(NCCCN1CCN(CCCNc3nc4cc(OC)ccc4n4cccc34)CC1)c1cccn12,IC50,'=',80.0,nM,7.1,,,UO_0000065,0,CHEMBL767000,organism-based format,,CHEMBL1149143,1,Scientific Literature,J Med Chem,,In vitro antimalarial activity against Plasmodium falciparum K1,K1,7.1,active,7.1,,,6.0-7.5,3,5948,K1
CHEMBL474304,,,316.84,0.0,4.49,12,Cc1nc(-c2ccccn2)nc(NCC2CCCCC2)c1Cl,IC50,'=',2400.0,nM,5.62,,,UO_0000065,0,CHEMBL1030595,organism-based format,,CHEMBL1149084,1,Scientific Literature,Bioorg Med Chem Lett,,Antiplasmodial activity against chloroquine-resistant Plasmodium falciparum K1,K1,5.62,inactive,5.62,chloroquine resistant,CQR,5.0-6.0,1,5948,K1
CHEMBL4213194,,,453.47,0.0,4.53,48,CN1CCN(c2ccc(Nc3cc4[nH]c(-c5cccc(C(F)(F)F)c5)nc4cn3)nc2)CC1,IC50,'=',66.0,nM,7.18,,,UO_0000065,0,CHEMBL4189352,organism-based format,,CHEMBL4184318,1,Scientific Literature,J Med Chem,,Antimalarial activity against multidrug-resistant Plasmodium falciparum K1,K1,7.18,active,7.18,multidrug resistant,MDR,6.0-7.5,2,5948,K1
CHEMBL3759379,,,543.5,2.0,7.27,8,Cc1ccc(NCC(O)(c2ccc(Cl)cc2)c2nnn(Cc3ccccc3)c2-c2ccc(Cl)cc2)cc1C,IC50,'=',3180.0,nM,5.5,,,UO_0000065,0,CHEMBL3760350,organism-based format,,CHEMBL3758173,1,Scientific Literature,Eur J Med Chem,,Antiplasmodial activity against chloroquine resistant Plasmodium falciparum K1 infected in human erythrocytes incubated for 72 hrs by SYBR Green1-based fluorescence analysis,K1,5.5,inactive,5.5,chloroquine resistant,CQR,5.0-6.0,2,5948,K1
CHEMBL3759413,,,565.5,2.0,7.8,6,OC(CNc1cccc2ccccc12)(c1ccc(Cl)cc1)c1nnn(Cc2ccccc2)c1-c1ccc(Cl)cc1,IC50,'=',1230.0,nM,5.91,,,UO_0000065,0,CHEMBL3760350,organism-based format,,CHEMBL3758173,1,Scientific Literature,Eur J Med Chem,,Antiplasmodial activity against chloroquine resistant Plasmodium falciparum K1 infected in human erythrocytes incubated for 72 hrs by SYBR Green1-based fluorescence analysis,K1,5.91,inactive,5.91,chloroquine resistant,CQR,5.0-6.0,2,5948,K1
CHEMBL3401418,,,425.83,1.0,5.32,6a,CN(C)C12CCNC(C(c3ccc(Cl)cc3)C1)C(c1ccc(Cl)cc1)C2,IC50,'=',410.0,nM,6.39,,,UO_0000065,0,CHEMBL3407061,organism-based format,,CHEMBL3400138,1,Scientific Literature,Bioorg Med Chem Lett,,Antiplasmodial activity against chloroquine and pyrimethamine resistant Plasmodium falciparum K1 infected in human red blood cells assessed as reduction in parasite viability after 48 hrs by [3H]-hypoxanthine incorporation assay,K1,6.39,active,6.39,chloroquine and pyrimethamine resistant,"CQR, PYRR",6.0-7.5,1,5948,K1
CHEMBL3093727,,,700.87,2.0,5.9,6,O=C(CC1CCC2(CC1)OOC1(OO2)C2CC3CC(C2)CC1C3)NCCNC(=O)CC1CCC2(CC1)OOC1(OO2)C2CC3CC(C2)CC1C3,IC50,'=',8.9,nM,8.05,,,UO_0000065,0,CHEMBL3097008,organism-based format,,CHEMBL3091350,1,Scientific Literature,Bioorg Med Chem,,Antimalarial activity against chloroquine-resistant Plasmodium falciparum K1 assessed as parasite growth inhibition after 48 hrs by SYBR green-1 dye-based fluorescence assay,K1,8.05,high_potency,8.05,chloroquine resistant,CQR,>=7.5,2,5948,K1
CHEMBL8,CIPROFLOXACIN,4.0,331.35,0.0,1.58,CLP,O=C(O)c1cn(C2CC2)c2cc(N3CCNCC3)c(F)cc2c1=O,IC50,'=',32000.0,nM,4.5,,,UO_0000065,0,CHEMBL5244549,organism-based format,,CHEMBL5244209,1,Scientific Literature,Eur J Med Chem,,Antiplasmodial activity against synchronized Plasmodium falciparum K1,K1,4.49,inactive,4.455,,,<=5.0,32,5948,K1
CHEMBL2435771,,,755.01,2.0,8.41,23,CC(C)(C)OC(=O)N(CCCCCCCCCCCCN(CCCNC(=O)c1ccccc1O)C(=O)OC(C)(C)C)CCCNC(=O)c1ccccc1O,IC50,'=',500.0,nM,6.3,,,UO_0000065,0,CHEMBL2439547,organism-based format,,CHEMBL2434856,1,Scientific Literature,Eur J Med Chem,,Antimalarial activity against erythrocytic stage of chloroquine and pyrimethamine-resistant Plasmodium falciparum K1,K1,6.3,active,6.3,erythrocytic stage of chloroquine and pyrimethamine resistant,"CQR, PYRR",6.0-7.5,1,5948,K1
CHEMBL1928418,,,516.65,2.0,8.18,27,c1cc(OCCCCCCCOc2cccc(-c3nc4ccccc4[nH]3)c2)cc(-c2nc3ccccc3[nH]2)c1,IC50,'=',410.0,nM,6.39,,,UO_0000065,0,CHEMBL1931806,organism-based format,,CHEMBL1926599,1,Scientific Literature,Bioorg Med Chem,,Antiplasmodial activity against chloroquine and pyrimethamine-resistant Plasmodium falciparum K1 assessed as inhibition of [3H]hypoxanthine incorporation incubated for 48 hrs prior to [3H] hypoxanthine addition measured after 24 hrs by liquid scintillation counting,K1,6.39,active,6.39,chloroquine and pyrimethamine resistant,"CQR, PYRR",6.0-7.5,1,5948,K1
CHEMBL1224131,,,417.64,0.0,4.72,19a,CN(C)C12CC(NCCN3CCCC3)C(C(c3ccccc3)C1)C(c1ccccc1)C2,IC50,'=',1060.0,nM,5.97,,,UO_0000065,0,CHEMBL1226106,organism-based format,,CHEMBL1221362,1,Scientific Literature,Bioorg Med Chem,,Antiplasmodial activity against Plasmodium falciparum K1 infected in human blood by [3H]hypoxanthine incorporation assay,K1,5.97,inactive,5.97,,,5.0-6.0,1,5948,K1
CHEMBL3809757,,,473.61,1.0,6.15,31,CCCCCCCCCCOc1cc2c(=O)c(C(=O)OCC)cn(C(=O)CC)c2cc1OCC,IC50,'=',48.9,nM,7.31,,,UO_0000065,0,CHEMBL3812850,organism-based format,,CHEMBL3808317,1,Scientific Literature,Bioorg Med Chem Lett,,Antimalarial activity against multidrug resistant Plasmodium falciparum K1 infected in human erythrocytes assessed as inhibition of parasite proliferation after 96 hrs by SYBR Green I fluorescence based assay,K1,7.31,active,7.31,multidrug resistant,MDR,6.0-7.5,3,5948,K1
CHEMBL1917676,,,273.32,0.0,2.6,20,NCc1csc(NC(=O)c2cc3ccccc3o2)n1,IC50,'=',36620.0,nM,4.44,,,UO_0000065,0,CHEMBL1917991,organism-based format,,CHEMBL1914447,1,Scientific Literature,J Med Chem,,Antiplasmodial activity against chloroquine-sensitive Plasmodium falciparum K1,K1,4.44,inactive,4.44,chloroquine sensitive,CQS,<=5.0,1,5948,K1
CHEMBL583612,,,473.66,0.0,4.46,7d,CC(C)N1CCN(Cc2ccc([C@@H]3O[C@@H]4O[C@@]5(C)CC[C@H]6[C@H](C)CC[C@@H]([C@H]3C)[C@@]46OO5)[nH]2)CC1,IC50,'=',3.5,nM,8.46,,,UO_0000065,0,CHEMBL1041451,organism-based format,,CHEMBL1154742,1,Scientific Literature,J Med Chem,,Antimalarial activity against chloroquine-resistant Plasmodium falciparum K1 (Thailand) assessed as growth inhibition by [3H]hypoxanthine incorporation assay,K1,8.46,high_potency,8.46,chloroquine resistant,CQR,>=7.5,2,5948,K1
CHEMBL3215594,,,492.46,0.0,3.59,53,COc1cc(C(=N)NC(C)C)ccc1-c1cn(-c2ccc(C(=N)NC(C)C)cc2)nn1,IC50,'=',13.0,nM,7.89,,,UO_0000065,0,CHEMBL1046935,organism-based format,,CHEMBL1156777,1,Scientific Literature,J Med Chem,,Antiplasmodial activity against chloroquine-resistant Plasmodium falciparum K1 infected in human erythrocytes after 48 hrs assessed as [3H]hypoxanthine incorporation by liquid scintillation counting,K1,7.89,high_potency,7.89,chloroquine resistant,CQR,>=7.5,1,5948,K1
CHEMBL610245,,,313.74,0.0,3.21,C14,C[n+]1c2ccccc2cc2[nH]c3c([N+](=O)[O-])cccc3c21,IC50,'=',6300.0,nM,5.2,,,UO_0000065,0,CHEMBL1016909,organism-based format,,CHEMBL1154474,1,Scientific Literature,Eur J Med Chem,,Antimalarial activity against chloroquine-resistant Plasmodium falciparum K1,K1,5.2,inactive,5.2,chloroquine resistant,CQR,5.0-6.0,1,5948,K1
CHEMBL553649,,,290.75,0.0,2.24,22a,N=C(N)Nc1ccc(C(=O)Nc2ccccc2)cc1,IC50,'=',13300.0,nM,4.88,,,UO_0000065,0,CHEMBL933420,organism-based format,,CHEMBL1141653,1,Scientific Literature,J Med Chem,,Antiplasmodial activity against Plasmodium falciparum K1 in [3H]hypoxanthine incorporation assay,K1,4.88,inactive,4.88,,,<=5.0,1,5948,K1
CHEMBL394752,,,150.15,0.0,-0.36,2c,NNc1ncnc2[nH]cnc12,IC50,'=',22080.0,nM,4.66,,,UO_0000065,0,CHEMBL898385,organism-based format,,CHEMBL1149611,1,Scientific Literature,Bioorg Med Chem,,"Antimalarial activity against chloroquine,pyrimethamine-resistant Plasmodium falciparum K1 after 24 hrs",K1,4.66,inactive,4.66,chloroquine pyrimethamine resistant,"CQR, PYRR",<=5.0,3,5948,K1
CHEMBL3235657,,,639.41,2.0,10.22,"5{1,2,3,3}",Clc1ccc(/N=C(\NCCCCNc2ccnc3cc(Cl)ccc23)Nc2ccc(Oc3cc(Cl)ccc3Cl)cc2)cc1,IC50,'=',208.6,nM,6.68,,,UO_0000065,0,CHEMBL3240879,organism-based format,,CHEMBL3232804,1,Scientific Literature,Bioorg Med Chem Lett,,Antiplasmodial activity against chloroquine-resistant Plasmodium falciparum K1 infected after 72 hrs by Malaria SYBR Green I-staining based fluorescence assay,K1,6.68,active,6.68,chloroquine resistant,CQR,6.0-7.5,2,5948,K1
CHEMBL272451,,,321.34,0.0,3.42,6b,COc1ccc2nccc(N/N=C/c3ccc4c(c3)OCO4)c2c1,IC50,'=',132.0,nM,6.88,,,UO_0000065,0,CHEMBL934468,organism-based format,,CHEMBL1142372,1,Scientific Literature,J Med Chem,,Antiplasmodial activity against chloroquine-sensitive Plasmodium falciparum D10 by [3H]hypoxanthine incorporation,D10,6.88,active,6.88,chloroquine sensitive,CQS,6.0-7.5,2,1503,D10
CHEMBL219333,,,351.8,0.0,4.22,8b,COc1ccc2nc3cc(Cl)ccc3c(N/N=C/c3ncc[nH]3)c2c1,IC50,'=',62.0,nM,7.21,,,UO_0000065,0,CHEMBL934468,organism-based format,,CHEMBL1142372,1,Scientific Literature,J Med Chem,,Antiplasmodial activity against chloroquine-sensitive Plasmodium falciparum D10 by [3H]hypoxanthine incorporation,D10,7.21,active,7.205,chloroquine sensitive,CQS,6.0-7.5,8,1503,D10
CHEMBL2181217,,,338.84,0.0,4.84,97a,CCN1CNc2cc(Nc3ccnc4cc(Cl)ccc34)ccc2C1,IC50,'=',220.0,nM,6.66,,,UO_0000065,0,CHEMBL3607890,organism-based format,,CHEMBL3603813,1,Scientific Literature,Bioorg Med Chem,,Antiplasmodial activity against CQ-resistant Plasmodium falciparum K1,K1,6.66,active,6.66,cq resistant,CQR,6.0-7.5,4,5948,K1
CHEMBL1800624,,,459.9,1.0,5.02,4ba,CN(C)CCNc1cc(-c2ccc(C(F)(F)F)cc2)c(C#N)c2nc3ccccc3n12,IC50,'=',100.0,nM,7.0,,,UO_0000065,0,CHEMBL1803233,organism-based format,,CHEMBL1799932,1,Scientific Literature,J Med Chem,,Antimalarial activity against multidrug-resistant Plasmodium falciparum K1 infected in human red blood cells assessed as 3H-hypoxanthine incorporation after 48 hrs by liquid scintillation counting,K1,7.0,active,7.0,multidrug resistant,MDR,6.0-7.5,1,5948,K1
CHEMBL557704,SOPHONOROL E,,468.55,0.0,4.6,5,COc1ccc([C@]2(O)COc3c(CC=C(C)C)c(O)cc(O)c3C2=O)c(OC)c1CC=C(C)C,IC50,'=',12800.0,nM,4.89,,,UO_0000065,0,CHEMBL1051621,organism-based format,,CHEMBL1152411,1,Scientific Literature,J Nat Prod,,Antiplasmodial activity against chloroquine-sensitive Plasmodium falciparum D10,D10,4.89,inactive,4.89,chloroquine sensitive,CQS,<=5.0,1,1503,D10
CHEMBL3216090,,,574.53,1.0,4.4,22,CCN(CCNS(C)(=O)=O)c1cc(C)c2nc3c4ccccc4/c(=N/c4ccncc4)cc-3oc2c1,IC50,'=',17.0,nM,7.77,,,UO_0000065,0,CHEMBL1780440,organism-based format,,CHEMBL1777756,1,Scientific Literature,ACS Med Chem Lett,,Antimalarial activity against chloroquine and pyrimethamine resistant Plasmodium falciparum K1,K1,7.77,high_potency,7.77,chloroquine and pyrimethamine resistant,"CQR, PYRR",>=7.5,1,5948,K1
CHEMBL224248,QUINDOLINE,,218.26,0.0,3.87,1a,c1ccc2nc3c(cc2c1)[nH]c1ccccc13,IC50,'=',36200.0,nM,4.44,,,UO_0000065,0,CHEMBL753455,organism-based format,,CHEMBL1134377,1,Scientific Literature,J Med Chem,,Antiplasmodial activity against chloroquine-resistant Plasmodium falciparum K1,K1,4.44,inactive,4.44,chloroquine resistant,CQR,<=5.0,1,5948,K1
CHEMBL2368409,,,544.58,2.0,6.91,9d,C[C@H]1[C@@H](CCOP(=O)(Oc2ccccc2)Oc2ccccc2)O[C@@H]2O[C@]3(C)CC[C@H]4[C@H](C)CC[C@@H]1[C@@]24OO3,IC50,'=',3.1,nM,8.51,,,UO_0000065,0,CHEMBL762979,organism-based format,,CHEMBL1149086,1,Scientific Literature,J Med Chem,,In vitro antimalarial activity against Plasmodium falciparum K1 by [3H]hypoxanthine uptake,K1,8.51,high_potency,8.51,,,>=7.5,1,5948,K1
CHEMBL1928937,,,364.41,0.0,1.31,6,O=C(Cn1cnc2cccnc2c1=O)[C@H]1NCC[C@@H]1OCc1ccccc1,IC50,'=',0.24,nM,9.62,,,UO_0000065,0,CHEMBL1932732,organism-based format,,CHEMBL1926628,1,Scientific Literature,Bioorg Med Chem,,Antimalarial activity against chloroquine-resistant Plasmodium falciparum K1 infected in human A positive erythrocytes assessed as inhibition of [G-3H]-hypoxanthine uptake after 24 hrs by liquid scintillation counting,K1,9.62,high_potency,9.62,chloroquine resistant,CQR,>=7.5,7,5948,K1
CHEMBL3217128,,,408.29,0.0,1.51,19,COc1cc(C(=N)N)ccc1-n1cc(-c2cccc(C(=N)N)c2)nn1,IC50,'=',25.0,nM,7.6,,,UO_0000065,0,CHEMBL1046935,organism-based format,,CHEMBL1156777,1,Scientific Literature,J Med Chem,,Antiplasmodial activity against chloroquine-resistant Plasmodium falciparum K1 infected in human erythrocytes after 48 hrs assessed as [3H]hypoxanthine incorporation by liquid scintillation counting,K1,7.6,high_potency,7.6,chloroquine resistant,CQR,>=7.5,1,5948,K1
CHEMBL4850666,,,501.64,2.0,5.92,9b,FC1CCN(CCOc2ccc([C@H]3CCCC4(C3)OOC3(OO4)C4CC5CC(C4)CC3C5)cc2)CC1,IC50,'=',20.77,nM,7.68,,,UO_0000065,0,CHEMBL4836655,organism-based format,,CHEMBL4834468,1,Scientific Literature,ACS Med Chem Lett,,Antiplasmodial activity against chloroquine-sensitive Plasmodium falciparum D10 incubated for 72 hrs by spectrophotometry based parasite lactate dehydrogenase assay,D10,7.68,high_potency,7.68,chloroquine sensitive,CQS,>=7.5,2,1503,D10
CHEMBL497984,,,339.4,0.0,1.92,13,CC(C)[C@@H](CO)Nc1ccc2ncc(-c3ccc(C(N)=O)cc3)n2n1,IC50,'=',3890.0,nM,5.41,,,UO_0000065,0,CHEMBL1008863,organism-based format,,CHEMBL1141703,1,Scientific Literature,Bioorg Med Chem Lett,,Antimalarial activity against multidrug-resistant Plasmodium falciparum K1 by [3H]hypoxanthine uptake,K1,5.41,inactive,5.41,multidrug resistant,MDR,5.0-6.0,2,5948,K1
CHEMBL4209819,,,496.01,0.0,3.95,54 Hybrid-5,COc1ccccc1N1CCN(CC2CN(CCNc3ccnc4cc(Cl)ccc34)C(=O)O2)CC1,IC50,'=',62.0,nM,7.21,,,UO_0000065,0,CHEMBL4193414,organism-based format,,CHEMBL4190314,1,Scientific Literature,Eur J Med Chem,,Antimalarial activity against chloroquine-resistant Plasmodium falciparum K1 infected in human type A+ erythrocytes after 48 hrs by [3H]-hypoxanthine incorporation assay,K1,7.21,active,7.21,chloroquine resistant,CQR,6.0-7.5,2,5948,K1
CHEMBL3124991,,,318.26,0.0,2.6,30,Nc1ncc(-c2ccncn2)nc1-c1ccc(C(F)(F)F)nc1,IC50,'=',735.0,nM,6.13,,,UO_0000065,0,CHEMBL3129042,organism-based format,,CHEMBL3124877,1,Scientific Literature,J Med Chem,,Antiplasmodial activity against multidrug resistant Plasmodium falciparum K1 assessed as parasite growth inhibition,K1,6.13,active,6.13,multidrug resistant,MDR,6.0-7.5,2,5948,K1
CHEMBL1688676,,,529.65,0.0,3.37,5f,CCC(=O)N(CCCCCCCNC(=N)N)C1CCN(CCc2ccccc2)CC1,IC50,'=',910.0,nM,6.04,,,UO_0000065,0,CHEMBL1697540,organism-based format,,CHEMBL1687739,1,Scientific Literature,Antimicrob Agents Chemother,,Antiplasmodial activity against erythrocytic stage of chloroquine - and pyrimethamine-resistant Plasmodium falciparum K1 assessed as [3H]hypoxanthine incorporation after 48 hrs,K1,6.04,active,6.04,erythrocytic stage of chloroquine and pyrimethamine resistant,"CQR, PYRR",6.0-7.5,1,5948,K1
CHEMBL2021659,,,655.76,2.0,11.61,4f,CC1=CC2Cc3nc4cc(Cl)ccc4c(NCCCCCCCCCCNc4c5c(nc6cc(Cl)ccc46)CCCC5)c3C(C1)C2,IC50,'=',2100.0,nM,5.68,,,UO_0000065,0,CHEMBL3603055,organism-based format,,CHEMBL3600329,1,Scientific Literature,Bioorg Med Chem,,Antiplasmodial activity against chloroquine-resistant Plasmodium falciparum K1 infected in human A+ erythrocytes assessed as inhibition of parasite growth after 48 hrs by LDH assay,K1,5.68,inactive,5.68,chloroquine resistant,CQR,5.0-6.0,1,5948,K1
CHEMBL260474,,,334.9,0.0,3.62,4a,CCN(CC)CCCNCCNc1ccnc2cc(Cl)ccc12,IC50,'=',146.0,nM,6.84,,,UO_0000065,0,CHEMBL928293,organism-based format,,CHEMBL1144696,1,Scientific Literature,J Med Chem,,Antiplasmodial activity against chloroquine-resistant Plasmodium falciparum FCB after 72 hrs by SYBR green 1 assay,FCB,6.84,active,6.84,chloroquine resistant,CQR,6.0-7.5,6,56,FCB
CHEMBL35422,,,300.37,0.0,4.3,6a,Nc1ccc(Nc2c3ccccc3nc3cc(N)ccc23)cc1,IC50,'=',100.0,nM,7.0,,,UO_0000065,0,CHEMBL762989,organism-based format,,CHEMBL1127825,1,Scientific Literature,J Med Chem,,Inhibitory concentration IC50 against Plasmodium falciparum K1 by [3H]hypoxanthine uptake over 24 hr,K1,7.0,active,7.0,,,6.0-7.5,1,5948,K1
CHEMBL4846075,,,486.51,1.0,6.53,37,CCN(CC)Cc1cc(F)cc(Nc2nc3ccccc3n2Cc2ccc(C(F)(F)F)cc2)c1O,IC50,'=',190.0,nM,6.72,,,UO_0000065,0,CHEMBL4835668,organism-based format,,CHEMBL4834426,1,Scientific Literature,J Med Chem,,Antimalarial activity against asexual blood stage multi drug-resistant Plasmodium falciparum K1 infected in erythrocytes assessed as reduction in parasitemia incubated up to 72 hrs by [3H]hypoxanthine incorporation assay,K1,6.72,active,6.72,asexual blood stage multi drug resistant,MDR,6.0-7.5,2,5948,K1
CHEMBL4870469,,,518.53,2.0,7.03,40,Cc1cc(CNC(C)(C)C)c(O)c(Nc2nc3cc(F)c(F)cc3n2Cc2ccc(C(F)(F)F)cc2)c1,IC50,'=',150.0,nM,6.82,,,UO_0000065,0,CHEMBL4835668,organism-based format,,CHEMBL4834426,1,Scientific Literature,J Med Chem,,Antimalarial activity against asexual blood stage multi drug-resistant Plasmodium falciparum K1 infected in erythrocytes assessed as reduction in parasitemia incubated up to 72 hrs by [3H]hypoxanthine incorporation assay,K1,6.82,active,6.82,asexual blood stage multi drug resistant,MDR,6.0-7.5,2,5948,K1
CHEMBL4092098,,,525.73,2.0,6.22,16,CC1(C)CC(O)(COc2ccc([C@H]3CC[C@]4(CC3)OOC3(O4)C4CC5CC(C4)CC3C5)cc2)CC(C)(C)N1,IC50,'=',1.7,nM,8.77,,,UO_0000065,0,CHEMBL4008052,assay format,,CHEMBL4007393,1,Scientific Literature,J Med Chem,,Antimalarial activity against chloroquine-resistant Plasmodium falciparum K1 assessed as reduction in [3H]-hypoxanthine incorporation preincubated for 24 hrs followed by [3H]-hypoxanthine addition measured after 18 hrs by liquid scintillation counting,K1,8.77,high_potency,8.77,chloroquine resistant,CQR,>=7.5,2,5948,K1
CHEMBL3742034,,,965.25,3.0,7.67,5,CCCCNC(=O)[C@H](CC(C)C)NC(=O)[C@@H](NC(=O)c1ccc(Oc2ccc(C(=O)N[C@@H](CC(C)C)C(=O)N[C@@H](C)C(=O)NCCCC(C)Nc3cc(OC)cc4cccnc34)cc2)cc1)[C@@H](C)CC,IC50,'=',37.0,nM,7.43,,,UO_0000065,0,CHEMBL3745299,organism-based format,,CHEMBL3739421,1,Scientific Literature,Medchemcomm,,Antimalarial activity against Chloroquine-sensitive Plasmodium falciparum D10 assessed as parasite growth inhibition after 72 hrs by lactate dehydrogenase assay,D10,7.43,active,7.43,chloroquine sensitive,CQS,6.0-7.5,2,1503,D10
CHEMBL1668542,,,291.48,0.0,2.83,3i,CCN(CC)CC(CN(CC)CC)NCc1ccccc1,IC50,'=',23670.0,nM,4.63,,,UO_0000065,0,CHEMBL1670563,organism-based format,,CHEMBL1667753,1,Scientific Literature,Eur J Med Chem,,Antiplasmodial activity against chloroquine-sensitive Plasmodium falciparum D10 by parasite LDH assay,D10,4.63,inactive,4.63,chloroquine sensitive,CQS,<=5.0,2,1503,D10
CHEMBL453439,,,291.39,0.0,4.33,3d,C1=C(c2ccc(OCc3ccccc3)cc2)C2CCN1CC2,IC50,'=',4800.0,nM,5.32,,,UO_0000065,0,CHEMBL962001,organism-based format,,CHEMBL1137637,1,Scientific Literature,Antimicrob Agents Chemother,,Antiplasmodial activity after 48 hrs against chloroquine and pyrimethamine-resistant Plasmodium falciparum K1 in human erythrocytes by [3H]hypoxanthine uptake,K1,5.32,inactive,5.32,chloroquine and pyrimethamine resistant,"CQR, PYRR",5.0-6.0,1,5948,K1
CHEMBL506578,,,275.39,0.0,4.46,(E/Z)-1b,C(=C1\CN2CCC1CC2)\c1ccc(-c2ccccc2)cc1,IC50,'=',3100.0,nM,5.51,,,UO_0000065,0,CHEMBL962001,organism-based format,,CHEMBL1137637,1,Scientific Literature,Antimicrob Agents Chemother,,Antiplasmodial activity after 48 hrs against chloroquine and pyrimethamine-resistant Plasmodium falciparum K1 in human erythrocytes by [3H]hypoxanthine uptake,K1,5.51,inactive,5.51,chloroquine and pyrimethamine resistant,"CQR, PYRR",5.0-6.0,1,5948,K1
CHEMBL393949,,,361.38,0.0,3.12,4,N[C@H](CCc1ccccc1)P(=O)(O)C[C@@H](Cc1ccccc1)C(=O)O,IC50,'=',46000.0,nM,4.34,,,UO_0000065,0,CHEMBL901649,organism-based format,,CHEMBL1138267,1,Scientific Literature,J Med Chem,,Antimalarial activity after 48 hrs against Plasmodium falciparum D10 by [3H]hypoxanthine uptake,D10,4.34,inactive,4.34,,,<=5.0,3,1503,D10
CHEMBL567966,,,287.7,0.0,3.18,39,COc1ccc2c(c1)C(=O)C(c1cccc(Cl)c1)=[N+]2[O-],IC50,'=',96.0,nM,7.02,,,UO_0000065,0,CHEMBL1047865,organism-based format,,CHEMBL1156797,1,Scientific Literature,J Med Chem,,Antimalarial activity against Plasmodium falciparum K1 assessed as [3H]hypoxanthine incorporation by scintillation counting,K1,7.02,active,7.02,,,6.0-7.5,3,5948,K1
CHEMBL97395,,,594.16,2.0,5.6,31,O=C(CN1CCCCC1)Nc1cc(COC(=O)CCCCN2CCOCC2)cc(Nc2ccnc3cc(Cl)ccc23)c1,IC50,'=',22.5,nM,7.65,,,UO_0000065,0,CHEMBL758314,organism-based format,,CHEMBL1134569,1,Scientific Literature,J Med Chem,,Inhibitory activity against chloroquine-resistant Plasmodium falciparum K1,K1,7.65,high_potency,7.65,chloroquine resistant,CQR,>=7.5,5,5948,K1
CHEMBL94625,,,412.92,0.0,4.4,15,CCN(CC)CC(=O)Nc1cc(CO)cc(Nc2ccnc3cc(Cl)ccc23)c1,IC50,'=',41.6,nM,7.38,,,UO_0000065,0,CHEMBL761303,organism-based format,,CHEMBL1134569,1,Scientific Literature,J Med Chem,,Inhibitory activity against chloroquine-resistant Plasmodium falciparum FcB1R,FcB1-R,7.38,active,7.38,chloroquine resistant,CQR,6.0-7.5,1,214,FcB1-R
CHEMBL3329595,,,412.44,0.0,1.78,8j,O=C(/C=C/c1cccc(NC(=O)Nc2ccccc2)c1)C[C@@H]1OC[C@@H](O)[C@H](O)[C@H]1O,IC50,'=',5430.0,nM,5.26,,,UO_0000065,0,CHEMBL3363211,organism-based format,,CHEMBL3351535,1,Scientific Literature,ACS Med Chem Lett,,Antimalarial activity against Plasmodium falciparum K1 after 72 hrs by SYBR Green fluorescence assay,K1,5.27,inactive,5.27,,,5.0-6.0,2,5948,K1
CHEMBL1688655,,,473.7,1.0,5.41,2f,CCC(=O)N(CCCCCCCNC(=O)OC(C)(C)C)C1CCN(CCc2ccccc2)CC1,IC50,'=',1000.0,nM,6.0,,,UO_0000065,0,CHEMBL1697540,organism-based format,,CHEMBL1687739,1,Scientific Literature,Antimicrob Agents Chemother,,Antiplasmodial activity against erythrocytic stage of chloroquine - and pyrimethamine-resistant Plasmodium falciparum K1 assessed as [3H]hypoxanthine incorporation after 48 hrs,K1,6.0,active,6.0,erythrocytic stage of chloroquine and pyrimethamine resistant,"CQR, PYRR",5.0-6.0,1,5948,K1
CHEMBL2312439,,,358.83,0.0,3.11,16,CCC(COc1cc(N)nc(N)n1)Nc1ccnc2cc(Cl)ccc12,IC50,'=',157.0,nM,6.8,,,UO_0000065,0,CHEMBL2320055,organism-based format,,CHEMBL2311481,1,Scientific Literature,Bioorg Med Chem,,Antimalarial activity against chloroquine-susceptible Plasmodium falciparum D10 asexual erythrocyte forms after 48 hrs by parasite LDH assay,D10,6.8,active,6.8,chloroquine susceptible,CQS,6.0-7.5,2,1503,D10
CHEMBL1162972,,,339.78,0.0,4.37,5v,Cc1cc(N/N=C/c2ccc3c(c2)OCO3)c2ccc(Cl)cc2n1,IC50,'=',122.0,nM,6.91,,,UO_0000065,0,CHEMBL934468,organism-based format,,CHEMBL1142372,1,Scientific Literature,J Med Chem,,Antiplasmodial activity against chloroquine-sensitive Plasmodium falciparum D10 by [3H]hypoxanthine incorporation,D10,6.91,active,6.91,chloroquine sensitive,CQS,6.0-7.5,2,1503,D10
CHEMBL3814817,,,460.67,0.0,3.35,7d,CN1CCN(CC(=O)N2CC3C(c4ccccc4)CC(N(C)C)(CC3c3ccccc3)C2)CC1,IC50,'=',430.0,nM,6.37,,,UO_0000065,0,CHEMBL3815294,organism-based format,,CHEMBL3813611,1,Scientific Literature,Bioorg Med Chem,,Antiplasmodial activity against chloroquine/pyrimethamine resistant Plasmodium falciparum K1 infected in human red blood cells after 48 hrs by [3H]hypoxanthine incorporation assay,K1,6.37,active,6.37,chloroquine/pyrimethamine resistant,"CQR, PYRR",6.0-7.5,1,5948,K1
CHEMBL70590,BORRELIDIN,,489.65,0.0,4.64,Borrelidin,C[C@@H]1C[C@H](C)C[C@H](C)[C@@H](O)CC(=O)O[C@H]([C@@H]2CCC[C@H]2C(=O)O)C/C=C/C=C(/C#N)[C@H](O)[C@@H](C)C1,IC50,'=',1.9,nM,8.72,,,UO_0000065,0,CHEMBL3862247,assay format,,CHEMBL3861949,1,Scientific Literature,Medchemcomm,,Antimalarial activity against drug-resistant asynchronous culture of Plasmodium falciparum K1 after 72 hrs by p-LDH assay,K1,8.72,high_potency,8.72,drug resistant,MDR,>=7.5,1,5948,K1
CHEMBL2322508,,,501.06,2.0,6.56,9a,Cn1c2nc3ccccc3c-2c(NCCCN2C(=O)CSC2c2ccc(Cl)cc2)c2ccccc21,IC50,'=',143.7,nM,6.84,,,UO_0000065,0,CHEMBL2327112,organism-based format,,CHEMBL2321781,1,Scientific Literature,J Med Chem,,Antimalarial activity against chloroquine-resistant Plasmodium falciparum K1 after 72 hrs by [3H]hypoxanthine incorporation assay,K1,6.84,active,6.84,chloroquine resistant,CQR,6.0-7.5,2,5948,K1
CHEMBL138493,,,291.31,0.0,3.54,202,O=C(/C=C/c1cnc2ccccc2c1)c1ccc(O)cc1O,IC50,'=',16100.0,nM,4.79,,,UO_0000065,0,CHEMBL880957,organism-based format,,CHEMBL1134841,1,Scientific Literature,J Med Chem,,Inhibition of [3H]hypoxanthine incorporation in Plasmodium falciparum K1,K1,4.79,inactive,4.79,,,<=5.0,1,5948,K1
CHEMBL139622,,,282.34,0.0,3.91,101,COc1ccc(C(=O)/C=C/c2ccc(C)cc2)c(OC)c1,IC50,'=',93800.0,nM,4.03,,,UO_0000065,0,CHEMBL880957,organism-based format,,CHEMBL1134841,1,Scientific Literature,J Med Chem,,Inhibition of [3H]hypoxanthine incorporation in Plasmodium falciparum K1,K1,4.03,inactive,4.03,,,<=5.0,1,5948,K1
CHEMBL120140,,,259.35,0.0,2.69,1b,CCN(CC)CCNc1ccnc2cc(O)ccc12,IC50,'=',3071.0,nM,5.51,,,UO_0000065,0,CHEMBL766123,organism-based format,,CHEMBL1135536,1,Scientific Literature,J Med Chem,,In vitro antiplasmodial activity against chloroquine-sensitive Plasmodium falciparum D10,D10,5.51,inactive,5.51,chloroquine sensitive,CQS,5.0-6.0,1,1503,D10
CHEMBL596242,,,338.24,0.0,3.42,1,COc1ccc2nc3cc(Cl)ccc3c(NCCN)c2c1,IC50,'=',280.0,nM,6.55,,,UO_0000065,0,CHEMBL1070680,organism-based format,,CHEMBL1153081,1,Scientific Literature,Bioorg Med Chem,,Antiplasmodial activity against chloroquine-resistant Plasmodium falciparum Bre1 assessed as inhibition of [3H]hypoxanthine incorporation,Bre1,6.55,active,6.55,chloroquine resistant,CQR,6.0-7.5,4,26,Bre1
CHEMBL2408425,,,632.12,2.0,5.42,14c,O=C(N[C@@H](c1ccccc1)[C@@H](O)C(=O)NCc1cn(Cc2cccc(Nc3ccnc4cc(Cl)ccc34)c2)nn1)c1ccccc1,IC50,'=',2440.0,nM,5.61,,,UO_0000065,0,CHEMBL2410397,organism-based format,,CHEMBL2407058,1,Scientific Literature,ACS Med Chem Lett,,Antiplasmodial activity against erythrocytic stage of multidrug-resistant Plasmodium falciparum Thailand K1 infected in human A positive RBC after 48 hrs by [3H]hypoxanthine incorporation assay,K1,5.61,inactive,5.61,erythrocytic stage of multidrug resistant,MDR,5.0-6.0,2,5948,K1
CHEMBL3601697,,,337.42,0.0,3.89,8,COc1ccc(C(=O)/C=C/c2ccc(CN3CCCC3)c(O)c2)cc1,IC50,'=',5750.0,nM,5.24,,,UO_0000065,0,CHEMBL3602234,organism-based format,,CHEMBL3600347,1,Scientific Literature,J Nat Prod,,Antiplasmodial activity chloroquinone-sensitive Plasmodium falciparum D10 by parasite lactate dehydrogenase assay,D10,5.24,inactive,5.24,chloroquinone sensitive,CQNS,5.0-6.0,1,1503,D10
CHEMBL443314,,,477.65,1.0,6.83,5b,O=C(/C=C/c1ccccc1)OC1CC2(N3CCCC3)CC(c3ccccc3)C1C(c1ccccc1)C2,IC50,'=',630.0,nM,6.2,,,UO_0000065,0,CHEMBL898381,organism-based format,,CHEMBL1149610,1,Scientific Literature,Bioorg Med Chem,,"Antiplasmodial activity against chloroquine, pyrimethamine-resistant Plasmodium falciparum K1 after 48 hrs",K1,6.2,active,6.2,chloroquine pyrimethamine resistant,"CQR, PYRR",6.0-7.5,1,5948,K1
CHEMBL2207900,,,782.82,3.0,7.05,36,COc1cc(C)cc(OC)c1Oc1nc(NCCNc2nc(Nc3ccc(C#N)cc3)nc(Oc3c(OC)cc(C)cc3OC)n2)nc(Nc2ccc(C#N)cc2)n1,IC50,'=',610.0,nM,6.21,,,UO_0000065,0,CHEMBL4143004,organism-based format,,CHEMBL4138212,1,Scientific Literature,Eur J Med Chem,,Antiplasmodial activity against chloroquine-resistant Plasmodium falciparum K1 infected in human O-positive erythrocytes assessed as decrease in parasitaemia after 72 hrs by NBT dye-based spectrophotometric method,K1,6.21,active,6.21,chloroquine resistant,CQR,6.0-7.5,1,5948,K1
CHEMBL3344529,,,497.99,1.0,5.3,15,CCC(=O)O/N=C1\c2ccccc2-c2c1c(N1CCN(c3ccccn3)CC1)nc1ccc(Cl)cc21,IC50,'=',4046.0,nM,5.39,,,UO_0000065,0,CHEMBL3390204,assay format,,CHEMBL3351756,1,Scientific Literature,Bioorg Med Chem,,Antimalarial activity against chloroquine-sensitive Plasmodium falciparum D10 infected in human type A-positive red blood cells assessed as growth inhibition after 72 hrs by spectrophotometrically,D10,5.39,inactive,5.39,chloroquine sensitive,CQS,5.0-6.0,2,1503,D10
CHEMBL4097620,,,373.44,0.0,4.19,42,CCNCCNc1cc(-c2ccc(F)cc2)c(C#N)c2nc3ccccc3n12,IC50,'=',540.0,nM,6.27,,,UO_0000065,0,CHEMBL3996773,assay format,,CHEMBL3994624,1,Scientific Literature,J Med Chem,,Anti-plasmodial activity against multidrug resistant Plasmodium falciparum K1 by [3H]-hypoxanthine incorporation assay,K1,6.27,active,6.27,multidrug resistant,MDR,6.0-7.5,2,5948,K1
CHEMBL4077597,,,453.62,1.0,5.82,12,N[C@H]1CC[C@H](Oc2ccc([C@H]3CC[C@]4(CC3)OOC3(O4)C4CC5CC(C4)CC3C5)cc2)CC1,IC50,'=',3.8,nM,8.42,,,UO_0000065,0,CHEMBL4008052,assay format,,CHEMBL4007393,1,Scientific Literature,J Med Chem,,Antimalarial activity against chloroquine-resistant Plasmodium falciparum K1 assessed as reduction in [3H]-hypoxanthine incorporation preincubated for 24 hrs followed by [3H]-hypoxanthine addition measured after 18 hrs by liquid scintillation counting,K1,8.42,high_potency,8.42,chloroquine resistant,CQR,>=7.5,2,5948,K1
CHEMBL4160155,,,483.56,0.0,4.63,3,CC1=C(O)/C(=C/[C@H](C)CCC/C(C)=C/CCc2coc(CC3=CCN(CC(=O)O)C3=O)c2)OC1=O,IC50,'=',95000.0,nM,4.02,,,UO_0000065,0,CHEMBL4132930,organism-based format,,CHEMBL4130402,1,Scientific Literature,J Nat Prod,,Antiprotozoal activity against erythrocytic form of chloroquine/pyrimethamine-resistant Plasmodium falciparum K1 after 48 hrs by [3H]-hypoxanthine incorporation assay,K1,4.02,inactive,4.02,erythrocytic form of chloroquine/pyrimethamine resistant,"CQR, PYRR",<=5.0,1,5948,K1
CHEMBL2435542,,,400.91,0.0,3.74,39,CC(C)N(C(=O)Cc1cn(CNc2ccnc3cc(Cl)ccc23)nn1)C(C)C,IC50,'=',9518.0,nM,5.02,,,UO_0000065,0,CHEMBL2438822,organism-based format,,CHEMBL2434909,1,Scientific Literature,Eur J Med Chem,,Antimalarial activity against chloroquine-resistant Plasmodium falciparum K1 after 48 hrs,K1,5.02,inactive,5.02,chloroquine resistant,CQR,5.0-6.0,2,5948,K1
CHEMBL226871,,,339.79,0.0,3.23,39,N=C(N)c1cccc(-c2cc(-c3cccc(C(=N)N)c3Cl)no2)c1,IC50,'=',30.6,nM,7.51,,,UO_0000065,0,CHEMBL916650,organism-based format,,CHEMBL1139863,1,Scientific Literature,J Med Chem,,Antiplasmodial activity against chloroquine-resistant Plasmodium falciparum K1,K1,7.51,high_potency,7.51,chloroquine resistant,CQR,>=7.5,1,5948,K1
CHEMBL556238,,,374.44,0.0,3.41,11,N=C(N)c1cccc(OCc2ccccc2COc2cccc(C(=N)N)c2)c1,IC50,'=',109.0,nM,6.96,,,UO_0000065,0,CHEMBL1055852,organism-based format,,CHEMBL1153610,1,Scientific Literature,Eur J Med Chem,,Antimalarial activity against chloroquine-resistant Plasmodium falciparum K1,K1,6.96,active,6.96,chloroquine resistant,CQR,6.0-7.5,1,5948,K1
CHEMBL136422,,,328.36,0.0,3.62,35,COc1ccc(/C=C/C(=O)c2ccc(OC)c(OC)c2OC)cc1,IC50,'=',25000.0,nM,4.6,,,UO_0000065,0,CHEMBL880957,organism-based format,,CHEMBL1134841,1,Scientific Literature,J Med Chem,,Inhibition of [3H]hypoxanthine incorporation in Plasmodium falciparum K1,K1,4.6,inactive,4.6,,,<=5.0,1,5948,K1
CHEMBL375535,,,360.5,0.0,4.07,3b,O=C1CC2(N3CCCC3)CC(c3ccccc3)C(N1)C(c1ccccc1)C2,IC50,'=',8760.0,nM,5.06,,,UO_0000065,0,CHEMBL907010,organism-based format,,CHEMBL1137288,1,Scientific Literature,Bioorg Med Chem Lett,,"Antiprotozoal activity against chloroquine-, pyrimethamine-resistant Plasmodium falciparum K1",K1,5.06,inactive,5.06,chloroquine pyrimethamine resistant,"CQR, PYRR",5.0-6.0,1,5948,K1
CHEMBL140765,,,290.32,0.0,4.15,208,O=C(/C=C/c1ccc2ccccc2c1)c1ccc(O)cc1O,IC50,'=',20000.0,nM,4.7,,,UO_0000065,0,CHEMBL880957,organism-based format,,CHEMBL1134841,1,Scientific Literature,J Med Chem,,Inhibition of [3H]hypoxanthine incorporation in Plasmodium falciparum K1,K1,4.7,inactive,4.7,,,<=5.0,1,5948,K1
CHEMBL94517,,,455.35,0.0,4.05,21,O=C(C[n+]1ccccc1)Nc1cc(CO)cc(Nc2ccnc3cc(Cl)ccc23)c1,IC50,'=',927.0,nM,6.03,,,UO_0000065,0,CHEMBL761303,organism-based format,,CHEMBL1134569,1,Scientific Literature,J Med Chem,,Inhibitory activity against chloroquine-resistant Plasmodium falciparum FcB1R,FcB1-R,6.03,active,6.03,chloroquine resistant,CQR,6.0-7.5,1,214,FcB1-R
CHEMBL1800551,,,403.92,1.0,5.04,10e,CN(C)CCCNc1cc(-c2ccc(Cl)cc2)c(C#N)c2nc3ccccc3n12,IC50,'=',210.0,nM,6.68,,,UO_0000065,0,CHEMBL1803233,organism-based format,,CHEMBL1799932,1,Scientific Literature,J Med Chem,,Antimalarial activity against multidrug-resistant Plasmodium falciparum K1 infected in human red blood cells assessed as 3H-hypoxanthine incorporation after 48 hrs by liquid scintillation counting,K1,6.68,active,6.68,multidrug resistant,MDR,6.0-7.5,1,5948,K1
CHEMBL4207446,,,356.31,0.0,4.18,33,FC(F)(F)c1ccc(-c2nc3cnc(Nc4ccccn4)cc3[nH]2)cn1,IC50,'=',48.0,nM,7.32,,,UO_0000065,0,CHEMBL4189352,organism-based format,,CHEMBL4184318,1,Scientific Literature,J Med Chem,,Antimalarial activity against multidrug-resistant Plasmodium falciparum K1,K1,7.32,active,7.32,multidrug resistant,MDR,6.0-7.5,2,5948,K1
CHEMBL3800333,,,276.26,0.0,-1.08,12,C[C@H]1O[C@@H](n2cnc3c(N)nc(C#N)nc32)[C@H](O)[C@@H]1O,IC50,'=',33500.0,nM,4.47,,,UO_0000065,0,CHEMBL3800916,organism-based format,,CHEMBL3797121,1,Scientific Literature,Bioorg Med Chem Lett,,Antimalarial activity against erythrocytic stage of Plasmodium falciparum K1 after 18 hrs by [3H]-hypoxanthine incorporation assay,K1,4.47,inactive,4.47,,,<=5.0,1,5948,K1
CHEMBL2181207,,,352.87,1.0,5.23,97b,CCCN1CNc2cc(Nc3ccnc4cc(Cl)ccc34)ccc2C1,IC50,'=',220.0,nM,6.66,,,UO_0000065,0,CHEMBL3607890,organism-based format,,CHEMBL3603813,1,Scientific Literature,Bioorg Med Chem,,Antiplasmodial activity against CQ-resistant Plasmodium falciparum K1,K1,6.66,active,6.66,cq resistant,CQR,6.0-7.5,4,5948,K1
CHEMBL75414,,,735.88,3.0,8.38,1e,CC(C)(C)OC(=O)N1CCN(C(=O)OC(C)(C)C)C1=Nc1ccc(Nc2ccc(N=C3N(C(=O)OC(C)(C)C)CCN3C(=O)OC(C)(C)C)cc2)cc1,IC50,'=',59.0,nM,7.23,,,UO_0000065,0,CHEMBL933420,organism-based format,,CHEMBL1141653,1,Scientific Literature,J Med Chem,,Antiplasmodial activity against Plasmodium falciparum K1 in [3H]hypoxanthine incorporation assay,K1,7.23,active,7.23,,,6.0-7.5,1,5948,K1
CHEMBL3918399,,,406.53,1.0,7.11,30a,Clc1ccc(Nc2cc(C(Cl)(Cl)Cl)nc3ccccc23)c(Cl)c1,IC50,'=',1300.0,nM,5.89,,,UO_0000065,0,CHEMBL3877811,cell-based format,,CHEMBL3877253,1,Scientific Literature,Eur J Med Chem,,Antiplasmodial activity against chloroquine/pyrimethamine/proguanil-resistant Plasmodium falciparum K1 infected in human erythrocytes after 72 hrs by SYBR Green 1 dye based fluorescence spectrophotometric method,K1,5.89,inactive,5.89,chloroquine/pyrimethamine/proguanil resistant,"CQR, PRGR, PYRR",5.0-6.0,1,5948,K1
CHEMBL2146543,,,348.84,1.0,5.2,9,Cc1ccc(-c2c[nH]c(CNc3ccnc4cc(Cl)ccc34)n2)cc1,IC50,'=',17.2,nM,7.76,,,UO_0000065,0,CHEMBL2150333,organism-based format,,CHEMBL2146461,1,Scientific Literature,Bioorg Med Chem,,Antiplasmodial activity against chloroquine-sensitive Plasmodium falciparum D10 infected in human red blood cells after 72 hrs by parasite lactate dehydrogenase assay,D10,7.76,high_potency,7.76,chloroquine sensitive,CQS,>=7.5,2,1503,D10
CHEMBL4210014,,,371.32,0.0,4.66,3,FC(F)(F)Oc1ccc(-c2nc3cnc(Nc4ccccn4)cc3[nH]2)cc1,IC50,'=',49.0,nM,7.31,,,UO_0000065,0,CHEMBL4189352,organism-based format,,CHEMBL4184318,1,Scientific Literature,J Med Chem,,Antimalarial activity against multidrug-resistant Plasmodium falciparum K1,K1,7.31,active,7.31,multidrug resistant,MDR,6.0-7.5,2,5948,K1
CHEMBL219333,,,351.8,0.0,4.22,5b(DP),COc1ccc2nc3cc(Cl)ccc3c(N/N=C/c3ncc[nH]3)c2c1,IC50,'=',4.5,nM,8.35,,,UO_0000065,0,CHEMBL856511,organism-based format,,CHEMBL1137279,1,Scientific Literature,Bioorg Med Chem Lett,,Antimalarial activity against chloroquine-resistant Plasmodium falciparum K1,K1,8.35,high_potency,8.35,chloroquine resistant,CQR,>=7.5,8,5948,K1
CHEMBL2207904,,,758.94,4.0,9.32,8,Cc1cc(C)c(Nc2nc(NCCCCCNc3nc(Nc4ccc(C#N)cc4)nc(Nc4c(C)cc(C)cc4C)n3)nc(Nc3ccc(C#N)cc3)n2)c(C)c1,IC50,'=',970.0,nM,6.01,,,UO_0000065,0,CHEMBL4143004,organism-based format,,CHEMBL4138212,1,Scientific Literature,Eur J Med Chem,,Antiplasmodial activity against chloroquine-resistant Plasmodium falciparum K1 infected in human O-positive erythrocytes assessed as decrease in parasitaemia after 72 hrs by NBT dye-based spectrophotometric method,K1,6.01,active,6.01,chloroquine resistant,CQR,6.0-7.5,1,5948,K1
CHEMBL411530,,,428.97,1.0,5.37,4i,Clc1cccc(C(c2ccc(CN3CCCC3)cc2)(c2ccccn2)n2ccnc2)c1,IC50,'=',155.0,nM,6.81,,,UO_0000065,0,CHEMBL934481,organism-based format,,CHEMBL1142373,1,Scientific Literature,J Med Chem,,Antiplasmodial activity against chloroquine-resistant Plasmodium falciparum K1 by [3H]hypoxanthine incorporation,K1,6.81,active,6.81,chloroquine resistant,CQR,6.0-7.5,4,5948,K1
CHEMBL411715,,,511.11,2.0,6.57,4e,Clc1ccc(C(c2ccc(CN3CCCC3)cc2)(c2ccc(CN3CCCC3)cc2)n2ccnc2)cc1,IC50,'=',11.7,nM,7.93,,,UO_0000065,0,CHEMBL934481,organism-based format,,CHEMBL1142373,1,Scientific Literature,J Med Chem,,Antiplasmodial activity against chloroquine-resistant Plasmodium falciparum K1 by [3H]hypoxanthine incorporation,K1,7.93,high_potency,7.93,chloroquine resistant,CQR,>=7.5,4,5948,K1
CHEMBL3735425,,,212.29,0.0,2.79,6,C[C@@]12CCO[C@@H]1OOC1(CCCCC1)C2,IC50,'=',5300.0,nM,5.28,,,UO_0000065,0,CHEMBL3738127,organism-based format,,CHEMBL3734670,1,Scientific Literature,Medchemcomm,,Antiplasmodial activity against chloroquine-sensitive Plasmodium falciparum D10 infected in human A positive erythrocyte assessed as inhibition of parasite growth after 72 hrs by parasite lactate dehydrogenase assay,D10,5.28,inactive,5.28,chloroquine sensitive,CQS,5.0-6.0,2,1503,D10
CHEMBL4778306,,,369.9,0.0,3.37,"Ref 118, Cpd-16b",CCNCC(Cn1cc(-c2ccccc2)nn1)NCc1ccc(Cl)cc1,IC50,'<=',25000.0,nM,,,,UO_0000065,0,CHEMBL4673464,organism-based format,,CHEMBL4673175,1,Scientific Literature,RSC Med Chem,,Antiplasmodial activity against chloroquine sensitive Plasmodium falciparum D10,D10,4.6,inactive,4.6,chloroquine sensitive,CQS,<=5.0,1,1503,D10
CHEMBL1929188,,,442.69,0.0,4.83,"12a, Diastereomer",CC(C)c1c(OCC(O)CN2CCN(C)CC2)ccc2c1CC[C@H]1C(C)(C)CCC[C@]21C,IC50,'=',1390.0,nM,5.86,,,UO_0000065,0,CHEMBL1932232,organism-based format,,CHEMBL1926568,1,Scientific Literature,Bioorg Med Chem,,Antiplasmodial activity against chloroquine-resistant Plasmodium falciparum K1 after 48 hrs by lactate dehydrogenase assay,K1,5.86,inactive,5.86,chloroquine resistant,CQR,5.0-6.0,2,5948,K1
CHEMBL388948,ADHYPERFORIN,,732.15,2.0,9.38,"1a, DCHA",CCC(C)C(=O)[C@]12C(=O)[C@](CC=C(C)C)(C[C@H](CC=C(C)C)[C@@]1(C)CCC=C(C)C)C(=O)C(CC=C(C)C)=C2O,IC50,'=',1400.0,nM,5.85,,,UO_0000065,0,CHEMBL907613,organism-based format,,CHEMBL1144599,1,Scientific Literature,Bioorg Med Chem Lett,,Antiplasmodial activity after 48 hrs against Plasmodium falciparum K1 in human erythrocytes,K1,5.85,inactive,5.85,,,5.0-6.0,1,5948,K1
CHEMBL559324,,,424.93,0.0,4.45,32a,CC(C)(C)C(=O)CN(CCNc1ccnc2cc(Cl)ccc12)C(=O)c1ccncc1,IC50,'=',1064.0,nM,5.97,,,UO_0000065,0,CHEMBL1056788,organism-based format,,CHEMBL1153593,1,Scientific Literature,Eur J Med Chem,,Antimalarial activity against chloroquine-sensitive Plasmodium falciparum D10,D10,5.97,inactive,5.97,chloroquine sensitive,CQS,5.0-6.0,3,1503,D10
CHEMBL2426544,,,288.69,0.0,3.94,3,O=c1ccc2cc(Oc3ccc(Cl)cc3O)ccc2o1,IC50,'=',10700.0,nM,4.97,,,UO_0000065,0,CHEMBL2427112,organism-based format,,CHEMBL2424603,1,Scientific Literature,J Med Chem,,Antiplasmodial activity against chloroquine/pyrimethamine-resistant Plasmodium falciparum K1 assessed as growth inhibition after 24 hrs by [3H]-hypoxanthine incorporation assay,K1,4.97,inactive,4.97,chloroquine/pyrimethamine resistant,"CQR, PYRR",<=5.0,1,5948,K1
CHEMBL2435552,,,411.47,0.0,2.97,49,CN(Cc1ccccc1)C(=O)Cc1cn(CNc2ccnc3cc(C#N)ccc23)nn1,IC50,'=',1247.0,nM,5.9,,,UO_0000065,0,CHEMBL2438823,organism-based format,,CHEMBL2434909,1,Scientific Literature,Eur J Med Chem,,Antimalarial activity against chloroquine-sensitive Plasmodium falciparum D10 after 48 hrs,D10,5.9,inactive,5.9,chloroquine sensitive,CQS,5.0-6.0,2,1503,D10
CHEMBL2335237,,,329.79,0.0,3.18,7e,Cc1c(O)c(=O)ccn1CCNc1ccnc2cc(Cl)ccc12,IC50,'=',32600.0,nM,4.49,,,UO_0000065,0,CHEMBL2411787,organism-based format,,CHEMBL2407044,1,Scientific Literature,ACS Med Chem Lett,,Antiplasmodial activity against chloroquine-resistant Plasmodium falciparum K1 assessed as parasite growth inhibition after 24 hrs by [3H]-hypoxathine incorporation assay,K1,4.49,inactive,4.49,chloroquine resistant,CQR,<=5.0,3,5948,K1
CHEMBL1830985,,,401.94,1.0,6.13,4,CN(Cc1ccccc1)Cc1ccccc1CNc1ccnc2cc(Cl)ccc12,IC50,'=',140.0,nM,6.85,,,UO_0000065,0,CHEMBL1831540,organism-based format,,CHEMBL1828581,1,Scientific Literature,J Med Chem,,Antimalarial activity against erythrocyte stages of chloroquine-sensitive Plasmodium falciparum D10 infected in human erythrocytes by lactate dehydrogenase assay,D10,6.85,active,6.85,erythrocyte stages of chloroquine sensitive,CQS,6.0-7.5,2,1503,D10
CHEMBL2435775,,,811.12,2.0,8.88,27,COc1ccccc1CC(=O)NCCCN(CCCCCCCCCCCCN(CCCNC(=O)Cc1ccccc1OC)C(=O)OC(C)(C)C)C(=O)OC(C)(C)C,IC50,'=',460.0,nM,6.34,,,UO_0000065,0,CHEMBL2439547,organism-based format,,CHEMBL2434856,1,Scientific Literature,Eur J Med Chem,,Antimalarial activity against erythrocytic stage of chloroquine and pyrimethamine-resistant Plasmodium falciparum K1,K1,6.34,active,6.34,erythrocytic stage of chloroquine and pyrimethamine resistant,"CQR, PYRR",6.0-7.5,1,5948,K1
CHEMBL2333013,,,530.07,2.0,5.62,19,COc1cc(/C=C2\SC(=S)N(CCCNc3ccnc4cc(Cl)ccc34)C2=O)cc(OC)c1OC,IC50,'=',42.2,nM,7.38,,,UO_0000065,0,CHEMBL2345690,organism-based format,,CHEMBL2331443,1,Scientific Literature,Eur J Med Chem,,Antimalarial activity against Plasmodium falciparum K1 assessed as parasite growth inhibition after 72 hrs by MSF assay,K1,7.37,active,7.37,,,6.0-7.5,3,5948,K1
CHEMBL4208885,,,445.6,0.0,4.18,5,CCNC(=O)/C(C)=C\[C@H]1C/C=C/C=C/C[C@H](C)/C=C(\C)[C@@H](OC)C/C=C/[C@@H](O)CC(=O)O1,IC50,'=',16000.0,nM,4.8,,,UO_0000065,0,CHEMBL4184979,organism-based format,,CHEMBL4184117,1,Scientific Literature,Bioorg Med Chem Lett,,Antimalarial activity against chloroquine-resistant Plasmodium falciparum K1 infected in human type A+ erythrocytes assessed as growth inhibition after 72 hrs by LDH assay,K1,4.8,inactive,4.8,chloroquine resistant,CQR,<=5.0,2,5948,K1
CHEMBL3309524,,,372.86,0.0,2.88,8b,Cn1cc(O)c(=O)cc1CNCCCNc1ccnc2cc(Cl)ccc12,IC50,'=',360.0,nM,6.44,,,UO_0000065,0,CHEMBL3368881,organism-based format,,CHEMBL3352080,1,Scientific Literature,Bioorg Med Chem Lett,,Antiplasmodial activity against Plasmodium falciparum K1 infected in erythrocytes assessed as [3H]hypoxanthine incorporation after 24 hrs by microbeta scintillation counting analysis,K1,6.44,active,6.44,,,6.0-7.5,2,5948,K1
CHEMBL3234057,,,341.3,0.0,3.87,21,FC(F)(F)c1ccc(-c2ccc3ncc(-c4ccncc4)n3n2)cn1,IC50,'=',873.0,nM,6.06,,,UO_0000065,0,CHEMBL3241686,organism-based format,,CHEMBL3232977,1,Scientific Literature,J Med Chem,,Antimalarial activity against multidrug-resistant Plasmodium falciparum K1,K1,6.06,active,6.06,multidrug resistant,MDR,6.0-7.5,2,5948,K1
CHEMBL5270759,,,484.59,0.0,0.25,49c,C[C@H]1[C@H](N2CCN([C@@H]3O[C@H](CO)[C@H](O)[C@H]3O)CC2)O[C@@H]2O[C@]3(C)CC[C@H]4[C@H](C)CC[C@@H]1[C@@]24OO3,IC50,'=',0.66,nM,9.18,,,UO_0000065,0,CHEMBL5246818,organism-based format,,CHEMBL5244272,1,Scientific Literature,Eur J Med Chem,,Antimalarial activity against Plasmodium falciparum D10,D10,9.18,high_potency,9.18,,,>=7.5,2,1503,D10
CHEMBL4648465,,,762.87,3.0,8.49,89b,C[C@H]1[C@@H](CCOP(=O)(OCC[C@H]2O[C@@H]3O[C@]4(C)CC[C@H]5[C@H](C)CC[C@@H]([C@H]2C)[C@@]35OO4)Oc2ccccc2)O[C@@H]2O[C@]3(C)CC[C@H]4[C@H](C)CC[C@@H]1[C@@]24OO3,IC50,'=',0.5,nM,9.3,,,UO_0000065,0,CHEMBL5246789,organism-based format,,CHEMBL5244272,1,Scientific Literature,Eur J Med Chem,,Antimalarial activity against Plasmodium falciparum K1,K1,9.3,high_potency,9.3,,,>=7.5,4,5948,K1
CHEMBL3220275,,,402.92,1.0,5.19,2i,CCN1/C(=C/C=C/c2oc3ccc(C)cc3[n+]2C)Sc2ccc(F)cc21,IC50,'=',10.0,nM,8.0,,,UO_0000065,0,CHEMBL3223825,organism-based format,,CHEMBL3217673,1,Scientific Literature,Medchemcomm,,Antiprotozoal activity against chloroquine and pyrimethamine-resistant Plasmodium falciparum K1,K1,8.0,high_potency,8.0,chloroquine and pyrimethamine resistant,"CQR, PYRR",>=7.5,1,5948,K1
CHEMBL455600,,,310.14,0.0,2.15,9.HI,C[n+]1ccc2c(c1)[nH]c1ccccc12,IC50,'=',340.0,nM,6.47,,,UO_0000065,0,CHEMBL1067384,organism-based format,,CHEMBL1152627,1,Scientific Literature,Bioorg Med Chem,,Antimalarial activity against chloroquine and pyrimethamine-resistant Plasmodium falciparum K1 by [3H]hypoxanthine incorporation assay,K1,6.47,active,6.47,chloroquine and pyrimethamine resistant,"CQR, PYRR",6.0-7.5,1,5948,K1
CHEMBL1927113,,,472.72,0.0,4.5,6b,CN1CCN(CCN2CCC3(N4CCCC4)CC(c4ccccc4)C2C(c2ccccc2)C3)CC1,IC50,'=',23.0,nM,7.64,,,UO_0000065,0,CHEMBL1930427,organism-based format,,CHEMBL1926546,1,Scientific Literature,Eur J Med Chem,,Antiplasmodial activity against chloroquine and pyrimethamine-resistant Plasmodium falciparum K1 assessed as [3H]hypoxanthine incorporation after 48 hrs by liquid scintillation counter,K1,7.64,high_potency,7.64,chloroquine and pyrimethamine resistant,"CQR, PYRR",>=7.5,1,5948,K1
CHEMBL94992,,,608.19,2.0,6.25,59,N#Cc1ccc(CN2CCN(Cc3cc(NC(=O)CN4CCCCC4)cc(Nc4ccnc5cc(Cl)ccc45)c3)CC2)cc1,IC50,'=',13.3,nM,7.88,,,UO_0000065,0,CHEMBL761303,organism-based format,,CHEMBL1134569,1,Scientific Literature,J Med Chem,,Inhibitory activity against chloroquine-resistant Plasmodium falciparum FcB1R,FcB1-R,7.88,high_potency,7.88,chloroquine resistant,CQR,>=7.5,1,214,FcB1-R
CHEMBL1288756,,,595.56,2.0,2.72,9e,COc1cc(C(=O)/C=C/c2ccc(F)cc2F)ccc1OCc1cn([C@H]2C[C@H](n3cc(C)c(=O)[nH]c3=O)O[C@@H]2CO)nn1,IC50,'=',3900.0,nM,5.41,,,UO_0000065,0,CHEMBL1291252,organism-based format,,CHEMBL1287748,1,Scientific Literature,Bioorg Med Chem,,Antimalarial activity against chloroquine-sensitive Plasmodium falciparum D10 after 48 hrs,D10,5.41,inactive,5.41,chloroquine sensitive,CQS,5.0-6.0,3,1503,D10
CHEMBL3221652,,,270.37,0.0,2.2,69,CC1CCC2CC1OO[C@]2(C)/C=C/[C@@H](O)C(C)(C)O,IC50,'=',56.0,nM,7.25,,,UO_0000065,0,CHEMBL3224345,organism-based format,,CHEMBL3217710,1,Scientific Literature,Medchemcomm,,Antimalarial activity against chloroquine-resistant Plasmodium falciparum K1,K1,7.25,active,7.25,chloroquine resistant,CQR,6.0-7.5,1,5948,K1
CHEMBL4855930,,,503.57,2.0,6.09,19,N#Cc1ccc(CCN2CCC(Nc3nc4ccccc4n3Cc3ccc(C(F)(F)F)cc3)CC2)cc1,IC50,'=',384.0,nM,6.42,,,UO_0000065,0,CHEMBL4839280,organism-based format,,CHEMBL4837244,1,Scientific Literature,ACS Med Chem Lett,,Antiplasmodial activity against multi drug resistant synchronized Plasmodium falciparum K1 late trophozoite stage assessed as reduction in parasite survival incubated for 72 hrs under hypoxic condition by parasite lactate dehydrogenase based NBT microplate reader assay,K1,6.42,active,6.42,multi drug resistant,MDR,6.0-7.5,2,5948,K1
CHEMBL271176,,,532.01,2.0,7.4,24,COc1c(CN(CCNc2ccnc3cc(Cl)ccc23)C(C)C)c(C(F)(F)F)c(OC)c2ccccc12,IC50,'=',298.9,nM,6.52,,,UO_0000065,0,CHEMBL931167,organism-based format,,CHEMBL1142355,1,Scientific Literature,J Med Chem,,Antiparasitic activity against chloroquine-resistant Plasmodium falciparum K1,K1,6.52,active,6.52,chloroquine resistant,CQR,6.0-7.5,2,5948,K1
CHEMBL2036054,,,358.53,0.0,4.26,1,C=C1CC[C@@]2(N=C=O)[C@H]3[C@H](CC[C@@H]2C)[C@@H](C)C[C@@H](CC(C)(C)NC=O)[C@H]13,IC50,'=',8850.0,nM,5.05,,,UO_0000065,0,CHEMBL2039286,organism-based format,,CHEMBL2034875,1,Scientific Literature,J Nat Prod,,Antimalarial activity against Plasmodium falciparum K1 infected in human erythrocytes assessed as inhibition of [3H]hypoxanthine incorporation incubated for 24 hrs prior to hypoxanthine addition measured after 18 hrs by liquid scintillation counting,K1,5.05,inactive,5.05,,,5.0-6.0,1,5948,K1
CHEMBL236538,,,298.26,1.0,-2.76,1b,Nc1nc2c(ncn2[C@@H]2O[C@H](CO)[C@@H](O)[C@H]2O)/c(=N\O)[nH]1,IC50,'=',10830.0,nM,4.96,,,UO_0000065,0,CHEMBL898385,organism-based format,,CHEMBL1149611,1,Scientific Literature,Bioorg Med Chem,,"Antimalarial activity against chloroquine,pyrimethamine-resistant Plasmodium falciparum K1 after 24 hrs",K1,4.97,inactive,4.97,chloroquine pyrimethamine resistant,"CQR, PYRR",<=5.0,3,5948,K1
CHEMBL560801,,,428.53,1.0,6.4,34,N=C(N)c1ccc2oc(-c3ccc(OCCCCCCOc4ccccc4)cc3)cc2c1,IC50,'=',263.0,nM,6.58,,,UO_0000065,0,CHEMBL1058990,organism-based format,,CHEMBL1153541,1,Scientific Literature,J Med Chem,,Antiplasmodial activity after 48 hrs against chloroquine-resistant Plasmodium falciparum K1 by [3H]hypoxanthine uptake,K1,6.58,active,6.58,chloroquine resistant,CQR,6.0-7.5,1,5948,K1
CHEMBL269854,,,421.93,1.0,5.26,19,COc1cc(CNCCNc2ccnc3cc(Cl)ccc23)c(OC)c2ccccc12,IC50,'=',28.4,nM,7.55,,,UO_0000065,0,CHEMBL931167,organism-based format,,CHEMBL1142355,1,Scientific Literature,J Med Chem,,Antiparasitic activity against chloroquine-resistant Plasmodium falciparum K1,K1,7.55,high_potency,7.55,chloroquine resistant,CQR,>=7.5,2,5948,K1
CHEMBL218125,,,377.92,1.0,5.22,14g,OC(c1ccccc1)(c1ccc(Cl)cc1)c1ccc(CN2CCCC2)cc1,IC50,'=',2170.0,nM,5.66,,,UO_0000065,0,CHEMBL912570,organism-based format,,CHEMBL1141393,1,Scientific Literature,J Med Chem,,Antiplasmodial activity against chloroquine-resistant Plasmodium falciparum K1,K1,5.66,inactive,5.66,chloroquine resistant,CQR,5.0-6.0,2,5948,K1
CHEMBL2170032,,,656.1,2.0,9.79,10,Clc1ccc2c(NC(c3ccccc3)(c3ccc(CN4CCCC4)c(Cl)c3)c3ccc(CN4CCCC4)c(Cl)c3)ccnc2c1,IC50,'=',8.4,nM,8.08,,,UO_0000065,0,CHEMBL2176144,organism-based format,,CHEMBL2169878,1,Scientific Literature,J Med Chem,,Antiplasmodial activity against chloroquine-resistant Plasmodium falciparum K1 infected in human erythrocytes assessed as inhibition of [3H]hypoxanthine incorporation incubated for 48 hrs prior to [3H]hypoxanthine addition measured after 48 hrs by liquid scintillation counting,K1,8.08,high_potency,8.08,chloroquine resistant,CQR,>=7.5,4,5948,K1
CHEMBL483707,,,355.87,0.0,4.46,5b,c1cc2nc3ccc(N4CCCC4)cc3[o+]c2cc1N1CCCC1,IC50,'=',3.0,nM,8.52,,,UO_0000065,0,CHEMBL1001817,organism-based format,,CHEMBL1150378,1,Scientific Literature,J Med Chem,,Antiplasmodial activity against chloroquine and pyrimethamine-resistant Plasmodium falciparum K1,K1,8.52,high_potency,8.52,chloroquine and pyrimethamine resistant,"CQR, PYRR",>=7.5,1,5948,K1
CHEMBL3309532,,,440.98,0.0,4.85,8j,O=c1cc(CNCCCCCCNc2ccnc3cc(Cl)ccc23)n(C2CC2)cc1O,IC50,'=',80.0,nM,7.1,,,UO_0000065,0,CHEMBL3368881,organism-based format,,CHEMBL3352080,1,Scientific Literature,Bioorg Med Chem Lett,,Antiplasmodial activity against Plasmodium falciparum K1 infected in erythrocytes assessed as [3H]hypoxanthine incorporation after 24 hrs by microbeta scintillation counting analysis,K1,7.1,active,7.1,,,6.0-7.5,2,5948,K1
CHEMBL504893,,,664.72,2.0,3.72,34,CCCCn1c(=O)[nH]c2cc(C(=O)NC[C@H]3O[C@@H](n4cnc5c(NCc6ccc(Oc7ccccc7)cc6)ncnc54)[C@H](O)[C@@H]3O)ccc21,IC50,'=',3100.0,nM,5.51,,,UO_0000065,0,CHEMBL1030657,organism-based format,,CHEMBL1152746,1,Scientific Literature,Bioorg Med Chem,,Antiplasmodial activity against Plasmodium falciparum K1 as [3H]hypoxanthine uptake,K1,5.51,inactive,5.51,,,5.0-6.0,1,5948,K1
CHEMBL2023608,,,520.98,2.0,5.65,10p,Cc1nc(NCCNc2ccnc3cc(Cl)ccc23)nc(-c2ccccc2[N+](=O)[O-])c1C(=O)OC(C)C,IC50,'=',96.0,nM,7.02,,,UO_0000065,0,CHEMBL2025606,organism-based format,,CHEMBL2021854,1,Scientific Literature,Eur J Med Chem,,Antiplasmodial activity chloroquine-resistant Plasmodium falciparum K1 infected in human A+ erythrocytes assessed as inhibition of [3H]-hypoxanthine incorporation after 24 hrs by scintillation counting,K1,7.02,active,7.02,chloroquine resistant,CQR,6.0-7.5,2,5948,K1
CHEMBL3234094,,,427.51,0.0,2.42,59,CS(=O)(=O)Nc1cccc(-c2ccc3ncc(-c4ccc([S+](N)[O-])cc4)n3n2)c1,IC50,'=',20.0,nM,7.7,,,UO_0000065,0,CHEMBL3241686,organism-based format,,CHEMBL3232977,1,Scientific Literature,J Med Chem,,Antimalarial activity against multidrug-resistant Plasmodium falciparum K1,K1,7.7,high_potency,7.7,multidrug resistant,MDR,>=7.5,2,5948,K1
CHEMBL4070446,,,373.44,0.0,4.19,43,CCNCCNc1cc(-c2ccccc2F)c(C#N)c2nc3ccccc3n12,IC50,'=',1000.0,nM,6.0,,,UO_0000065,0,CHEMBL3996773,assay format,,CHEMBL3994624,1,Scientific Literature,J Med Chem,,Anti-plasmodial activity against multidrug resistant Plasmodium falciparum K1 by [3H]-hypoxanthine incorporation assay,K1,6.0,active,6.0,multidrug resistant,MDR,5.0-6.0,2,5948,K1
CHEMBL1802541,,,373.44,0.0,4.14,8b,CN(C)CCNc1cc(-c2ccc(F)cc2)c(C#N)c2nc3ccccc3n12,IC50,'=',280.0,nM,6.55,,,UO_0000065,0,CHEMBL1803233,organism-based format,,CHEMBL1799932,1,Scientific Literature,J Med Chem,,Antimalarial activity against multidrug-resistant Plasmodium falciparum K1 infected in human red blood cells assessed as 3H-hypoxanthine incorporation after 48 hrs by liquid scintillation counting,K1,6.55,active,6.55,multidrug resistant,MDR,6.0-7.5,1,5948,K1
CHEMBL2413886,,,521.07,1.0,4.38,6g,CCN(CC)C(c1cccc(Nc2ccnc3cc(Cl)ccc23)c1)c1nnnn1CCN1CCOCC1,IC50,'=',245.0,nM,6.61,,,UO_0000065,0,CHEMBL2417208,organism-based format,,CHEMBL2412968,1,Scientific Literature,Bioorg Med Chem,,Antiplasmodial activity chloroquine-resistant Plasmodium falciparum K1 infected in human A+ erythrocytes assessed as reduction of [3H]hypoxanthine incorporation after 24 hrs by scintillation counting,K1,6.61,active,6.61,chloroquine resistant,CQR,6.0-7.5,3,5948,K1
CHEMBL485410,,,362.48,0.0,4.75,2,CC(C)NC(=N)c1ccc(-c2cc3cc(C(=N)NC(C)C)ccc3o2)cc1,IC50,'=',73.0,nM,7.14,,,UO_0000065,0,CHEMBL990646,organism-based format,,CHEMBL1142519,1,Scientific Literature,J Med Chem,,Antiplasmodial activity against chloroquine-resistant Plasmodium falciparum K1,K1,7.14,active,7.14,chloroquine resistant,CQR,6.0-7.5,1,5948,K1
CHEMBL3603969,,,618.1,2.0,5.36,102d,O=C(N[C@H](c1ccccc1)[C@H](O)C(=O)NCc1cn(-c2ccccc2Nc2ccnc3cc(Cl)ccc23)nn1)c1ccccc1,IC50,'=',390.0,nM,6.41,,,UO_0000065,0,CHEMBL3607890,organism-based format,,CHEMBL3603813,1,Scientific Literature,Bioorg Med Chem,,Antiplasmodial activity against CQ-resistant Plasmodium falciparum K1,K1,6.41,active,6.41,cq resistant,CQR,6.0-7.5,2,5948,K1
CHEMBL1277994,,,319.36,0.0,3.9,31,COc1cccc2c(-c3ccc(O)c4c3CCN=C4)ccc(O)c12,IC50,'=',1988.0,nM,5.7,,,UO_0000065,0,CHEMBL1285662,organism-based format,,CHEMBL1275325,1,Scientific Literature,Eur J Med Chem,,Antiplasmodial activity against Plasmodium falciparum K1,K1,5.7,inactive,5.7,,,5.0-6.0,1,5948,K1
CHEMBL3810238,,,528.69,2.0,6.55,33,CCCCCCCCCCOc1cc2c(=O)c(C(=O)OCC)cn(C(=O)N3CCCCC3)c2cc1OCC,IC50,'=',89.1,nM,7.05,,,UO_0000065,0,CHEMBL3812850,organism-based format,,CHEMBL3808317,1,Scientific Literature,Bioorg Med Chem Lett,,Antimalarial activity against multidrug resistant Plasmodium falciparum K1 infected in human erythrocytes assessed as inhibition of parasite proliferation after 96 hrs by SYBR Green I fluorescence based assay,K1,7.05,active,7.05,multidrug resistant,MDR,6.0-7.5,3,5948,K1
CHEMBL2414270,,,512.06,2.0,7.14,26,CCc1ccc(C(Nc2ccc(Nc3ccnc4cc(Cl)ccc34)cc2)c2nnnn2C(C)(C)C)cc1,IC50,'=',688.3,nM,6.16,,,UO_0000065,0,CHEMBL2415451,organism-based format,,CHEMBL2413038,1,Scientific Literature,Eur J Med Chem,,Antimalarial activity against chloroquine-resistant Plasmodium falciparum K1 after 72 hrs by MSF assay,K1,6.16,active,6.16,chloroquine resistant,CQR,6.0-7.5,2,5948,K1
CHEMBL4444105,,,427.51,0.0,2.87,29,CS(=O)(=O)c1ccc(-c2ccc3ncc(-c4cccc(S(C)(=O)=O)c4)n3n2)cc1,IC50,'=',314.0,nM,6.5,,,UO_0000065,0,CHEMBL4326139,organism-based format,,CHEMBL4325824,1,Scientific Literature,Medchemcomm,,Antiplasmodial activity against chloroquine-resistant Plasmodium falciparum K1 infected in human erythrocytes assessed as reduction in [3H]hypoxanthine incorporation preincubated for 48 hrs followed by [3H]hypoxanthine addition measured after 24 hrs by liquid scintillation counting method,K1,6.5,active,6.5,chloroquine resistant,CQR,6.0-7.5,2,5948,K1
CHEMBL192343,,,426.54,0.0,4.82,15,C[n+]1c2ccc(Br)cc2cc2[nH]c3ccc(Br)cc3c21,IC50,'=',49.0,nM,7.31,,,UO_0000065,0,CHEMBL829460,organism-based format,,CHEMBL1143585,1,Scientific Literature,J Med Chem,,In vitro antiplasmodial concentration against multidrug-resistant Plasmodium falciparum K1,K1,7.31,active,7.31,multidrug resistant,MDR,6.0-7.5,2,5948,K1
CHEMBL589527,,,389.03,0.0,2.91,212,C[n+]1ccc2c(c1)[nH]c1ccc(Br)cc12,IC50,'=',18.0,nM,7.75,,,UO_0000065,0,CHEMBL5097888,organism-based format,,CHEMBL5096184,1,Scientific Literature,Eur J Med Chem,,Antimalarial activity against Plasmodium falciparum K1,K1,7.74,high_potency,7.74,,,>=7.5,2,5948,K1
CHEMBL5209425,,,434.59,1.0,5.95,31,C/C=C1\CN2CCc3c([nH]c4ccccc34)[C@@H]2C[C@@H]1CC1=NCCc2c1[nH]c1ccccc21,IC50,'<',2000.0,nM,,,,UO_0000065,0,CHEMBL5097876,organism-based format,,CHEMBL5096184,1,Scientific Literature,Eur J Med Chem,,Antiplasmodial activity against chloroquine resistant Plasmodium falciparum FCB1-R/Colombia,FcB1-R,5.7,inactive,5.7,chloroquine resistant,CQR,5.0-6.0,3,214,FcB1-R
CHEMBL1800559,,,423.44,1.0,5.07,4h,CCNCCNc1cc(-c2ccc(C(F)(F)F)cc2)c(C#N)c2nc3ccccc3n12,IC50,'=',120.0,nM,6.92,,,UO_0000065,0,CHEMBL1803233,organism-based format,,CHEMBL1799932,1,Scientific Literature,J Med Chem,,Antimalarial activity against multidrug-resistant Plasmodium falciparum K1 infected in human red blood cells assessed as 3H-hypoxanthine incorporation after 48 hrs by liquid scintillation counting,K1,6.92,active,6.94,multidrug resistant,MDR,6.0-7.5,10,5948,K1
CHEMBL1800623,,,427.53,0.0,4.77,"3, TDR44047",CCCc1cc(N2CCN(Cc3ccc(F)cc3)CC2)n2c(nc3ccccc32)c1C#N,IC50,'=',23.0,nM,7.64,,,UO_0000065,0,CHEMBL1804019,organism-based format,,CHEMBL1799932,1,Scientific Literature,J Med Chem,,Antimalarial activity against Plasmodium falciparum K1,K1,7.64,high_potency,7.64,,,>=7.5,2,5948,K1
CHEMBL2207884,,,718.83,3.0,8.25,44,Cc1cc(C)c(Oc2nc(NCCNc3nc(Nc4cccc(C#N)c4)nc(Oc4c(C)cc(C)cc4C)n3)nc(Nc3ccc(C#N)cc3)n2)c(C)c1,IC50,'=',370.0,nM,6.43,,,UO_0000065,0,CHEMBL4143004,organism-based format,,CHEMBL4138212,1,Scientific Literature,Eur J Med Chem,,Antiplasmodial activity against chloroquine-resistant Plasmodium falciparum K1 infected in human O-positive erythrocytes assessed as decrease in parasitaemia after 72 hrs by NBT dye-based spectrophotometric method,K1,6.43,active,6.43,chloroquine resistant,CQR,6.0-7.5,1,5948,K1
CHEMBL55,PENTAMIDINE,4.0,340.43,0.0,2.88,Pentamidine,N=C(N)c1ccc(OCCCCCOc2ccc(C(=N)N)cc2)cc1,IC50,'=',46.0,nM,7.34,,,UO_0000065,0,CHEMBL3108258,organism-based format,,CHEMBL3102749,1,Scientific Literature,Bioorg Med Chem,,Antiplasmodial activity against chloroquine/pyrimethamine-resistant Plasmodium falciparum K1 infected in human red blood cells assessed as [3H]-hypoxanthine incorporation incubated for 48 hrs prior to [3H]-hypoxanthine addition measured after 24 hrs by liquid scintillation counting analysis,K1,7.34,active,7.353,chloroquine/pyrimethamine resistant,"CQR, PYRR",6.0-7.5,23,5948,K1
CHEMBL3604390,,,408.89,0.0,4.35,37,CN1CCN(Nc2nc3cc(Nc4ccnc5cc(Cl)ccc45)ccc3o2)CC1,IC50,'=',240.0,nM,6.62,,,UO_0000065,0,CHEMBL3607576,organism-based format,,CHEMBL3603782,1,Scientific Literature,Bioorg Med Chem,,Antiplasmodial activity against multidrug-resistant Plasmodium falciparum K1 infected in human erythrocytes after 48 hrs by [3H]-hypoxanthine incorporation assay,K1,6.62,active,6.62,multidrug resistant,MDR,6.0-7.5,2,5948,K1
CHEMBL3216445,,,394.27,0.0,1.21,40,N=C(N)c1ccc(-c2cn(-c3cc(C(=N)N)ccc3O)nn2)cc1,IC50,'=',1230.0,nM,5.91,,,UO_0000065,0,CHEMBL1046935,organism-based format,,CHEMBL1156777,1,Scientific Literature,J Med Chem,,Antiplasmodial activity against chloroquine-resistant Plasmodium falciparum K1 infected in human erythrocytes after 48 hrs assessed as [3H]hypoxanthine incorporation by liquid scintillation counting,K1,5.91,inactive,5.91,chloroquine resistant,CQR,5.0-6.0,1,5948,K1
CHEMBL2435550,,,471.61,0.0,4.8,47,N#Cc1ccc2c(NCn3cc(CC(=O)N(C4CCCCC4)C4CCCCC4)nn3)ccnc2c1,IC50,'=',6563.0,nM,5.18,,,UO_0000065,0,CHEMBL2438822,organism-based format,,CHEMBL2434909,1,Scientific Literature,Eur J Med Chem,,Antimalarial activity against chloroquine-resistant Plasmodium falciparum K1 after 48 hrs,K1,5.18,inactive,5.18,chloroquine resistant,CQR,5.0-6.0,2,5948,K1
CHEMBL572319,,,470.65,1.0,7.54,37,CCCCCCCCCCCCCC(=O)OCC(C)(C)CC1=C(O)C(=O)c2ccccc2C1=O,IC50,'=',32.0,nM,7.5,,,UO_0000065,0,CHEMBL1040042,organism-based format,,CHEMBL1156821,1,Scientific Literature,J Med Chem,,Antimalarial activity against multidrug-resistant Plasmodium falciparum K1 infected in erythrocytes after 48 hrs by [3H]hypoxanthine incorporation assay,K1,7.49,active,7.49,multidrug resistant,MDR,6.0-7.5,2,5948,K1
CHEMBL572277,,,330.38,0.0,3.64,21,CCCC(=O)OCC(C)(C)CC1=C(O)C(=O)c2ccccc2C1=O,IC50,'=',910.0,nM,6.04,,,UO_0000065,0,CHEMBL1040042,organism-based format,,CHEMBL1156821,1,Scientific Literature,J Med Chem,,Antimalarial activity against multidrug-resistant Plasmodium falciparum K1 infected in erythrocytes after 48 hrs by [3H]hypoxanthine incorporation assay,K1,6.04,active,6.04,multidrug resistant,MDR,6.0-7.5,1,5948,K1
CHEMBL1085096,,,249.18,0.0,0.09,rac-6,CN(O)C(=O)CCC(F)P(=O)(O)O,IC50,'=',310.0,nM,6.51,,,UO_0000065,0,CHEMBL1118495,organism-based format,,CHEMBL1155443,1,Scientific Literature,J Med Chem,,Antiplasmodial activity against Plasmodium falciparum K1 by micro dilution assay,K1,6.51,active,6.51,,,6.0-7.5,2,5948,K1
CHEMBL5278424,,,697.01,2.0,8.12,3d,C[C@@H]1CC[C@H]2[C@@H](C)C(CSCCCCCSCC3O[C@@H]4O[C@]5(C)CC[C@@H]6[C@@H](C)CC[C@H]([C@@H]3C)[C@]46OO5)O[C@H]3O[C@@]4(C)CC[C@@H]1[C@]32OO4,IC50,'=',12.0,nM,7.92,,,UO_0000065,0,CHEMBL5257517,organism-based format,,CHEMBL5257025,1,Scientific Literature,J Med Chem,,Antiplasmodial activity against Plasmodium falciparum K1 assessed as inhibition of parasitic growth,K1,7.92,high_potency,7.92,,,>=7.5,1,5948,K1
CHEMBL5271709,,,927.44,2.0,7.08,6c-citrate,C[C@@H]1CC[C@H]2[C@@H](C)C(OCc3ccc(C(=O)N(CCNc4ccnc5cc(Cl)ccc45)CC(=O)NC(C)(C)C)cc3)O[C@@H]3O[C@]4(C)CC[C@@H]1[C@]32OO4.O=C(O)CC(O)(CC(=O)O)C(=O)O,IC50,'=',24.0,nM,7.62,,,UO_0000065,0,CHEMBL5241731,organism-based format,,CHEMBL5241075,1,Scientific Literature,Eur J Med Chem,,Antiplasmodial activity against Plasmodium falciparum D10,D10,7.62,high_potency,7.62,,,>=7.5,2,1503,D10
CHEMBL405475,,,307.35,0.0,3.7,6j,COc1ccc(/C=N/Nc2ccnc3c(OC)cccc23)cc1,IC50,'=',715.0,nM,6.15,,,UO_0000065,0,CHEMBL934468,organism-based format,,CHEMBL1142372,1,Scientific Literature,J Med Chem,,Antiplasmodial activity against chloroquine-sensitive Plasmodium falciparum D10 by [3H]hypoxanthine incorporation,D10,6.15,active,6.15,chloroquine sensitive,CQS,6.0-7.5,4,1503,D10
CHEMBL219478,,,362.48,0.0,4.53,6f,CCN(CC)Cc1ccc(/C=N/Nc2ccnc3ccc(OC)cc23)cc1,IC50,'=',39.2,nM,7.41,,,UO_0000065,0,CHEMBL934468,organism-based format,,CHEMBL1142372,1,Scientific Literature,J Med Chem,,Antiplasmodial activity against chloroquine-sensitive Plasmodium falciparum D10 by [3H]hypoxanthine incorporation,D10,7.41,active,7.41,chloroquine sensitive,CQS,6.0-7.5,11,1503,D10
CHEMBL405475,,,307.35,0.0,3.7,6j,COc1ccc(/C=N/Nc2ccnc3c(OC)cccc23)cc1,IC50,'=',769.0,nM,6.11,,,UO_0000065,0,CHEMBL934471,organism-based format,,CHEMBL1142372,1,Scientific Literature,J Med Chem,,Antiplasmodial activity against chloroquine-resistant Plasmodium falciparum K1 by [3H]hypoxanthine incorporation,K1,6.11,active,6.11,chloroquine resistant,CQR,6.0-7.5,4,5948,K1
CHEMBL1928932,,,273.29,0.0,-0.31,1,O=C(Cn1cnc2ccccc2c1=O)[C@H]1NCC[C@@H]1O,IC50,'=',3.9,nM,8.41,,,UO_0000065,0,CHEMBL1932732,organism-based format,,CHEMBL1926628,1,Scientific Literature,Bioorg Med Chem,,Antimalarial activity against chloroquine-resistant Plasmodium falciparum K1 infected in human A positive erythrocytes assessed as inhibition of [G-3H]-hypoxanthine uptake after 24 hrs by liquid scintillation counting,K1,8.41,high_potency,8.41,chloroquine resistant,CQR,>=7.5,7,5948,K1
CHEMBL241869,,,508.11,1.0,4.84,5q,O=C(CCCc1ccccc1)NCCCN1CCN(CCCNc2ccnc3cc(Cl)ccc23)CC1,IC50,'=',61.0,nM,7.21,,,UO_0000065,0,CHEMBL891232,organism-based format,,CHEMBL1147171,1,Scientific Literature,Bioorg Med Chem,,"Antiparasitic activity against chloroquine, pyrimethamine-resistant Plasmodium falciparum K1 in erythrocytes by [3H]hypoxanthine uptake",K1,7.21,active,7.21,chloroquine pyrimethamine resistant,"CQR, PYRR",6.0-7.5,2,5948,K1
CHEMBL390745,,,357.42,0.0,2.71,34,c1cc(C2=NCCN2)cc(-c2cc(-c3cccc(C4=NCCN4)c3)on2)c1,IC50,'=',227.2,nM,6.64,,,UO_0000065,0,CHEMBL916650,organism-based format,,CHEMBL1139863,1,Scientific Literature,J Med Chem,,Antiplasmodial activity against chloroquine-resistant Plasmodium falciparum K1,K1,6.64,active,6.64,chloroquine resistant,CQR,6.0-7.5,1,5948,K1
CHEMBL4876226,,,425.54,1.0,5.25,18,CCN(CC)Cc1ccc(Nc2nc3ccccc3n2Cc2ccc(C#N)cc2)cc1O,IC50,'=',760.0,nM,6.12,,,UO_0000065,0,CHEMBL4835668,organism-based format,,CHEMBL4834426,1,Scientific Literature,J Med Chem,,Antimalarial activity against asexual blood stage multi drug-resistant Plasmodium falciparum K1 infected in erythrocytes assessed as reduction in parasitemia incubated up to 72 hrs by [3H]hypoxanthine incorporation assay,K1,6.12,active,6.12,asexual blood stage multi drug resistant,MDR,6.0-7.5,2,5948,K1
CHEMBL4873489,,,502.97,2.0,7.09,36,CC(C)(C)NCc1cc(Cl)cc(Nc2nc3ccccc3n2Cc2ccc(C(F)(F)F)cc2)c1O,IC50,'=',60.0,nM,7.22,,,UO_0000065,0,CHEMBL4835668,organism-based format,,CHEMBL4834426,1,Scientific Literature,J Med Chem,,Antimalarial activity against asexual blood stage multi drug-resistant Plasmodium falciparum K1 infected in erythrocytes assessed as reduction in parasitemia incubated up to 72 hrs by [3H]hypoxanthine incorporation assay,K1,7.22,active,7.22,asexual blood stage multi drug resistant,MDR,6.0-7.5,2,5948,K1
CHEMBL441722,,,335.37,0.0,2.59,29,COc1cc(C(=N)N)ccc1-c1cc(-c2cccc(C(=N)N)c2)on1,IC50,'=',8.9,nM,8.05,,,UO_0000065,0,CHEMBL916650,organism-based format,,CHEMBL1139863,1,Scientific Literature,J Med Chem,,Antiplasmodial activity against chloroquine-resistant Plasmodium falciparum K1,K1,8.05,high_potency,8.05,chloroquine resistant,CQR,>=7.5,1,5948,K1
CHEMBL136132,,,367.23,0.0,4.92,32,COc1ccc(C(=O)/C=C/c2ccc(Cl)cc2Cl)c(OC)c1OC,IC50,'=',6500.0,nM,5.19,,,UO_0000065,0,CHEMBL943128,organism-based format,,CHEMBL1140598,1,Scientific Literature,Eur J Med Chem,,Antimalarial activity against chloroquine-resistant Plasmodium falciparum K1 by [3H]hypoxanthine incorporation,K1,5.19,inactive,5.23,chloroquine resistant,CQR,5.0-6.0,2,5948,K1
CHEMBL376572,,,305.34,0.0,2.58,22,N=C(N)c1ccc(-c2cc(-c3cccc(C(=N)N)c3)on2)cc1,IC50,'=',2.5,nM,8.6,,,UO_0000065,0,CHEMBL916650,organism-based format,,CHEMBL1139863,1,Scientific Literature,J Med Chem,,Antiplasmodial activity against chloroquine-resistant Plasmodium falciparum K1,K1,8.6,high_potency,8.6,chloroquine resistant,CQR,>=7.5,1,5948,K1
CHEMBL484351,,,278.31,0.0,2.67,14,N=C(N)c1cccc(-c2cc3ccc(C(=N)N)cc3o2)c1,IC50,'=',4.0,nM,8.4,,,UO_0000065,0,CHEMBL990646,organism-based format,,CHEMBL1142519,1,Scientific Literature,J Med Chem,,Antiplasmodial activity against chloroquine-resistant Plasmodium falciparum K1,K1,8.4,high_potency,8.4,chloroquine resistant,CQR,>=7.5,1,5948,K1
CHEMBL2181481,,,348.41,0.0,3.1,23,COc1ccc(-c2cc(-c3ccc(C(=O)N(C)C)cc3)cnc2N)cn1,IC50,'=',161.0,nM,6.79,,,UO_0000065,0,CHEMBL2188966,organism-based format,,CHEMBL2177020,1,Scientific Literature,J Med Chem,,Antimalarial activity against multidrug-resistant Plasmodium falciparum K1,K1,6.79,active,6.79,multidrug resistant,MDR,6.0-7.5,2,5948,K1
CHEMBL488145,,,308.88,0.0,4.71,17,CCN(CC)CCCSc1ccnc2cc(Cl)ccc12,IC50,'=',3460.0,nM,5.46,,,UO_0000065,0,CHEMBL954849,organism-based format,,CHEMBL1150767,1,Scientific Literature,J Med Chem,,Antimalarial activity against chloroquine-sensitive Plasmodium falciparum GCO3 after 72 hrs by SYBR green assay,GCO3,5.46,inactive,5.46,chloroquine sensitive,CQS,5.0-6.0,4,66,GCO3
CHEMBL3217247,,,599.43,1.0,6.86,8d.2HCl,CCc1c(OCc2ccccc2)c(=O)ccn1CCCCCCNc1ccnc2cc(Cl)ccc12,IC50,'=',100.0,nM,7.0,,,UO_0000065,0,CHEMBL2411787,organism-based format,,CHEMBL2407044,1,Scientific Literature,ACS Med Chem Lett,,Antiplasmodial activity against chloroquine-resistant Plasmodium falciparum K1 assessed as parasite growth inhibition after 24 hrs by [3H]-hypoxathine incorporation assay,K1,7.0,active,7.0,chloroquine resistant,CQR,6.0-7.5,2,5948,K1
CHEMBL3216376,,,380.24,0.0,1.37,34,N=C(N)c1ccc(-c2cc(-c3cc(C(=N)N)ccn3)no2)nc1,IC50,'=',7.4,nM,8.13,,,UO_0000065,0,CHEMBL3108258,organism-based format,,CHEMBL3102749,1,Scientific Literature,Bioorg Med Chem,,Antiplasmodial activity against chloroquine/pyrimethamine-resistant Plasmodium falciparum K1 infected in human red blood cells assessed as [3H]-hypoxanthine incorporation incubated for 48 hrs prior to [3H]-hypoxanthine addition measured after 24 hrs by liquid scintillation counting analysis,K1,8.13,high_potency,8.13,chloroquine/pyrimethamine resistant,"CQR, PYRR",>=7.5,1,5948,K1
CHEMBL190005,,,480.57,0.0,4.13,11d,CC/N=C(/NC(=O)OCC)Nc1ccc2c(c1)Cc1cc(/N=C(/NCC)NC(=O)OCC)ccc1-2,IC50,'=',4100.0,nM,5.39,,,UO_0000065,0,CHEMBL833980,organism-based format,,CHEMBL1144346,1,Scientific Literature,J Med Chem,,In vitro antiprotozoal activity for Plasmodium falciparum K1,K1,5.39,inactive,5.39,,,5.0-6.0,1,5948,K1
CHEMBL521032,,,473.49,1.0,5.95,4c,OCCN1CCC2(N3CCCCC3)CC(c3ccc(Cl)cc3)C1C(c1ccc(Cl)cc1)C2,IC50,'=',700.0,nM,6.16,,,UO_0000065,0,CHEMBL957274,organism-based format,,CHEMBL1150424,1,Scientific Literature,Bioorg Med Chem,,Antiplasmodial activity against chloroquine and pyrimethamine-resistant Plasmodium falciparum K1 after 48 hrs,K1,6.15,active,6.15,chloroquine and pyrimethamine resistant,"CQR, PYRR",6.0-7.5,1,5948,K1
CHEMBL411715,,,511.11,2.0,6.57,4e,Clc1ccc(C(c2ccc(CN3CCCC3)cc2)(c2ccc(CN3CCCC3)cc2)n2ccnc2)cc1,IC50,'=',48.4,nM,7.32,,,UO_0000065,0,CHEMBL934478,organism-based format,,CHEMBL1142373,1,Scientific Literature,J Med Chem,,Antiplasmodial activity against chloroquine-sensitive Plasmodium falciparum D10 by [3H]hypoxanthine incorporation,D10,7.32,active,7.32,chloroquine sensitive,CQS,6.0-7.5,4,1503,D10
CHEMBL3338025,,,475.15,0.0,4.65,35,Cc1cc(Br)c(Nc2nc(N)nc(Nc3cccc(C#N)c3)n2)c(Br)c1,IC50,'=',9180.0,nM,5.04,,,UO_0000065,0,CHEMBL3382915,organism-based format,,CHEMBL3352040,1,Scientific Literature,Bioorg Med Chem,,Antiplasmodial activity against chloroquine-resistant Plasmodium falciparum K1 infected in human O positive erythrocyte assessed as reduction in parasitemia after 72 hrs,K1,5.04,inactive,5.04,chloroquine resistant,CQR,5.0-6.0,1,5948,K1
CHEMBL5410878,,,491.91,0.0,4.8,12,FC(F)(F)c1nc(-c2ccc(CCN3CCC(Nc4nc5cnc(Cl)cc5[nH]4)CC3)cc2)no1,IC50,'=',384.0,nM,6.42,,,UO_0000065,0,CHEMBL5338524,organism-based format,Erythrocyte,CHEMBL5335864,1,Scientific Literature,ACS Med Chem Lett,,Antiplasmodial activity against Plasmodium falciparum K1 infected in human erythrocytes measured after 48 hrs by [3H]hypoxanthine incorporation assay,K1,6.42,active,6.42,,,6.0-7.5,2,5948,K1
CHEMBL3828158,,,287.75,0.0,2.59,19,N=C(N)c1ccc2[nH]c(Nc3ccccc3)nc2c1,IC50,'=',5460.0,nM,5.26,,,UO_0000065,0,CHEMBL3829073,organism-based format,,CHEMBL3826916,1,Scientific Literature,Bioorg Med Chem,,Antiplasmodial activity against chloroquine and pyrimethamine resistant Plasmodium falciparum K1 infected in human erythrocytes after 48 hrs by [3H]hypoxanthine incorporation assay,K1,5.26,inactive,5.26,chloroquine and pyrimethamine resistant,"CQR, PYRR",5.0-6.0,1,5948,K1
CHEMBL3827534,,,336.23,0.0,3.55,18,Cc1cc2[nH]c(Nc3ccc(C(=N)N)cc3)nc2cc1Cl,IC50,'=',795.0,nM,6.1,,,UO_0000065,0,CHEMBL3829073,organism-based format,,CHEMBL3826916,1,Scientific Literature,Bioorg Med Chem,,Antiplasmodial activity against chloroquine and pyrimethamine resistant Plasmodium falciparum K1 infected in human erythrocytes after 48 hrs by [3H]hypoxanthine incorporation assay,K1,6.1,active,6.1,chloroquine and pyrimethamine resistant,"CQR, PYRR",6.0-7.5,1,5948,K1
CHEMBL275078,HYPERFORIN LI,,542.73,2.0,8.99,"1, Li",CC(C)=CCC[C@]1(C)[C@@H](CC=C(C)C)C[C@@]2(CC=C(C)C)C(=O)[C@]1(C(=O)C(C)C)C(=O)C(CC=C(C)C)=C2[O-],IC50,'=',2100.0,nM,5.68,,,UO_0000065,0,CHEMBL907613,organism-based format,,CHEMBL1144599,1,Scientific Literature,Bioorg Med Chem Lett,,Antiplasmodial activity after 48 hrs against Plasmodium falciparum K1 in human erythrocytes,K1,5.68,inactive,5.68,,,5.0-6.0,1,5948,K1
CHEMBL474900,,,429.93,0.0,3.01,28,Cc1nc(-c2ccccn2)nc(N2CCN(S(=O)(=O)c3ccccc3)CC2)c1Cl,IC50,'=',11600.0,nM,4.94,,,UO_0000065,0,CHEMBL1030595,organism-based format,,CHEMBL1149084,1,Scientific Literature,Bioorg Med Chem Lett,,Antiplasmodial activity against chloroquine-resistant Plasmodium falciparum K1,K1,4.94,inactive,4.94,chloroquine resistant,CQR,<=5.0,1,5948,K1
CHEMBL1928366,SALVADIONE C,,480.65,0.0,4.77,1,C=CC1=C[C@@H]2[C@@H]3[C@]4(C(C)C)C(=O)[C@]5(CC[C@H]6C(C)(C)CCC[C@]67C[C@]25[C@@](OC[C@@]3(C)O)(O7)C4=O)C1,IC50,'=',1430.0,nM,5.84,,,UO_0000065,0,CHEMBL1932062,organism-based format,,CHEMBL1926585,1,Scientific Literature,J Nat Prod,,Antiplasmodial activity against Plasmodium falciparum K1,K1,5.84,inactive,5.84,,,5.0-6.0,1,5948,K1
CHEMBL2314243,,,530.67,2.0,1.87,"1, Orthidine F",COc1cc(CC(=O)NCCCNCCCCNCCCNC(=O)Cc2ccc(O)c(OC)c2)ccc1O,IC50,'=',890.0,nM,6.05,,,UO_0000065,0,CHEMBL2318035,organism-based format,,CHEMBL2311501,1,Scientific Literature,Bioorg Med Chem Lett,,Antiprotozoal activity against erythrocytic stages of Plasmodium falciparum K1 by [3H]hypoxanthine incorporation assay,K1,6.05,active,6.05,,,6.0-7.5,1,5948,K1
CHEMBL4521552,,,500.0,2.0,6.02,27a,CC(C)(C)c1ccc(/C=N/NC(=O)C(=O)Nc2ccc(Nc3ccnc4cc(Cl)ccc34)cc2)cc1,IC50,'=',51.96,nM,7.28,,,UO_0000065,0,CHEMBL4403393,organism-based format,,CHEMBL4402530,1,Scientific Literature,Eur J Med Chem,,Antiparasitic activity against Plasmodium falciparum K1,K1,7.28,active,7.28,,,6.0-7.5,2,5948,K1
CHEMBL3217055,,,379.25,0.0,1.97,29,N=C(N)c1ccc(-c2cc(-c3ccc(C(=N)N)cn3)on2)cc1,IC50,'=',9.6,nM,8.02,,,UO_0000065,0,CHEMBL3108258,organism-based format,,CHEMBL3102749,1,Scientific Literature,Bioorg Med Chem,,Antiplasmodial activity against chloroquine/pyrimethamine-resistant Plasmodium falciparum K1 infected in human red blood cells assessed as [3H]-hypoxanthine incorporation incubated for 48 hrs prior to [3H]-hypoxanthine addition measured after 24 hrs by liquid scintillation counting analysis,K1,8.02,high_potency,8.02,chloroquine/pyrimethamine resistant,"CQR, PYRR",>=7.5,1,5948,K1
CHEMBL405606,,,271.71,0.0,3.93,5d,Clc1ccc2c(N/N=C/c3ccco3)ccnc2c1,IC50,'=',949.0,nM,6.02,,,UO_0000065,0,CHEMBL934468,organism-based format,,CHEMBL1142372,1,Scientific Literature,J Med Chem,,Antiplasmodial activity against chloroquine-sensitive Plasmodium falciparum D10 by [3H]hypoxanthine incorporation,D10,6.02,active,6.02,chloroquine sensitive,CQS,6.0-7.5,4,1503,D10
CHEMBL3099044,,,433.98,0.0,4.63,14b,OC(CN1CCN(Cc2ccccc2)CC1)Cn1c2ccccc2c2cc(Cl)ccc21,IC50,'=',165.0,nM,6.78,,,UO_0000065,0,CHEMBL3100671,organism-based format,,CHEMBL3098117,1,Scientific Literature,ACS Med Chem Lett,,Antimalarial activity against Plasmodium falciparum K1 infected in human RBC after 72 hrs by hypoxanthine incorporation assay in presence of serum albumin,K1,6.78,active,6.78,,,6.0-7.5,1,5948,K1
CHEMBL2442609,,,317.36,0.0,1.77,19b,N=C(N)c1ccc(-c2cncc(-c3ccc(C(=N)N)nc3)n2)cc1,IC50,'=',10.0,nM,8.0,,,UO_0000065,0,CHEMBL2444844,organism-based format,,CHEMBL2440077,1,Scientific Literature,Bioorg Med Chem,,Antiplasmodial activity against Plasmodium falciparum K1 assessed as [3H]-hypoxanthine incorporation after 48 hrs by liquid scintillation counting analysis,K1,8.0,high_potency,8.0,,,>=7.5,1,5948,K1
CHEMBL260474,,,334.9,0.0,3.62,4a,CCN(CC)CCCNCCNc1ccnc2cc(Cl)ccc12,IC50,'=',118.0,nM,6.93,,,UO_0000065,0,CHEMBL928292,organism-based format,,CHEMBL1144696,1,Scientific Literature,J Med Chem,,Antiplasmodial activity against chloroquine-sensitive Plasmodium falciparum GCO3 after 72 hrs by SYBR green 1 assay,GCO3,6.93,active,6.93,chloroquine sensitive,CQS,6.0-7.5,6,66,GCO3
CHEMBL495709,,,321.38,0.0,2.7,11,CC(C)[C@@H](CO)Nc1ccc2ncc(-c3ccc(C#N)cc3)n2n1,IC50,'=',6860.0,nM,5.16,,,UO_0000065,0,CHEMBL1008863,organism-based format,,CHEMBL1141703,1,Scientific Literature,Bioorg Med Chem Lett,,Antimalarial activity against multidrug-resistant Plasmodium falciparum K1 by [3H]hypoxanthine uptake,K1,5.16,inactive,5.16,multidrug resistant,MDR,5.0-6.0,2,5948,K1
CHEMBL2368168,,,470.53,1.0,5.86,11,C[C@H]1[C@@H](CCOCc2ccccc2C(F)(F)F)O[C@@H]2O[C@]3(C)CC[C@H]4[C@H](C)CC[C@@H]1[C@@]24OO3,IC50,'=',3.6,nM,8.44,,,UO_0000065,0,CHEMBL762969,organism-based format,,CHEMBL1132557,1,Scientific Literature,J Med Chem,,In vitro antimalarial activity against chloroquine-sensitive Plasmodium falciparum K1,K1,8.44,high_potency,8.615,chloroquine sensitive,CQS,>=7.5,4,5948,K1
CHEMBL226816,,,357.42,0.0,2.71,5,c1cc(-c2cc(-c3ccc(C4=NCCN4)cc3)on2)ccc1C1=NCCN1,IC50,'=',4.1,nM,8.39,,,UO_0000065,0,CHEMBL916650,organism-based format,,CHEMBL1139863,1,Scientific Literature,J Med Chem,,Antiplasmodial activity against chloroquine-resistant Plasmodium falciparum K1,K1,8.39,high_potency,8.39,chloroquine resistant,CQR,>=7.5,1,5948,K1
CHEMBL314965,,,783.76,2.0,8.19,34,COc1ccc2nc3cc(Cl)ccc3c(NCCCN(CCCNc3c4ccc(Cl)cc4nc4ccc(OC)cc34)C(=O)CCC(=O)N3CCOCC3)c2c1,IC50,'=',436.0,nM,6.36,,,UO_0000065,0,CHEMBL766047,organism-based format,,CHEMBL1133105,1,Scientific Literature,J Med Chem,,In vitro sensitivity for Plasmodium falciparum FcB1R,FcB1-R,6.36,active,6.36,,,6.0-7.5,1,214,FcB1-R
CHEMBL4452066,,,444.37,1.0,7.49,5h,Clc1ccc(C(c2c[nH]cc2-c2ccc(Cl)cc2-c2ccccc2)n2ccnc2)cc1,IC50,'=',59.0,nM,7.23,,,UO_0000065,0,CHEMBL4413421,organism-based format,,CHEMBL4411312,1,Scientific Literature,J Med Chem,,Antiprotozoal activity against erythrocytic stage of Plasmodium falciparum K1 after 48 hrs by [3H]- hypoxanthine incorporation assay,K1,7.23,active,7.23,,,6.0-7.5,1,5948,K1
CHEMBL3823974,,,418.51,1.0,6.01,20,ClC(Cl)(Cl)c1nc(Oc2ccc(Br)cc2)c2ccccc2n1,IC50,'=',1800.0,nM,5.75,,,UO_0000065,0,CHEMBL3826384,organism-based format,,CHEMBL3822443,1,Scientific Literature,Eur J Med Chem,,Antiplasmodial activity against chloroquine/purimethamine/proguanil-resistant Plasmodium falciparum K1 infected in human A+ erythrocytes assessed as reduction in parasitaemia measured after 72 hrs by SYBR Green I fluorescence-based assay,K1,5.74,inactive,5.74,chloroquine/purimethamine/proguanil resistant,"CQR, PRGR, PUMR",5.0-6.0,1,5948,K1
CHEMBL3822631,,,408.5,1.0,6.56,32,Clc1ccc(Oc2nc(C(Cl)(Cl)Cl)nc3ccccc23)c(Cl)c1,IC50,'=',1200.0,nM,5.92,,,UO_0000065,0,CHEMBL3826384,organism-based format,,CHEMBL3822443,1,Scientific Literature,Eur J Med Chem,,Antiplasmodial activity against chloroquine/purimethamine/proguanil-resistant Plasmodium falciparum K1 infected in human A+ erythrocytes assessed as reduction in parasitaemia measured after 72 hrs by SYBR Green I fluorescence-based assay,K1,5.92,inactive,5.92,chloroquine/purimethamine/proguanil resistant,"CQR, PRGR, PUMR",5.0-6.0,1,5948,K1
CHEMBL3344518,,,393.87,0.0,3.84,3,O=C1c2ccccc2-c2c1c(NCCN1CCOCC1)nc1cc(Cl)ccc21,IC50,'=',3757.0,nM,5.42,,,UO_0000065,0,CHEMBL3390204,assay format,,CHEMBL3351756,1,Scientific Literature,Bioorg Med Chem,,Antimalarial activity against chloroquine-sensitive Plasmodium falciparum D10 infected in human type A-positive red blood cells assessed as growth inhibition after 72 hrs by spectrophotometrically,D10,5.43,inactive,5.43,chloroquine sensitive,CQS,5.0-6.0,3,1503,D10
CHEMBL345055,,,471.64,1.0,5.4,7,C[C@@H]1CCC2[C@@H](C)[C@@H](OCc3ccc(CN4CCCCC4)cc3)OC3O[C@@]4(C)CC[C@@H]1[C@]32OO4,IC50,'=',9.8,nM,8.01,,,UO_0000065,0,CHEMBL760268,organism-based format,,CHEMBL1129389,1,Scientific Literature,J Med Chem,,Antimalarial activity against Plasmodium falciparum K1,K1,8.01,high_potency,8.01,,,>=7.5,2,5948,K1
CHEMBL1780233,,,536.42,0.0,4.99,25,CCN(CC)c1ccc2nc3c4ccccc4/c(=N/c4cc[n+](C)cc4)cc-3oc2c1,IC50,'=',9.0,nM,8.05,,,UO_0000065,0,CHEMBL1780440,organism-based format,,CHEMBL1777756,1,Scientific Literature,ACS Med Chem Lett,,Antimalarial activity against chloroquine and pyrimethamine resistant Plasmodium falciparum K1,K1,8.05,high_potency,8.05,chloroquine and pyrimethamine resistant,"CQR, PYRR",>=7.5,1,5948,K1
CHEMBL5288994,,,662.63,3.0,5.78,23-NBD,O=[N+]([O-])c1ccc(NCCn2c(NC3CCN(CCc4ccc(-c5nc(C(F)(F)F)no5)cc4)CC3)nc3ccccc32)c2nonc12,IC50,'=',370.0,nM,6.43,,,UO_0000065,0,CHEMBL5239932,organism-based format,,CHEMBL5236628,1,Scientific Literature,J Med Chem,,Antiplasmodial activity against multidrug resistant Plasmodium falciparum K1 infected in human erythrocytes incubated for 48 hrs followed by addition of [3H]-hypoxanthine and measured after 24 hrs by beta-plate liquid scintillation counting method,K1,6.43,active,6.43,multidrug resistant,MDR,6.0-7.5,2,5948,K1
CHEMBL3216100,,,538.45,1.0,6.19,5fa,CCN(CC)CCCNc1cc(-c2cccc(C(F)(F)F)c2)c(C#N)c2nc3ccccc3n12,IC50,'=',250.0,nM,6.6,,,UO_0000065,0,CHEMBL1803233,organism-based format,,CHEMBL1799932,1,Scientific Literature,J Med Chem,,Antimalarial activity against multidrug-resistant Plasmodium falciparum K1 infected in human red blood cells assessed as 3H-hypoxanthine incorporation after 48 hrs by liquid scintillation counting,K1,6.6,active,6.6,multidrug resistant,MDR,6.0-7.5,1,5948,K1
CHEMBL3355616,,,418.4,0.0,3.88,8,CS(=O)(=O)c1ccc(-c2cnc3ccc(-c4ccnc(C(F)(F)F)c4)nn23)cc1,IC50,'=',26.0,nM,7.58,,,UO_0000065,0,CHEMBL3381289,organism-based format,,CHEMBL3352608,1,Scientific Literature,J Med Chem,,Antiplasmodial activity against Plasmodium falciparum K1 by [3H]hypoxanthine incorporation assay,K1,7.59,high_potency,7.59,,,>=7.5,2,5948,K1
CHEMBL3221650,,,412.91,1.0,5.7,"67, 4-Cl-phenyl",CC(=O)OC1(C)CCC2CC1OO[C@]2(/C=C\c1ccc(Cl)cc1)c1ccccc1,IC50,'=',23.0,nM,7.64,,,UO_0000065,0,CHEMBL3224345,organism-based format,,CHEMBL3217710,1,Scientific Literature,Medchemcomm,,Antimalarial activity against chloroquine-resistant Plasmodium falciparum K1,K1,7.64,high_potency,7.64,chloroquine resistant,CQR,>=7.5,1,5948,K1
CHEMBL559491,,,442.56,1.0,6.66,17,CC(C)NC(=N)c1ccc2cc(-c3cccc(OCCCCOc4ccccc4)c3)oc2c1,IC50,'=',178.0,nM,6.75,,,UO_0000065,0,CHEMBL1058990,organism-based format,,CHEMBL1153541,1,Scientific Literature,J Med Chem,,Antiplasmodial activity after 48 hrs against chloroquine-resistant Plasmodium falciparum K1 by [3H]hypoxanthine uptake,K1,6.75,active,6.75,chloroquine resistant,CQR,6.0-7.5,1,5948,K1
CHEMBL3356394,,,627.66,2.0,8.4,20,Clc1ccc(-n2c3c/c(=N/CCCCC45CCCCN4CCCC5)c(Nc4cccnc4)cc-3nc3ccccc32)cc1,IC50,'=',220.0,nM,6.66,,,UO_0000065,0,CHEMBL3377298,organism-based format,,CHEMBL3351819,1,Scientific Literature,Bioorg Med Chem,,Antiplasmodial activity against chloroquine-sensitive Plasmodium falciparum D10 assessed as inhibition of parasite growth after 72 hrs by parasite lactate dehydrogenase assay,D10,6.66,active,6.66,chloroquine sensitive,CQS,6.0-7.5,2,1503,D10
CHEMBL511688,,,294.31,0.0,2.37,47,N=C(N)c1ccc(O)c(-c2cc3ccc(C(=N)N)cc3o2)c1,IC50,'=',378.0,nM,6.42,,,UO_0000065,0,CHEMBL990646,organism-based format,,CHEMBL1142519,1,Scientific Literature,J Med Chem,,Antiplasmodial activity against chloroquine-resistant Plasmodium falciparum K1,K1,6.42,active,6.42,chloroquine resistant,CQR,6.0-7.5,1,5948,K1
CHEMBL218125,,,377.92,1.0,5.22,14g,OC(c1ccccc1)(c1ccc(Cl)cc1)c1ccc(CN2CCCC2)cc1,IC50,'=',8300.0,nM,5.08,,,UO_0000065,0,CHEMBL912567,organism-based format,,CHEMBL1141393,1,Scientific Literature,J Med Chem,,Antiplasmodial activity against chloroquine-sensitive Plasmodium falciparum D10,D10,5.08,inactive,5.08,chloroquine sensitive,CQS,5.0-6.0,2,1503,D10
CHEMBL269917,,,489.93,1.0,6.28,21,COc1c(CNCCNc2ccnc3cc(Cl)ccc23)c(C(F)(F)F)c(OC)c2ccccc12,IC50,'=',16.0,nM,7.8,,,UO_0000065,0,CHEMBL931167,organism-based format,,CHEMBL1142355,1,Scientific Literature,J Med Chem,,Antiparasitic activity against chloroquine-resistant Plasmodium falciparum K1,K1,7.8,high_potency,7.8,chloroquine resistant,CQR,>=7.5,2,5948,K1
CHEMBL1688649,,,445.69,1.0,5.54,1h,CC(C)(C)OC(=O)NCCCCCCCCCNC1CCN(CCc2ccccc2)CC1,IC50,'=',360.0,nM,6.44,,,UO_0000065,0,CHEMBL1697540,organism-based format,,CHEMBL1687739,1,Scientific Literature,Antimicrob Agents Chemother,,Antiplasmodial activity against erythrocytic stage of chloroquine - and pyrimethamine-resistant Plasmodium falciparum K1 assessed as [3H]hypoxanthine incorporation after 48 hrs,K1,6.44,active,6.44,erythrocytic stage of chloroquine and pyrimethamine resistant,"CQR, PYRR",6.0-7.5,1,5948,K1
CHEMBL139793,,,326.39,0.0,4.17,13,CCc1ccc(/C=C/C(=O)c2ccc(OC)c(OC)c2OC)cc1,IC50,'=',16500.0,nM,4.78,,,UO_0000065,0,CHEMBL880957,organism-based format,,CHEMBL1134841,1,Scientific Literature,J Med Chem,,Inhibition of [3H]hypoxanthine incorporation in Plasmodium falciparum K1,K1,4.78,inactive,4.78,,,<=5.0,1,5948,K1
CHEMBL5180408,,,544.65,1.0,-0.03,2,CC1(C)NC(=O)[C@H](CCCCCC(=O)[C@@H](O)CO)NC(=O)[C@H]2CCCN2C(=O)[C@H](Cc2ccccc2)NC1=O,IC50,'=',830.0,nM,6.08,,,UO_0000065,0,CHEMBL5131038,organism-based format,,CHEMBL5126655,1,Scientific Literature,J Nat Prod,,Antiplasmodial activity against Plasmodium falciparum K1 assessed as reduction in parasite growth incubated for 72 hr by LDH assay,K1,6.08,active,6.08,,,6.0-7.5,2,5948,K1
CHEMBL54,HALOPERIDOL,4.0,375.87,0.0,4.43,Haloperidol,O=C(CCCN1CCC(O)(c2ccc(Cl)cc2)CC1)c1ccc(F)cc1,IC50,'=',10000.0,nM,5.0,,,UO_0000065,0,CHEMBL1267247,organism-based format,,CHEMBL1255382,1,Scientific Literature,Nat Chem Biol,,Antiplasmodial activity against Plasmodium falciparum D10 after 72 hrs by SYBR green assay,D10,5.0,inactive,5.0,,,<=5.0,7,1503,D10
CHEMBL2314244,,,470.61,1.0,1.86,3,O=C(Cc1ccccc1O)NCCCNCCCCNCCCNC(=O)Cc1ccccc1O,IC50,'=',8.6,nM,8.07,,,UO_0000065,0,CHEMBL2318035,organism-based format,,CHEMBL2311501,1,Scientific Literature,Bioorg Med Chem Lett,,Antiprotozoal activity against erythrocytic stages of Plasmodium falciparum K1 by [3H]hypoxanthine incorporation assay,K1,8.07,high_potency,8.07,,,>=7.5,1,5948,K1
CHEMBL443628,,,308.34,0.0,2.68,38,COc1cc(C(=N)N)ccc1-c1cc2ccc(C(=N)N)cc2o1,IC50,'=',20.0,nM,7.7,,,UO_0000065,0,CHEMBL990646,organism-based format,,CHEMBL1142519,1,Scientific Literature,J Med Chem,,Antiplasmodial activity against chloroquine-resistant Plasmodium falciparum K1,K1,7.7,high_potency,7.7,chloroquine resistant,CQR,>=7.5,1,5948,K1
CHEMBL5287683,,,308.38,0.0,3.92,19b,Cc1cccc([C@]23CC[C@](c4cccc(C)c4)(OO2)[C@H]2O[C@H]23)c1,IC50,'=',80.0,nM,7.1,,,UO_0000065,0,CHEMBL5234909,organism-based format,,CHEMBL5233251,1,Scientific Literature,Eur J Med Chem,,Antimalarial activity against chloroquine-sensitive Plasmodium falciparum K1 incubated for 48 hrs,K1,7.1,active,7.1,chloroquine sensitive,CQS,6.0-7.5,5,5948,K1
CHEMBL493860,,,416.96,1.0,6.14,2b,Cc1c(CN2CCCC2)cc(-c2ccccc2)n1Nc1ccnc2cc(Cl)ccc12,IC50,'=',42.9,nM,7.37,,,UO_0000065,0,CHEMBL1228648,organism-based format,,CHEMBL1221400,1,Scientific Literature,Bioorg Med Chem,,Antimalarial activity against chloroquine-sensitive Plasmodium falciparum D10 infected in human A+ RBC after 72 hrs by parasite LDH assay,D10,7.37,active,7.37,chloroquine sensitive,CQS,6.0-7.5,3,1503,D10
CHEMBL2338057,,,306.45,0.0,3.5,2b,Cc1ccc(CNC[C@H]2C[C@@]3(c4ccccc4)CCN2C3)cc1,IC50,'=',10340.0,nM,4.99,,,UO_0000065,0,CHEMBL2344359,organism-based format,,CHEMBL2331223,1,Scientific Literature,Bioorg Med Chem Lett,,Antimalarial activity against chloroquine-sensitive Plasmodium falciparum D10,D10,4.99,inactive,4.99,chloroquine sensitive,CQS,<=5.0,2,1503,D10
CHEMBL490076,,,377.28,0.0,2.55,32,COc1ccc2c(c1)[n+]([O-])c(C#N)c(-c1ccc(OC(F)(F)F)cc1)[n+]2[O-],IC50,'=',1250.0,nM,5.9,,,UO_0000065,0,CHEMBL968942,organism-based format,,CHEMBL1140972,1,Scientific Literature,Eur J Med Chem,,Antimalarial activity after 48 hrs against chloroquine-resistant Plasmodium falciparum K1 by [3H]hypoxanthine uptake,K1,5.9,inactive,5.9,chloroquine resistant,CQR,5.0-6.0,2,5948,K1
CHEMBL563357,,,394.48,0.0,1.8,16,c1cc(OCCCCCOc2ccnc(C3=NCCN3)c2)cc(C2=NCCN2)n1,IC50,'=',4260.0,nM,5.37,,,UO_0000065,0,CHEMBL837874,organism-based format,,CHEMBL1158484,1,Scientific Literature,J Med Chem,,Antiplasmodial activity after 48 hrs against chloroquine-resistant Plasmodium falciparum K1 infected human erythrocytes by [3H]hypoxanthine uptake,K1,5.37,inactive,5.37,chloroquine resistant,CQR,5.0-6.0,1,5948,K1
CHEMBL1780234,,,521.06,1.0,6.5,26,CCN(CC)c1ccc2nc3c4ccccc4/c(=N/c4cc[n+](Cc5ccccc5)cc4)cc-3oc2c1,IC50,'=',24.0,nM,7.62,,,UO_0000065,0,CHEMBL1780440,organism-based format,,CHEMBL1777756,1,Scientific Literature,ACS Med Chem Lett,,Antimalarial activity against chloroquine and pyrimethamine resistant Plasmodium falciparum K1,K1,7.62,high_potency,7.62,chloroquine and pyrimethamine resistant,"CQR, PYRR",>=7.5,1,5948,K1
CHEMBL410726,,,566.1,2.0,6.72,36,CC1=C(Cc2ccc(CC(=O)N(CCNc3ccnc4cc(Cl)ccc34)C(C)C)cc2)C(=O)c2ccccc2C1=O,IC50,'=',5.3,nM,8.28,,,UO_0000065,0,CHEMBL931167,organism-based format,,CHEMBL1142355,1,Scientific Literature,J Med Chem,,Antiparasitic activity against chloroquine-resistant Plasmodium falciparum K1,K1,8.28,high_potency,8.28,chloroquine resistant,CQR,>=7.5,2,5948,K1
CHEMBL573296,,,502.04,2.0,6.27,33,Oc1ccc(Nc2ccnc3cc(Cl)ccc23)cc1CN1CCN(c2nc3ccccc3s2)CC1,IC50,'=',1480.0,nM,5.83,,,UO_0000065,0,CHEMBL1037602,organism-based format,,CHEMBL1154601,1,Scientific Literature,Eur J Med Chem,,Antimalarial activity against chloroquine-resistant Plasmodium falciparum K1 assessed as inhibition of parasite growth after 48 hrs by [3H]hypoxanthine reuptake assay,K1,5.83,inactive,5.83,chloroquine resistant,CQR,5.0-6.0,2,5948,K1
CHEMBL5177067,,,330.86,0.0,4.51,64b,CCN(CC)CCCNc1nccc2c1[nH]c1ccc(Cl)cc12,IC50,'=',1080.0,nM,5.97,,,UO_0000065,0,CHEMBL5361887,organism-based format,Erythrocyte,CHEMBL5360542,1,Scientific Literature,Eur J Med Chem,,Antimalarial activity against chloroquine-resistant Plasmodium falciparum K1 infected in human A positive erythrocytes assessed as reduction in parasite growth incubated for 24 hrs by [3H]hypoxanthine based scintillation counting analysis,K1,5.97,inactive,5.97,chloroquine resistant,CQR,5.0-6.0,3,5948,K1
CHEMBL1256909,,,294.39,0.0,3.0,7,OC[C@H]1CC[C@@]2(CC1)OO[C@@]1(O2)C2CC3CC(C2)CC1C3,IC50,'=',2.6,nM,8.59,,,UO_0000065,0,CHEMBL1263965,organism-based format,,CHEMBL1255309,1,Scientific Literature,Antimicrob Agents Chemother,,Antimalarial activity against chloroquine-resistant Plasmodium falciparum K1,K1,8.59,high_potency,8.59,chloroquine resistant,CQR,>=7.5,1,5948,K1
CHEMBL5402232,,,358.43,0.0,3.66,2,C=CC(C)(C)c1c(O)cc2c(c1O)C(=O)[C@@](C)(O)[C@@H](CC=C(C)C)C2=O,IC50,'=',14500.0,nM,4.84,,,UO_0000065,0,CHEMBL5337795,organism-based format,,CHEMBL5335829,1,Scientific Literature,J Nat Prod,,Antiplasmodial activity against chloroquine-resistant Plasmodium falciparum K1 assessed as parasite growth inhibition,K1,4.84,inactive,4.84,chloroquine resistant,CQR,<=5.0,2,5948,K1
CHEMBL520143,,,346.39,0.0,2.51,37,Oc1ccc(C2=NCCN2)cc1-c1cc2cc(C3=NCCN3)ccc2o1,IC50,'=',23.0,nM,7.64,,,UO_0000065,0,CHEMBL990646,organism-based format,,CHEMBL1142519,1,Scientific Literature,J Med Chem,,Antiplasmodial activity against chloroquine-resistant Plasmodium falciparum K1,K1,7.64,high_potency,7.64,chloroquine resistant,CQR,>=7.5,1,5948,K1
CHEMBL1330764,,,487.52,1.0,5.04,"NCGC00093945-01, GBR-12935 dihydrochloride",c1ccc(CCCN2CCN(CCOC(c3ccccc3)c3ccccc3)CC2)cc1,IC50,'=',10000.0,nM,5.0,,,UO_0000065,0,CHEMBL1267247,organism-based format,,CHEMBL1255382,1,Scientific Literature,Nat Chem Biol,,Antiplasmodial activity against Plasmodium falciparum D10 after 72 hrs by SYBR green assay,D10,5.0,inactive,5.0,,,<=5.0,7,1503,D10
CHEMBL567535,,,359.34,0.0,4.04,7,O=C1C(c2ccc(Oc3ccccc3)cc2)=[N+]([O-])c2cc3c(cc21)OCO3,IC50,'=',138.0,nM,6.86,,,UO_0000065,0,CHEMBL1047865,organism-based format,,CHEMBL1156797,1,Scientific Literature,J Med Chem,,Antimalarial activity against Plasmodium falciparum K1 assessed as [3H]hypoxanthine incorporation by scintillation counting,K1,6.86,active,6.86,,,6.0-7.5,3,5948,K1
CHEMBL1780209,,,429.95,1.0,6.16,9,CCN(CC)c1ccc2nc3c4ccccc4/c(=N/c4ccccc4)cc-3oc2c1,IC50,'=',191.0,nM,6.72,,,UO_0000065,0,CHEMBL1780440,organism-based format,,CHEMBL1777756,1,Scientific Literature,ACS Med Chem Lett,,Antimalarial activity against chloroquine and pyrimethamine resistant Plasmodium falciparum K1,K1,6.72,active,6.72,chloroquine and pyrimethamine resistant,"CQR, PYRR",6.0-7.5,1,5948,K1
CHEMBL1946688,,,273.24,0.0,2.73,13,COc1cc(/C=C/c2ccc([N+](=O)[O-])cc2)oc(=O)c1,IC50,'=',6000.0,nM,5.22,,,UO_0000065,0,CHEMBL1947428,organism-based format,,CHEMBL1944624,1,Scientific Literature,Bioorg Med Chem,,Antiprotozoal activity against erythrocytic stages chloroquine- and pyrimethamine-resistant Plasmodium falciparum K1 assessed as inhibition of [3H]hypoxanthine incorporation pre-incubated for 48 hrs prior [3H]hypoxanthine addition measured after 24 hrs by liquid scintillation counting,K1,5.22,inactive,5.22,erythrocytic stages chloroquine and pyrimethamine resistant,"CQR, PYRR",5.0-6.0,1,5948,K1
CHEMBL2058096,,,528.64,0.0,3.29,5,C[C@H]1[C@@H](OCCNCCN2CCCCC2)O[C@@H]2O[C@@]3(C)CC[C@H]4[C@H](C)CC[C@@H]1[C@@]24OO3,IC50,'=',6.718,nM,8.17,,,UO_0000065,0,CHEMBL2060099,organism-based format,,CHEMBL2057139,1,Scientific Literature,Bioorg Med Chem,,Antimalarial activity against asexual erythrocyte stage of chloroquine-sensitive Plasmodium falciparum D10 by parasite lactate dehydrogenase assay,D10,8.17,high_potency,8.17,asexual erythrocyte stage of chloroquine sensitive,CQS,>=7.5,2,1503,D10
CHEMBL1800563,,,479.51,1.0,5.18,4l,N#Cc1c(-c2ccc(C(F)(F)F)cc2)cc(NCCCN2CCOCC2)n2c1nc1ccccc12,IC50,'=',1220.0,nM,5.91,,,UO_0000065,0,CHEMBL1803233,organism-based format,,CHEMBL1799932,1,Scientific Literature,J Med Chem,,Antimalarial activity against multidrug-resistant Plasmodium falciparum K1 infected in human red blood cells assessed as 3H-hypoxanthine incorporation after 48 hrs by liquid scintillation counting,K1,5.91,inactive,5.91,multidrug resistant,MDR,5.0-6.0,1,5948,K1
CHEMBL2069617,,,554.09,1.0,4.65,7,CC(C)C[C@H](NC(=O)OCc1ccccc1)C(=O)N[C@@H](C)C(=O)NCCCNc1ccnc2cc(Cl)ccc12,IC50,'=',197.0,nM,6.71,,,UO_0000065,0,CHEMBL2072161,organism-based format,,CHEMBL2069175,1,Scientific Literature,Bioorg Med Chem Lett,,Antiplasmodial activity against chloroquine-sensitive Plasmodium falciparum D10 after 72 hrs by parasite lactate dehydrogenase assay,D10,6.71,active,6.71,chloroquine sensitive,CQS,6.0-7.5,2,1503,D10
CHEMBL1213687,,,1066.4,,,1,CCCCNC(=O)C[C@H](O)[C@H](CC(C)C)NC(=O)[C@@H](NC(=O)c1ccc(Oc2ccc(C(=O)N[C@@H](CC(C)C)C(=O)N[C@@H](CCCCN)C(=O)NCCCC(C)Nc3cc(OC)cc4cccnc34)cc2)cc1)[C@@H](C)CC,IC50,'=',400.0,nM,6.4,,,UO_0000065,0,CHEMBL2072161,organism-based format,,CHEMBL2069175,1,Scientific Literature,Bioorg Med Chem Lett,,Antiplasmodial activity against chloroquine-sensitive Plasmodium falciparum D10 after 72 hrs by parasite lactate dehydrogenase assay,D10,6.4,active,6.4,chloroquine sensitive,CQS,6.0-7.5,4,1503,D10
CHEMBL2338061,,,326.87,0.0,3.85,5c,Clc1ccc(CNC[C@@H]2C[C@@]3(c4ccccc4)CCN2C3)cc1,IC50,'=',1390.0,nM,5.86,,,UO_0000065,0,CHEMBL2344359,organism-based format,,CHEMBL2331223,1,Scientific Literature,Bioorg Med Chem Lett,,Antimalarial activity against chloroquine-sensitive Plasmodium falciparum D10,D10,5.86,inactive,5.86,chloroquine sensitive,CQS,5.0-6.0,2,1503,D10
CHEMBL404775,,,331.89,0.0,4.95,16a,CCN(CC)C1CCCC(Nc2ccnc3cc(Cl)ccc23)C1,IC50,'=',113.0,nM,6.95,,,UO_0000065,0,CHEMBL928293,organism-based format,,CHEMBL1144696,1,Scientific Literature,J Med Chem,,Antiplasmodial activity against chloroquine-resistant Plasmodium falciparum FCB after 72 hrs by SYBR green 1 assay,FCB,6.95,active,6.95,chloroquine resistant,CQR,6.0-7.5,4,56,FCB
CHEMBL3780819,,,386.43,1.0,5.29,(R)-2,O=C(O[C@@H](Cn1ccnc1)c1ccc(F)cc1)c1ccc(-c2ccccc2)cc1,IC50,'=',2300.0,nM,5.64,,,UO_0000065,0,CHEMBL3783537,organism-based format,,CHEMBL3779855,1,Scientific Literature,Eur J Med Chem,,Antiparasitic activity against chloroquine-resistant erythrocytic stage of Plasmodium falciparum K1 infected in human RPMI1640 cells after 72 hrs by NBT staining based spectroscopic analysis,K1,5.64,inactive,5.64,chloroquine resistant,CQR,5.0-6.0,1,5948,K1
CHEMBL3215782,,,497.42,0.0,2.25,39,COc1cc(C2=NCCN2)ccc1OCCCOc1ccc(C2=NCCN2)cc1OC,IC50,'=',55.0,nM,7.26,,,UO_0000065,0,CHEMBL961733,organism-based format,,CHEMBL1153346,1,Scientific Literature,J Med Chem,,Antiprotozoal activity after 48 hrs against chloroquine-resistant Plasmodium falciparum K1 infected erythrocytes by [3H]hypoxanthine uptake,K1,7.26,active,7.26,chloroquine resistant,CQR,6.0-7.5,1,5948,K1
CHEMBL3216016,,,386.32,0.0,3.18,10,N=C(N)c1ccc(OCCCCCOc2ccc(N)cc2)cc1,IC50,'=',2240.0,nM,5.65,,,UO_0000065,0,CHEMBL961733,organism-based format,,CHEMBL1153346,1,Scientific Literature,J Med Chem,,Antiprotozoal activity after 48 hrs against chloroquine-resistant Plasmodium falciparum K1 infected erythrocytes by [3H]hypoxanthine uptake,K1,5.65,inactive,5.65,chloroquine resistant,CQR,5.0-6.0,1,5948,K1
CHEMBL270539,,,342.4,0.0,4.55,6m,COc1cccc2c(N/N=C/c3ccc4ccccc4n3)cc(C)nc12,IC50,'=',404.0,nM,6.39,,,UO_0000065,0,CHEMBL934468,organism-based format,,CHEMBL1142372,1,Scientific Literature,J Med Chem,,Antiplasmodial activity against chloroquine-sensitive Plasmodium falciparum D10 by [3H]hypoxanthine incorporation,D10,6.39,active,6.39,chloroquine sensitive,CQS,6.0-7.5,4,1503,D10
CHEMBL2314234,,,502.61,2.0,1.27,6,O=C(Cc1ccc(O)c(O)c1)NCCCNCCCCNCCCNC(=O)Cc1ccc(O)c(O)c1,IC50,'=',4800.0,nM,5.32,,,UO_0000065,0,CHEMBL2318035,organism-based format,,CHEMBL2311501,1,Scientific Literature,Bioorg Med Chem Lett,,Antiprotozoal activity against erythrocytic stages of Plasmodium falciparum K1 by [3H]hypoxanthine incorporation assay,K1,5.32,inactive,5.32,,,5.0-6.0,1,5948,K1
CHEMBL411530,,,428.97,1.0,5.37,4i,Clc1cccc(C(c2ccc(CN3CCCC3)cc2)(c2ccccn2)n2ccnc2)c1,IC50,'=',619.0,nM,6.21,,,UO_0000065,0,CHEMBL934478,organism-based format,,CHEMBL1142373,1,Scientific Literature,J Med Chem,,Antiplasmodial activity against chloroquine-sensitive Plasmodium falciparum D10 by [3H]hypoxanthine incorporation,D10,6.21,active,6.21,chloroquine sensitive,CQS,6.0-7.5,4,1503,D10
CHEMBL476848,,,448.65,1.0,5.31,7a,CCN(CC)CCC(=O)OC1CC2(N(C)C)CC(c3ccccc3)C1C(c1ccccc1)C2,IC50,'=',430.0,nM,6.37,,,UO_0000065,0,CHEMBL957695,organism-based format,,CHEMBL1153871,1,Scientific Literature,Eur J Med Chem,,Antimalarial activity against chloroquine and pyrimethamine-resistant Plasmodium falciparum K1,K1,6.37,active,6.37,chloroquine and pyrimethamine resistant,"CQR, PYRR",6.0-7.5,1,5948,K1
CHEMBL3215509,,,394.33,0.0,3.05,5a,N=C(N)c1ccc(-c2cnc(-c3ccc(C(=N)N)cc3)s2)cc1,IC50,'=',2.0,nM,8.7,,,UO_0000065,0,CHEMBL1112845,organism-based format,,CHEMBL1157129,1,Scientific Literature,Bioorg Med Chem,,Antiplasmodial activity against Plasmodium falciparum K1,K1,8.7,high_potency,8.7,,,>=7.5,1,5948,K1
CHEMBL410474,,,478.04,1.0,7.13,4o,Clc1ccc(C(c2ccccc2)(c2ccc(CN3CCCC3)cc2)n2cnc3ccccc32)cc1,IC50,'=',1029.0,nM,5.99,,,UO_0000065,0,CHEMBL934478,organism-based format,,CHEMBL1142373,1,Scientific Literature,J Med Chem,,Antiplasmodial activity against chloroquine-sensitive Plasmodium falciparum D10 by [3H]hypoxanthine incorporation,D10,5.99,inactive,5.99,chloroquine sensitive,CQS,5.0-6.0,4,1503,D10
CHEMBL93286,,,438.02,1.0,7.27,9g,CC(C)(C)NCc1cc(Nc2ccnc3cc(Cl)ccc23)cc(C2CCCCC2)c1O,IC50,'=',14.5,nM,7.84,,,UO_0000065,0,CHEMBL763696,organism-based format,,CHEMBL1132310,1,Scientific Literature,J Med Chem,,In vitro inhibitory activity against chloroquine-resistant Plasmodium falciparum K1,K1,7.84,high_potency,7.84,chloroquine resistant,CQR,>=7.5,2,5948,K1
CHEMBL369051,,,410.42,0.0,3.86,35c,CCc1c2ccccc2[n+](C)c2c1[nH]c1ccccc12.O=S(=O)([O-])C(F)(F)F,IC50,'=',480.0,nM,6.32,,,UO_0000065,0,CHEMBL753455,organism-based format,,CHEMBL1134377,1,Scientific Literature,J Med Chem,,Antiplasmodial activity against chloroquine-resistant Plasmodium falciparum K1,K1,6.32,active,6.32,chloroquine resistant,CQR,6.0-7.5,1,5948,K1
CHEMBL138184,,,337.2,0.0,4.91,1,COc1ccc(C(=O)/C=C/c2ccc(Cl)cc2Cl)c(OC)c1,IC50,'=',18800.0,nM,4.73,,,UO_0000065,0,CHEMBL880957,organism-based format,,CHEMBL1134841,1,Scientific Literature,J Med Chem,,Inhibition of [3H]hypoxanthine incorporation in Plasmodium falciparum K1,K1,4.73,inactive,4.73,,,<=5.0,5,5948,K1
CHEMBL4528812,,,411.51,0.0,3.2,4,C[S+]([O-])c1ccc(-c2ccc3ncc(-c4ccc(S(C)(=O)=O)cc4)n3n2)cc1,IC50,'=',207.0,nM,6.68,,,UO_0000065,0,CHEMBL4326139,organism-based format,,CHEMBL4325824,1,Scientific Literature,Medchemcomm,,Antiplasmodial activity against chloroquine-resistant Plasmodium falciparum K1 infected in human erythrocytes assessed as reduction in [3H]hypoxanthine incorporation preincubated for 48 hrs followed by [3H]hypoxanthine addition measured after 24 hrs by liquid scintillation counting method,K1,6.68,active,6.68,chloroquine resistant,CQR,6.0-7.5,2,5948,K1
CHEMBL3617330,,,436.51,0.0,3.74,8a,CNc1nc(NCCN2CCNCC2)c2sc(-c3ccc(C(F)(F)F)cc3)cc2n1,IC50,'=',37.0,nM,7.43,,,UO_0000065,0,CHEMBL3620181,organism-based format,,CHEMBL3616374,1,Scientific Literature,J Med Chem,,Antiplasmodial activity against multidrug-resistant Plasmodium falciparum K1 by [3H]-hypoxanthine incorporation assay,K1,7.43,active,7.43,multidrug resistant,MDR,6.0-7.5,2,5948,K1
CHEMBL573053,,,441.96,0.0,3.62,8,CCN(CCNC(=O)[C@H](C)N)Cc1cc(Nc2ccnc3cc(Cl)ccc23)ccc1O,IC50,'=',14100.0,nM,4.85,,,UO_0000065,0,CHEMBL1037602,organism-based format,,CHEMBL1154601,1,Scientific Literature,Eur J Med Chem,,Antimalarial activity against chloroquine-resistant Plasmodium falciparum K1 assessed as inhibition of parasite growth after 48 hrs by [3H]hypoxanthine reuptake assay,K1,4.85,inactive,4.85,chloroquine resistant,CQR,<=5.0,2,5948,K1
CHEMBL608725,,,368.91,0.0,4.15,6,CN(C)Cc1ccccc1CNCCNc1ccnc2cc(Cl)ccc12,IC50,'=',19.5,nM,7.71,,,UO_0000065,0,CHEMBL1065892,organism-based format,,CHEMBL1159040,1,Scientific Literature,Bioorg Med Chem Lett,,Antiplasmodial activity against chloroquine-sensitive Plasmodium falciparum D10 infected in human O+ RBC by parasite LDH assay,D10,7.71,high_potency,7.71,chloroquine sensitive,CQS,>=7.5,2,1503,D10
CHEMBL575440,AERUCYCLAMIDE C,,516.62,1.0,2.78,6,CC[C@H](C)[C@H]1NC(=O)c2coc(n2)[C@H](C(C)C)NC(=O)[C@H]2N=C(O[C@@H]2C)[C@H](C)NC(=O)c2csc1n2,IC50,'=',2300.0,nM,5.64,,,UO_0000065,0,CHEMBL1043926,organism-based format,,CHEMBL1154139,1,Scientific Literature,J Nat Prod,,Antiplasmodial activity against chloroquine-resistant Plasmodium falciparum K1 assessed as [3H]hypoxanthine incorporation after 48 hrs by beta-plate liquid scintillation counting,K1,5.64,inactive,5.64,chloroquine resistant,CQR,5.0-6.0,1,5948,K1
CHEMBL573295,,,506.08,2.0,6.15,12,CCN(CCNC(=S)Nc1ccccc1)Cc1cc(Nc2ccnc3cc(Cl)ccc23)ccc1O,IC50,'=',6.5,nM,8.19,,,UO_0000065,0,CHEMBL1037602,organism-based format,,CHEMBL1154601,1,Scientific Literature,Eur J Med Chem,,Antimalarial activity against chloroquine-resistant Plasmodium falciparum K1 assessed as inhibition of parasite growth after 48 hrs by [3H]hypoxanthine reuptake assay,K1,8.19,high_potency,8.19,chloroquine resistant,CQR,>=7.5,2,5948,K1
CHEMBL428080,,,405.03,1.0,5.16,6a,CCN(CC)CCCN(CCCN(CC)CC)c1ccnc2cc(Cl)ccc12,IC50,'=',96.6,nM,7.01,,,UO_0000065,0,CHEMBL928292,organism-based format,,CHEMBL1144696,1,Scientific Literature,J Med Chem,,Antiplasmodial activity against chloroquine-sensitive Plasmodium falciparum GCO3 after 72 hrs by SYBR green 1 assay,GCO3,7.02,active,7.02,chloroquine sensitive,CQS,6.0-7.5,4,66,GCO3
CHEMBL207675,SODIUM ARESUNATE,,406.41,0.0,2.6,"2, artesunate",C[C@H]1[C@H](OC(=O)CCC(=O)[O-])O[C@@H]2O[C@@]3(C)CC[C@H]4[C@H](C)CC[C@@H]1[C@@]24OO3,IC50,'=',0.7,nM,9.15,,,UO_0000065,0,CHEMBL935586,organism-based format,,CHEMBL1142435,1,Scientific Literature,J Med Chem,,Antimalarial activity against Plasmodium falciparum K1,K1,9.15,high_potency,8.775,,,>=7.5,22,5948,K1
CHEMBL592412,,,323.62,0.0,3.45,6,C=CC[n+]1ccc2c(c1)[nH]c1ccc(Cl)cc12,IC50,'=',831.0,nM,6.08,,,UO_0000065,0,CHEMBL1073696,organism-based format,,CHEMBL1157552,1,Scientific Literature,Bioorg Med Chem,,Antiparasitic activity against Plasmodium falciparum K1,K1,6.08,active,6.08,,,6.0-7.5,1,5948,K1
CHEMBL3234046,,,356.31,0.0,4.36,10,FC(F)(F)Oc1cccc(-c2ccc3ncc(-c4ccncc4)n3n2)c1,IC50,'=',118.0,nM,6.93,,,UO_0000065,0,CHEMBL3241686,organism-based format,,CHEMBL3232977,1,Scientific Literature,J Med Chem,,Antimalarial activity against multidrug-resistant Plasmodium falciparum K1,K1,6.93,active,6.93,multidrug resistant,MDR,6.0-7.5,2,5948,K1
CHEMBL2181217,,,338.84,0.0,4.84,6a,CCN1CNc2cc(Nc3ccnc4cc(Cl)ccc34)ccc2C1,IC50,'=',11.0,nM,7.96,,,UO_0000065,0,CHEMBL2187313,organism-based format,,CHEMBL2176916,1,Scientific Literature,J Med Chem,,Antiplasmodial activity against chloroquine-sensitive Plasmodium falciparum D10 infected in human RBCs after 72 hrs by parasite lactate dehydrogenase assay,D10,7.96,high_potency,7.96,chloroquine sensitive,CQS,>=7.5,4,1503,D10
CHEMBL62603,,,681.07,2.0,10.75,6a,CCN(CC)CCCC(C)Nc1cc(CCCCCCCCc2cc(NC(C)CCCN(CC)CC)c3ccccc3n2)nc2ccccc12,IC50,'=',123.0,nM,6.91,,,UO_0000065,0,CHEMBL763682,organism-based format,,CHEMBL1133897,1,Scientific Literature,Bioorg Med Chem Lett,,Growth inhibition of chloroquine-sensitive Plasmodium falciparum D10,D10,6.91,active,6.91,growth inhibition of chloroquine sensitive,CQS,6.0-7.5,3,1503,D10
CHEMBL1929191,,,401.64,1.0,5.58,"12d, Diastereomer",CC(C)NCC(O)COc1ccc2c(c1C(C)C)CC[C@H]1C(C)(C)CCC[C@]21C,IC50,'=',1050.0,nM,5.98,,,UO_0000065,0,CHEMBL1932231,organism-based format,,CHEMBL1926568,1,Scientific Literature,Bioorg Med Chem,,Antiplasmodial activity against chloroquine-sensitive Plasmodium falciparum D10 after 48 hrs by lactate dehydrogenase assay,D10,5.98,inactive,5.98,chloroquine sensitive,CQS,5.0-6.0,2,1503,D10
CHEMBL5428587,,,393.96,1.0,5.42,138b,CN(c1ccnc2cc(Cl)ccc12)C(Cc1ccccc1)CN1CCCCC1,IC50,'=',490.0,nM,6.31,,,UO_0000065,0,CHEMBL5345238,organism-based format,,CHEMBL5344418,1,Scientific Literature,Eur J Med Chem,,Antimalarial activity against chloroquine-resistant Plasmodium falciparum K1 assessed as reduction in parasite growth incubated for 72 hrs by SYBR Green staining based fluorescence analysis,K1,6.31,active,6.31,chloroquine resistant,CQR,6.0-7.5,2,5948,K1
CHEMBL5396093,,,419.87,0.0,3.86,50b,O=C1C(O)=C(N2CCN(c3ccnc4cc(Cl)ccc34)CC2)C(=O)c2ccccc21,IC50,'=',391.0,nM,6.41,,,UO_0000065,0,CHEMBL5329394,organism-based format,,CHEMBL5329153,1,Scientific Literature,RSC Med Chem,,Antimalarial activity against Chloroquine sensitive Plasmodium falciparum RKL-2 assessed as parasitic growth inhibition measured after 36 to 40 hrs by Giemsa staining based assay,RKL-2,6.41,active,6.41,chloroquine sensitive,CQS,6.0-7.5,2,3,RKL-2
CHEMBL4100684,,,444.59,1.0,6.24,10,O=C(CCCc1cn(Cc2ccc(F)cc2)c2ccccc12)NC12CC3CC(CC(C3)C1)C2,IC50,'=',3500.0,nM,5.46,,,UO_0000065,0,CHEMBL4012319,cell-based format,,CHEMBL4011606,1,Scientific Literature,Eur J Med Chem,,Antiplasmodial activity against chloroquine-resistant Plasmodium falciparum K1 infected in human erythrocytes measured after 72 hrs by SYBR green 1 dye based fluorescence assay,K1,5.46,inactive,5.46,chloroquine resistant,CQR,5.0-6.0,2,5948,K1
CHEMBL576469,,,464.7,1.0,6.89,rac-11c,c1ccc(CCN2CCC3(N4CCCCC4)CC(c4ccccc4)C2C(c2ccccc2)C3)cc1,IC50,'=',710.0,nM,6.15,,,UO_0000065,0,CHEMBL1045775,organism-based format,,CHEMBL1154680,1,Scientific Literature,Eur J Med Chem,,Antiplasmodial activity against chloroquine and pyrimethamine-resistant Plasmodium falciparum K1 by microplate assay,K1,6.15,active,6.15,chloroquine and pyrimethamine resistant,"CQR, PYRR",6.0-7.5,1,5948,K1
CHEMBL446090,,,544.14,2.0,6.31,8c,C[C@H]1[C@@H](CCNCCCCNc2ccnc3cc(Cl)ccc23)O[C@@H]2O[C@@]3(C)CC[C@H]4[C@H](C)CC[C@@H]1[C@@]24OO3,IC50,'=',13.23,nM,7.88,,,UO_0000065,0,CHEMBL954346,organism-based format,,CHEMBL1153338,1,Scientific Literature,Bioorg Med Chem Lett,,Antimalarial activity against chloroquine-resistant Plasmodium falciparum K1 infected type A+ human erythrocytes after 24 hrs by [G-3H]hypoxanthine uptake,K1,7.88,high_potency,7.88,chloroquine resistant,CQR,>=7.5,2,5948,K1
CHEMBL4454418,,,480.65,1.0,5.6,35,CC1=CC[C@@H]([C@@H](C)[C@H]2C[C@@H](O)[C@@]3(C)C4=C(C=C5C=CC(=O)OC(C)(C)[C@@H]5CC4)CC[C@]23C)OC1=O,IC50,'=',12000.0,nM,4.92,,,UO_0000065,0,CHEMBL4321528,organism-based format,,CHEMBL4316637,1,Scientific Literature,J Nat Prod,,Antimalarial activity against Plasmodium falciparum K1 infected in human type A+ erythrocytes incubated for 24 hrs followed by [G-3H]-hypoxanthine incorporation and measured after 18 hrs by liquid scintillation counting method,K1,4.92,inactive,4.92,,,<=5.0,1,5948,K1
CHEMBL4592907,,,482.66,1.0,6.24,4,CC1=CC[C@@H]([C@@H](C)[C@H]2CC[C@@]3(C)C4=CC[C@H]5C(C)(C)OC[C@@]5(CCC(=O)O)C4=CC[C@]23C)OC1=O,IC50,'=',5100.0,nM,5.29,,,UO_0000065,0,CHEMBL4321528,organism-based format,,CHEMBL4316637,1,Scientific Literature,J Nat Prod,,Antimalarial activity against Plasmodium falciparum K1 infected in human type A+ erythrocytes incubated for 24 hrs followed by [G-3H]-hypoxanthine incorporation and measured after 18 hrs by liquid scintillation counting method,K1,5.29,inactive,5.29,,,5.0-6.0,1,5948,K1
CHEMBL249877,,,758.81,2.0,4.08,5,CC(=O)O/C1=C(\C)[C@@H](O)[C@H]2[C@@H](OC(=O)c3ccccc3)[C@@H](C)[C@H](OC(C)=O)[C@]2(OC(C)=O)[C@H](OC(C)=O)/C(C)=C/CC(C)(C)[C@@H](OC(C)=O)[C@H]1OC(C)=O,IC50,'=',5800.0,nM,5.24,,,UO_0000065,0,CHEMBL926601,organism-based format,,CHEMBL1141288,1,Scientific Literature,J Nat Prod,,Antimalarial activity against Plasmodium falciparum K1 by microculture radioisotope assay,K1,5.24,inactive,5.24,,,5.0-6.0,1,5948,K1
CHEMBL478340,,,236.32,0.0,3.3,3f,C1=C(c2cnc3ccccc3c2)C2CCN1CC2,IC50,'=',15000.0,nM,4.82,,,UO_0000065,0,CHEMBL962001,organism-based format,,CHEMBL1137637,1,Scientific Literature,Antimicrob Agents Chemother,,Antiplasmodial activity after 48 hrs against chloroquine and pyrimethamine-resistant Plasmodium falciparum K1 in human erythrocytes by [3H]hypoxanthine uptake,K1,4.82,inactive,4.82,chloroquine and pyrimethamine resistant,"CQR, PYRR",<=5.0,1,5948,K1
CHEMBL494957,,,459.08,2.0,5.03,65,CC(C)NC(=N)c1ccc(NCCCCCNc2ccc(C(=N)NC(C)C)cc2)cc1,IC50,'=',2.0,nM,8.7,,,UO_0000065,0,CHEMBL961733,organism-based format,,CHEMBL1153346,1,Scientific Literature,J Med Chem,,Antiprotozoal activity after 48 hrs against chloroquine-resistant Plasmodium falciparum K1 infected erythrocytes by [3H]hypoxanthine uptake,K1,8.7,high_potency,8.7,chloroquine resistant,CQR,>=7.5,1,5948,K1
CHEMBL3321973,,,361.37,0.0,4.14,13,CN1CCC(c2ccc3nc(Nc4ccc(C(F)(F)F)cn4)[nH]c3c2)C1,IC50,'=',85.0,nM,7.07,,,UO_0000065,0,CHEMBL3371905,organism-based format,,CHEMBL3351865,1,Scientific Literature,J Med Chem,,Antiplasmodial activity against Plasmodium falciparum K1 by SYBR-green based assay,K1,7.07,active,7.07,,,6.0-7.5,2,5948,K1
CHEMBL405606,,,271.71,0.0,3.93,5d,Clc1ccc2c(N/N=C/c3ccco3)ccnc2c1,IC50,'=',824.0,nM,6.08,,,UO_0000065,0,CHEMBL934471,organism-based format,,CHEMBL1142372,1,Scientific Literature,J Med Chem,,Antiplasmodial activity against chloroquine-resistant Plasmodium falciparum K1 by [3H]hypoxanthine incorporation,K1,6.08,active,6.08,chloroquine resistant,CQR,6.0-7.5,4,5948,K1
CHEMBL3356389,,,656.27,2.0,9.41,15,Fc1ccc(Nc2cc3nc4ccccc4n(-c4ccc(F)cc4)c-3c/c2=N/CCCCCCC23CCCCN2CCCC3)cc1,IC50,'=',280.0,nM,6.55,,,UO_0000065,0,CHEMBL3377298,organism-based format,,CHEMBL3351819,1,Scientific Literature,Bioorg Med Chem,,Antiplasmodial activity against chloroquine-sensitive Plasmodium falciparum D10 assessed as inhibition of parasite growth after 72 hrs by parasite lactate dehydrogenase assay,D10,6.55,active,6.55,chloroquine sensitive,CQS,6.0-7.5,2,1503,D10
CHEMBL259665,,,257.33,0.0,2.93,3a,CCOC(=O)c1ccc(C2=CN3CCC2CC3)cc1,IC50,'=',11600.0,nM,4.94,,,UO_0000065,0,CHEMBL962001,organism-based format,,CHEMBL1137637,1,Scientific Literature,Antimicrob Agents Chemother,,Antiplasmodial activity after 48 hrs against chloroquine and pyrimethamine-resistant Plasmodium falciparum K1 in human erythrocytes by [3H]hypoxanthine uptake,K1,4.94,inactive,4.94,chloroquine and pyrimethamine resistant,"CQR, PYRR",<=5.0,1,5948,K1
CHEMBL3234058,,,356.31,0.0,4.36,22,FC(F)(F)Oc1ccc(-c2ccc3ncc(-c4ccncc4)n3n2)cc1,IC50,'=',980.0,nM,6.01,,,UO_0000065,0,CHEMBL3241686,organism-based format,,CHEMBL3232977,1,Scientific Literature,J Med Chem,,Antimalarial activity against multidrug-resistant Plasmodium falciparum K1,K1,6.01,active,6.01,multidrug resistant,MDR,6.0-7.5,2,5948,K1
CHEMBL442644,,,308.34,0.0,2.68,29,COc1ccc(C(=N)N)cc1-c1cc2cc(C(=N)N)ccc2o1,IC50,'=',40.0,nM,7.4,,,UO_0000065,0,CHEMBL990646,organism-based format,,CHEMBL1142519,1,Scientific Literature,J Med Chem,,Antiplasmodial activity against chloroquine-resistant Plasmodium falciparum K1,K1,7.4,active,7.4,chloroquine resistant,CQR,6.0-7.5,1,5948,K1
CHEMBL3216046,,,460.37,0.0,1.64,24,COc1ccc(C2=NCCN2)cc1-c1cn(-c2ccc(C3=NCCN3)cc2)nn1,IC50,'=',10.0,nM,8.0,,,UO_0000065,0,CHEMBL1046935,organism-based format,,CHEMBL1156777,1,Scientific Literature,J Med Chem,,Antiplasmodial activity against chloroquine-resistant Plasmodium falciparum K1 infected in human erythrocytes after 48 hrs assessed as [3H]hypoxanthine incorporation by liquid scintillation counting,K1,8.0,high_potency,8.0,chloroquine resistant,CQR,>=7.5,1,5948,K1
CHEMBL487122,,,389.37,1.0,5.32,2a,CN(C)C12CCNC([C@H](c3ccc(Cl)cc3)C1)[C@H](c1ccc(Cl)cc1)C2,IC50,'=',410.0,nM,6.39,,,UO_0000065,0,CHEMBL957274,organism-based format,,CHEMBL1150424,1,Scientific Literature,Bioorg Med Chem,,Antiplasmodial activity against chloroquine and pyrimethamine-resistant Plasmodium falciparum K1 after 48 hrs,K1,6.39,active,6.39,chloroquine and pyrimethamine resistant,"CQR, PYRR",6.0-7.5,1,5948,K1
CHEMBL3215588,,,394.27,0.0,1.21,43,N=C(N)c1cccc(-n2cc(-c3ccc(C(=N)N)cc3O)nn2)c1,IC50,'=',7.0,nM,8.15,,,UO_0000065,0,CHEMBL1046935,organism-based format,,CHEMBL1156777,1,Scientific Literature,J Med Chem,,Antiplasmodial activity against chloroquine-resistant Plasmodium falciparum K1 infected in human erythrocytes after 48 hrs assessed as [3H]hypoxanthine incorporation by liquid scintillation counting,K1,8.15,high_potency,8.15,chloroquine resistant,CQR,>=7.5,1,5948,K1
CHEMBL1790772,,,1110.45,,,5,CCCCNC(=O)C[C@H](O)[C@H](CC(C)C)NC(=O)[C@@H](NC(=O)c1ccc2cc(C(=O)OCCCC(=O)N[C@H](CC(C)C)C(=O)N[C@H](CCCCN)C(=O)NCCCC(C)Nc3cc(OC)cc4cccnc34)ccc2c1)[C@H](C)CC,IC50,'=',3.3,nM,8.48,,,UO_0000065,0,CHEMBL760021,organism-based format,,CHEMBL1137928,1,Scientific Literature,Bioorg Med Chem Lett,,In vitro inhibitory activity against chloroquine-sensitive Plasmodium falciparum D10 infected human red blood cells,D10,8.48,high_potency,8.48,chloroquine sensitive,CQS,>=7.5,2,1503,D10
CHEMBL457986,,,488.55,0.0,4.79,8a,CCOC(=O)/N=C(\N)Nc1ccc(-c2ccc(-c3ccc(N/C(N)=N/C(=O)OCC)cc3)cc2)cc1,IC50,'=',1.7,nM,8.77,,,UO_0000065,0,CHEMBL1036670,organism-based format,,CHEMBL1154490,1,Scientific Literature,Eur J Med Chem,,Antiprotozoal activity against chloroquine and pyrimethamine-resistant Plasmodium falciparum K1 after 72 hrs by [3H]hypoxanthine uptake,K1,8.77,high_potency,8.77,chloroquine and pyrimethamine resistant,"CQR, PYRR",>=7.5,1,5948,K1
CHEMBL4249036,,,389.38,0.0,4.93,30,Cc1cc(C)c(Oc2nc(N)nc(Nc3ccc(C(F)(F)F)cc3)n2)c(C)c1,IC50,'=',8800.0,nM,5.06,,,UO_0000065,0,CHEMBL4231837,organism-based format,,CHEMBL4229376,1,Scientific Literature,Eur J Med Chem,,Antiplasmodial activity against chloroquine-sensitive Plasmodium falciparum K1 infected in human erythrocytes after 72 hrs by Malstat reagent-based spectrophotometric analysis,K1,5.06,inactive,5.06,chloroquine sensitive,CQS,5.0-6.0,1,5948,K1
CHEMBL516462,,,465.64,1.0,6.82,4c,O=C(OC1CC2(N3CCCCC3)CC(c3ccccc3)C1C(c1ccccc1)C2)c1ccccc1,IC50,'=',770.0,nM,6.11,,,UO_0000065,0,CHEMBL973272,organism-based format,,CHEMBL1149817,1,Scientific Literature,Eur J Med Chem,,Antiprotozoal activity against chloroquine and pyrimethamine-resistant Plasmodium falciparum K1,K1,6.11,active,6.145,chloroquine and pyrimethamine resistant,"CQR, PYRR",6.0-7.5,2,5948,K1
CHEMBL1800559,,,423.44,1.0,5.07,8,CCNCCNc1cc(-c2ccc(C(F)(F)F)cc2)c(C#N)c2nc3ccccc3n12,IC50,'=',110.0,nM,6.96,,,UO_0000065,0,CHEMBL3996773,assay format,,CHEMBL3994624,1,Scientific Literature,J Med Chem,,Anti-plasmodial activity against multidrug resistant Plasmodium falciparum K1 by [3H]-hypoxanthine incorporation assay,K1,6.96,active,6.94,multidrug resistant,MDR,6.0-7.5,10,5948,K1
CHEMBL52639,,,680.8,2.0,9.28,"Gossylic nitrile 1,1-divalerate",CCCCC(=O)Oc1c(-c2c(C)cc3c(C(C)C)c(O)c(O)c(C#N)c3c2OC(=O)CCCC)c(C)cc2c(C(C)C)c(O)c(O)c(C#N)c12,IC50,'=',16000.0,nM,4.8,,,UO_0000065,0,CHEMBL767354,organism-based format,,CHEMBL1123447,1,Scientific Literature,J Med Chem,,Antimalarial activity against chloroquine-resistant Plasmodium falciparum FCB/NC1,FCB,4.8,inactive,4.8,chloroquine resistant,CQR,<=5.0,2,56,FCB
CHEMBL559324,,,424.93,0.0,4.45,32a,CC(C)(C)C(=O)CN(CCNc1ccnc2cc(Cl)ccc12)C(=O)c1ccncc1,IC50,'=',1105.0,nM,5.96,,,UO_0000065,0,CHEMBL1056783,organism-based format,,CHEMBL1153593,1,Scientific Literature,Eur J Med Chem,,Antimalarial activity against chloroquine-resistant Plasmodium falciparum K1,K1,5.96,inactive,5.96,chloroquine resistant,CQR,5.0-6.0,3,5948,K1
CHEMBL1830985,,,401.94,1.0,6.13,4,CN(Cc1ccccc1)Cc1ccccc1CNc1ccnc2cc(Cl)ccc12,IC50,'=',122.0,nM,6.91,,,UO_0000065,0,CHEMBL1831541,organism-based format,,CHEMBL1828581,1,Scientific Literature,J Med Chem,,Antimalarial activity against erythrocyte stages of chloroquine-resistant Plasmodium falciparum K1 infected in human erythrocytes by lactate dehydrogenase assay,K1,6.91,active,6.91,erythrocyte stages of chloroquine resistant,CQR,6.0-7.5,2,5948,K1
CHEMBL97395,,,594.16,2.0,5.6,31,O=C(CN1CCCCC1)Nc1cc(COC(=O)CCCCN2CCOCC2)cc(Nc2ccnc3cc(Cl)ccc23)c1,IC50,'=',14.1,nM,7.85,,,UO_0000065,0,CHEMBL761303,organism-based format,,CHEMBL1134569,1,Scientific Literature,J Med Chem,,Inhibitory activity against chloroquine-resistant Plasmodium falciparum FcB1R,FcB1-R,7.85,high_potency,7.85,chloroquine resistant,CQR,>=7.5,5,214,FcB1-R
CHEMBL3808950,,,496.62,1.0,6.52,3,CCCCCCCCCCOc1cc2c(=O)c(C(=O)NCc3ccc(F)cc3)c[nH]c2cc1OCC,IC50,'=',63.1,nM,7.2,,,UO_0000065,0,CHEMBL3812850,organism-based format,,CHEMBL3808317,1,Scientific Literature,Bioorg Med Chem Lett,,Antimalarial activity against multidrug resistant Plasmodium falciparum K1 infected in human erythrocytes assessed as inhibition of parasite proliferation after 96 hrs by SYBR Green I fluorescence based assay,K1,7.2,active,7.2,multidrug resistant,MDR,6.0-7.5,3,5948,K1
CHEMBL4100993,,,423.44,1.0,5.07,40,CCNCCNc1cc(-c2cccc(C(F)(F)F)c2)c(C#N)c2nc3ccccc3n12,IC50,'=',340.0,nM,6.47,,,UO_0000065,0,CHEMBL3996773,assay format,,CHEMBL3994624,1,Scientific Literature,J Med Chem,,Anti-plasmodial activity against multidrug resistant Plasmodium falciparum K1 by [3H]-hypoxanthine incorporation assay,K1,6.47,active,6.47,multidrug resistant,MDR,6.0-7.5,2,5948,K1
CHEMBL2314404,,,437.8,1.0,6.7,8c,Cc1ccc2c(Cl)cc(Cl)c(OCC(C)CCNCc3ccc(Cl)cc3)c2n1,IC50,'=',2440.0,nM,5.61,,,UO_0000065,0,CHEMBL2320152,organism-based format,,CHEMBL2311534,1,Scientific Literature,Bioorg Med Chem Lett,,Antiplasmodial activity against erythrocyte form of chloroquine-sensitive Plasmodium falciparum D10 by parasite lactate dehydrogenase assay,D10,5.61,inactive,5.61,erythrocyte form of chloroquine sensitive,CQS,5.0-6.0,2,1503,D10
CHEMBL3343723,,,484.52,0.0,4.62,36,CC1(Cc2ccccc2)CC(S(=O)(=O)c2c(F)cccc2F)=C(c2ccc(/C(N)=N\O)cc2)O1,IC50,'=',2760.0,nM,5.56,,,UO_0000065,0,CHEMBL3372310,organism-based format,,CHEMBL3352504,1,Scientific Literature,Eur J Med Chem,,"Antiplasmodial activity against chloroquine, pyrimethamine and proguanil-resistant Plasmodium falciparum K1 infected in human erythrocytes assessed as reduction in Parasitemia incubated for 72 hrs by SYBR Green I fluorescence-based method",K1,5.56,inactive,5.56,chloroquine pyrimethamine and proguanil resistant,"CQR, PYRR, PRGR",5.0-6.0,1,5948,K1
CHEMBL3356391,,,697.71,2.0,8.5,17,C[N+]12CCCCC1(CCCC/N=c1/cc3n(-c4ccccc4)c4ccccc4nc-3cc1Nc1ccccc1)CCCC2,IC50,'=',190.0,nM,6.72,,,UO_0000065,0,CHEMBL3377298,organism-based format,,CHEMBL3351819,1,Scientific Literature,Bioorg Med Chem,,Antiplasmodial activity against chloroquine-sensitive Plasmodium falciparum D10 assessed as inhibition of parasite growth after 72 hrs by parasite lactate dehydrogenase assay,D10,6.72,active,6.72,chloroquine sensitive,CQS,6.0-7.5,2,1503,D10
CHEMBL258320,,,316.37,0.0,2.38,10a,N=C(N)c1ccc(-c2ccc(-c3ccc(C(=N)N)nc3)cc2)cn1,IC50,'=',0.4,nM,9.4,,,UO_0000065,0,CHEMBL1073225,organism-based format,,CHEMBL1152566,1,Scientific Literature,Bioorg Med Chem,,Antiplasmodial activity against Plasmodium falciparum K1,K1,9.4,high_potency,9.4,,,>=7.5,1,5948,K1
CHEMBL242085,,,480.06,0.0,4.44,5u,Cc1ccccc1C(=O)NCCCN1CCN(CCCNc2ccnc3cc(Cl)ccc23)CC1,IC50,'=',34.0,nM,7.47,,,UO_0000065,0,CHEMBL891232,organism-based format,,CHEMBL1147171,1,Scientific Literature,Bioorg Med Chem,,"Antiparasitic activity against chloroquine, pyrimethamine-resistant Plasmodium falciparum K1 in erythrocytes by [3H]hypoxanthine uptake",K1,7.47,active,7.47,chloroquine pyrimethamine resistant,"CQR, PYRR",6.0-7.5,2,5948,K1
CHEMBL219478,,,362.48,0.0,4.53,6f,CCN(CC)Cc1ccc(/C=N/Nc2ccnc3ccc(OC)cc23)cc1,IC50,'=',55.1,nM,7.26,,,UO_0000065,0,CHEMBL934471,organism-based format,,CHEMBL1142372,1,Scientific Literature,J Med Chem,,Antiplasmodial activity against chloroquine-resistant Plasmodium falciparum K1 by [3H]hypoxanthine incorporation,K1,7.26,active,7.26,chloroquine resistant,CQR,6.0-7.5,11,5948,K1
CHEMBL4870775,,,471.61,1.0,6.04,15a,FC1CCN(Cc2ccc([C@@H]3CCCC4(C3)OOC3(OO4)C4CC5CC(C4)CC3C5)cc2)CC1,IC50,'=',10.58,nM,7.98,,,UO_0000065,0,CHEMBL4836655,organism-based format,,CHEMBL4834468,1,Scientific Literature,ACS Med Chem Lett,,Antiplasmodial activity against chloroquine-sensitive Plasmodium falciparum D10 incubated for 72 hrs by spectrophotometry based parasite lactate dehydrogenase assay,D10,7.98,high_potency,7.98,chloroquine sensitive,CQS,>=7.5,2,1503,D10
CHEMBL1770792,,,494.38,0.0,3.66,34,O=[N+]([O-])OCCN1CCN(Cc2cc(Nc3ccnc4cc(Cl)ccc34)ccc2O)CC1,IC50,'=',55.0,nM,7.26,,,UO_0000065,0,CHEMBL1772703,organism-based format,,CHEMBL1770125,1,Scientific Literature,Eur J Med Chem,,Antiplasmodial activity against chloroquine-sensitive Plasmodium falciparum D10 assessed as inhibition of parasite LDH activity after 72 hrs by spectrophotometry,D10,7.26,active,7.26,chloroquine sensitive,CQS,6.0-7.5,2,1503,D10
CHEMBL585547,,,533.59,2.0,8.2,rac-11f,Clc1ccc(C2CC3(N4CCCCC4)CCN(CCc4ccccc4)C2C(c2ccc(Cl)cc2)C3)cc1,IC50,'=',730.0,nM,6.14,,,UO_0000065,0,CHEMBL1045775,organism-based format,,CHEMBL1154680,1,Scientific Literature,Eur J Med Chem,,Antiplasmodial activity against chloroquine and pyrimethamine-resistant Plasmodium falciparum K1 by microplate assay,K1,6.14,active,6.14,chloroquine and pyrimethamine resistant,"CQR, PYRR",6.0-7.5,1,5948,K1
CHEMBL397929,,,534.92,2.0,5.43,5x,O=C(NCCCN1CCN(CCCNc2ccnc3cc(Cl)ccc23)CC1)c1cc(Cl)cc(Cl)c1,IC50,'=',12.0,nM,7.92,,,UO_0000065,0,CHEMBL891232,organism-based format,,CHEMBL1147171,1,Scientific Literature,Bioorg Med Chem,,"Antiparasitic activity against chloroquine, pyrimethamine-resistant Plasmodium falciparum K1 in erythrocytes by [3H]hypoxanthine uptake",K1,7.92,high_potency,7.92,chloroquine pyrimethamine resistant,"CQR, PYRR",>=7.5,2,5948,K1
CHEMBL431265,,,714.65,2.0,8.41,32,COc1ccc2nc3cc(Cl)ccc3c(NCCCN(CCCNc3c4ccc(Cl)cc4nc4ccc(OC)cc34)C(=O)CCC(=O)O)c2c1,IC50,'=',270.0,nM,6.57,,,UO_0000065,0,CHEMBL766047,organism-based format,,CHEMBL1133105,1,Scientific Literature,J Med Chem,,In vitro sensitivity for Plasmodium falciparum FcB1R,FcB1-R,6.57,active,6.57,,,6.0-7.5,1,214,FcB1-R
CHEMBL4129258,,,430.41,0.0,4.03,55,NS(=O)(=O)c1cccc(-c2ccc3nccc(-c4ccnc(C(F)(F)F)c4)c3n2)c1,IC50,'=',102.0,nM,6.99,,,UO_0000065,0,CHEMBL4125215,organism-based format,,CHEMBL4118268,1,Scientific Literature,J Med Chem,,Antiplasmodial activity against multidrug-resistant Plasmodium falciparum K1 by lactate dehydrogenase assay,K1,6.99,active,6.99,multidrug resistant,MDR,6.0-7.5,3,5948,K1
CHEMBL3410466,,,641.55,3.0,6.38,4cB,CCOC(=O)ON(C)C(=O)CCC(c1ccc(F)c(F)c1)P(=O)(OCOC(=O)OC(C)(C)C)OCOC(=O)OC(C)(C)C,IC50,'=',220.0,nM,6.66,,,UO_0000065,0,CHEMBL3411608,organism-based format,,CHEMBL3407342,1,Scientific Literature,J Med Chem,,Antiplasmodial activity against blood stage forms of chloroquine-sensitive Plasmodium falciparum D10 incubated for 3 days by HRP2 detection based ELISA method,D10,6.66,active,6.66,blood stage forms of chloroquine sensitive,CQS,6.0-7.5,3,1503,D10
CHEMBL4869593,,,500.68,1.0,4.28,8,CC1(C)C=C2C3=CC(=O)[C@@H]4[C@@]5(C)C[C@@H](O)[C@H](O)[C@@](C)(CO)[C@@H]5CC[C@@]4(C)[C@]3(C)CC[C@@]2(C(=O)O)CC1,IC50,'=',6900.0,nM,5.16,,,UO_0000065,0,CHEMBL4835148,organism-based format,,CHEMBL4834407,1,Scientific Literature,J Nat Prod,,Antiplasmodial activity against chloroquine-resistant Plasmodium falciparum K1 measured after 72 hrs by lactate dehydrogenase assay,K1,5.16,inactive,5.16,chloroquine resistant,CQR,5.0-6.0,1,5948,K1
CHEMBL203125,FOSMIDOMYCIN,3.0,183.1,0.0,-0.6,1,O=CN(O)CCCP(=O)(O)O,IC50,'=',1300.0,nM,5.89,,,UO_0000065,0,CHEMBL3411608,organism-based format,,CHEMBL3407342,1,Scientific Literature,J Med Chem,,Antiplasmodial activity against blood stage forms of chloroquine-sensitive Plasmodium falciparum D10 incubated for 3 days by HRP2 detection based ELISA method,D10,5.89,inactive,5.89,blood stage forms of chloroquine sensitive,CQS,5.0-6.0,14,1503,D10
CHEMBL497860,,,324.33,0.0,1.55,2,CC[C@@H](O)[C@@H]1C[C@@H]2OC(=O)c3c(cc(OC)c(OC)c3O)[C@@H]2O1,IC50,'=',7700.0,nM,5.11,,,UO_0000065,0,CHEMBL998819,organism-based format,,CHEMBL1156663,1,Scientific Literature,J Nat Prod,,Antimalarial activity against multidrug-resistant Plasmodium falciparum K1,K1,5.11,inactive,5.11,multidrug resistant,MDR,5.0-6.0,1,5948,K1
CHEMBL487277,,,315.85,0.0,4.32,MG2,Clc1ccc2c(NCCC34CCCN3CCC4)ccnc2c1,IC50,'=',19.6,nM,7.71,,,UO_0000065,0,CHEMBL949540,organism-based format,,CHEMBL1157479,1,Scientific Literature,Bioorg Med Chem Lett,,Antimalarial activity against chloroquine-resistant Plasmodium falciparum K1 by [3H]hypoxanthine uptake,K1,7.71,high_potency,7.71,chloroquine resistant,CQR,>=7.5,4,5948,K1
CHEMBL373894,,,351.88,0.0,4.77,4b,Clc1cccc(C(c2ccc(CN3CCCC3)cc2)n2ccnc2)c1,IC50,'=',200.0,nM,6.7,,,UO_0000065,0,CHEMBL912570,organism-based format,,CHEMBL1141393,1,Scientific Literature,J Med Chem,,Antiplasmodial activity against chloroquine-resistant Plasmodium falciparum K1,K1,6.7,active,6.7,chloroquine resistant,CQR,6.0-7.5,8,5948,K1
CHEMBL1928933,,,274.28,0.0,-0.92,2,O=C(Cn1cnc2cccnc2c1=O)[C@H]1NCC[C@@H]1O,IC50,'=',3.1,nM,8.51,,,UO_0000065,0,CHEMBL1932732,organism-based format,,CHEMBL1926628,1,Scientific Literature,Bioorg Med Chem,,Antimalarial activity against chloroquine-resistant Plasmodium falciparum K1 infected in human A positive erythrocytes assessed as inhibition of [G-3H]-hypoxanthine uptake after 24 hrs by liquid scintillation counting,K1,8.51,high_potency,8.51,chloroquine resistant,CQR,>=7.5,7,5948,K1
CHEMBL1290094,,,387.26,1.0,5.31,5d,C#CCOc1ccc(/C=C/C(=O)/C=C/c2ccc(Cl)cc2Cl)cc1OC,IC50,'=',9200.0,nM,5.04,,,UO_0000065,0,CHEMBL1291252,organism-based format,,CHEMBL1287748,1,Scientific Literature,Bioorg Med Chem,,Antimalarial activity against chloroquine-sensitive Plasmodium falciparum D10 after 48 hrs,D10,5.04,inactive,5.04,chloroquine sensitive,CQS,5.0-6.0,2,1503,D10
CHEMBL4444857,,,426.52,0.0,3.28,17,C[S+]([O-])c1ccc(-c2cnc3ccc(Nc4ccc(S(C)(=O)=O)cc4)nn23)cc1,IC50,'=',236.0,nM,6.63,,,UO_0000065,0,CHEMBL4326139,organism-based format,,CHEMBL4325824,1,Scientific Literature,Medchemcomm,,Antiplasmodial activity against chloroquine-resistant Plasmodium falciparum K1 infected in human erythrocytes assessed as reduction in [3H]hypoxanthine incorporation preincubated for 48 hrs followed by [3H]hypoxanthine addition measured after 24 hrs by liquid scintillation counting method,K1,6.63,active,6.63,chloroquine resistant,CQR,6.0-7.5,2,5948,K1
CHEMBL4068112,,,587.72,1.0,3.33,1,CCC(C)[C@@H]1NC(=O)[C@@H]2[C@H](CCN2C(=O)[C@H](Cc2c[nH]c3ccccc23)N(C)C)Oc2ccc(OC)c(c2)/C=C\NC1=O,IC50,'=',3200.0,nM,5.5,,,UO_0000065,0,CHEMBL4003297,cell-based format,,CHEMBL4002579,1,Scientific Literature,J Nat Prod,,Antiplasmodial activity against chloroquine-resistant Plasmodium falciparum K1 infected in human O+erythrocytes after 72 hrs by lactate dehydrogenase assay,K1,5.49,inactive,5.49,chloroquine resistant,CQR,5.0-6.0,1,5948,K1
CHEMBL315874,,,402.71,1.0,6.48,3b,Clc1ccc(-c2c[nH]cc2C(c2ccc(Cl)cc2Cl)n2ccnc2)cc1,IC50,'=',160.0,nM,6.8,,,UO_0000065,0,CHEMBL4272724,organism-based format,,CHEMBL4270551,1,Scientific Literature,Eur J Med Chem,,Antiprotozoal activity against erythrocytic stage of chloroquine and pyrimethamine resistant Plasmodium falciparum K1 assessed as reduction in [3H]-hypoxanthine incorporation preincubated for 24 hrs followed by [3H]-hypoxanthine addition measured after 24 hrs by scintillation counting method,K1,6.8,active,6.8,erythrocytic stage of chloroquine and pyrimethamine resistant,"CQR, PYRR",6.0-7.5,2,5948,K1
CHEMBL494697,,,418.97,1.0,6.38,2a,CCN(CC)Cc1cc(-c2ccccc2)n(Nc2ccnc3cc(Cl)ccc23)c1C,IC50,'=',42.7,nM,7.37,,,UO_0000065,0,CHEMBL1228648,organism-based format,,CHEMBL1221400,1,Scientific Literature,Bioorg Med Chem,,Antimalarial activity against chloroquine-sensitive Plasmodium falciparum D10 infected in human A+ RBC after 72 hrs by parasite LDH assay,D10,7.37,active,7.37,chloroquine sensitive,CQS,6.0-7.5,3,1503,D10
CHEMBL294940,,,566.49,2.0,5.5,16,O=C(O)CCCC(=O)N1CCN(c2ccnc3cc(Cl)ccc23)CCN(c2ccnc3cc(Cl)ccc23)CC1,IC50,'=',940.0,nM,6.03,,,UO_0000065,0,CHEMBL754071,organism-based format,,CHEMBL1134480,1,Scientific Literature,J Med Chem,,In vitro growth inhibition of Plasmodium falciparum FcB1R,FcB1-R,6.03,active,6.03,,,6.0-7.5,1,214,FcB1-R
CHEMBL4446566,,,577.7,1.0,4.75,28,CC(C)(C)OC(=O)N1CCN(CCC(=O)Nc2cc(-c3ccc(CN4CCOCC4)cc3)nc3ccc(F)cc23)CC1,IC50,'=',300.0,nM,6.52,,,UO_0000065,0,CHEMBL4393370,organism-based format,,CHEMBL4392851,1,Scientific Literature,Bioorg Med Chem,,Antiplasmodial activity against chloroquine and pyrimethamine resistant Plasmodium falciparum K1 erythrocytic stages incubated for 48 hrs by [3H]-hypoxanthine incorporation assay,K1,6.52,active,6.52,chloroquine and pyrimethamine resistant,"CQR, PYRR",6.0-7.5,2,5948,K1
CHEMBL3215565,,,451.4,0.0,2.62,25,c1cc(OCCCCOc2cccc(C3=NCCN3)c2)cc(C2=NCCN2)c1,IC50,'=',107.0,nM,6.97,,,UO_0000065,0,CHEMBL961733,organism-based format,,CHEMBL1153346,1,Scientific Literature,J Med Chem,,Antiprotozoal activity after 48 hrs against chloroquine-resistant Plasmodium falciparum K1 infected erythrocytes by [3H]hypoxanthine uptake,K1,6.97,active,6.97,chloroquine resistant,CQR,6.0-7.5,1,5948,K1
CHEMBL250155,,,518.87,2.0,5.18,5d,C/C(CC(=O)c1ccc(Br)cc1)=N\NC(=S)NCCNc1ccnc2cc(Cl)ccc12,IC50,'=',400.0,nM,6.4,,,UO_0000065,0,CHEMBL941961,organism-based format,,CHEMBL1140574,1,Scientific Literature,Bioorg Med Chem Lett,,Antimalarial activity against chloroquine-resistant Plasmodium falciparum Bre1,Bre1,6.4,active,6.4,chloroquine resistant,CQR,6.0-7.5,4,26,Bre1
CHEMBL471879,,,388.88,0.0,3.52,15,Cc1nc(-c2ccccn2)nc(NCc2ccc(S(C)(=O)=O)cc2)c1Cl,IC50,'=',10100.0,nM,5.0,,,UO_0000065,0,CHEMBL1030595,organism-based format,,CHEMBL1149084,1,Scientific Literature,Bioorg Med Chem Lett,,Antiplasmodial activity against chloroquine-resistant Plasmodium falciparum K1,K1,5.0,inactive,5.0,chloroquine resistant,CQR,<=5.0,1,5948,K1
CHEMBL454036,,,290.37,0.0,3.5,32,Cc1cc(NCCc2ccccc2)nc(-c2ccccn2)n1,IC50,'=',3700.0,nM,5.43,,,UO_0000065,0,CHEMBL1030595,organism-based format,,CHEMBL1149084,1,Scientific Literature,Bioorg Med Chem Lett,,Antiplasmodial activity against chloroquine-resistant Plasmodium falciparum K1,K1,5.43,inactive,5.43,chloroquine resistant,CQR,5.0-6.0,1,5948,K1
CHEMBL487277,,,315.85,0.0,4.32,MG2,Clc1ccc2c(NCCC34CCCN3CCC4)ccnc2c1,IC50,'=',5.5,nM,8.26,,,UO_0000065,0,CHEMBL949537,organism-based format,,CHEMBL1157479,1,Scientific Literature,Bioorg Med Chem Lett,,Antimalarial activity against chloroquine-sensitive Plasmodium falciparum D10 by LDH assay,D10,8.26,high_potency,8.26,chloroquine sensitive,CQS,>=7.5,4,1503,D10
CHEMBL597896,,,352.39,0.0,3.62,4c,C#CCOc1ccccc1/C=C/C(=O)c1ccc(OC)c(OC)c1OC,IC50,'=',50570.0,nM,4.3,,,UO_0000065,0,CHEMBL1074167,organism-based format,,CHEMBL1159089,1,Scientific Literature,Bioorg Med Chem Lett,,Antimicrobial activity against chloroquine-sensitive Plasmodium falciparum D10,D10,4.3,inactive,4.3,chloroquine sensitive,CQS,<=5.0,1,1503,D10
CHEMBL4450329,,,340.43,0.0,3.21,A.4,CCN(CCNc1nc2ccccc2[nH]1)Cc1cc(OC)ccc1O,IC50,'=',3042.0,nM,5.52,,,UO_0000065,0,CHEMBL4369743,organism-based format,,CHEMBL4368895,1,Scientific Literature,Medchemcomm,,Antiplasmodium activity against multidrug resistant Plasmodium falciparum K1 asexual blood stage forms infected in human erythrocytes assessed as reduction in [3H]-hypoxanthine incorporation incubated for 48 hrs by liquid scintillation counting method,K1,5.52,inactive,5.52,multidrug resistant,MDR,5.0-6.0,2,5948,K1
CHEMBL3288916,,,779.02,2.0,10.71,7d,CC(C)Oc1cc(NC(=N)c2ccc(Br)s2)ccc1-c1ccc(-c2ccc(NC(=N)c3ccc(Br)s3)cc2OC(C)C)o1,IC50,'=',914.0,nM,6.04,,,UO_0000065,0,CHEMBL3291900,organism-based format,,CHEMBL3286095,1,Scientific Literature,Eur J Med Chem,,Antiparasitic activity against chloroquine-resistant Plasmodium falciparum K1 after 3 days by [3H]-hypoxanthine incorporation assay,K1,6.04,active,6.04,chloroquine resistant,CQR,6.0-7.5,1,5948,K1
CHEMBL2146546,,,403.92,1.0,5.49,12,Clc1ccc2c(NCc3nc(-c4ccc(N5CCCC5)cc4)c[nH]3)ccnc2c1,IC50,'=',18.2,nM,7.74,,,UO_0000065,0,CHEMBL2150333,organism-based format,,CHEMBL2146461,1,Scientific Literature,Bioorg Med Chem,,Antiplasmodial activity against chloroquine-sensitive Plasmodium falciparum D10 infected in human red blood cells after 72 hrs by parasite lactate dehydrogenase assay,D10,7.74,high_potency,7.74,chloroquine sensitive,CQS,>=7.5,2,1503,D10
CHEMBL2180991,,,316.33,0.0,1.81,6,O=C(NO)C(Cc1ccccc1)C(=O)NCc1cccc(F)c1,IC50,'=',24700.0,nM,4.61,,,UO_0000065,0,CHEMBL2185057,organism-based format,,CHEMBL2176899,1,Scientific Literature,J Med Chem,,Antimalarial activity against Plasmodium falciparum K1 infected in human O positive erythrocytes under low oxygen atmosphere after 72 hrs by spectrophotometric analysis,K1,4.61,inactive,4.61,,,<=5.0,1,5948,K1
CHEMBL270522,,,492.06,1.0,6.94,26,COc1c(C)c(CN(CCNc2ccnc3cc(Cl)ccc23)CC(C)C)c(OC)c2ccccc12,IC50,'=',40.6,nM,7.39,,,UO_0000065,0,CHEMBL931167,organism-based format,,CHEMBL1142355,1,Scientific Literature,J Med Chem,,Antiparasitic activity against chloroquine-resistant Plasmodium falciparum K1,K1,7.39,active,7.39,chloroquine resistant,CQR,6.0-7.5,2,5948,K1
CHEMBL469011,,,393.79,1.0,6.12,"6k, GW-308678",Cc1[nH]c(C)c(-c2ccc(Oc3cccc(C(F)(F)F)c3)cc2)c(=O)c1Cl,IC50,'=',2.5,nM,8.6,,,UO_0000065,0,CHEMBL989660,organism-based format,,CHEMBL1150240,1,Scientific Literature,J Med Chem,,Antimalarial activity against Plasmodium falciparum FCR3-A infected erythrocytes as [3H]hypoxanthine incorporation,FcR3-A,8.6,high_potency,8.6,,,>=7.5,3,4,FcR3-A
CHEMBL537247,,,290.75,0.0,2.24,23a,N=C(N)Nc1ccc(NC(=O)c2ccccc2)cc1,IC50,'=',10400.0,nM,4.98,,,UO_0000065,0,CHEMBL933420,organism-based format,,CHEMBL1141653,1,Scientific Literature,J Med Chem,,Antiplasmodial activity against Plasmodium falciparum K1 in [3H]hypoxanthine incorporation assay,K1,4.98,inactive,4.98,,,<=5.0,1,5948,K1
CHEMBL498515,(+)-ACULEATIN B,,418.62,1.0,6.17,(+)-aculeatin B,CCCCCCCCCCCCC[C@H]1C[C@@H](O)C[C@]2(CCC3(C=CC(=O)C=C3)O2)O1,IC50,'=',430.0,nM,6.37,,,UO_0000065,0,CHEMBL1006444,organism-based format,,CHEMBL1156632,1,Scientific Literature,J Med Chem,,Antimalarial activity against Plasmodium falciparum K1,K1,6.37,active,6.37,,,6.0-7.5,2,5948,K1
CHEMBL3403643,,,314.35,0.0,3.51,8,Cc1nn2c(Nc3cccc4cccnc34)c(C#N)cnc2c1C,IC50,'=',27.0,nM,7.57,,,UO_0000065,0,CHEMBL3406877,organism-based format,,CHEMBL3400088,1,Scientific Literature,Bioorg Med Chem Lett,,Antimalarial activity against multidrug-resistant Plasmodium falciparum K1 by SYBR green-based assay,K1,7.57,high_potency,7.57,multidrug resistant,MDR,>=7.5,2,5948,K1
CHEMBL4159932,,,526.51,2.0,-1.12,10c,COc1ccc(N/N=C2\C(=O)N(Cc3cn(O[C@@H]4O[C@H](CO)[C@H](O)[C@H](O)[C@H]4O)nn3)c3ccccc32)cc1,IC50,'=',5200.0,nM,5.28,,,UO_0000065,0,CHEMBL4156209,organism-based format,,CHEMBL4152321,1,Scientific Literature,Eur J Med Chem,,Antiplasmodial activity against chloroquine-resistant Plasmodium falciparum K1 infected in human erythrocytes after 72 hrs by SYBR Green 1 staining based fluorescence assay,K1,5.28,inactive,5.28,chloroquine resistant,CQR,5.0-6.0,2,5948,K1
CHEMBL373412,,,305.34,0.0,2.58,18b,N=C(N)c1ccc(-c2ccc(-c3ccc(C(=N)N)o3)cn2)cc1,IC50,'=',10000.0,nM,5.0,,,UO_0000065,0,CHEMBL869198,organism-based format,,CHEMBL1146034,1,Scientific Literature,J Med Chem,,Antiprotozoal activity against Plasmodium falciparum K1,K1,5.0,inactive,5.0,,,<=5.0,1,5948,K1
CHEMBL3356376,,,590.99,2.0,7.71,2,Clc1ccc(Nc2cc3nc4ccccc4n(-c4ccc(Cl)cc4)c-3c/c2=N/CC23CCCN2CCC3)cc1,IC50,'=',620.0,nM,6.21,,,UO_0000065,0,CHEMBL3377298,organism-based format,,CHEMBL3351819,1,Scientific Literature,Bioorg Med Chem,,Antiplasmodial activity against chloroquine-sensitive Plasmodium falciparum D10 assessed as inhibition of parasite growth after 72 hrs by parasite lactate dehydrogenase assay,D10,6.21,active,6.21,chloroquine sensitive,CQS,6.0-7.5,2,1503,D10
CHEMBL572273,,,344.41,0.0,4.03,26,CCCCC(=O)OCC(C)(C)CC1=C(O)C(=O)c2ccccc2C1=O,IC50,'=',580.0,nM,6.24,,,UO_0000065,0,CHEMBL1040042,organism-based format,,CHEMBL1156821,1,Scientific Literature,J Med Chem,,Antimalarial activity against multidrug-resistant Plasmodium falciparum K1 infected in erythrocytes after 48 hrs by [3H]hypoxanthine incorporation assay,K1,6.24,active,6.24,multidrug resistant,MDR,6.0-7.5,1,5948,K1
CHEMBL3329590,,,442.47,1.0,1.15,8e,O=C(/C=C/c1ccc(NC(=O)Nc2ccccc2)cc1)C[C@@H]1O[C@H](CO)[C@@H](O)[C@H](O)[C@H]1O,IC50,'=',7660.0,nM,5.12,,,UO_0000065,0,CHEMBL3363211,organism-based format,,CHEMBL3351535,1,Scientific Literature,ACS Med Chem Lett,,Antimalarial activity against Plasmodium falciparum K1 after 72 hrs by SYBR Green fluorescence assay,K1,5.12,inactive,5.12,,,5.0-6.0,2,5948,K1
CHEMBL1684455,,,348.88,0.0,4.95,15.HCl,Nc1c2c(nc3ccccc13)CC1C=C(c3ccccc3)CC2C1,IC50,'=',7120.0,nM,5.15,,,UO_0000065,0,CHEMBL1685456,organism-based format,,CHEMBL1681701,1,Scientific Literature,Bioorg Med Chem,,Antiplasmodial activity against chloroquine-resistant Plasmodium falciparum K1,K1,5.15,inactive,5.15,chloroquine resistant,CQR,5.0-6.0,1,5948,K1
CHEMBL2146552,,,435.93,1.0,5.63,17a,Fc1ccc(-c2nc(CNc3ccnc4cc(Cl)ccc34)[nH]c2CN2CCCC2)cc1,IC50,'=',25.7,nM,7.59,,,UO_0000065,0,CHEMBL2150333,organism-based format,,CHEMBL2146461,1,Scientific Literature,Bioorg Med Chem,,Antiplasmodial activity against chloroquine-sensitive Plasmodium falciparum D10 infected in human red blood cells after 72 hrs by parasite lactate dehydrogenase assay,D10,7.59,high_potency,7.59,chloroquine sensitive,CQS,>=7.5,2,1503,D10
CHEMBL3824217,,,436.55,1.0,6.9,14,CC(Oc1nc(C(Cl)(Cl)Cl)nc2ccccc12)c1ccc(Cl)cc1Cl,IC50,'=',4200.0,nM,5.38,,,UO_0000065,0,CHEMBL3826384,organism-based format,,CHEMBL3822443,1,Scientific Literature,Eur J Med Chem,,Antiplasmodial activity against chloroquine/purimethamine/proguanil-resistant Plasmodium falciparum K1 infected in human A+ erythrocytes assessed as reduction in parasitaemia measured after 72 hrs by SYBR Green I fluorescence-based assay,K1,5.38,inactive,5.38,chloroquine/purimethamine/proguanil resistant,"CQR, PRGR, PUMR",5.0-6.0,1,5948,K1
CHEMBL137883,,,304.29,0.0,3.88,5,COc1ccc(C(=O)/C=C/c2ccc(F)cc2F)c(OC)c1,IC50,'=',6200.0,nM,5.21,,,UO_0000065,0,CHEMBL880957,organism-based format,,CHEMBL1134841,1,Scientific Literature,J Med Chem,,Inhibition of [3H]hypoxanthine incorporation in Plasmodium falciparum K1,K1,5.21,inactive,5.2,,,5.0-6.0,6,5948,K1
CHEMBL189383,,,508.62,2.0,5.1,11e,CCOC(=O)N/C(=N/C(C)C)Nc1ccc2c(c1)Cc1cc(N/C(=N\C(C)C)NC(=O)OCC)ccc1-2,IC50,'=',6300.0,nM,5.2,,,UO_0000065,0,CHEMBL833980,organism-based format,,CHEMBL1144346,1,Scientific Literature,J Med Chem,,In vitro antiprotozoal activity for Plasmodium falciparum K1,K1,5.2,inactive,5.2,,,5.0-6.0,1,5948,K1
CHEMBL1800559,,,423.44,1.0,5.07,4h,CCNCCNc1cc(-c2ccc(C(F)(F)F)cc2)c(C#N)c2nc3ccccc3n12,IC50,'=',116.0,nM,6.94,,,UO_0000065,0,CHEMBL1804019,organism-based format,,CHEMBL1799932,1,Scientific Literature,J Med Chem,,Antimalarial activity against Plasmodium falciparum K1,K1,6.94,active,6.94,,,6.0-7.5,10,5948,K1
CHEMBL212783,,,304.35,0.0,3.18,18a,N=C(N)c1ccc(-c2ccc(-c3ccc(C(=N)N)o3)cc2)cc1,IC50,'=',1000.0,nM,6.0,,,UO_0000065,0,CHEMBL869198,organism-based format,,CHEMBL1146034,1,Scientific Literature,J Med Chem,,Antiprotozoal activity against Plasmodium falciparum K1,K1,6.0,active,6.0,,,5.0-6.0,1,5948,K1
CHEMBL3216031,,,451.4,0.0,2.62,18,c1cc(C2=NCCN2)ccc1OCCCCOc1ccc(C2=NCCN2)cc1,IC50,'=',31.0,nM,7.51,,,UO_0000065,0,CHEMBL961733,organism-based format,,CHEMBL1153346,1,Scientific Literature,J Med Chem,,Antiprotozoal activity after 48 hrs against chloroquine-resistant Plasmodium falciparum K1 infected erythrocytes by [3H]hypoxanthine uptake,K1,7.51,high_potency,7.51,chloroquine resistant,CQR,>=7.5,1,5948,K1
CHEMBL3216454,,,430.34,0.0,1.63,33,c1cc(C2=NCCN2)cc(-n2cc(-c3ccc(C4=NCCN4)cc3)nn2)c1,IC50,'=',95.0,nM,7.02,,,UO_0000065,0,CHEMBL1046935,organism-based format,,CHEMBL1156777,1,Scientific Literature,J Med Chem,,Antiplasmodial activity against chloroquine-resistant Plasmodium falciparum K1 infected in human erythrocytes after 48 hrs assessed as [3H]hypoxanthine incorporation by liquid scintillation counting,K1,7.02,active,7.02,chloroquine resistant,CQR,6.0-7.5,1,5948,K1
CHEMBL578399,,,360.55,0.0,4.89,rac-9b,CN1CCC2(N3CCCC3)CC(c3ccccc3)C1C(c1ccccc1)C2,IC50,'=',1720.0,nM,5.76,,,UO_0000065,0,CHEMBL1045775,organism-based format,,CHEMBL1154680,1,Scientific Literature,Eur J Med Chem,,Antiplasmodial activity against chloroquine and pyrimethamine-resistant Plasmodium falciparum K1 by microplate assay,K1,5.76,inactive,5.76,chloroquine and pyrimethamine resistant,"CQR, PYRR",5.0-6.0,1,5948,K1
CHEMBL565868,,,267.28,0.0,2.83,18,COc1ccc2c(c1)C(=O)C(c1ccc(C)cc1)=[N+]2[O-],IC50,'=',20.0,nM,7.7,,,UO_0000065,0,CHEMBL1047865,organism-based format,,CHEMBL1156797,1,Scientific Literature,J Med Chem,,Antimalarial activity against Plasmodium falciparum K1 assessed as [3H]hypoxanthine incorporation by scintillation counting,K1,7.7,high_potency,7.7,,,>=7.5,3,5948,K1
CHEMBL2435552,,,411.47,0.0,2.97,49,CN(Cc1ccccc1)C(=O)Cc1cn(CNc2ccnc3cc(C#N)ccc23)nn1,IC50,'=',15057.0,nM,4.82,,,UO_0000065,0,CHEMBL2438822,organism-based format,,CHEMBL2434909,1,Scientific Literature,Eur J Med Chem,,Antimalarial activity against chloroquine-resistant Plasmodium falciparum K1 after 48 hrs,K1,4.82,inactive,4.82,chloroquine resistant,CQR,<=5.0,2,5948,K1
CHEMBL2435550,,,471.61,0.0,4.8,47,N#Cc1ccc2c(NCn3cc(CC(=O)N(C4CCCCC4)C4CCCCC4)nn3)ccnc2c1,IC50,'=',2599.0,nM,5.58,,,UO_0000065,0,CHEMBL2438823,organism-based format,,CHEMBL2434909,1,Scientific Literature,Eur J Med Chem,,Antimalarial activity against chloroquine-sensitive Plasmodium falciparum D10 after 48 hrs,D10,5.59,inactive,5.59,chloroquine sensitive,CQS,5.0-6.0,2,1503,D10
CHEMBL4062455,,,661.71,2.0,8.49,2i,CC(=O)O[C@H]1C[C@@]2(C)[C@@H](C[C@@H](O)[C@H]3[C@@]4(C)CC[C@@H](O)[C@@H](C)[C@@H]4CC[C@@]32C)/C1=C(\CCC=C(C)C)C(=O)Oc1ccc(Cl)c(Cl)c1,IC50,'=',2200.0,nM,5.66,,,UO_0000065,0,CHEMBL4042878,assay format,,CHEMBL4041542,1,Scientific Literature,Bioorg Med Chem Lett,,Antiplasmodial activity against chloroquine-resistant Plasmodium falciparum K1 by [3H]hypoxanthine incorporation assay,K1,5.66,inactive,5.66,chloroquine resistant,CQR,5.0-6.0,2,5948,K1
CHEMBL3235672,,,668.63,2.0,9.49,"12{2,2,3}",COC(=O)/C(C)=C/c1ccc(Oc2ccc(N/C(=N/c3cccc(Cl)c3)NCCCCNc3ccnc4cc(Cl)ccc34)cc2)cc1,IC50,'=',66.76,nM,7.17,,,UO_0000065,0,CHEMBL3240879,organism-based format,,CHEMBL3232804,1,Scientific Literature,Bioorg Med Chem Lett,,Antiplasmodial activity against chloroquine-resistant Plasmodium falciparum K1 infected after 72 hrs by Malaria SYBR Green I-staining based fluorescence assay,K1,7.18,active,7.18,chloroquine resistant,CQR,6.0-7.5,2,5948,K1
CHEMBL4865981,,,293.12,0.0,3.51,9,BrC1=NOC(c2ncc(-c3ccccc3)o2)C1,IC50,'=',32200.0,nM,4.49,,,UO_0000065,0,CHEMBL4840215,organism-based format,,CHEMBL4837267,1,Scientific Literature,ACS Med Chem Lett,,Antimalarial activity against chloroquine sensitive Plasmodium falciparum D10 infected in human red blood cells assessed as reduction in parasite growth measured after 72 hrs by parasite lactate dehydrogenase assay,D10,4.49,inactive,4.49,chloroquine sensitive,CQS,<=5.0,2,1503,D10
CHEMBL3781870,,,402.88,1.0,5.8,(S)-1,O=C(O[C@H](Cn1ccnc1)c1ccc(Cl)cc1)c1ccc(-c2ccccc2)cc1,IC50,'=',2100.0,nM,5.68,,,UO_0000065,0,CHEMBL3783537,organism-based format,,CHEMBL3779855,1,Scientific Literature,Eur J Med Chem,,Antiparasitic activity against chloroquine-resistant erythrocytic stage of Plasmodium falciparum K1 infected in human RPMI1640 cells after 72 hrs by NBT staining based spectroscopic analysis,K1,5.68,inactive,5.68,chloroquine resistant,CQR,5.0-6.0,1,5948,K1
CHEMBL5285111,,,498.68,1.0,6.09,18,Cc1noc(-c2ccc(CCN3CCC(Nc4nc5ccccc5n4CC4CCCCC4)CC3)cc2)n1,IC50,'=',156.0,nM,6.81,,,UO_0000065,0,CHEMBL5239928,organism-based format,,CHEMBL5236628,1,Scientific Literature,J Med Chem,,Antiplasmodial activity against multidrug resistant Plasmodium falciparum K1 incubated for 72 hrs by microplate reader assay,K1,6.81,active,6.81,multidrug resistant,MDR,6.0-7.5,2,5948,K1
CHEMBL2331634,,,670.77,3.0,5.03,9g,COc1cc(NC(C)CCCNC(c2ccc(CO[C@@H]3COc4nc([N+](=O)[O-])cn4C3)cc2)c2nnnn2C(C)(C)C)c2ncccc2c1,IC50,'=',2042.0,nM,5.69,,,UO_0000065,0,CHEMBL2344483,organism-based format,,CHEMBL2331487,1,Scientific Literature,ACS Med Chem Lett,,Antimalarial activity against Plasmodium falciparum K1 assessed as inhibition of [3H] hypoxanthine uptake by liquid scintillation counting,K1,5.69,inactive,5.69,,,5.0-6.0,1,5948,K1
CHEMBL3309526,,,386.88,0.0,3.27,8d,Cn1cc(O)c(=O)cc1CNCCCCNc1ccnc2cc(Cl)ccc12,IC50,'=',720.0,nM,6.14,,,UO_0000065,0,CHEMBL3368881,organism-based format,,CHEMBL3352080,1,Scientific Literature,Bioorg Med Chem Lett,,Antiplasmodial activity against Plasmodium falciparum K1 infected in erythrocytes assessed as [3H]hypoxanthine incorporation after 24 hrs by microbeta scintillation counting analysis,K1,6.14,active,6.14,,,6.0-7.5,2,5948,K1
CHEMBL2414259,,,500.05,2.0,5.96,14,CC(C)(C)n1nnnc1C(NCCCNc1ccnc2cc(Cl)ccc12)c1cccc2ccccc12,IC50,'=',170.2,nM,6.77,,,UO_0000065,0,CHEMBL2415451,organism-based format,,CHEMBL2413038,1,Scientific Literature,Eur J Med Chem,,Antimalarial activity against chloroquine-resistant Plasmodium falciparum K1 after 72 hrs by MSF assay,K1,6.77,active,6.77,chloroquine resistant,CQR,6.0-7.5,2,5948,K1
CHEMBL4582854,,,514.49,1.0,4.43,34,C[C@H]1CN(C(=O)c2ccnc(Nc3nc4cnc(Nc5ccc(F)c(C(F)(F)F)c5)cc4[nH]3)c2)CCN1,IC50,'=',340.0,nM,6.47,,,UO_0000065,0,CHEMBL4310137,organism-based format,,CHEMBL4308849,1,Scientific Literature,J Med Chem,,Antiplasmodial activity against Plasmodium falciparum K1 after 48 hrs by lactate dehydrogenase assay,K1,6.47,active,6.47,,,6.0-7.5,2,5948,K1
CHEMBL1800561,,,449.48,1.0,5.55,4j,N#Cc1c(-c2ccc(C(F)(F)F)cc2)cc(NCCN2CCCC2)n2c1nc1ccccc12,IC50,'=',53.0,nM,7.28,,,UO_0000065,0,CHEMBL1803233,organism-based format,,CHEMBL1799932,1,Scientific Literature,J Med Chem,,Antimalarial activity against multidrug-resistant Plasmodium falciparum K1 infected in human red blood cells assessed as 3H-hypoxanthine incorporation after 48 hrs by liquid scintillation counting,K1,7.28,active,7.28,multidrug resistant,MDR,6.0-7.5,1,5948,K1
CHEMBL4853871,,,540.69,1.0,4.39,46,O=C(c1ccc(CCN2CCC(Nc3nc4ccccc4n3Cc3ccc(F)cc3)CC2)cc1)N1CCNCC1,IC50,'=',1136.0,nM,5.95,,,UO_0000065,0,CHEMBL4839280,organism-based format,,CHEMBL4837244,1,Scientific Literature,ACS Med Chem Lett,,Antiplasmodial activity against multi drug resistant synchronized Plasmodium falciparum K1 late trophozoite stage assessed as reduction in parasite survival incubated for 72 hrs under hypoxic condition by parasite lactate dehydrogenase based NBT microplate reader assay,K1,5.94,inactive,5.94,multi drug resistant,MDR,5.0-6.0,2,5948,K1
CHEMBL597163,,,403.06,0.0,3.39,222,CC[n+]1ccc2c(c1)[nH]c1c(Br)cccc12,IC50,'=',6624.0,nM,5.18,,,UO_0000065,0,CHEMBL5097888,organism-based format,,CHEMBL5096184,1,Scientific Literature,Eur J Med Chem,,Antimalarial activity against Plasmodium falciparum K1,K1,5.18,inactive,5.18,,,5.0-6.0,2,5948,K1
CHEMBL550484,4-NEROLIDYLCATECHOL,,300.44,1.0,5.62,146,C=CC(C)(C/C=C(\C)CCC=C(C)C)c1ccc(O)c(O)c1,IC50,'=',670.0,nM,6.17,,,UO_0000065,0,CHEMBL1177465,organism-based format,,CHEMBL1177693,1,Scientific Literature,Bioorg Med Chem,,Antimalarial activity against multidrug-resistant Plasmodium falciparum K1,K1,6.17,active,6.17,multidrug resistant,MDR,6.0-7.5,2,5948,K1
CHEMBL1223865,,,460.71,0.0,4.36,9a,CCN1CCN(CCN2CCC3(N(C)C)CC(c4ccccc4)C2C(c2ccccc2)C3)CC1,IC50,'=',340.0,nM,6.47,,,UO_0000065,0,CHEMBL1226106,organism-based format,,CHEMBL1221362,1,Scientific Literature,Bioorg Med Chem,,Antiplasmodial activity against Plasmodium falciparum K1 infected in human blood by [3H]hypoxanthine incorporation assay,K1,6.47,active,6.47,,,6.0-7.5,1,5948,K1
CHEMBL1834217,,,463.5,1.0,5.94,3i,CCN(CC)c1ccc2nc3c4ccccc4/c(=N\c4ccc([N+](=O)[O-])cc4C#N)cc-3oc2c1,IC50,'=',205.0,nM,6.69,,,UO_0000065,0,CHEMBL1837079,organism-based format,,CHEMBL1833875,1,Scientific Literature,Bioorg Med Chem Lett,,Antimalarial activity against Plasmodium falciparum K1 at pH 7.4 by microplate assay,K1,6.69,active,6.69,,,6.0-7.5,1,5948,K1
CHEMBL1275823,,,267.33,0.0,3.52,41b,CC1=N[C@H](C)Cc2c(-c3ccc(O)cc3)ccc(O)c21,IC50,'=',9910.0,nM,5.0,,,UO_0000065,0,CHEMBL1285662,organism-based format,,CHEMBL1275325,1,Scientific Literature,Eur J Med Chem,,Antiplasmodial activity against Plasmodium falciparum K1,K1,5.0,inactive,5.0,,,<=5.0,1,5948,K1
CHEMBL1213687,,,1066.4,,,1,CCCCNC(=O)C[C@H](O)[C@H](CC(C)C)NC(=O)[C@@H](NC(=O)c1ccc(Oc2ccc(C(=O)N[C@@H](CC(C)C)C(=O)N[C@@H](CCCCN)C(=O)NCCCC(C)Nc3cc(OC)cc4cccnc34)cc2)cc1)[C@@H](C)CC,IC50,'=',400.0,nM,6.4,,,UO_0000065,0,CHEMBL2072164,organism-based format,,CHEMBL2069175,1,Scientific Literature,Bioorg Med Chem Lett,,Antiplasmodial activity against chloroquine-sensitive Plasmodium falciparum D10,D10,6.4,active,6.4,chloroquine sensitive,CQS,6.0-7.5,4,1503,D10
CHEMBL4448123,,,357.36,0.0,2.12,4,COc1cc2c(c(OC)c1O)CCN1C(=O)c3c(ccc(O)c3O)C[C@@H]21,IC50,'=',26100.0,nM,4.58,,,UO_0000065,0,CHEMBL4425355,organism-based format,,CHEMBL4425090,1,Scientific Literature,J Nat Prod,,Antiplasmodial activity against multidrug-resistant Plasmodium falciparum K1 infected in human RBC incubated for 18 to 20 hrs by microdilution radioisotope method,K1,4.58,inactive,4.58,multidrug resistant,MDR,<=5.0,2,5948,K1
CHEMBL2435443,,,291.44,0.0,4.25,14e,CCCCNC(C)c1cc2c(cc1OC)OC(C)(C)CC2,IC50,'=',3220.0,nM,5.49,,,UO_0000065,0,CHEMBL2438763,organism-based format,,CHEMBL2434884,1,Scientific Literature,J Med Chem,,Antiprotozoal activity against chloroquine/pyrimethamine-resistant erythrocytic form of Plasmodium falciparum K1 assessed as parasite growth inhibition,K1,5.49,inactive,5.49,chloroquine/pyrimethamine resistant,"CQR, PYRR",5.0-6.0,1,5948,K1
CHEMBL2312444,,,355.83,0.0,2.17,21,Nc1cc(N2CCN(c3ccnc4cc(Cl)ccc34)CC2)nc(N)n1,IC50,'=',70.0,nM,7.16,,,UO_0000065,0,CHEMBL2320055,organism-based format,,CHEMBL2311481,1,Scientific Literature,Bioorg Med Chem,,Antimalarial activity against chloroquine-susceptible Plasmodium falciparum D10 asexual erythrocyte forms after 48 hrs by parasite LDH assay,D10,7.15,active,7.15,chloroquine susceptible,CQS,6.0-7.5,2,1503,D10
CHEMBL5430800,,,361.92,0.0,4.07,137b,CC(C)CC(CN1CCOCC1)N(C)c1ccnc2cc(Cl)ccc12,IC50,'=',1190.0,nM,5.92,,,UO_0000065,0,CHEMBL5345238,organism-based format,,CHEMBL5344418,1,Scientific Literature,Eur J Med Chem,,Antimalarial activity against chloroquine-resistant Plasmodium falciparum K1 assessed as reduction in parasite growth incubated for 72 hrs by SYBR Green staining based fluorescence analysis,K1,5.92,inactive,5.92,chloroquine resistant,CQR,5.0-6.0,2,5948,K1
CHEMBL2333009,,,499.02,1.0,5.89,15,O=C1/C(=C/c2ccc([N+](=O)[O-])cc2)SC(=S)N1CCCCNc1ccnc2cc(Cl)ccc12,IC50,'=',88.8,nM,7.05,,,UO_0000065,0,CHEMBL2345690,organism-based format,,CHEMBL2331443,1,Scientific Literature,Eur J Med Chem,,Antimalarial activity against Plasmodium falciparum K1 assessed as parasite growth inhibition after 72 hrs by MSF assay,K1,7.05,active,7.05,,,6.0-7.5,2,5948,K1
CHEMBL5280818,,,416.53,0.0,4.05,16,Cc1noc(-c2ccc(CCN3CCC(Nc4nc5ccccc5n4C)CC3)cc2)n1,IC50,'=',82.0,nM,7.09,,,UO_0000065,0,CHEMBL5239928,organism-based format,,CHEMBL5236628,1,Scientific Literature,J Med Chem,,Antiplasmodial activity against multidrug resistant Plasmodium falciparum K1 incubated for 72 hrs by microplate reader assay,K1,7.09,active,7.09,multidrug resistant,MDR,6.0-7.5,2,5948,K1
CHEMBL3120291,,,487.57,0.0,4.19,35,CNc1nc(NCCCN(C)C)c2sc(-c3ccc(S(C)(=O)=O)cc3C(F)(F)F)cc2n1,IC50,'=',800.0,nM,6.1,,,UO_0000065,0,CHEMBL3123463,organism-based format,,CHEMBL3120127,1,Scientific Literature,J Med Chem,,Antimalarial activity against multidrug-resistant Plasmodium falciparum K1,K1,6.1,active,6.1,multidrug resistant,MDR,6.0-7.5,2,5948,K1
CHEMBL3593460,,,503.6,1.0,8.23,4d,C/C=C/C=C/C=C/C[N+](C)(C)CCCCCCCCCCCCCCCC,IC50,'=',620.0,nM,6.21,,,UO_0000065,0,CHEMBL3594596,organism-based format,,CHEMBL3593187,1,Scientific Literature,Bioorg Med Chem,,Antiplasmodial activity against chloroquine-sensitive Plasmodium falciparum D10 assessed as inhibition of parasite growth after 72 hrs by parasite lactate dehydrogenase assay,D10,6.21,active,6.21,chloroquine sensitive,CQS,6.0-7.5,2,1503,D10
CHEMBL565698,,,487.69,0.0,4.47,7j,CC(C)N1CCN(Cc2ccc([C@@H]3O[C@@H]4O[C@@]5(C)CC[C@H]6[C@H](C)CC[C@@H]([C@H]3C)[C@@]46OO5)n2C)CC1,IC50,'=',8.3,nM,8.08,,,UO_0000065,0,CHEMBL1041451,organism-based format,,CHEMBL1154742,1,Scientific Literature,J Med Chem,,Antimalarial activity against chloroquine-resistant Plasmodium falciparum K1 (Thailand) assessed as growth inhibition by [3H]hypoxanthine incorporation assay,K1,8.08,high_potency,8.08,chloroquine resistant,CQR,>=7.5,2,5948,K1
CHEMBL3401413,,,410.99,0.0,4.46,3d,O=C1CC2(N3CCCCC3)CC(c3ccccc3)C(N1)C(c1ccccc1)C2,IC50,'=',13000.0,nM,4.89,,,UO_0000065,0,CHEMBL3407061,organism-based format,,CHEMBL3400138,1,Scientific Literature,Bioorg Med Chem Lett,,Antiplasmodial activity against chloroquine and pyrimethamine resistant Plasmodium falciparum K1 infected in human red blood cells assessed as reduction in parasite viability after 48 hrs by [3H]-hypoxanthine incorporation assay,K1,4.89,inactive,4.89,chloroquine and pyrimethamine resistant,"CQR, PYRR",<=5.0,1,5948,K1
CHEMBL2418401,,,476.96,1.0,5.71,5d,CCOC(=O)c1c(C)nc(OCCCNc2ccnc3cc(Cl)ccc23)nc1-c1ccccc1,IC50,'=',478.0,nM,6.32,,,UO_0000065,0,CHEMBL2423063,organism-based format,,CHEMBL2417501,1,Scientific Literature,Eur J Med Chem,,Antimalarial activity against chloroquine-sensitive Plasmodium falciparum D10 by two-fold dilution technique,D10,6.32,active,6.32,chloroquine sensitive,CQS,6.0-7.5,2,1503,D10
CHEMBL1946883,,,280.32,0.0,3.59,28,COc1cc(CCc2ccc3ccccc3c2)oc(=O)c1,IC50,'=',16000.0,nM,4.8,,,UO_0000065,0,CHEMBL1947428,organism-based format,,CHEMBL1944624,1,Scientific Literature,Bioorg Med Chem,,Antiprotozoal activity against erythrocytic stages chloroquine- and pyrimethamine-resistant Plasmodium falciparum K1 assessed as inhibition of [3H]hypoxanthine incorporation pre-incubated for 48 hrs prior [3H]hypoxanthine addition measured after 24 hrs by liquid scintillation counting,K1,4.8,inactive,4.8,erythrocytic stages chloroquine and pyrimethamine resistant,"CQR, PYRR",<=5.0,1,5948,K1
CHEMBL2414271,,,534.07,2.0,7.73,27,CC(C)(C)n1nnnc1C(Nc1ccc(Nc2ccnc3cc(Cl)ccc23)cc1)c1cccc2ccccc12,IC50,'=',77.79,nM,7.11,,,UO_0000065,0,CHEMBL2415451,organism-based format,,CHEMBL2413038,1,Scientific Literature,Eur J Med Chem,,Antimalarial activity against chloroquine-resistant Plasmodium falciparum K1 after 72 hrs by MSF assay,K1,7.11,active,7.11,chloroquine resistant,CQR,6.0-7.5,2,5948,K1
CHEMBL552233,,,508.66,2.0,8.65,5,C=CC(C)(C/C=C(\C)CCC=C(C)C)c1ccc(OC(=O)c2ccccc2)c(OC(=O)c2ccccc2)c1,IC50,'=',670.0,nM,6.17,,,UO_0000065,0,CHEMBL1034703,organism-based format,,CHEMBL1158370,1,Scientific Literature,Eur J Med Chem,,Antimalarial activity against Plasmodium falciparum K1,K1,6.17,active,6.17,,,6.0-7.5,1,5948,K1
CHEMBL1773910,DIDEMNIDINE A,,544.45,0.0,1.19,1,NCCCCNCCCNC(=O)C(=O)c1c[nH]c2ccccc12,IC50,'=',41000.0,nM,4.39,,,UO_0000065,0,CHEMBL1775975,organism-based format,,CHEMBL1772933,1,Scientific Literature,J Nat Prod,,Antimalarial activity against chloroquine- and pyrimethamine-resistant Plasmodium falciparum K1 assessed as [3H]-hypoxanthine incorporation after 48 hrs by liquid scintillation counting,K1,4.39,inactive,4.39,chloroquine and pyrimethamine resistant,"CQR, PYRR",<=5.0,1,5948,K1
CHEMBL2368251,,,378.44,0.0,4.41,9a,C[C@H]1[C@H](Oc2ccc(F)cc2)O[C@@H]2O[C@]3(C)CC[C@H]4[C@H](C)CC[C@@H]1[C@@]24OO3,IC50,'=',5.7,nM,8.24,,,UO_0000065,0,CHEMBL763543,organism-based format,,CHEMBL1134464,1,Scientific Literature,J Med Chem,,In vitro antimalarial activity against chloroquine-resistant Plasmodium falciparum K1,K1,8.24,high_potency,8.24,chloroquine resistant,CQR,>=7.5,4,5948,K1
CHEMBL1780200,,,421.61,1.0,5.72,3j,CCN(CC)CCCC(C)NC(=O)c1sc(-c2ccccc2)nc1-c1ccccc1,IC50,'=',3800.0,nM,5.42,,,UO_0000065,0,CHEMBL1781051,organism-based format,,CHEMBL1777678,1,Scientific Literature,Bioorg Med Chem Lett,,Antimalarial malarial activity against chloroquine-resistant Plasmodium falciparum K1 infected in human A positive erythrocytes assessed as inhibition of [3H]hypoxanthine incorporation after 24 hrs,K1,5.42,inactive,5.42,chloroquine resistant,CQR,5.0-6.0,2,5948,K1
CHEMBL55,PENTAMIDINE,4.0,340.43,0.0,2.88,Pentamidine,N=C(N)c1ccc(OCCCCCOc2ccc(C(=N)N)cc2)cc1,IC50,'=',46.4,nM,7.33,,,UO_0000065,0,CHEMBL1781269,organism-based format,,CHEMBL1777802,1,Scientific Literature,Bioorg Med Chem,,Antiparasitic activity against Plasmodium falciparum K1,K1,7.33,active,7.353,,,6.0-7.5,23,5948,K1
CHEMBL2435428,,,353.46,0.0,4.74,12e,COc1ccc(CNC(C)c2cc3c(cc2OC)OC(C)(C)C=C3)cc1,IC50,'=',930.0,nM,6.03,,,UO_0000065,0,CHEMBL2438763,organism-based format,,CHEMBL2434884,1,Scientific Literature,J Med Chem,,Antiprotozoal activity against chloroquine/pyrimethamine-resistant erythrocytic form of Plasmodium falciparum K1 assessed as parasite growth inhibition,K1,6.03,active,6.03,chloroquine/pyrimethamine resistant,"CQR, PYRR",6.0-7.5,1,5948,K1
CHEMBL1770682,,,438.57,0.0,2.38,12,C[C@H]1[C@H](OC(=O)CCN2CCN(C)CC2)O[C@@H]2O[C@@]3(C)CC[C@H]4[C@H](C)CC[C@@H]1[C@@]24OO3,IC50,'=',7.16,nM,8.14,,,UO_0000065,0,CHEMBL1772877,organism-based format,,CHEMBL1770072,1,Scientific Literature,Bioorg Med Chem Lett,,Antiplasmodial activity against chloroquine-sensitive Plasmodium falciparum D10,D10,8.15,high_potency,8.15,chloroquine sensitive,CQS,>=7.5,2,1503,D10
CHEMBL531475,,,355.42,0.0,2.8,8,COc1ccc(-c2cc(-c3ccc(S(C)(=O)=O)cc3)cnc2N)cn1,IC50,'=',51.0,nM,7.29,,,UO_0000065,0,CHEMBL2045642,organism-based format,,CHEMBL2040800,1,Scientific Literature,J Med Chem,,Antimalarial activity against chloroquine-resistant Plasmodium falciparum K1 after 24 hrs by hypoxanthine incorporation assay,K1,7.29,active,7.29,chloroquine resistant,CQR,6.0-7.5,4,5948,K1
CHEMBL245082,,,765.62,2.0,2.74,12,COc1ccc2nc3cc(Cl)ccc3c(NCCCCCCNC(=O)CCCNC(=O)CNC(=O)C(N)CCCNC(=N)N)c2c1,IC50,'=',500.0,nM,6.3,,,UO_0000065,0,CHEMBL892146,organism-based format,,CHEMBL1147882,1,Scientific Literature,Bioorg Med Chem,,Antimalarial activity against chloroquine-resistant Plasmodium falciparum Bre1 by hypoxanthine uptake,Bre1,6.3,active,6.3,chloroquine resistant,CQR,6.0-7.5,4,26,Bre1
CHEMBL3221653,,,362.47,1.0,5.6,73,Cc1ccc(C2=C[C@H]3OC4(CCCC4)OO[C@@]3(c3ccc(C)cc3)C2)cc1,IC50,'<',5.0,nM,,,,UO_0000065,0,CHEMBL3224345,organism-based format,,CHEMBL3217710,1,Scientific Literature,Medchemcomm,,Antimalarial activity against chloroquine-resistant Plasmodium falciparum K1,K1,8.3,high_potency,8.3,chloroquine resistant,CQR,>=7.5,1,5948,K1
CHEMBL172918,,,424.44,0.0,4.42,35d,CC(C)c1c2ccccc2[n+](C)c2c1[nH]c1ccccc12.O=S(=O)([O-])C(F)(F)F,IC50,'=',1300.0,nM,5.89,,,UO_0000065,0,CHEMBL753455,organism-based format,,CHEMBL1134377,1,Scientific Literature,J Med Chem,,Antiplasmodial activity against chloroquine-resistant Plasmodium falciparum K1,K1,5.89,inactive,5.89,chloroquine resistant,CQR,5.0-6.0,1,5948,K1
CHEMBL139289,,,332.78,0.0,4.26,132,COc1ccc(C(=O)/C=C/c2ccccc2Cl)c(OC)c1OC,IC50,'=',41500.0,nM,4.38,,,UO_0000065,0,CHEMBL880957,organism-based format,,CHEMBL1134841,1,Scientific Literature,J Med Chem,,Inhibition of [3H]hypoxanthine incorporation in Plasmodium falciparum K1,K1,4.38,inactive,4.38,,,<=5.0,1,5948,K1
CHEMBL373894,,,351.88,0.0,4.77,4b,Clc1cccc(C(c2ccc(CN3CCCC3)cc2)n2ccnc2)c1,IC50,'=',1420.0,nM,5.85,,,UO_0000065,0,CHEMBL912567,organism-based format,,CHEMBL1141393,1,Scientific Literature,J Med Chem,,Antiplasmodial activity against chloroquine-sensitive Plasmodium falciparum D10,D10,5.85,inactive,5.85,chloroquine sensitive,CQS,5.0-6.0,8,1503,D10
CHEMBL1256658,CHLORPROTHIXENE HYDROCHLORIDE,,352.33,1.0,5.19,NCGC00093653-01,CN(C)CC/C=C1/c2ccccc2Sc2ccc(Cl)cc21,IC50,'=',10000.0,nM,5.0,,,UO_0000065,0,CHEMBL1267247,organism-based format,,CHEMBL1255382,1,Scientific Literature,Nat Chem Biol,,Antiplasmodial activity against Plasmodium falciparum D10 after 72 hrs by SYBR green assay,D10,5.0,inactive,5.0,,,<=5.0,7,1503,D10
CHEMBL597163,,,403.06,0.0,3.39,35,CC[n+]1ccc2c(c1)[nH]c1c(Br)cccc12,IC50,'=',6624.0,nM,5.18,,,UO_0000065,0,CHEMBL1073696,organism-based format,,CHEMBL1157552,1,Scientific Literature,Bioorg Med Chem,,Antiparasitic activity against Plasmodium falciparum K1,K1,5.18,inactive,5.18,,,5.0-6.0,2,5948,K1
CHEMBL4558214,,,625.6,2.0,2.84,8e,CC(=O)OC[C@H]1O[C@@H](CC(=O)/C=C2\C(=O)N(Cc3ccc(F)cc3)c3ccccc32)[C@H](OC(C)=O)[C@@H](OC(C)=O)[C@@H]1OC(C)=O,IC50,'=',1190.0,nM,5.92,,,UO_0000065,0,CHEMBL4384265,organism-based format,,CHEMBL4382238,1,Scientific Literature,Eur J Med Chem,,Antiplasmodial activity against chloroquine-resistant Plasmodium falciparum K1 asynchronous cultures infected in human erythrocytes after 72 hrs by SYBR green1 staining based fluorescence assay,K1,5.92,inactive,5.92,chloroquine resistant,CQR,5.0-6.0,2,5948,K1
CHEMBL458204,,,352.87,0.0,4.78,T34,Oc1ccc(Cc2ccnc3cc(Cl)ccc23)cc1CN1CCCC1,IC50,'=',11.5,nM,7.94,,,UO_0000065,0,CHEMBL1016905,organism-based format,,CHEMBL1154474,1,Scientific Literature,Eur J Med Chem,,Antimalarial activity against chloroquine-resistant Plasmodium falciparum K1 after 48 hrs by [G-3H]hypoxanthine uptake,K1,7.94,high_potency,7.94,chloroquine resistant,CQR,>=7.5,1,5948,K1
CHEMBL450313,,,699.73,2.0,3.37,33,O=C(NC[C@H]1O[C@@H](n2cnc3c(NCc4ccc(Oc5ccccc5)cc4)ncnc32)[C@H](O)[C@@H]1O)c1ccc2c(c1)[nH]c(=O)n2Cc1ccccn1,IC50,'=',2100.0,nM,5.68,,,UO_0000065,0,CHEMBL1030657,organism-based format,,CHEMBL1152746,1,Scientific Literature,Bioorg Med Chem,,Antiplasmodial activity against Plasmodium falciparum K1 as [3H]hypoxanthine uptake,K1,5.68,inactive,5.68,,,5.0-6.0,1,5948,K1
CHEMBL3124977,,,356.41,0.0,2.2,3,COc1ccc(-c2nc(-c3ccc(S(C)(=O)=O)cc3)cnc2N)cn1,IC50,'=',45.0,nM,7.35,,,UO_0000065,0,CHEMBL3129042,organism-based format,,CHEMBL3124877,1,Scientific Literature,J Med Chem,,Antiplasmodial activity against multidrug resistant Plasmodium falciparum K1 assessed as parasite growth inhibition,K1,7.35,active,7.35,multidrug resistant,MDR,6.0-7.5,2,5948,K1
CHEMBL353669,,,297.49,1.0,5.9,"5, 17",[C-]#[N+][C@@]1(C)CC[C@H]2[C@H]3[C@@H](C(=C)CC[C@@H]31)[C@@H](C=C(C)C)C[C@@H]2C,IC50,'=',47.0,nM,7.33,,,UO_0000065,0,CHEMBL3419248,organism-based format,,CHEMBL3414444,1,Scientific Literature,Eur J Med Chem,,Antiplasmodial activity against Plasmodium falciparum K1,K1,7.33,active,7.33,,,6.0-7.5,4,5948,K1
CHEMBL566909,,,345.35,0.0,4.31,24,COc1ccc2c(c1)C(=O)C(c1ccc(Oc3ccccc3)cc1)=[N+]2[O-],IC50,'<',1.5,nM,,,,UO_0000065,0,CHEMBL1047865,organism-based format,,CHEMBL1156797,1,Scientific Literature,J Med Chem,,Antimalarial activity against Plasmodium falciparum K1 assessed as [3H]hypoxanthine incorporation by scintillation counting,K1,8.82,high_potency,8.82,,,>=7.5,3,5948,K1
CHEMBL4060076,,,479.21,0.0,0.74,20,CC(=O)O[C@@H]1[C@H](OC(C)=O)[C@@H](CI)O[C@H]1n1cnc2c(N)nc(F)nc21,IC50,'=',1100.0,nM,5.96,,,UO_0000065,0,CHEMBL3999952,assay format,,CHEMBL3997846,1,Scientific Literature,Bioorg Med Chem,,Antiplasmodial activity against chloroquine resistant Plasmodium falciparum K1 erythrocytic stage assessed as reduction in [3H]hypoxanthine incorporation after 48 hrs by liquid scintillation counting assay,K1,5.96,inactive,5.96,chloroquine resistant,CQR,5.0-6.0,1,5948,K1
CHEMBL2435542,,,400.91,0.0,3.74,39,CC(C)N(C(=O)Cc1cn(CNc2ccnc3cc(Cl)ccc23)nn1)C(C)C,IC50,'=',1592.0,nM,5.8,,,UO_0000065,0,CHEMBL2438823,organism-based format,,CHEMBL2434909,1,Scientific Literature,Eur J Med Chem,,Antimalarial activity against chloroquine-sensitive Plasmodium falciparum D10 after 48 hrs,D10,5.8,inactive,5.8,chloroquine sensitive,CQS,5.0-6.0,2,1503,D10
CHEMBL3099045,,,413.57,0.0,4.63,14d,COC(CN1CCN(Cc2ccccc2)CC1)Cn1c2ccccc2c2ccccc21,IC50,'=',3313.0,nM,5.48,,,UO_0000065,0,CHEMBL3100671,organism-based format,,CHEMBL3098117,1,Scientific Literature,ACS Med Chem Lett,,Antimalarial activity against Plasmodium falciparum K1 infected in human RBC after 72 hrs by hypoxanthine incorporation assay in presence of serum albumin,K1,5.48,inactive,5.48,,,5.0-6.0,1,5948,K1
CHEMBL4877315,,,363.39,0.0,0.52,73b,COC1=C(Cc2ccc(OC)cc2)C(=O)C2=C(NCCS2(=O)=O)C1=O,IC50,'=',1220.0,nM,5.91,,,UO_0000065,0,CHEMBL5113977,organism-based format,,CHEMBL5113376,1,Scientific Literature,Eur J Med Chem,,Antimalarial activity against Plasmodium falciparum D10,D10,5.91,inactive,5.91,,,5.0-6.0,2,1503,D10
CHEMBL3415878,,,329.17,0.0,4.73,1n,Cn1cc2c3cc(Br)ccc3nc-2c2ccc(F)cc21,IC50,'=',61.8,nM,7.21,,,UO_0000065,0,CHEMBL3417904,organism-based format,,CHEMBL3414562,1,Scientific Literature,Eur J Med Chem,,Antiplasmodial activity against chloroquine-resistant Plasmodium falciparum K1,K1,7.21,active,7.21,chloroquine resistant,CQR,6.0-7.5,4,5948,K1
CHEMBL1237164,NALTRINDOLE HYDROCHLORIDE,,450.97,0.0,3.57,NCGC00094185-01,Oc1ccc2c3c1O[C@H]1c4[nH]c5ccccc5c4C[C@@]4(O)[C@@H](C2)N(CC2CC2)CC[C@]314,IC50,'=',12589.25,nM,4.9,,,UO_0000065,0,CHEMBL1267247,organism-based format,,CHEMBL1255382,1,Scientific Literature,Nat Chem Biol,,Antiplasmodial activity against Plasmodium falciparum D10 after 72 hrs by SYBR green assay,D10,4.9,inactive,4.9,,,<=5.0,7,1503,D10
CHEMBL1275764,,,574.69,2.0,7.85,DB766,CC(C)Oc1cc(NC(=N)c2ccccn2)ccc1-c1ccc(-c2ccc(NC(=N)c3ccccn3)cc2OC(C)C)o1,IC50,'=',149.0,nM,6.83,,,UO_0000065,0,CHEMBL3291900,organism-based format,,CHEMBL3286095,1,Scientific Literature,Eur J Med Chem,,Antiparasitic activity against chloroquine-resistant Plasmodium falciparum K1 after 3 days by [3H]-hypoxanthine incorporation assay,K1,6.83,active,6.83,chloroquine resistant,CQR,6.0-7.5,1,5948,K1
CHEMBL1289336,,,540.98,2.0,6.49,14e,COc1cc(/C=C/C(=O)/C=C/c2ccc(F)cc2)ccc1OCc1cn(-c2ccnc3cc(Cl)ccc23)nn1,IC50,'=',9400.0,nM,5.03,,,UO_0000065,0,CHEMBL1291252,organism-based format,,CHEMBL1287748,1,Scientific Literature,Bioorg Med Chem,,Antimalarial activity against chloroquine-sensitive Plasmodium falciparum D10 after 48 hrs,D10,5.03,inactive,5.03,chloroquine sensitive,CQS,5.0-6.0,2,1503,D10
CHEMBL1928412,,,558.73,2.0,9.35,20,c1ccc2[nH]c(-c3ccc(OCCCCCCCCCCOc4ccc(-c5nc6ccccc6[nH]5)cc4)cc3)nc2c1,IC50,'=',180.0,nM,6.75,,,UO_0000065,0,CHEMBL1931806,organism-based format,,CHEMBL1926599,1,Scientific Literature,Bioorg Med Chem,,Antiplasmodial activity against chloroquine and pyrimethamine-resistant Plasmodium falciparum K1 assessed as inhibition of [3H]hypoxanthine incorporation incubated for 48 hrs prior to [3H] hypoxanthine addition measured after 24 hrs by liquid scintillation counting,K1,6.74,active,6.74,chloroquine and pyrimethamine resistant,"CQR, PYRR",6.0-7.5,1,5948,K1
CHEMBL2435764,,,694.96,2.0,7.3,15,CC(C)(C)OC(=O)N(CCCCCCCCN(CCCNC(=O)Cc1ccccc1)C(=O)OC(C)(C)C)CCCNC(=O)Cc1ccccc1,IC50,'=',470.0,nM,6.33,,,UO_0000065,0,CHEMBL2439547,organism-based format,,CHEMBL2434856,1,Scientific Literature,Eur J Med Chem,,Antimalarial activity against erythrocytic stage of chloroquine and pyrimethamine-resistant Plasmodium falciparum K1,K1,6.33,active,6.33,erythrocytic stage of chloroquine and pyrimethamine resistant,"CQR, PYRR",6.0-7.5,1,5948,K1
CHEMBL2041980,-390048,1.0,393.39,0.0,3.82,48,CS(=O)(=O)c1ccc(-c2cnc(N)c(-c3ccc(C(F)(F)F)nc3)c2)cc1,IC50,'=',25.0,nM,7.6,,,UO_0000065,0,CHEMBL5104427,organism-based format,,CHEMBL5104092,1,Scientific Literature,Eur J Med Chem,,Antimalarial activity against Plasmodium falciparum K1,K1,7.6,high_potency,7.6,,,>=7.5,11,5948,K1
CHEMBL1929188,,,442.69,0.0,4.83,"12a, Diastereomer",CC(C)c1c(OCC(O)CN2CCN(C)CC2)ccc2c1CC[C@H]1C(C)(C)CCC[C@]21C,IC50,'=',1360.0,nM,5.87,,,UO_0000065,0,CHEMBL1932231,organism-based format,,CHEMBL1926568,1,Scientific Literature,Bioorg Med Chem,,Antiplasmodial activity against chloroquine-sensitive Plasmodium falciparum D10 after 48 hrs by lactate dehydrogenase assay,D10,5.87,inactive,5.87,chloroquine sensitive,CQS,5.0-6.0,2,1503,D10
CHEMBL1929191,,,401.64,1.0,5.58,"12d, Diastereomer",CC(C)NCC(O)COc1ccc2c(c1C(C)C)CC[C@H]1C(C)(C)CCC[C@]21C,IC50,'=',170.0,nM,6.77,,,UO_0000065,0,CHEMBL1932232,organism-based format,,CHEMBL1926568,1,Scientific Literature,Bioorg Med Chem,,Antiplasmodial activity against chloroquine-resistant Plasmodium falciparum K1 after 48 hrs by lactate dehydrogenase assay,K1,6.77,active,6.77,chloroquine resistant,CQR,6.0-7.5,2,5948,K1
CHEMBL4591240,,,450.34,1.0,5.89,26,N#Cc1c(C(F)(F)F)cc(NCc2ccc(OC(F)(F)F)cc2)n2c1nc1ccccc12,IC50,'=',840.0,nM,6.08,,,UO_0000065,0,CHEMBL4373125,organism-based format,,CHEMBL4371072,1,Scientific Literature,J Med Chem,,Antiplasmodial activity against chloroquine-resistant asexual blood stage of Plasmodium falciparum K1 infected in human RBC assessed as reduction in [3H]hypoxanthine incorporation preincubated for 48 hrs followed by [3H]hypoxanthine addition measured after 24 hrs by liquid scintillation counting method,K1,6.08,active,6.08,chloroquine resistant,CQR,6.0-7.5,2,5948,K1
CHEMBL571863,,,358.43,0.0,4.27,28,CCC(C)CC(=O)OCC(C)(C)CC1=C(O)C(=O)c2ccccc2C1=O,IC50,'=',190.0,nM,6.72,,,UO_0000065,0,CHEMBL1040042,organism-based format,,CHEMBL1156821,1,Scientific Literature,J Med Chem,,Antimalarial activity against multidrug-resistant Plasmodium falciparum K1 infected in erythrocytes after 48 hrs by [3H]hypoxanthine incorporation assay,K1,6.72,active,6.72,multidrug resistant,MDR,6.0-7.5,1,5948,K1
CHEMBL3603985,,,761.36,2.0,7.62,10a,C[C@H]1[C@@H](OCc2ccc(C(=O)N(CCNc3ccnc4cc(Cl)ccc34)CC(=O)NC3CCCCC3)cc2)O[C@@H]2O[C@@]3(C)CC[C@H]4[C@H](C)CC[C@@H]1[C@@]24OO3,IC50,'=',26.0,nM,7.58,,,UO_0000065,0,CHEMBL3607889,organism-based format,,CHEMBL3603813,1,Scientific Literature,Bioorg Med Chem,,Antiplasmodial activity against CQ-sensitive Plasmodium falciparum D10,D10,7.59,high_potency,7.59,cq sensitive,CQS,>=7.5,2,1503,D10
CHEMBL572274,,,498.7,1.0,8.32,38,CCCCCCCCCCCCCCCC(=O)OCC(C)(C)CC1=C(O)C(=O)c2ccccc2C1=O,IC50,'=',30.0,nM,7.52,,,UO_0000065,0,CHEMBL1040042,organism-based format,,CHEMBL1156821,1,Scientific Literature,J Med Chem,,Antimalarial activity against multidrug-resistant Plasmodium falciparum K1 infected in erythrocytes after 48 hrs by [3H]hypoxanthine incorporation assay,K1,7.52,high_potency,7.52,multidrug resistant,MDR,>=7.5,1,5948,K1
CHEMBL3410470,,,643.53,3.0,5.57,5cB,CCOC(=O)ON(C)C(=O)COC(c1ccc(F)c(F)c1)P(=O)(OCOC(=O)OC(C)(C)C)OCOC(=O)OC(C)(C)C,IC50,'=',123.0,nM,6.91,,,UO_0000065,0,CHEMBL3411608,organism-based format,,CHEMBL3407342,1,Scientific Literature,J Med Chem,,Antiplasmodial activity against blood stage forms of chloroquine-sensitive Plasmodium falciparum D10 incubated for 3 days by HRP2 detection based ELISA method,D10,6.91,active,6.91,blood stage forms of chloroquine sensitive,CQS,6.0-7.5,3,1503,D10
CHEMBL219333,,,351.8,0.0,4.22,8b,COc1ccc2nc3cc(Cl)ccc3c(N/N=C/c3ncc[nH]3)c2c1,IC50,'=',4.5,nM,8.35,,,UO_0000065,0,CHEMBL934471,organism-based format,,CHEMBL1142372,1,Scientific Literature,J Med Chem,,Antiplasmodial activity against chloroquine-resistant Plasmodium falciparum K1 by [3H]hypoxanthine incorporation,K1,8.35,high_potency,8.35,chloroquine resistant,CQR,>=7.5,8,5948,K1
CHEMBL410474,,,478.04,1.0,7.13,4o,Clc1ccc(C(c2ccccc2)(c2ccc(CN3CCCC3)cc2)n2cnc3ccccc32)cc1,IC50,'=',23.0,nM,7.64,,,UO_0000065,0,CHEMBL934481,organism-based format,,CHEMBL1142373,1,Scientific Literature,J Med Chem,,Antiplasmodial activity against chloroquine-resistant Plasmodium falciparum K1 by [3H]hypoxanthine incorporation,K1,7.64,high_potency,7.64,chloroquine resistant,CQR,>=7.5,4,5948,K1
CHEMBL4092772,,,469.62,0.0,4.88,41,c1ccc([C@H]2CC[C@]3(CC2)OOC2(O3)C3CC4CC(C3)CC2C4)c(OCCN2CCOCC2)c1,IC50,'=',6.5,nM,8.19,,,UO_0000065,0,CHEMBL4008052,assay format,,CHEMBL4007393,1,Scientific Literature,J Med Chem,,Antimalarial activity against chloroquine-resistant Plasmodium falciparum K1 assessed as reduction in [3H]-hypoxanthine incorporation preincubated for 24 hrs followed by [3H]-hypoxanthine addition measured after 18 hrs by liquid scintillation counting,K1,8.19,high_potency,8.19,chloroquine resistant,CQR,>=7.5,2,5948,K1
CHEMBL3088366,,,288.43,0.0,4.08,8j,CCCC[C@@]1(C)C[C@H](COC)[C@@](CCCC)(OC)OO1,IC50,'=',2300.0,nM,5.64,,,UO_0000065,0,CHEMBL3090278,organism-based format,,CHEMBL3085636,1,Scientific Literature,Eur J Med Chem,,Antimalarial activity against chloroquine-sensitive Plasmodium falciparum D10 after 72 hrs by parasite lactate dehydrogenase assay,D10,5.64,inactive,5.64,chloroquine sensitive,CQS,5.0-6.0,2,1503,D10
CHEMBL2023443,,,532.09,2.0,7.3,10d,CCOC(=O)c1c(C)nc(NCCCCCCCNc2ccnc3cc(Cl)ccc23)nc1-c1ccccc1,IC50,'=',617.7,nM,6.21,,,UO_0000065,0,CHEMBL2025606,organism-based format,,CHEMBL2021854,1,Scientific Literature,Eur J Med Chem,,Antiplasmodial activity chloroquine-resistant Plasmodium falciparum K1 infected in human A+ erythrocytes assessed as inhibition of [3H]-hypoxanthine incorporation after 24 hrs by scintillation counting,K1,6.21,active,6.21,chloroquine resistant,CQR,6.0-7.5,2,5948,K1
CHEMBL3884749,,,477.59,0.0,3.3,5c,Cc1cc(Nc2ncc(C#N)c(Nc3cccc(S(C)(=O)=O)c3)n2)ccc1N1CCN(C)CC1,IC50,'=',4720.0,nM,5.33,,,UO_0000065,0,CHEMBL3875834,assay format,,CHEMBL3875172,1,Scientific Literature,Eur J Med Chem,,Antimalarial activity against multidrug-resistant Plasmodium falciparum K1 infected human erythrocytes assessed as reduction in parasite viability after 24 hrs by [3H]-hypoxanthine incorporation assay,K1,5.33,inactive,5.33,multidrug resistant,MDR,5.0-6.0,1,5948,K1
CHEMBL3883531,,,390.45,0.0,2.9,5j,NC(=O)c1ccccc1Nc1ccnc(Nc2ccc(N3CCOCC3)cc2)n1,IC50,'=',4390.0,nM,5.36,,,UO_0000065,0,CHEMBL3875834,assay format,,CHEMBL3875172,1,Scientific Literature,Eur J Med Chem,,Antimalarial activity against multidrug-resistant Plasmodium falciparum K1 infected human erythrocytes assessed as reduction in parasite viability after 24 hrs by [3H]-hypoxanthine incorporation assay,K1,5.36,inactive,5.36,multidrug resistant,MDR,5.0-6.0,1,5948,K1
CHEMBL3883924,,,403.49,0.0,2.81,5i,CN1CCN(c2ccc(Nc3nccc(Nc4ccccc4C(N)=O)n3)cc2)CC1,IC50,'=',1500.0,nM,5.82,,,UO_0000065,0,CHEMBL3875834,assay format,,CHEMBL3875172,1,Scientific Literature,Eur J Med Chem,,Antimalarial activity against multidrug-resistant Plasmodium falciparum K1 infected human erythrocytes assessed as reduction in parasite viability after 24 hrs by [3H]-hypoxanthine incorporation assay,K1,5.82,inactive,5.82,multidrug resistant,MDR,5.0-6.0,1,5948,K1
CHEMBL1256910,TREQUINSIN HYDROCHLORIDE,,441.96,0.0,3.58,NCGC00094424-01,COc1cc2c(cc1OC)-c1c/c(=N\c3c(C)cc(C)cc3C)n(C)c(=O)n1CC2,IC50,'=',3981.07,nM,5.4,,,UO_0000065,0,CHEMBL1267247,organism-based format,,CHEMBL1255382,1,Scientific Literature,Nat Chem Biol,,Antiplasmodial activity against Plasmodium falciparum D10 after 72 hrs by SYBR green assay,D10,5.4,inactive,5.4,,,5.0-6.0,7,1503,D10
CHEMBL3216691,,,462.43,0.0,3.58,47,CC(C)NC(=N)c1ccc(-c2cn(-c3ccc(C(=N)NC(C)C)cc3)nn2)cc1,IC50,'=',5.0,nM,8.3,,,UO_0000065,0,CHEMBL1046935,organism-based format,,CHEMBL1156777,1,Scientific Literature,J Med Chem,,Antiplasmodial activity against chloroquine-resistant Plasmodium falciparum K1 infected in human erythrocytes after 48 hrs assessed as [3H]hypoxanthine incorporation by liquid scintillation counting,K1,8.3,high_potency,8.3,chloroquine resistant,CQR,>=7.5,1,5948,K1
CHEMBL3217034,,,543.11,0.0,3.11,45,CO/N=C(\N)c1cccc(COc2c(Cl)cc(/C(N)=N/OC)cc2Cl)c1,IC50,'=',5910.0,nM,5.23,,,UO_0000065,0,CHEMBL2422960,organism-based format,,CHEMBL2417357,1,Scientific Literature,Eur J Med Chem,,Antiplasmodial activity against chloroquine-resistant Plasmodium falciparum K1,K1,5.23,inactive,5.23,chloroquine resistant,CQR,5.0-6.0,1,5948,K1
CHEMBL3401423,,,398.98,0.0,3.64,9b,c1ccc(C2CC3(N4CCOCC4)CNCC2C(c2ccccc2)C3)cc1,IC50,'=',650.0,nM,6.19,,,UO_0000065,0,CHEMBL3407061,organism-based format,,CHEMBL3400138,1,Scientific Literature,Bioorg Med Chem Lett,,Antiplasmodial activity against chloroquine and pyrimethamine resistant Plasmodium falciparum K1 infected in human red blood cells assessed as reduction in parasite viability after 48 hrs by [3H]-hypoxanthine incorporation assay,K1,6.19,active,6.19,chloroquine and pyrimethamine resistant,"CQR, PYRR",6.0-7.5,1,5948,K1
CHEMBL510457,DEHYDROXY TEBAQUINE,,450.41,1.0,7.79,T38,CCN(CC)Cc1cc(Nc2ccnc3cc(Cl)ccc23)cc(-c2ccc(Cl)cc2)c1,IC50,'=',69.3,nM,7.16,,,UO_0000065,0,CHEMBL1016905,organism-based format,,CHEMBL1154474,1,Scientific Literature,Eur J Med Chem,,Antimalarial activity against chloroquine-resistant Plasmodium falciparum K1 after 48 hrs by [G-3H]hypoxanthine uptake,K1,7.16,active,7.16,chloroquine resistant,CQR,6.0-7.5,3,5948,K1
CHEMBL3393866,,,364.33,1.0,5.02,17,CC(NCC12CC3CC(CC(C3)C1)C2)c1cc(Br)ccc1O,IC50,'=',12.0,nM,7.92,,,UO_0000065,0,CHEMBL3396789,organism-based format,,CHEMBL3392977,1,Scientific Literature,Bioorg Med Chem Lett,,Antiplasmodial activity against multidrug-resistant Plasmodium falciparum K1 by SYBR Green-based method,K1,7.92,high_potency,7.92,multidrug resistant,MDR,>=7.5,2,5948,K1
CHEMBL533946,,,271.4,0.0,3.7,6,Oc1ccccc1CNCC12CC3CC(CC(C3)C1)C2,IC50,'=',10.0,nM,8.0,,,UO_0000065,0,CHEMBL3396789,organism-based format,,CHEMBL3392977,1,Scientific Literature,Bioorg Med Chem Lett,,Antiplasmodial activity against multidrug-resistant Plasmodium falciparum K1 by SYBR Green-based method,K1,8.0,high_potency,8.0,multidrug resistant,MDR,>=7.5,2,5948,K1
CHEMBL3603985,,,761.36,2.0,7.62,10a,C[C@H]1[C@@H](OCc2ccc(C(=O)N(CCNc3ccnc4cc(Cl)ccc34)CC(=O)NC3CCCCC3)cc2)O[C@@H]2O[C@@]3(C)CC[C@H]4[C@H](C)CC[C@@H]1[C@@]24OO3,IC50,'=',19.0,nM,7.72,,,UO_0000065,0,CHEMBL3607890,organism-based format,,CHEMBL3603813,1,Scientific Literature,Bioorg Med Chem,,Antiplasmodial activity against CQ-resistant Plasmodium falciparum K1,K1,7.72,high_potency,7.72,cq resistant,CQR,>=7.5,2,5948,K1
CHEMBL3415870,,,301.18,1.0,5.14,1e,Cn1cc2c3cc(Cl)ccc3nc-2c2cc(Cl)ccc21,IC50,'=',228.5,nM,6.64,,,UO_0000065,0,CHEMBL3417904,organism-based format,,CHEMBL3414562,1,Scientific Literature,Eur J Med Chem,,Antiplasmodial activity against chloroquine-resistant Plasmodium falciparum K1,K1,6.64,active,6.64,chloroquine resistant,CQR,6.0-7.5,4,5948,K1
CHEMBL3216696,,,395.32,0.0,2.44,5d,N=C(N)c1ccc(-c2ncc(-c3ccc(C(=N)N)nc3)s2)cc1,IC50,'=',2.4,nM,8.62,,,UO_0000065,0,CHEMBL1112845,organism-based format,,CHEMBL1157129,1,Scientific Literature,Bioorg Med Chem,,Antiplasmodial activity against Plasmodium falciparum K1,K1,8.62,high_potency,8.62,,,>=7.5,1,5948,K1
CHEMBL2414261,,,496.45,1.0,5.19,16,CC(C)(C)n1nnnc1C(c1ccc(Cl)cc1)N1CCN(c2ccnc3cc(Cl)ccc23)CC1,IC50,'=',159.0,nM,6.8,,,UO_0000065,0,CHEMBL2415451,organism-based format,,CHEMBL2413038,1,Scientific Literature,Eur J Med Chem,,Antimalarial activity against chloroquine-resistant Plasmodium falciparum K1 after 72 hrs by MSF assay,K1,6.8,active,6.8,chloroquine resistant,CQR,6.0-7.5,2,5948,K1
CHEMBL2063620,,,469.42,0.0,4.79,8,Clc1ccc2c(NCCNCCNCCNc3ccnc4cc(Cl)ccc34)ccnc2c1,IC50,'=',87.67,nM,7.06,,,UO_0000065,0,CHEMBL2067426,organism-based format,,CHEMBL2062520,1,Scientific Literature,Eur J Med Chem,,Antimalarial activity against asexual erythrocyte stages of chloroquine-sensitive Plasmodium falciparum D10,D10,7.06,active,7.06,asexual erythrocyte stages of chloroquine sensitive,CQS,6.0-7.5,2,1503,D10
CHEMBL3600555,,,621.31,2.0,10.96,17f,CC1=CC2Cc3nc4ccccc4c(NCCCCCCCCCCNc4c5c(nc6cc(Cl)ccc46)CCCC5)c3C(C1)C2,IC50,'=',4360.0,nM,5.36,,,UO_0000065,0,CHEMBL3603055,organism-based format,,CHEMBL3600329,1,Scientific Literature,Bioorg Med Chem,,Antiplasmodial activity against chloroquine-resistant Plasmodium falciparum K1 infected in human A+ erythrocytes assessed as inhibition of parasite growth after 48 hrs by LDH assay,K1,5.36,inactive,5.36,chloroquine resistant,CQR,5.0-6.0,1,5948,K1
CHEMBL3815012,,,431.67,1.0,5.07,16b,CN(C)C12CC(c3ccccc3)C(CN(CCCN3CCCC3)C1)C(c1ccccc1)C2,IC50,'=',150.0,nM,6.82,,,UO_0000065,0,CHEMBL3815294,organism-based format,,CHEMBL3813611,1,Scientific Literature,Bioorg Med Chem,,Antiplasmodial activity against chloroquine/pyrimethamine resistant Plasmodium falciparum K1 infected in human red blood cells after 48 hrs by [3H]hypoxanthine incorporation assay,K1,6.82,active,6.82,chloroquine/pyrimethamine resistant,"CQR, PYRR",6.0-7.5,1,5948,K1
CHEMBL4238087,,,295.39,0.0,2.91,24,N#Cc1ccc(-c2ccc(CNCC3CCNCC3)o2)cc1,IC50,'=',1100.0,nM,5.96,,,UO_0000065,0,CHEMBL4231436,organism-based format,,CHEMBL4229360,1,Scientific Literature,Eur J Med Chem,,Antiplasmodial activity against chloroquine-sensitive Plasmodium falciparum D10 after 72 hrs by lactate dehydrogenase assay,D10,5.96,inactive,5.96,chloroquine sensitive,CQS,5.0-6.0,2,1503,D10
CHEMBL2170032,,,656.1,2.0,9.79,10,Clc1ccc2c(NC(c3ccccc3)(c3ccc(CN4CCCC4)c(Cl)c3)c3ccc(CN4CCCC4)c(Cl)c3)ccnc2c1,IC50,'=',26.0,nM,7.58,,,UO_0000065,0,CHEMBL2176141,organism-based format,,CHEMBL2169878,1,Scientific Literature,J Med Chem,,Antiplasmodial activity against chloroquine-sensitive Plasmodium falciparum D10 infected in human RBC after 72 hrs by parasite lactate dehydrogenase assay,D10,7.59,high_potency,7.59,chloroquine sensitive,CQS,>=7.5,4,1503,D10
CHEMBL4796906,,,359.31,0.0,2.91,16,NC(=O)c1ccc(-c2cnc(N)c(-c3ccc(C(F)(F)F)nc3)n2)cc1,IC50,'=',16.0,nM,7.8,,,UO_0000065,0,CHEMBL4719469,organism-based format,Erythrocyte,CHEMBL4715789,1,Scientific Literature,J Med Chem,,Antiplasmodial activity against multidrug-resistant Plasmodium falciparum K1 infected in erythrocytes assessed as reduction in [3H]hypoxanthine incorporation preincubated for 48 hrs followed by [3H]hypoxanthine addition and measured after 24 hrs by liquid scintillation counting method,K1,7.8,high_potency,7.8,multidrug resistant,MDR,>=7.5,2,5948,K1
CHEMBL2041769,,,373.67,1.0,5.75,8,Fc1ccc(Sc2nc(C(Cl)(Cl)Cl)nc3ccccc23)cc1,IC50,'=',1200.0,nM,5.92,,,UO_0000065,0,CHEMBL2045333,organism-based format,,CHEMBL2040813,1,Scientific Literature,Bioorg Med Chem Lett,,"Antiplasmodial activity against chloroquine, pyrimethamine, and proguanil-resistant Plasmodium falciparum K1 infected in human A+ erythrocytes after 72 hrs by SYBR Green-I fluorescence-based method",K1,5.92,inactive,5.92,chloroquine pyrimethamine and proguanil resistant,"CQR, PYRR, PRGR",5.0-6.0,1,5948,K1
CHEMBL1224206,,,457.71,1.0,5.65,19c,c1ccc(C2CC3(N4CCCCC4)CC(NCCN4CCCC4)C2C(c2ccccc2)C3)cc1,IC50,'=',230.0,nM,6.64,,,UO_0000065,0,CHEMBL1226106,organism-based format,,CHEMBL1221362,1,Scientific Literature,Bioorg Med Chem,,Antiplasmodial activity against Plasmodium falciparum K1 infected in human blood by [3H]hypoxanthine incorporation assay,K1,6.64,active,6.64,,,6.0-7.5,1,5948,K1
CHEMBL373635,,,334.46,0.0,4.5,11a,CN(C)C12C/C(=N\O)C(C(c3ccccc3)C1)C(c1ccccc1)C2,IC50,'=',1260.0,nM,5.9,,,UO_0000065,0,CHEMBL907010,organism-based format,,CHEMBL1137288,1,Scientific Literature,Bioorg Med Chem Lett,,"Antiprotozoal activity against chloroquine-, pyrimethamine-resistant Plasmodium falciparum K1",K1,5.9,inactive,5.9,chloroquine pyrimethamine resistant,"CQR, PYRR",5.0-6.0,1,5948,K1
CHEMBL3261983,,,400.51,1.0,5.16,8b,O=C(NCCCNc1nc2ccccc2c2[nH]c3ccccc3c12)c1cccs1,IC50,'=',84.9,nM,7.07,,,UO_0000065,0,CHEMBL3268863,organism-based format,,CHEMBL3259682,1,Scientific Literature,Bioorg Med Chem,,Antimalarial activity against erythrocytic stage of chloroquine/pyrimethamine-resistant Plasmodium falciparum K1 after 48 hrs by [3H]-hypoxanthine incorporation assay,K1,7.07,active,7.07,erythrocytic stage of chloroquine/pyrimethamine resistant,"CQR, PYRR",6.0-7.5,2,5948,K1
CHEMBL1162154,,,399.4,0.0,2.8,21a,N=C(N)Nc1ccc(NC(=S)Nc2ccccc2)cc1,IC50,'=',8700.0,nM,5.06,,,UO_0000065,0,CHEMBL933420,organism-based format,,CHEMBL1141653,1,Scientific Literature,J Med Chem,,Antiplasmodial activity against Plasmodium falciparum K1 in [3H]hypoxanthine incorporation assay,K1,5.06,inactive,5.06,,,5.0-6.0,1,5948,K1
CHEMBL38827,LUMEFANTRINE,4.0,528.95,2.0,9.15,Lumefantrine,CCCCN(CCCC)CC(O)c1cc(Cl)cc2c1-c1ccc(Cl)cc1/C2=C/c1ccc(Cl)cc1,IC50,'=',12.0,nM,7.92,,,UO_0000065,0,CHEMBL3390204,assay format,,CHEMBL3351756,1,Scientific Literature,Bioorg Med Chem,,Antimalarial activity against chloroquine-sensitive Plasmodium falciparum D10 infected in human type A-positive red blood cells assessed as growth inhibition after 72 hrs by spectrophotometrically,D10,7.92,high_potency,7.92,chloroquine sensitive,CQS,>=7.5,48,1503,D10
CHEMBL4445827,,,433.56,0.0,1.97,21,C[S+]([O-])c1ccc(-c2cnc3ccc(NC4CCN(S(C)(=O)=O)CC4)nn23)cc1,IC50,'=',439.0,nM,6.36,,,UO_0000065,0,CHEMBL4326139,organism-based format,,CHEMBL4325824,1,Scientific Literature,Medchemcomm,,Antiplasmodial activity against chloroquine-resistant Plasmodium falciparum K1 infected in human erythrocytes assessed as reduction in [3H]hypoxanthine incorporation preincubated for 48 hrs followed by [3H]hypoxanthine addition measured after 24 hrs by liquid scintillation counting method,K1,6.36,active,6.36,chloroquine resistant,CQR,6.0-7.5,2,5948,K1
CHEMBL3309531,,,412.92,0.0,4.07,8i,O=c1cc(CNCCCCNc2ccnc3cc(Cl)ccc23)n(C2CC2)cc1O,IC50,'=',30.0,nM,7.52,,,UO_0000065,0,CHEMBL3368881,organism-based format,,CHEMBL3352080,1,Scientific Literature,Bioorg Med Chem Lett,,Antiplasmodial activity against Plasmodium falciparum K1 infected in erythrocytes assessed as [3H]hypoxanthine incorporation after 24 hrs by microbeta scintillation counting analysis,K1,7.52,high_potency,7.52,,,>=7.5,2,5948,K1
CHEMBL4742923,,,442.97,0.0,3.88,38,CN1CCN(CC2CCN(c3nccc4[nH]c(-c5ccc(F)c(Cl)c5)nc34)CC2)CC1,IC50,'=',25.0,nM,7.6,,,UO_0000065,0,CHEMBL4704381,organism-based format,,CHEMBL4699593,1,Scientific Literature,J Med Chem,,Antiplasmodial activity against multidrug-resistant asexual blood stage Plasmodium falciparum K1 strain assessed as reduction in parasite growth after 72 hrs by NBT reagent based LDH assay,K1,7.6,high_potency,7.6,multidrug resistant,MDR,>=7.5,2,5948,K1
CHEMBL4635507,,,268.36,0.0,3.08,"ref 39, 5e",CN(C)CCCNc1nccc2c1[nH]c1ccccc12,IC50,'=',1000.0,nM,6.0,,,UO_0000065,0,CHEMBL4604486,organism-based format,,CHEMBL4602662,1,Scientific Literature,J Nat Prod,,Antiplasmodial activity against Plasmodium falciparum K1,K1,6.0,active,6.175,,,5.0-6.0,2,5948,K1
CHEMBL2414899,,,486.75,0.0,4.8,16a,CN1CCN(C23CC(NCCCN4CCCC4)C(C(c4ccccc4)C2)C(c2ccccc2)C3)CC1,IC50,'=',670.0,nM,6.17,,,UO_0000065,0,CHEMBL2416703,organism-based format,,CHEMBL2412993,1,Scientific Literature,Bioorg Med Chem,,Antiprotozoal activity against chloroquine- and pyrimethamine-resistant Plasmodium falciparum K1 after 48 hrs by [3H]-hypoxanthine incorporation assay,K1,6.17,active,6.17,chloroquine and pyrimethamine resistant,"CQR, PYRR",6.0-7.5,1,5948,K1
CHEMBL589527,,,389.03,0.0,2.91,23,C[n+]1ccc2c(c1)[nH]c1ccc(Br)cc12,IC50,'=',18.0,nM,7.75,,,UO_0000065,0,CHEMBL1073696,organism-based format,,CHEMBL1157552,1,Scientific Literature,Bioorg Med Chem,,Antiparasitic activity against Plasmodium falciparum K1,K1,7.74,high_potency,7.74,,,>=7.5,2,5948,K1
CHEMBL501353,,,718.45,2.0,2.58,2,CC(=O)OC[C@H]1O[C@@H](N2C(=O)/C(=C3/C(=O)Nc4ccc(I)cc43)c3ccccc32)[C@H](OC(C)=O)[C@@H](OC(C)=O)[C@@H]1OC(C)=O,IC50,'=',2600.0,nM,5.58,,,UO_0000065,0,CHEMBL1912328,organism-based format,L6,CHEMBL1909597,1,Scientific Literature,Bioorg Med Chem Lett,CHEMBL3308469,Antiparasitic activity against Plasmodium falciparum K1 infected in rat L6 cells assessed as inhibition of parasite growth preincubated for 48 hrs before [3H]hypoxanthine addition measured after 24 hrs by [3H]hypoxanthine incorporation assay,K1,5.59,inactive,5.59,,,5.0-6.0,1,5948,K1
CHEMBL3628970,,,466.95,0.0,4.15,40,O=C1C(Cl)=C(Nc2cccc(S(=O)(=O)NCCc3ccccc3)c2)C(=O)c2ccccc21,IC50,'=',6300.0,nM,5.2,,,UO_0000065,0,CHEMBL3630240,organism-based format,,CHEMBL3627632,1,Scientific Literature,Eur J Med Chem,,Antimalarial activity against multidrug-resistant Plasmodium falciparum K1 infected in human erythrocytes after 48 hrs by [3H]hypoxanthine incorporation assay,K1,5.2,inactive,5.2,multidrug resistant,MDR,5.0-6.0,1,5948,K1
CHEMBL1288754,,,628.47,2.0,3.75,9c,COc1cc(C(=O)/C=C/c2ccc(Cl)cc2Cl)ccc1OCc1cn([C@H]2C[C@H](n3cc(C)c(=O)[nH]c3=O)O[C@@H]2CO)nn1,IC50,'=',3700.0,nM,5.43,,,UO_0000065,0,CHEMBL1291252,organism-based format,,CHEMBL1287748,1,Scientific Literature,Bioorg Med Chem,,Antimalarial activity against chloroquine-sensitive Plasmodium falciparum D10 after 48 hrs,D10,5.43,inactive,5.43,chloroquine sensitive,CQS,5.0-6.0,3,1503,D10
CHEMBL1256518,,,252.35,0.0,3.92,3,C1CC[C@]2(CC1)OO[C@]1(O2)C2CCCC1CCC2,IC50,'=',340.0,nM,6.47,,,UO_0000065,0,CHEMBL1263965,organism-based format,,CHEMBL1255309,1,Scientific Literature,Antimicrob Agents Chemother,,Antimalarial activity against chloroquine-resistant Plasmodium falciparum K1,K1,6.47,active,6.47,chloroquine resistant,CQR,6.0-7.5,1,5948,K1
CHEMBL2023448,,,510.0,2.0,7.32,10i,CCOC(=O)c1c(C)nc(Nc2ccc(Nc3ccnc4cc(Cl)ccc34)cc2)nc1-c1ccccc1,IC50,'=',6186.4,nM,5.21,,,UO_0000065,0,CHEMBL2025606,organism-based format,,CHEMBL2021854,1,Scientific Literature,Eur J Med Chem,,Antiplasmodial activity chloroquine-resistant Plasmodium falciparum K1 infected in human A+ erythrocytes assessed as inhibition of [3H]-hypoxanthine incorporation after 24 hrs by scintillation counting,K1,5.21,inactive,5.21,chloroquine resistant,CQR,5.0-6.0,2,5948,K1
CHEMBL329354,,,606.21,2.0,7.15,28,O=C(CN1CCCCC1)Nc1cc(COC(=O)CCCCCN2CCCCC2)cc(Nc2ccnc3cc(Cl)ccc23)c1,IC50,'=',27.4,nM,7.56,,,UO_0000065,0,CHEMBL761303,organism-based format,,CHEMBL1134569,1,Scientific Literature,J Med Chem,,Inhibitory activity against chloroquine-resistant Plasmodium falciparum FcB1R,FcB1-R,7.56,high_potency,7.56,chloroquine resistant,CQR,>=7.5,2,214,FcB1-R
CHEMBL584457,,,381.48,0.0,3.99,"2, TDR35885",Cc1cc(N2CCN(Cc3ccccc3)CC2)n2c(nc3ccccc32)c1C#N,IC50,'=',50.0,nM,7.3,,,UO_0000065,0,CHEMBL1804019,organism-based format,,CHEMBL1799932,1,Scientific Literature,J Med Chem,,Antimalarial activity against Plasmodium falciparum K1,K1,7.3,active,7.3,,,6.0-7.5,2,5948,K1
CHEMBL2391090,,,417.74,1.0,5.01,9e,Cn1c2nc3ccc(Br)cc3c-2c(NCCCN)c2cc(Cl)ccc21,IC50,'=',19.2,nM,7.72,,,UO_0000065,0,CHEMBL2393744,organism-based format,,CHEMBL2390835,1,Scientific Literature,Eur J Med Chem,,Antimalarial activity against chloroquine-resistant erythrocytic stage of Plasmodium falciparum K1 infected in human red blood cells assessed as growth inhibition after 48 hrs by [3H]-hypoxanthine incorporation assay,K1,7.72,high_potency,7.72,chloroquine resistant,CQR,>=7.5,2,5948,K1
CHEMBL389221,,,449.56,0.0,4.67,42,COc1c(C(=N)NC(C)C)cccc1-c1cc(-c2cccc(C(=N)NC(C)C)c2OC)on1,IC50,'=',93.2,nM,7.03,,,UO_0000065,0,CHEMBL916650,organism-based format,,CHEMBL1139863,1,Scientific Literature,J Med Chem,,Antiplasmodial activity against chloroquine-resistant Plasmodium falciparum K1,K1,7.03,active,7.03,chloroquine resistant,CQR,6.0-7.5,1,5948,K1
CHEMBL2063015,,,628.51,2.0,8.32,14,COc1cc(OC)c(OC)cc1/C=C(\Oc1ccc(/C=N/Nc2ccnc3cc(Cl)ccc23)cc1)C(=O)c1ccc(Cl)cc1,IC50,'=',89.5,nM,7.05,,,UO_0000065,0,CHEMBL2066840,organism-based format,,CHEMBL2062381,1,Scientific Literature,Bioorg Med Chem Lett,,Antimalarial activity against chloroquine-resistant Plasmodium falciparum K1 after 72 hrs by SYBR Green-I based fluorescence assay,K1,7.05,active,7.05,chloroquine resistant,CQR,6.0-7.5,2,5948,K1
CHEMBL1257042,TYRPHOSTIN AG 490,,294.31,0.0,2.32,NCGC00024576-02,N#C/C(=C/c1ccc(O)c(O)c1)C(=O)NCc1ccccc1,IC50,'=',15848.93,nM,4.8,,,UO_0000065,0,CHEMBL1267247,organism-based format,,CHEMBL1255382,1,Scientific Literature,Nat Chem Biol,,Antiplasmodial activity against Plasmodium falciparum D10 after 72 hrs by SYBR green assay,D10,4.8,inactive,4.8,,,<=5.0,7,1503,D10
CHEMBL4873325,,,518.69,1.0,3.33,6,CC1(C)CC[C@]2(C(=O)O)CC[C@]3(C)C(=CC(=O)[C@@H]4[C@@]5(C)C[C@@H](O)[C@H](O)[C@](C)(CO)[C@@H]5CC[C@]43C)[C@@H]2[C@H]1O,IC50,'=',6100.0,nM,5.21,,,UO_0000065,0,CHEMBL4835148,organism-based format,,CHEMBL4834407,1,Scientific Literature,J Nat Prod,,Antiplasmodial activity against chloroquine-resistant Plasmodium falciparum K1 measured after 72 hrs by lactate dehydrogenase assay,K1,5.21,inactive,5.21,chloroquine resistant,CQR,5.0-6.0,1,5948,K1
CHEMBL3634139,,,420.5,0.0,2.56,1,CCO[C@@]12C[C@H]3[C@@H](CC[C@@H]4C35CCC[C@]4(C(=O)OC)CO[C@H]5O)[C@@H](C)C1=CC(=O)O2,IC50,'=',7400.0,nM,5.13,,,UO_0000065,0,CHEMBL3637309,organism-based format,,CHEMBL3632470,1,Scientific Literature,J Nat Prod,,Antimalarial activity against chloroquine-resistant Plasmodium falciparum K1 by microculture radioisotope technique,K1,5.13,inactive,5.13,chloroquine resistant,CQR,5.0-6.0,1,5948,K1
CHEMBL3634149,,,420.5,0.0,3.32,11,CCO[C@@]12C[C@H]3[C@@H](CCC4[C@](C)(C(=O)OC)CCC[C@@]43C(=O)O)[C@@H](C)C1=CC(=O)O2,IC50,'=',41200.0,nM,4.38,,,UO_0000065,0,CHEMBL3637309,organism-based format,,CHEMBL3632470,1,Scientific Literature,J Nat Prod,,Antimalarial activity against chloroquine-resistant Plasmodium falciparum K1 by microculture radioisotope technique,K1,4.39,inactive,4.39,chloroquine resistant,CQR,<=5.0,1,5948,K1
CHEMBL4636674,,,442.55,1.0,5.25,27,CO/C=C(C(=O)OC)\C(C)=C/C=C/c1ccc2c(c1)OC(C)(C)[C@@H](OCC=C(C)C)CO2,IC50,'=',840.0,nM,6.08,,,UO_0000065,0,CHEMBL4612069,organism-based format,,CHEMBL4610091,1,Scientific Literature,J Nat Prod,,Antiplasmodial activity against Plasmodium falciparum K1 assessed as reduction in [3H]-hypoxanthine after 42 hrs by microculture radioisotope technique,K1,6.08,active,6.08,,,6.0-7.5,1,5948,K1
CHEMBL3350613,,,582.7,1.0,2.05,"NCGC00094002-01, HE-NECA",CC(C)(C)OC(=O)C1CCCN1C[C@@H](O)[C@H](Cc1ccccc1)NC(=O)[C@H](CC(N)=O)NC(=O)OCc1ccccc1,IC50,'=',7943.28,nM,5.1,,,UO_0000065,0,CHEMBL1267247,organism-based format,,CHEMBL1255382,1,Scientific Literature,Nat Chem Biol,,Antiplasmodial activity against Plasmodium falciparum D10 after 72 hrs by SYBR green assay,D10,5.1,inactive,5.1,,,5.0-6.0,5,1503,D10
CHEMBL2023449,,,475.98,1.0,5.74,10j,CCOC(=O)c1c(C)nc(NCC(C)Nc2ccnc3cc(Cl)ccc23)nc1-c1ccccc1,IC50,'=',28096.7,nM,4.55,,,UO_0000065,0,CHEMBL2025606,organism-based format,,CHEMBL2021854,1,Scientific Literature,Eur J Med Chem,,Antiplasmodial activity chloroquine-resistant Plasmodium falciparum K1 infected in human A+ erythrocytes assessed as inhibition of [3H]-hypoxanthine incorporation after 24 hrs by scintillation counting,K1,4.55,inactive,4.55,chloroquine resistant,CQR,<=5.0,2,5948,K1
CHEMBL343806,,,473.61,0.0,4.24,8,C[C@@H]1CCC2[C@@H](C)[C@@H](OCc3ccc(CN4CCOCC4)cc3)OC3O[C@@]4(C)CC[C@@H]1[C@]32OO4,IC50,'=',35.0,nM,7.46,,,UO_0000065,0,CHEMBL760268,organism-based format,,CHEMBL1129389,1,Scientific Literature,J Med Chem,,Antimalarial activity against Plasmodium falciparum K1,K1,7.46,active,7.46,,,6.0-7.5,2,5948,K1
CHEMBL4862830,,,448.54,0.0,3.84,4,COc1ccc(CCNCC(O)CNc2nc3ccccc3n2Cc2ccc(F)cc2)cc1,IC50,'=',1406.0,nM,5.85,,,UO_0000065,0,CHEMBL4839280,organism-based format,,CHEMBL4837244,1,Scientific Literature,ACS Med Chem Lett,,Antiplasmodial activity against multi drug resistant synchronized Plasmodium falciparum K1 late trophozoite stage assessed as reduction in parasite survival incubated for 72 hrs under hypoxic condition by parasite lactate dehydrogenase based NBT microplate reader assay,K1,5.85,inactive,5.85,multi drug resistant,MDR,5.0-6.0,2,5948,K1
CHEMBL1276830,,,299.8,0.0,4.77,44a,COc1ccc(-c2cccc(Cl)c2)c2c1C(C)=N[C@H](C)C2,IC50,'=',7957.0,nM,5.1,,,UO_0000065,0,CHEMBL1285662,organism-based format,,CHEMBL1275325,1,Scientific Literature,Eur J Med Chem,,Antiplasmodial activity against Plasmodium falciparum K1,K1,5.1,inactive,5.1,,,5.0-6.0,1,5948,K1
CHEMBL1290655,,,514.94,2.0,6.09,10d,COc1cc(C(=O)/C=C/c2ccc(F)cc2)ccc1OCc1cn(-c2ccnc3cc(Cl)ccc23)nn1,IC50,'=',7400.0,nM,5.13,,,UO_0000065,0,CHEMBL1291252,organism-based format,,CHEMBL1287748,1,Scientific Literature,Bioorg Med Chem,,Antimalarial activity against chloroquine-sensitive Plasmodium falciparum D10 after 48 hrs,D10,5.13,inactive,5.13,chloroquine sensitive,CQS,5.0-6.0,3,1503,D10
CHEMBL511692,,,344.34,0.0,4.21,33,FC(F)(F)c1cc(NCCc2ccccc2)nc(-c2ccccn2)n1,IC50,'=',8200.0,nM,5.09,,,UO_0000065,0,CHEMBL1030595,organism-based format,,CHEMBL1149084,1,Scientific Literature,Bioorg Med Chem Lett,,Antiplasmodial activity against chloroquine-resistant Plasmodium falciparum K1,K1,5.09,inactive,5.09,chloroquine resistant,CQR,5.0-6.0,1,5948,K1
CHEMBL1696,DESIPRAMINE HYDROCHLORIDE,4.0,302.85,0.0,3.53,NCGC00093794-01,CNCCCN1c2ccccc2CCc2ccccc21,IC50,'=',10000.0,nM,5.0,,,UO_0000065,0,CHEMBL1267247,organism-based format,,CHEMBL1255382,1,Scientific Literature,Nat Chem Biol,,Antiplasmodial activity against Plasmodium falciparum D10 after 72 hrs by SYBR green assay,D10,5.0,inactive,5.0,,,<=5.0,7,1503,D10
CHEMBL55,PENTAMIDINE,4.0,340.43,0.0,2.88,PMD,N=C(N)c1ccc(OCCCCCOc2ccc(C(=N)N)cc2)cc1,IC50,'=',46.4,nM,7.33,,,UO_0000065,0,CHEMBL1055852,organism-based format,,CHEMBL1153610,1,Scientific Literature,Eur J Med Chem,,Antimalarial activity against chloroquine-resistant Plasmodium falciparum K1,K1,7.33,active,7.353,chloroquine resistant,CQR,6.0-7.5,23,5948,K1
CHEMBL2088679,,,368.49,0.0,3.42,4.12b,CCN(CC)C(c1ccnc2ccc(OC)cc12)c1nnnn1C(C)(C)C,IC50,'=',2393.0,nM,5.62,,,UO_0000065,0,CHEMBL2090613,organism-based format,,CHEMBL2086295,1,Scientific Literature,Eur J Med Chem,,Antiplasmodial against chloroquine-rsistant Plasmodium falciparum K1 assessed as inhibition of [3H]hypoxanthine incorporation after 24 hrs by scintillation counting,K1,5.62,inactive,5.62,,,5.0-6.0,2,5948,K1
CHEMBL502768,ISOCRYPTOLEPINE HYDROCHLORIDE,,268.75,0.0,3.83,"3, isocryptolepine",Cn1cc2c3ccccc3nc-2c2ccccc21,IC50,'=',780.0,nM,6.11,,,UO_0000065,0,CHEMBL1020288,organism-based format,,CHEMBL1158751,1,Scientific Literature,J Nat Prod,,Antiplasmodial activity against chloroquine and pyrimethamine-resistant Plasmodium falciparum K1 by [3H]hypoxanthine uptake,K1,6.11,active,6.11,chloroquine and pyrimethamine resistant,"CQR, PYRR",6.0-7.5,4,5948,K1
CHEMBL2062886,,,552.46,2.0,8.6,9,Cc1ccc(/C=C(\Oc2ccc(/C=N/Nc3ccnc4cc(Cl)ccc34)cc2)C(=O)c2ccc(Cl)cc2)cc1,IC50,'=',97.87,nM,7.01,,,UO_0000065,0,CHEMBL2066840,organism-based format,,CHEMBL2062381,1,Scientific Literature,Bioorg Med Chem Lett,,Antimalarial activity against chloroquine-resistant Plasmodium falciparum K1 after 72 hrs by SYBR Green-I based fluorescence assay,K1,7.01,active,7.01,chloroquine resistant,CQR,6.0-7.5,2,5948,K1
CHEMBL2418052,,,388.94,0.0,3.91,15,CC(C)NC(=N)c1ccc(COc2ccc(C(=N)NC(C)C)cc2)cc1,IC50,'=',20.0,nM,7.7,,,UO_0000065,0,CHEMBL2422960,organism-based format,,CHEMBL2417357,1,Scientific Literature,Eur J Med Chem,,Antiplasmodial activity against chloroquine-resistant Plasmodium falciparum K1,K1,7.7,high_potency,7.7,chloroquine resistant,CQR,>=7.5,1,5948,K1
CHEMBL46136,BROMOACETYL ALPRENOLOL MENTHANE,,481.48,0.0,3.98,NCGC00093686-01,C=CCc1ccccc1OCC(O)CNC1(C)CCC(C(C)(C)NC(=O)CBr)CC1,IC50,'=',6309.57,nM,5.2,,,UO_0000065,0,CHEMBL1267247,organism-based format,,CHEMBL1255382,1,Scientific Literature,Nat Chem Biol,,Antiplasmodial activity against Plasmodium falciparum D10 after 72 hrs by SYBR green assay,D10,5.2,inactive,5.2,,,5.0-6.0,7,1503,D10
CHEMBL1256979,,,374.91,1.0,5.82,11,Clc1ccc([C@H]2CC[C@]3(CC2)OO[C@]2(O3)C3CC4CC(C3)CC2C4)cc1,IC50,'=',20.0,nM,7.7,,,UO_0000065,0,CHEMBL1263965,organism-based format,,CHEMBL1255309,1,Scientific Literature,Antimicrob Agents Chemother,,Antimalarial activity against chloroquine-resistant Plasmodium falciparum K1,K1,7.7,high_potency,7.7,chloroquine resistant,CQR,>=7.5,1,5948,K1
CHEMBL1079460,,,452.56,0.0,3.91,"NCGC00094014-01, LY-367265",O=S1(=O)N(CCN2CC=C(c3c[nH]c4cc(F)ccc34)CC2)c2cccc3c2N1CCC3,IC50,'=',1258.93,nM,5.9,,,UO_0000065,0,CHEMBL1267247,organism-based format,,CHEMBL1255382,1,Scientific Literature,Nat Chem Biol,,Antiplasmodial activity against Plasmodium falciparum D10 after 72 hrs by SYBR green assay,D10,5.9,inactive,5.9,,,5.0-6.0,7,1503,D10
CHEMBL197886,,,352.58,1.0,6.48,21c,C=CCC1(CCC)C(=O)SC(C)(CCCCCCCCCC)C1=O,IC50,'=',19000.0,nM,4.72,,,UO_0000065,0,CHEMBL884197,organism-based format,,CHEMBL1141084,1,Scientific Literature,J Med Chem,,"In vitro inhibitory concentration against chloroquine-resistant, pyrimethamine-resistant Plasmodium falciparum K1",K1,4.72,inactive,4.72,chloroquine resistant,CQR,<=5.0,1,5948,K1
CHEMBL329354,,,606.21,2.0,7.15,22,O=C(CN1CCCCC1)Nc1cc(COC(=O)CCCCCN2CCCCC2)cc(Nc2ccnc3cc(Cl)ccc23)c1,IC50,'=',27.4,nM,7.56,,,UO_0000065,0,CHEMBL979955,organism-based format,,CHEMBL1140975,1,Scientific Literature,Eur J Med Chem,,Antimalarial activity after 24 hrs against chloroquine-resistant Plasmodium falciparum FcB1R/Colombia by [3H]hypoxanthine uptake,FcB1-R,7.56,high_potency,7.56,chloroquine resistant,CQR,>=7.5,2,214,FcB1-R
CHEMBL3338054,,,346.39,0.0,3.79,70,Cc1cc(C)c(Oc2nc(N)nc(Nc3cccc(C#N)c3)n2)c(C)c1,IC50,'=',6270.0,nM,5.2,,,UO_0000065,0,CHEMBL3382915,organism-based format,,CHEMBL3352040,1,Scientific Literature,Bioorg Med Chem,,Antiplasmodial activity against chloroquine-resistant Plasmodium falciparum K1 infected in human O positive erythrocyte assessed as reduction in parasitemia after 72 hrs,K1,5.2,inactive,5.2,chloroquine resistant,CQR,5.0-6.0,2,5948,K1
CHEMBL126077,INDIRUBIN-3-MONOXIME,,277.28,0.0,4.42,NCGC00025304-02,O=Nc1c(-c2c(O)[nH]c3ccccc23)[nH]c2ccccc12,IC50,'=',1258.93,nM,5.9,,,UO_0000065,0,CHEMBL1267247,organism-based format,,CHEMBL1255382,1,Scientific Literature,Nat Chem Biol,,Antiplasmodial activity against Plasmodium falciparum D10 after 72 hrs by SYBR green assay,D10,5.9,inactive,5.9,,,5.0-6.0,9,1503,D10
CHEMBL192343,,,426.54,0.0,4.82,T11,C[n+]1c2ccc(Br)cc2cc2[nH]c3ccc(Br)cc3c21,IC50,'=',49.0,nM,7.31,,,UO_0000065,0,CHEMBL1016909,organism-based format,,CHEMBL1154474,1,Scientific Literature,Eur J Med Chem,,Antimalarial activity against chloroquine-resistant Plasmodium falciparum K1,K1,7.31,active,7.31,chloroquine resistant,CQR,6.0-7.5,2,5948,K1
CHEMBL486762,STRYCHNOFURANINE,,570.83,2.0,8.5,63,C/C=C1/CN2CCc3c([nH]c4ccccc34)[C@@H]2C[C@@H]1C1CCC([C@H]2C[C@H]3c4[nH]c5ccccc5c4CCN3C/C2=C/C)C1,IC50,'=',10800.0,nM,4.97,,,UO_0000065,0,CHEMBL1009027,organism-based format,,CHEMBL1150125,1,Scientific Literature,J Nat Prod,,Antiplasmodial activity against chloroquine-resistant Plasmodium falciparum FCB1-R/Colombia by [3H]hypoxanthine uptake,FcB1-R,4.97,inactive,4.97,chloroquine resistant,CQR,<=5.0,3,214,FcB1-R
CHEMBL217735,,,316.39,0.0,2.64,10,CC[C@H](C[C@@]1(C)C[C@@H](CC)[C@@H](CC(=O)OC)OO1)C(=O)OC,IC50,'=',850.0,nM,6.07,,,UO_0000065,0,CHEMBL856727,organism-based format,,CHEMBL1137345,1,Scientific Literature,J Med Chem,,Antimalarial activity against chloroquine-sensitive Plasmodium falciparum D10 by pLDH assay,D10,6.07,active,6.07,chloroquine sensitive,CQS,6.0-7.5,2,1503,D10
CHEMBL1257008,,,322.45,0.0,3.77,16,CC(C)(O)[C@H]1CC[C@]2(CC1)OO[C@]1(O2)C2CC3CC(C2)CC1C3,IC50,'=',210.0,nM,6.68,,,UO_0000065,0,CHEMBL1263965,organism-based format,,CHEMBL1255309,1,Scientific Literature,Antimicrob Agents Chemother,,Antimalarial activity against chloroquine-resistant Plasmodium falciparum K1,K1,6.68,active,6.68,chloroquine resistant,CQR,6.0-7.5,1,5948,K1
CHEMBL104264,,,446.37,0.0,3.58,"NCGC00093630-01, H-89",O=S(=O)(NCCNC/C=C/c1ccc(Br)cc1)c1cccc2cnccc12,IC50,'=',10000.0,nM,5.0,,,UO_0000065,0,CHEMBL1267247,organism-based format,,CHEMBL1255382,1,Scientific Literature,Nat Chem Biol,,Antiplasmodial activity against Plasmodium falciparum D10 after 72 hrs by SYBR green assay,D10,5.0,inactive,5.0,,,<=5.0,9,1503,D10
CHEMBL207675,SODIUM ARESUNATE,,406.41,0.0,2.6,"2, artesunate",C[C@H]1[C@H](OC(=O)CCC(=O)[O-])O[C@@H]2O[C@@]3(C)CC[C@H]4[C@H](C)CC[C@@H]1[C@@]24OO3,IC50,'=',1.1,nM,8.96,,,UO_0000065,0,CHEMBL935587,organism-based format,,CHEMBL1142435,1,Scientific Literature,J Med Chem,,Antimalarial activity against Plasmodium falciparum GC03,GCO3,8.96,high_potency,8.96,,,>=7.5,22,66,GCO3
CHEMBL136132,,,367.23,0.0,4.92,3,COc1ccc(C(=O)/C=C/c2ccc(Cl)cc2Cl)c(OC)c1OC,IC50,'=',5400.0,nM,5.27,,,UO_0000065,0,CHEMBL880957,organism-based format,,CHEMBL1134841,1,Scientific Literature,J Med Chem,,Inhibition of [3H]hypoxanthine incorporation in Plasmodium falciparum K1,K1,5.27,inactive,5.23,,,5.0-6.0,2,5948,K1
CHEMBL4443926,,,513.33,2.0,5.7,52,CS(=O)(=O)c1ccc(CNc2cc(C(F)(F)F)c(C#N)c3nc4cc(Cl)c(Cl)cc4n23)cc1,IC50,'=',5610.0,nM,5.25,,,UO_0000065,0,CHEMBL4373125,organism-based format,,CHEMBL4371072,1,Scientific Literature,J Med Chem,,Antiplasmodial activity against chloroquine-resistant asexual blood stage of Plasmodium falciparum K1 infected in human RBC assessed as reduction in [3H]hypoxanthine incorporation preincubated for 48 hrs followed by [3H]hypoxanthine addition measured after 24 hrs by liquid scintillation counting method,K1,5.25,inactive,5.25,chloroquine resistant,CQR,5.0-6.0,2,5948,K1
CHEMBL2207912,,,832.57,4.0,8.83,17,Cc1ccc(Nc2nc(NCCCNc3nc(Nc4ccc(C#N)cc4)nc(Nc4ccc(C)cc4Br)n3)nc(Nc3ccc(C#N)cc3)n2)c(Br)c1,IC50,'=',2470.0,nM,5.61,,,UO_0000065,0,CHEMBL4143004,organism-based format,,CHEMBL4138212,1,Scientific Literature,Eur J Med Chem,,Antiplasmodial activity against chloroquine-resistant Plasmodium falciparum K1 infected in human O-positive erythrocytes assessed as decrease in parasitaemia after 72 hrs by NBT dye-based spectrophotometric method,K1,5.61,inactive,5.61,chloroquine resistant,CQR,5.0-6.0,1,5948,K1
CHEMBL1650070,,,395.47,0.0,2.72,12,CON1CCN=C1Nc1ccc(Nc2ccc(NC3=NCCN3OC)cc2)cc1,IC50,'=',450.0,nM,6.35,,,UO_0000065,0,CHEMBL1663718,organism-based format,,CHEMBL1649414,1,Scientific Literature,J Med Chem,,Antiprotozoal activity against chloroquine and pyrimethamine-resistant erythrocytic stages of Plasmodium falciparum K1 by [3H]hypoxanthine incorporation assay,K1,6.35,active,6.35,chloroquine and pyrimethamine resistant,"CQR, PYRR",6.0-7.5,1,5948,K1
CHEMBL4534583,,,540.53,1.0,4.92,33,O=C(c1ccnc(Nc2nc3cnc(Nc4ccc(F)c(C(F)(F)F)c4)cc3[nH]2)c1)N1CCN(C2CC2)CC1,IC50,'=',190.0,nM,6.72,,,UO_0000065,0,CHEMBL4310137,organism-based format,,CHEMBL4308849,1,Scientific Literature,J Med Chem,,Antiplasmodial activity against Plasmodium falciparum K1 after 48 hrs by lactate dehydrogenase assay,K1,6.72,active,6.72,,,6.0-7.5,2,5948,K1
CHEMBL476115,,,528.27,1.0,5.54,3,Clc1ccc2[nH]c3c[n+](CC#CC[n+]4ccc5c(c4)[nH]c4ccc(Cl)cc45)ccc3c2c1,IC50,'=',738.0,nM,6.13,,,UO_0000065,0,CHEMBL986457,organism-based format,,CHEMBL1155825,1,Scientific Literature,Bioorg Med Chem Lett,,Antiparasitic activity against Plasmodium falciparum K1,K1,6.13,active,6.13,,,6.0-7.5,2,5948,K1
CHEMBL509046,,,574.77,1.0,4.69,66,C[C@@H]1OC[C@H]2[C@@H]3C[C@H]4N(CC[C@]45c4ccccc4N[C@H]25)/C(=C/C2=CN4CC[C@]56c7ccccc7N[C@H]5[C@H](CO)[C@H]2C[C@H]46)[C@@H]31,IC50,'=',5270.0,nM,5.28,,,UO_0000065,0,CHEMBL1009027,organism-based format,,CHEMBL1150125,1,Scientific Literature,J Nat Prod,,Antiplasmodial activity against chloroquine-resistant Plasmodium falciparum FCB1-R/Colombia by [3H]hypoxanthine uptake,FcB1-R,5.28,inactive,5.28,chloroquine resistant,CQR,5.0-6.0,2,214,FcB1-R
CHEMBL55,PENTAMIDINE,4.0,340.43,0.0,2.88,PMD,N=C(N)c1ccc(OCCCCCOc2ccc(C(=N)N)cc2)cc1,IC50,'=',58.0,nM,7.24,,,UO_0000065,0,CHEMBL990646,organism-based format,,CHEMBL1142519,1,Scientific Literature,J Med Chem,,Antiplasmodial activity against chloroquine-resistant Plasmodium falciparum K1,K1,7.24,active,7.353,chloroquine resistant,CQR,6.0-7.5,23,5948,K1
CHEMBL34259,METHOTREXATE,4.0,454.45,0.0,0.27,NCGC00025060-02,CN(Cc1cnc2nc(N)nc(N)c2n1)c1ccc(C(=O)N[C@@H](CCC(=O)O)C(=O)O)cc1,IC50,'=',0.04,nM,10.4,,,UO_0000065,0,CHEMBL1267247,organism-based format,,CHEMBL1255382,1,Scientific Literature,Nat Chem Biol,,Antiplasmodial activity against Plasmodium falciparum D10 after 72 hrs by SYBR green assay,D10,10.4,high_potency,8.95,,,>=7.5,18,1503,D10
CHEMBL219478,,,362.48,0.0,4.53,23a,CCN(CC)Cc1ccc(/C=N/Nc2ccnc3ccc(OC)cc23)cc1,IC50,'=',39.2,nM,7.41,,,UO_0000065,0,CHEMBL1217070,organism-based format,,CHEMBL1212815,1,Scientific Literature,Eur J Med Chem,,Antimalarial activity against chloroquine-resistant Plasmodium falciparum D10,D10,7.41,active,7.41,chloroquine resistant,CQR,6.0-7.5,11,1503,D10
CHEMBL4078151,,,510.68,1.0,4.71,30,CC(=O)N1CCN(CCOc2ccc([C@H]3CC[C@]4(CC3)OOC3(O4)C4CC5CC(C4)CC3C5)cc2)CC1,IC50,'=',2.3,nM,8.64,,,UO_0000065,0,CHEMBL4008052,assay format,,CHEMBL4007393,1,Scientific Literature,J Med Chem,,Antimalarial activity against chloroquine-resistant Plasmodium falciparum K1 assessed as reduction in [3H]-hypoxanthine incorporation preincubated for 24 hrs followed by [3H]-hypoxanthine addition measured after 18 hrs by liquid scintillation counting,K1,8.64,high_potency,8.64,chloroquine resistant,CQR,>=7.5,2,5948,K1
CHEMBL4082552,,,510.68,1.0,4.75,26,NC(=O)C1CCN(CCOc2ccc([C@H]3CC[C@]4(CC3)OOC3(O4)C4CC5CC(C4)CC3C5)cc2)CC1,IC50,'=',2.4,nM,8.62,,,UO_0000065,0,CHEMBL4008052,assay format,,CHEMBL4007393,1,Scientific Literature,J Med Chem,,Antimalarial activity against chloroquine-resistant Plasmodium falciparum K1 assessed as reduction in [3H]-hypoxanthine incorporation preincubated for 24 hrs followed by [3H]-hypoxanthine addition measured after 18 hrs by liquid scintillation counting,K1,8.62,high_potency,8.62,chloroquine resistant,CQR,>=7.5,2,5948,K1
CHEMBL219333,,,351.8,0.0,4.22,5b(DP),COc1ccc2nc3cc(Cl)ccc3c(N/N=C/c3ncc[nH]3)c2c1,IC50,'=',62.6,nM,7.2,,,UO_0000065,0,CHEMBL863585,organism-based format,,CHEMBL1137279,1,Scientific Literature,Bioorg Med Chem Lett,,Antimalarial activity against chloroquine-sensitive Plasmodium falciparum D10,D10,7.2,active,7.205,chloroquine sensitive,CQS,6.0-7.5,8,1503,D10
CHEMBL1275664,,,227.27,0.0,2.12,"ref 39, 5b",OCCNc1nccc2c1[nH]c1ccccc12,IC50,'=',1000.0,nM,6.0,,,UO_0000065,0,CHEMBL4604486,organism-based format,,CHEMBL4602662,1,Scientific Literature,J Nat Prod,,Antiplasmodial activity against Plasmodium falciparum K1,K1,6.0,active,5.81,,,5.0-6.0,2,5948,K1
CHEMBL4648980,,,675.75,2.0,8.23,82h,Cc1ccc(-n2cc(CN(Cc3cn(-c4ccc(C)cc4)nn3)c3ccc4nc(-c5ccc(F)cc5)c(-c5ccc(F)cc5)nc4c3)nn2)cc1,IC50,'=',9760.0,nM,5.01,,,UO_0000065,0,CHEMBL4610158,organism-based format,,CHEMBL4609974,1,Scientific Literature,Eur J Med Chem,,Antimalarial activity against chloroquine-resistant Plasmodium falciparum K1,K1,5.01,inactive,5.01,chloroquine resistant,CQR,5.0-6.0,1,5948,K1
CHEMBL3088355,,,316.48,0.0,4.6,7k,CCCCC1(CCCC)C[C@H](CO)[C@](CCCC)(OC)OO1,IC50,'=',4000.0,nM,5.4,,,UO_0000065,0,CHEMBL3090278,organism-based format,,CHEMBL3085636,1,Scientific Literature,Eur J Med Chem,,Antimalarial activity against chloroquine-sensitive Plasmodium falciparum D10 after 72 hrs by parasite lactate dehydrogenase assay,D10,5.4,inactive,5.4,chloroquine sensitive,CQS,5.0-6.0,2,1503,D10
CHEMBL1256940,METHOXYVERAPAMIL HYDROCHLORIDE,,521.1,1.0,5.1,NCGC00094115-01,COc1ccc(CCN(C)CCCC(C#N)(c2cc(OC)c(OC)c(OC)c2)C(C)C)cc1OC,IC50,'=',3162.28,nM,5.5,,,UO_0000065,0,CHEMBL1267247,organism-based format,,CHEMBL1255382,1,Scientific Literature,Nat Chem Biol,,Antiplasmodial activity against Plasmodium falciparum D10 after 72 hrs by SYBR green assay,D10,5.5,inactive,5.5,,,5.0-6.0,7,1503,D10
CHEMBL3415191,,,324.51,1.0,5.56,4,[C-]#[N+][C@@]1(C)CC[C@H]2[C@H]3[C@@H]4[C@H](C[C@@H](C)[C@@](C)(C#N)[C@H]4CC[C@@H]31)C[C@@H]2C,IC50,'=',4.0,nM,8.4,,,UO_0000065,0,CHEMBL3419248,organism-based format,,CHEMBL3414444,1,Scientific Literature,Eur J Med Chem,,Antiplasmodial activity against Plasmodium falciparum K1,K1,8.4,high_potency,8.4,,,>=7.5,3,5948,K1
CHEMBL55,PENTAMIDINE,4.0,340.43,0.0,2.88,PMD,N=C(N)c1ccc(OCCCCCOc2ccc(C(=N)N)cc2)cc1,IC50,'=',58.0,nM,7.24,,,UO_0000065,0,CHEMBL1046935,organism-based format,,CHEMBL1156777,1,Scientific Literature,J Med Chem,,Antiplasmodial activity against chloroquine-resistant Plasmodium falciparum K1 infected in human erythrocytes after 48 hrs assessed as [3H]hypoxanthine incorporation by liquid scintillation counting,K1,7.24,active,7.353,chloroquine resistant,CQR,6.0-7.5,23,5948,K1
CHEMBL3219153,,,420.94,1.0,6.14,34,COc1cc(NC(C)CCCNc2ccnc3cc(Cl)ccc23)c2ncccc2c1,IC50,'=',80.0,nM,7.1,,,UO_0000065,0,CHEMBL3399492,organism-based format,,CHEMBL3396969,1,Scientific Literature,Eur J Med Chem,,Antimicrobial activity against chloroquine-resistant Plasmodium falciparum K1,K1,7.1,active,7.1,chloroquine resistant,CQR,6.0-7.5,9,5948,K1
CHEMBL3344523,,,406.92,0.0,4.99,9,O/N=C1\c2ccccc2-c2c1c(NCCN1CCCCC1)nc1ccc(Cl)cc21,IC50,'=',850.0,nM,6.07,,,UO_0000065,0,CHEMBL3390204,assay format,,CHEMBL3351756,1,Scientific Literature,Bioorg Med Chem,,Antimalarial activity against chloroquine-sensitive Plasmodium falciparum D10 infected in human type A-positive red blood cells assessed as growth inhibition after 72 hrs by spectrophotometrically,D10,6.07,active,6.07,chloroquine sensitive,CQS,6.0-7.5,3,1503,D10
CHEMBL571224,,,374.4,0.0,1.29,13,N/C(=N\O)c1cccc(OCCCCCOc2cccc(/C(N)=N/O)n2)n1,IC50,'=',10500.0,nM,4.98,,,UO_0000065,0,CHEMBL837874,organism-based format,,CHEMBL1158484,1,Scientific Literature,J Med Chem,,Antiplasmodial activity after 48 hrs against chloroquine-resistant Plasmodium falciparum K1 infected human erythrocytes by [3H]hypoxanthine uptake,K1,4.98,inactive,4.98,chloroquine resistant,CQR,<=5.0,1,5948,K1
CHEMBL4515567,,,528.73,2.0,5.51,25,CC(=O)OC[C@]12CC[C@H](O)C(C)(C)[C@@H]1CCC1=C2CC[C@]2(C)[C@@H]([C@H](C)[C@H]3OC(=O)C(C)=C[C@@H]3O)CC[C@@]12C,IC50,'=',6600.0,nM,5.18,,,UO_0000065,0,CHEMBL4321528,organism-based format,,CHEMBL4316637,1,Scientific Literature,J Nat Prod,,Antimalarial activity against Plasmodium falciparum K1 infected in human type A+ erythrocytes incubated for 24 hrs followed by [G-3H]-hypoxanthine incorporation and measured after 18 hrs by liquid scintillation counting method,K1,5.18,inactive,5.18,,,5.0-6.0,1,5948,K1
CHEMBL28,APIGENIN,,270.24,0.0,2.58,NCGC00025057-03,O=c1cc(-c2ccc(O)cc2)oc2cc(O)cc(O)c12,IC50,'=',15848.93,nM,4.8,,,UO_0000065,0,CHEMBL1267247,organism-based format,,CHEMBL1255382,1,Scientific Literature,Nat Chem Biol,,Antiplasmodial activity against Plasmodium falciparum D10 after 72 hrs by SYBR green assay,D10,4.8,inactive,4.8,,,<=5.0,7,1503,D10
CHEMBL4165263,,,298.34,0.0,2.99,11,COc1ccccc1[C@H](O)COC(=O)/C=C/c1ccccc1,IC50,'=',3230.0,nM,5.49,,,UO_0000065,0,CHEMBL4132266,organism-based format,,CHEMBL4130371,1,Scientific Literature,Eur J Med Chem,,Antiplasmodial activity against chloroquine-resistant Plasmodium falciparum K1 measured after 72 hrs by SYBR green 1 dye based fluorescence assay,K1,5.49,inactive,5.49,chloroquine resistant,CQR,5.0-6.0,2,5948,K1
CHEMBL3215927,,,401.29,0.0,1.85,28,COc1cc(C(=N)N)cc(OC)c1OCc1ccc(C(=N)N)cc1,IC50,'=',177.0,nM,6.75,,,UO_0000065,0,CHEMBL2422960,organism-based format,,CHEMBL2417357,1,Scientific Literature,Eur J Med Chem,,Antiplasmodial activity against chloroquine-resistant Plasmodium falciparum K1,K1,6.75,active,6.75,chloroquine resistant,CQR,6.0-7.5,1,5948,K1
CHEMBL502768,ISOCRYPTOLEPINE HYDROCHLORIDE,,268.75,0.0,3.83,3.HCl,Cn1cc2c3ccccc3nc-2c2ccccc21,IC50,'=',780.0,nM,6.11,,,UO_0000065,0,CHEMBL1067384,organism-based format,,CHEMBL1152627,1,Scientific Literature,Bioorg Med Chem,,Antimalarial activity against chloroquine and pyrimethamine-resistant Plasmodium falciparum K1 by [3H]hypoxanthine incorporation assay,K1,6.11,active,6.11,chloroquine and pyrimethamine resistant,"CQR, PYRR",6.0-7.5,4,5948,K1
CHEMBL2041980,-390048,1.0,393.39,0.0,3.82,390048,CS(=O)(=O)c1ccc(-c2cnc(N)c(-c3ccc(C(F)(F)F)nc3)c2)cc1,IC50,'=',9.01,nM,8.04,,,UO_0000065,0,CHEMBL3116803,organism-based format,,CHEMBL3112527,1,Scientific Literature,J Med Chem,,Antiplasmodial activity against chloroquine-sensitive asexual erythrocytic stage of Plasmodium falciparum D10 assessed as parasite growth inhibition by lactate dehydrogenase assay,D10,8.05,high_potency,8.05,chloroquine sensitive,CQS,>=7.5,11,1503,D10
CHEMBL1256719,,,399.31,1.0,5.56,NCGC00093872-01,CCCC[C@@]1(C2CCCC2)Cc2cc(OCC(=O)O)c(Cl)c(Cl)c2C1=O,IC50,'=',12589.25,nM,4.9,,,UO_0000065,0,CHEMBL1267247,organism-based format,,CHEMBL1255382,1,Scientific Literature,Nat Chem Biol,,Antiplasmodial activity against Plasmodium falciparum D10 after 72 hrs by SYBR green assay,D10,4.9,inactive,4.9,,,<=5.0,5,1503,D10
CHEMBL3329246,,,237.05,0.0,-0.02,"1b; (alphaS,5S)-1b",COC(=O)[C@@H](N)[C@@H]1CC(Br)=NO1,IC50,'=',790.0,nM,6.1,,,UO_0000065,0,CHEMBL4340142,organism-based format,,CHEMBL4339222,1,Scientific Literature,ACS Med Chem Lett,,Antimalarial activity against CQ-susceptible Plasmodium falciparum D10 infected in human type A-positive red blood cells assessed as inhibition of parasite growth incubated for 72 hrs by spectrophotometry based parasite lactate dehydrogenase assay,D10,6.1,active,6.1,cq susceptible,CQS,6.0-7.5,2,1503,D10
CHEMBL3234048,,,290.3,0.0,3.6,12,Fc1ccc(-c2ccc3ncc(-c4ccncc4)n3n2)cc1,IC50,'=',138.0,nM,6.86,,,UO_0000065,0,CHEMBL3241686,organism-based format,,CHEMBL3232977,1,Scientific Literature,J Med Chem,,Antimalarial activity against multidrug-resistant Plasmodium falciparum K1,K1,6.86,active,6.86,multidrug resistant,MDR,6.0-7.5,2,5948,K1
CHEMBL5271709,,,927.44,2.0,7.08,6c-citrate,C[C@@H]1CC[C@H]2[C@@H](C)C(OCc3ccc(C(=O)N(CCNc4ccnc5cc(Cl)ccc45)CC(=O)NC(C)(C)C)cc3)O[C@@H]3O[C@]4(C)CC[C@@H]1[C@]32OO4.O=C(O)CC(O)(CC(=O)O)C(=O)O,IC50,'=',18.0,nM,7.75,,,UO_0000065,0,CHEMBL5241726,organism-based format,,CHEMBL5241075,1,Scientific Literature,Eur J Med Chem,,Antiplasmodial activity against Plasmodium falciparum K1,K1,7.74,high_potency,7.74,,,>=7.5,2,5948,K1
CHEMBL516462,,,465.64,1.0,6.82,4c,O=C(OC1CC2(N3CCCCC3)CC(c3ccccc3)C1C(c1ccccc1)C2)c1ccccc1,IC50,'=',660.0,nM,6.18,,,UO_0000065,0,CHEMBL973272,organism-based format,,CHEMBL1149817,1,Scientific Literature,Eur J Med Chem,,Antiprotozoal activity against chloroquine and pyrimethamine-resistant Plasmodium falciparum K1,K1,6.18,active,6.145,chloroquine and pyrimethamine resistant,"CQR, PYRR",6.0-7.5,2,5948,K1
CHEMBL335121,,,468.4,1.0,7.93,C30,CCN(CC)Cc1cc(Nc2ccnc3cc(Cl)ccc23)cc(-c2ccc(Cl)cc2)c1F,IC50,'=',69.0,nM,7.16,,,UO_0000065,0,CHEMBL1016905,organism-based format,,CHEMBL1154474,1,Scientific Literature,Eur J Med Chem,,Antimalarial activity against chloroquine-resistant Plasmodium falciparum K1 after 48 hrs by [G-3H]hypoxanthine uptake,K1,7.16,active,7.075,chloroquine resistant,CQR,6.0-7.5,3,5948,K1
CHEMBL75389,,,334.43,0.0,2.02,2b,c1cc(NC2=NCCN2)ccc1Cc1ccc(NC2=NCCN2)cc1,IC50,'=',15.7,nM,7.8,,,UO_0000065,0,CHEMBL933420,organism-based format,,CHEMBL1141653,1,Scientific Literature,J Med Chem,,Antiplasmodial activity against Plasmodium falciparum K1 in [3H]hypoxanthine incorporation assay,K1,7.8,high_potency,7.8,,,>=7.5,1,5948,K1
CHEMBL55,PENTAMIDINE,4.0,340.43,0.0,2.88,Pentamidine,N=C(N)c1ccc(OCCCCCOc2ccc(C(=N)N)cc2)cc1,IC50,'=',46.4,nM,7.33,,,UO_0000065,0,CHEMBL3291900,organism-based format,,CHEMBL3286095,1,Scientific Literature,Eur J Med Chem,,Antiparasitic activity against chloroquine-resistant Plasmodium falciparum K1 after 3 days by [3H]-hypoxanthine incorporation assay,K1,7.33,active,7.353,chloroquine resistant,CQR,6.0-7.5,23,5948,K1
CHEMBL5402542,,,969.35,2.0,10.42,36a,C[C@H](CC(=O)C[C@@H](C)[C@H]1C[C@@H](O)[C@@]2(C)C3=C(C(=O)C[C@]12C)[C@@]1(C)CCC(=O)C(C)(C)[C@@H]1CC3=O)C(=O)O[C@H](CC[C@@H](C)[C@H]1CC[C@@]2(C)C3=CC[C@H]4C(C)(C)C(=O)CC[C@]4(C)C3=CC[C@]12C)[C@@](C)(O)CO,IC50,'=',2330.0,nM,5.63,,,UO_0000065,0,CHEMBL5373564,organism-based format,Erythrocyte,CHEMBL5370614,1,Scientific Literature,J Nat Prod,,Antimalarial activity against multi-drug resistant Plasmodium falciparum K1 infected in human erythrocytes assessed as parasite growth inhibition incubated for 24 hrs by [G-3H]hypoxanthine uptake assay,K1,5.63,inactive,5.63,multi drug resistant,MDR,5.0-6.0,1,5948,K1
CHEMBL3827798,,,407.51,1.0,5.14,5-epi-ancistectorine A2,COc1cc(O)c2c(c1-c1c(C)cc(OC)c3c(OC)cccc13)C[C@H](C)N[C@H]2C,IC50,'=',30.0,nM,7.52,,,UO_0000065,0,CHEMBL3830115,organism-based format,,CHEMBL3826888,1,Scientific Literature,Bioorg Med Chem Lett,,Antiparasitic activity against Plasmodium falciparum K1,K1,7.52,high_potency,7.335,,,>=7.5,2,5948,K1
CHEMBL3883626,,,439.55,0.0,2.36,5l,CN1CCN(c2ccc(Nc3nccc(Nc4cccc(S(N)(=O)=O)c4)n3)cc2)CC1,IC50,'=',7250.0,nM,5.14,,,UO_0000065,0,CHEMBL3875834,assay format,,CHEMBL3875172,1,Scientific Literature,Eur J Med Chem,,Antimalarial activity against multidrug-resistant Plasmodium falciparum K1 infected human erythrocytes assessed as reduction in parasite viability after 24 hrs by [3H]-hypoxanthine incorporation assay,K1,5.14,inactive,5.14,multidrug resistant,MDR,5.0-6.0,1,5948,K1
CHEMBL3321871,,,387.29,0.0,3.22,2,CN1CCN(c2ccc3nc(Nc4ccc(Br)cn4)[nH]c3c2)CC1,IC50,'=',80.0,nM,7.1,,,UO_0000065,0,CHEMBL3371905,organism-based format,,CHEMBL3351865,1,Scientific Literature,J Med Chem,,Antiplasmodial activity against Plasmodium falciparum K1 by SYBR-green based assay,K1,7.1,active,7.1,,,6.0-7.5,6,5948,K1
CHEMBL2333006,,,482.07,1.0,6.54,12,CCc1ccc(/C=C2\SC(=S)N(CCCCNc3ccnc4cc(Cl)ccc34)C2=O)cc1,IC50,'=',143.9,nM,6.84,,,UO_0000065,0,CHEMBL2345690,organism-based format,,CHEMBL2331443,1,Scientific Literature,Eur J Med Chem,,Antimalarial activity against Plasmodium falciparum K1 assessed as parasite growth inhibition after 72 hrs by MSF assay,K1,6.84,active,6.84,,,6.0-7.5,2,5948,K1
CHEMBL7973,,,238.29,0.0,3.6,221,Cc1ccc(/C=C/C(=O)c2ccc(O)cc2)cc1,IC50,'=',25400.0,nM,4.59,,,UO_0000065,0,CHEMBL880957,organism-based format,,CHEMBL1134841,1,Scientific Literature,J Med Chem,,Inhibition of [3H]hypoxanthine incorporation in Plasmodium falciparum K1,K1,4.6,inactive,4.6,,,<=5.0,1,5948,K1
CHEMBL1294,QUINIDINE,4.0,324.42,0.0,3.17,C35,C=C[C@H]1CN2CC[C@H]1C[C@@H]2[C@@H](O)c1ccnc2ccc(OC)cc12,IC50,'=',51.0,nM,7.29,,,UO_0000065,0,CHEMBL1016905,organism-based format,,CHEMBL1154474,1,Scientific Literature,Eur J Med Chem,,Antimalarial activity against chloroquine-resistant Plasmodium falciparum K1 after 48 hrs by [G-3H]hypoxanthine uptake,K1,7.29,active,7.29,chloroquine resistant,CQR,6.0-7.5,8,5948,K1
CHEMBL1214464,METHYL ESTER PANDAROSIDE J,,794.93,3.0,1.63,12,C=C(C(=O)C[C@@H](C)C1=C(O)C(=O)[C@@H]2[C@@H]3CC[C@H]4C[C@@H](O[C@@H]5O[C@H](C(=O)OC)[C@@H](O)[C@H](O)[C@H]5O[C@@H]5O[C@H](CO)[C@@H](O)[C@H](O)[C@H]5O)CC[C@]4(C)[C@H]3CC[C@]12C)C(C)C,IC50,'=',12400.0,nM,4.91,,,UO_0000065,0,CHEMBL1217446,organism-based format,,CHEMBL1212832,1,Scientific Literature,J Nat Prod,,Antimalarial activity against chloroquine and pyrimethamine-resistant Plasmodium falciparum K1 assessed as inhibition of [3H]hypoxanthine incorporation after 48 hrs by scintillation counting,K1,4.91,inactive,4.91,chloroquine and pyrimethamine resistant,"CQR, PYRR",<=5.0,1,5948,K1
CHEMBL4443390,,,355.35,0.0,2.36,3,COc1cc2c(c(OC)c1O)CCn1c-2cc2ccc(O)c(O)c2c1=O,IC50,'=',32400.0,nM,4.49,,,UO_0000065,0,CHEMBL4425355,organism-based format,,CHEMBL4425090,1,Scientific Literature,J Nat Prod,,Antiplasmodial activity against multidrug-resistant Plasmodium falciparum K1 infected in human RBC incubated for 18 to 20 hrs by microdilution radioisotope method,K1,4.49,inactive,4.49,multidrug resistant,MDR,<=5.0,2,5948,K1
CHEMBL3216920,,,394.27,0.0,1.21,58,N=C(N)c1ccc(-n2cc(-c3ccc(C(=N)N)cc3O)nn2)cc1,IC50,'=',2.0,nM,8.7,,,UO_0000065,0,CHEMBL1046935,organism-based format,,CHEMBL1156777,1,Scientific Literature,J Med Chem,,Antiplasmodial activity against chloroquine-resistant Plasmodium falciparum K1 infected in human erythrocytes after 48 hrs assessed as [3H]hypoxanthine incorporation by liquid scintillation counting,K1,8.7,high_potency,8.7,chloroquine resistant,CQR,>=7.5,1,5948,K1
CHEMBL550484,4-NEROLIDYLCATECHOL,,300.44,1.0,5.62,1,C=CC(C)(C/C=C(\C)CCC=C(C)C)c1ccc(O)c(O)c1,IC50,'=',670.0,nM,6.17,,,UO_0000065,0,CHEMBL1034703,organism-based format,,CHEMBL1158370,1,Scientific Literature,Eur J Med Chem,,Antimalarial activity against Plasmodium falciparum K1,K1,6.17,active,6.17,,,6.0-7.5,2,5948,K1
CHEMBL55,PENTAMIDINE,4.0,340.43,0.0,2.88,I,N=C(N)c1ccc(OCCCCCOc2ccc(C(=N)N)cc2)cc1,IC50,'=',46.4,nM,7.33,,,UO_0000065,0,CHEMBL1921071,organism-based format,,CHEMBL1914412,1,Scientific Literature,Eur J Med Chem,,Antiplasmodial activity against Plasmodium falciparum K1 infected in human red blood cells assessed as [3H]hypoxanthine incorporation after 48 hrs by liquid scintillation counting,K1,7.33,active,7.353,,,6.0-7.5,23,5948,K1
CHEMBL272013,,,596.17,2.0,7.85,40,COc1c(C)c(Cc2ccc(CC(=O)N(CCNc3ccnc4cc(Cl)ccc34)C(C)C)cc2)c(OC)c2ccccc12,IC50,'=',268.3,nM,6.57,,,UO_0000065,0,CHEMBL931167,organism-based format,,CHEMBL1142355,1,Scientific Literature,J Med Chem,,Antiparasitic activity against chloroquine-resistant Plasmodium falciparum K1,K1,6.57,active,6.57,chloroquine resistant,CQR,6.0-7.5,2,5948,K1
CHEMBL514677,,,486.7,1.0,5.99,8c,O=C(CCN1CCCC1)OC1CC2(N3CCCCC3)CC(c3ccccc3)C1C(c1ccccc1)C2,IC50,'=',250.0,nM,6.6,,,UO_0000065,0,CHEMBL957695,organism-based format,,CHEMBL1153871,1,Scientific Literature,Eur J Med Chem,,Antimalarial activity against chloroquine and pyrimethamine-resistant Plasmodium falciparum K1,K1,6.6,active,6.6,chloroquine and pyrimethamine resistant,"CQR, PYRR",6.0-7.5,1,5948,K1
CHEMBL453820,EPINGOUNIENSINE,,280.42,0.0,4.23,42,C=C1c2[nH]c3ccccc3c2CCN2C[C@@H](CC)CC[C@H]12,IC50,'=',16300.0,nM,4.79,,,UO_0000065,0,CHEMBL1009027,organism-based format,,CHEMBL1150125,1,Scientific Literature,J Nat Prod,,Antiplasmodial activity against chloroquine-resistant Plasmodium falciparum FCB1-R/Colombia by [3H]hypoxanthine uptake,FcB1-R,4.79,inactive,4.79,chloroquine resistant,CQR,<=5.0,3,214,FcB1-R
CHEMBL1256876,,,365.9,0.0,3.26,"NCGC00093620-01, A-77636 hydrochloride",NC[C@@H]1O[C@H](C23CC4CC(CC(C4)C2)C3)Cc2c1ccc(O)c2O,IC50,'=',2511.89,nM,5.6,,,UO_0000065,0,CHEMBL1267247,organism-based format,,CHEMBL1255382,1,Scientific Literature,Nat Chem Biol,,Antiplasmodial activity against Plasmodium falciparum D10 after 72 hrs by SYBR green assay,D10,5.6,inactive,5.6,,,5.0-6.0,7,1503,D10
CHEMBL1256753,BUTACLAMOL HYDROCHLORIDE,-1.0,397.99,0.0,4.84,NCGC00093664-02,CC(C)(C)[C@]1(O)CCN2C[C@H]3c4ccccc4CCc4cccc(c43)[C@@H]2C1,IC50,'=',7943.28,nM,5.1,,,UO_0000065,0,CHEMBL1267247,organism-based format,,CHEMBL1255382,1,Scientific Literature,Nat Chem Biol,,Antiplasmodial activity against Plasmodium falciparum D10 after 72 hrs by SYBR green assay,D10,5.1,inactive,5.1,,,5.0-6.0,7,1503,D10
CHEMBL1257109,TELENZEPINE DIHYDROCHLORIDE,,443.4,0.0,2.53,NCGC00094451-01,Cc1scc2c1N(C(=O)CN1CCN(C)CC1)c1ccccc1NC2=O,IC50,'=',3981.07,nM,5.4,,,UO_0000065,0,CHEMBL1267247,organism-based format,,CHEMBL1255382,1,Scientific Literature,Nat Chem Biol,,Antiplasmodial activity against Plasmodium falciparum D10 after 72 hrs by SYBR green assay,D10,5.4,inactive,5.4,,,5.0-6.0,4,1503,D10
CHEMBL3219153,,,420.94,1.0,6.14,88,COc1cc(NC(C)CCCNc2ccnc3cc(Cl)ccc23)c2ncccc2c1,IC50,'=',80.0,nM,7.1,,,UO_0000065,0,CHEMBL3607890,organism-based format,,CHEMBL3603813,1,Scientific Literature,Bioorg Med Chem,,Antiplasmodial activity against CQ-resistant Plasmodium falciparum K1,K1,7.1,active,7.1,cq resistant,CQR,6.0-7.5,9,5948,K1
CHEMBL218577,,,427.98,1.0,5.97,3,Clc1ccc(C(c2ccccc2)(c2ccc(CN3CCCC3)cc2)n2ccnc2)cc1,IC50,'=',5.0,nM,8.3,,,UO_0000065,0,CHEMBL1012854,organism-based format,,CHEMBL1139381,1,Scientific Literature,J Med Chem,,Antimalarial activity after 24 hrs against chloroquine-resistant synchronous Plasmodium falciparum K1 infected human A+ erythrocytes by [3H]hypoxanthine uptake,K1,8.3,high_potency,8.3,chloroquine resistant,CQR,>=7.5,6,5948,K1
CHEMBL129795,ISOLIQUIRITIGENIN,,256.26,0.0,2.7,NCGC00090504-02,O=C(/C=C/c1ccc(O)cc1)c1ccc(O)cc1O,IC50,'=',12589.25,nM,4.9,,,UO_0000065,0,CHEMBL1267247,organism-based format,,CHEMBL1255382,1,Scientific Literature,Nat Chem Biol,,Antiplasmodial activity against Plasmodium falciparum D10 after 72 hrs by SYBR green assay,D10,4.9,inactive,4.695,,,<=5.0,8,1503,D10
CHEMBL4871841,,,418.52,1.0,5.51,29,CCN(CC)Cc1cccc(Nc2nc3ccccc3n2Cc2ccc(F)cc2)c1O,IC50,'=',180.0,nM,6.75,,,UO_0000065,0,CHEMBL4835668,organism-based format,,CHEMBL4834426,1,Scientific Literature,J Med Chem,,Antimalarial activity against asexual blood stage multi drug-resistant Plasmodium falciparum K1 infected in erythrocytes assessed as reduction in parasitemia incubated up to 72 hrs by [3H]hypoxanthine incorporation assay,K1,6.74,active,6.74,asexual blood stage multi drug resistant,MDR,6.0-7.5,2,5948,K1
CHEMBL2413890,,,379.86,0.0,3.8,7a,CN(C)C(c1cccc(Nc2ccnc3cc(Cl)ccc23)c1)c1nnn[nH]1,IC50,'=',2979.0,nM,5.53,,,UO_0000065,0,CHEMBL2417208,organism-based format,,CHEMBL2412968,1,Scientific Literature,Bioorg Med Chem,,Antiplasmodial activity chloroquine-resistant Plasmodium falciparum K1 infected in human A+ erythrocytes assessed as reduction of [3H]hypoxanthine incorporation after 24 hrs by scintillation counting,K1,5.53,inactive,5.53,chloroquine resistant,CQR,5.0-6.0,3,5948,K1
CHEMBL4540009,,,501.49,2.0,5.61,11,C[C@@H]1CN(c2ccc(Nc3nc4cnc(Nc5ccc(F)c(C(F)(F)F)c5)cc4[nH]3)nc2)C[C@H](C)O1,IC50,'=',310.0,nM,6.51,,,UO_0000065,0,CHEMBL4310137,organism-based format,,CHEMBL4308849,1,Scientific Literature,J Med Chem,,Antiplasmodial activity against Plasmodium falciparum K1 after 48 hrs by lactate dehydrogenase assay,K1,6.51,active,6.51,,,6.0-7.5,2,5948,K1
CHEMBL2442601,,,316.37,0.0,2.38,10,N=C(N)c1ccc(-c2cncc(-c3ccc(C(=N)N)cc3)n2)cc1,IC50,'=',10.0,nM,8.0,,,UO_0000065,0,CHEMBL2444844,organism-based format,,CHEMBL2440077,1,Scientific Literature,Bioorg Med Chem,,Antiplasmodial activity against Plasmodium falciparum K1 assessed as [3H]-hypoxanthine incorporation after 48 hrs by liquid scintillation counting analysis,K1,8.0,high_potency,8.0,,,>=7.5,1,5948,K1
CHEMBL4640983,,,341.45,0.0,2.43,14,CNCCO[C@H]1O[C@@H]2O[C@]3(C)CC[C@H]4[C@H](C)CC[C@@H]([C@H]1C)[C@@]24OO3,IC50,'=',2.4,nM,8.62,,,UO_0000065,0,CHEMBL5246787,organism-based format,,CHEMBL5244272,1,Scientific Literature,Eur J Med Chem,,Antimalarial activity against chloroquine-resistant Plasmodium falciparum K1,K1,8.62,high_potency,8.12,chloroquine resistant,CQR,>=7.5,4,5948,K1
CHEMBL4085218,,,426.6,1.0,6.1,6,O=C(CCCc1cn(Cc2ccccc2)c2ccccc12)NC12CC3CC(CC(C3)C1)C2,IC50,'=',4200.0,nM,5.38,,,UO_0000065,0,CHEMBL4012319,cell-based format,,CHEMBL4011606,1,Scientific Literature,Eur J Med Chem,,Antiplasmodial activity against chloroquine-resistant Plasmodium falciparum K1 infected in human erythrocytes measured after 72 hrs by SYBR green 1 dye based fluorescence assay,K1,5.38,inactive,5.38,chloroquine resistant,CQR,5.0-6.0,2,5948,K1
CHEMBL34259,METHOTREXATE,4.0,454.45,0.0,0.27,NCGC00025060-02,CN(Cc1cnc2nc(N)nc(N)c2n1)c1ccc(C(=O)N[C@@H](CCC(=O)O)C(=O)O)cc1,IC50,'=',31.62,nM,7.5,,,UO_0000065,0,CHEMBL1267247,organism-based format,,CHEMBL1255382,1,Scientific Literature,Nat Chem Biol,,Antiplasmodial activity against Plasmodium falciparum D10 after 72 hrs by SYBR green assay,D10,7.5,high_potency,8.95,,,6.0-7.5,18,1503,D10
CHEMBL5428635,,,328.76,0.0,3.98,66b,COC(=O)c1cc2c3cc(Cl)ccc3n3c2c(n1)COC(C)=C3,IC50,'=',2450.0,nM,5.61,,,UO_0000065,0,CHEMBL5361889,organism-based format,,CHEMBL5360542,1,Scientific Literature,Eur J Med Chem,,Antimalarial activity against chloroquine-resistant Plasmodium falciparum K1 assessed as reduction in parasite growth,K1,5.61,inactive,5.61,chloroquine resistant,CQR,5.0-6.0,2,5948,K1
CHEMBL585,TRIAMTERENE,4.0,253.27,0.0,0.83,"NCGC00023458-04, 12",Nc1nc(N)c2nc(-c3ccccc3)c(N)nc2n1,IC50,'=',2511.89,nM,5.6,,,UO_0000065,0,CHEMBL1267247,organism-based format,,CHEMBL1255382,1,Scientific Literature,Nat Chem Biol,,Antiplasmodial activity against Plasmodium falciparum D10 after 72 hrs by SYBR green assay,D10,5.6,inactive,4.875,,,5.0-6.0,45,1503,D10
CHEMBL476115,,,528.27,1.0,5.54,14,Clc1ccc2[nH]c3c[n+](CC#CC[n+]4ccc5c(c4)[nH]c4ccc(Cl)cc45)ccc3c2c1,IC50,'=',738.0,nM,6.13,,,UO_0000065,0,CHEMBL1073696,organism-based format,,CHEMBL1157552,1,Scientific Literature,Bioorg Med Chem,,Antiparasitic activity against Plasmodium falciparum K1,K1,6.13,active,6.13,,,6.0-7.5,2,5948,K1
CHEMBL31574,FISETIN,2.0,286.24,0.0,2.28,14,O=c1c(O)c(-c2ccc(O)c(O)c2)oc2cc(O)ccc12,IC50,'=',6500.0,nM,5.19,,,UO_0000065,0,CHEMBL859173,organism-based format,,CHEMBL1148505,1,Scientific Literature,J Med Chem,,Antiplasmodial activity against chloroquine-resistant Plasmodium falciparum K1,K1,5.19,inactive,5.19,chloroquine resistant,CQR,5.0-6.0,3,5948,K1
CHEMBL394001,,,458.65,1.0,5.21,5b,O=C(CN1CCCC1)OC1CC2(N3CCCC3)CC(c3ccccc3)C1C(c1ccccc1)C2,IC50,'=',700.0,nM,6.16,,,UO_0000065,0,CHEMBL957695,organism-based format,,CHEMBL1153871,1,Scientific Literature,Eur J Med Chem,,Antimalarial activity against chloroquine and pyrimethamine-resistant Plasmodium falciparum K1,K1,6.15,active,6.15,chloroquine and pyrimethamine resistant,"CQR, PYRR",6.0-7.5,2,5948,K1
CHEMBL219478,,,362.48,0.0,4.53,4f (DP),CCN(CC)Cc1ccc(/C=N/Nc2ccnc3ccc(OC)cc23)cc1,IC50,'=',55.1,nM,7.26,,,UO_0000065,0,CHEMBL856511,organism-based format,,CHEMBL1137279,1,Scientific Literature,Bioorg Med Chem Lett,,Antimalarial activity against chloroquine-resistant Plasmodium falciparum K1,K1,7.26,active,7.26,chloroquine resistant,CQR,6.0-7.5,11,5948,K1
CHEMBL4635507,,,268.36,0.0,3.08,182,CN(C)CCCNc1nccc2c1[nH]c1ccccc12,IC50,'=',450.0,nM,6.35,,,UO_0000065,0,CHEMBL5097888,organism-based format,,CHEMBL5096184,1,Scientific Literature,Eur J Med Chem,,Antimalarial activity against Plasmodium falciparum K1,K1,6.35,active,6.175,,,6.0-7.5,2,5948,K1
CHEMBL4640983,,,341.45,0.0,2.43,39a,CNCCO[C@H]1O[C@@H]2O[C@]3(C)CC[C@H]4[C@H](C)CC[C@@H]([C@H]1C)[C@@]24OO3,IC50,'=',24.0,nM,7.62,,,UO_0000065,0,CHEMBL4616736,organism-based format,,CHEMBL4616581,1,Scientific Literature,Eur J Med Chem,,Antimalarial activity against Plasmodium falciparum K1,K1,7.62,high_potency,8.12,,,>=7.5,4,5948,K1
CHEMBL55,PENTAMIDINE,4.0,340.43,0.0,2.88,1,N=C(N)c1ccc(OCCCCCOc2ccc(C(=N)N)cc2)cc1,IC50,'=',46.4,nM,7.33,,,UO_0000065,0,CHEMBL2444844,organism-based format,,CHEMBL2440077,1,Scientific Literature,Bioorg Med Chem,,Antiplasmodial activity against Plasmodium falciparum K1 assessed as [3H]-hypoxanthine incorporation after 48 hrs by liquid scintillation counting analysis,K1,7.33,active,7.353,,,6.0-7.5,23,5948,K1
CHEMBL3321975,,,401.44,1.0,5.06,15,CN1C2CCC1CC(c1ccc3nc(Nc4ccc(C(F)(F)F)cn4)[nH]c3c1)C2,IC50,'=',200.0,nM,6.7,,,UO_0000065,0,CHEMBL3371905,organism-based format,,CHEMBL3351865,1,Scientific Literature,J Med Chem,,Antiplasmodial activity against Plasmodium falciparum K1 by SYBR-green based assay,K1,6.7,active,6.7,,,6.0-7.5,2,5948,K1
CHEMBL2413881,,,464.02,1.0,5.8,6b,CCN(CC)C(c1cccc(Nc2ccnc3cc(Cl)ccc23)c1)c1nnnn1C(C)(C)C,IC50,'=',6.0,nM,8.22,,,UO_0000065,0,CHEMBL2417208,organism-based format,,CHEMBL2412968,1,Scientific Literature,Bioorg Med Chem,,Antiplasmodial activity chloroquine-resistant Plasmodium falciparum K1 infected in human A+ erythrocytes assessed as reduction of [3H]hypoxanthine incorporation after 24 hrs by scintillation counting,K1,8.22,high_potency,8.22,chloroquine resistant,CQR,>=7.5,3,5948,K1
CHEMBL4855871,,,620.65,2.0,4.03,5,CO[C@H]1CC=C2C(=O)c3c(cc(C)c(-c4c(C)cc5c(c4O)C(=O)C4=CC[C@H](OC)[C@H](OC(C)=O)[C@]4(C)O5)c3O)O[C@@]2(C)[C@@H]1O,IC50,'=',1400.0,nM,5.85,,,UO_0000065,0,CHEMBL4821617,organism-based format,,CHEMBL4819078,1,Scientific Literature,J Nat Prod,,Antimalarial activity against multi drug-resistant Plasmodium falciparum K1 infected in human erythrocytes assessed as inhibition of [G-3H]hypoxanthine uptake preincubated for 24 hrs followed by [G-3H]hypoxanthine addition and measured after 18 hrs by scintillation counting method,K1,5.85,inactive,5.85,multi drug resistant,MDR,5.0-6.0,1,5948,K1
CHEMBL203125,FOSMIDOMYCIN,3.0,183.1,0.0,-0.6,1,O=CN(O)CCCP(=O)(O)O,IC50,'=',3700.0,nM,5.43,,,UO_0000065,0,CHEMBL1832570,organism-based format,,CHEMBL1828585,1,Scientific Literature,J Med Chem,,Antimicrobial activity against chloroquine-resistant Plasmodium falciparum K1 infected in human erythrocytes assessed as inhibition of parasite replication,K1,5.43,inactive,5.595,chloroquine resistant,CQR,5.0-6.0,14,5948,K1
CHEMBL258502,,,366.46,0.0,4.29,"NCGC00094371-01, SKF-96365",COc1ccc(CCCOC(Cn2ccnc2)c2ccc(OC)cc2)cc1,IC50,'=',2511.89,nM,5.6,,,UO_0000065,0,CHEMBL1267247,organism-based format,,CHEMBL1255382,1,Scientific Literature,Nat Chem Biol,,Antiplasmodial activity against Plasmodium falciparum D10 after 72 hrs by SYBR green assay,D10,5.6,inactive,5.6,,,5.0-6.0,7,1503,D10
CHEMBL244948,DAPHNETIN,,178.14,0.0,1.2,NCGC00093770-01,O=c1ccc2ccc(O)c(O)c2o1,IC50,'=',15848.93,nM,4.8,,,UO_0000065,0,CHEMBL1267247,organism-based format,,CHEMBL1255382,1,Scientific Literature,Nat Chem Biol,,Antiplasmodial activity against Plasmodium falciparum D10 after 72 hrs by SYBR green assay,D10,4.8,inactive,4.8,,,<=5.0,7,1503,D10
CHEMBL218577,,,427.98,1.0,5.97,5b,Clc1ccc(C(c2ccccc2)(c2ccc(CN3CCCC3)cc2)n2ccnc2)cc1,IC50,'=',5.0,nM,8.3,,,UO_0000065,0,CHEMBL912570,organism-based format,,CHEMBL1141393,1,Scientific Literature,J Med Chem,,Antiplasmodial activity against chloroquine-resistant Plasmodium falciparum K1,K1,8.3,high_potency,8.3,chloroquine resistant,CQR,>=7.5,6,5948,K1
CHEMBL218577,,,427.98,1.0,5.97,5b,Clc1ccc(C(c2ccccc2)(c2ccc(CN3CCCC3)cc2)n2ccnc2)cc1,IC50,'=',130.0,nM,6.89,,,UO_0000065,0,CHEMBL912567,organism-based format,,CHEMBL1141393,1,Scientific Literature,J Med Chem,,Antiplasmodial activity against chloroquine-sensitive Plasmodium falciparum D10,D10,6.89,active,6.89,chloroquine sensitive,CQS,6.0-7.5,6,1503,D10
CHEMBL4794183,,,359.31,0.0,4.11,14,Nc1ncc(-c2ccc(C(=O)O)cc2)nc1-c1ccc(C(F)(F)F)cc1,IC50,'=',32.0,nM,7.5,,,UO_0000065,0,CHEMBL4719469,organism-based format,Erythrocyte,CHEMBL4715789,1,Scientific Literature,J Med Chem,,Antiplasmodial activity against multidrug-resistant Plasmodium falciparum K1 infected in erythrocytes assessed as reduction in [3H]hypoxanthine incorporation preincubated for 48 hrs followed by [3H]hypoxanthine addition and measured after 24 hrs by liquid scintillation counting method,K1,7.49,active,7.49,multidrug resistant,MDR,6.0-7.5,2,5948,K1
CHEMBL328742,,,627.62,2.0,10.28,3,COc1ccc2nc3cc(Cl)ccc3c(NCCCCCCCCNc3c4ccc(Cl)cc4nc4ccc(OC)cc34)c2c1,IC50,'=',19.0,nM,7.72,,,UO_0000065,0,CHEMBL766047,organism-based format,,CHEMBL1133105,1,Scientific Literature,J Med Chem,,In vitro sensitivity for Plasmodium falciparum FcB1R,FcB1-R,7.72,high_potency,7.72,,,>=7.5,1,214,FcB1-R
CHEMBL562398,,,456.59,1.0,7.05,8,CC(C)NC(=N)c1ccc2oc(-c3cccc(OCCCCCOc4ccccc4)c3)cc2c1,IC50,'=',123.0,nM,6.91,,,UO_0000065,0,CHEMBL1058990,organism-based format,,CHEMBL1153541,1,Scientific Literature,J Med Chem,,Antiplasmodial activity after 48 hrs against chloroquine-resistant Plasmodium falciparum K1 by [3H]hypoxanthine uptake,K1,6.91,active,6.91,chloroquine resistant,CQR,6.0-7.5,1,5948,K1
CHEMBL5434578,,,317.86,0.0,4.2,139a,CN(CCCN1CCCCC1)c1ccnc2cc(Cl)ccc12,IC50,'=',60.0,nM,7.22,,,UO_0000065,0,CHEMBL5345238,organism-based format,,CHEMBL5344418,1,Scientific Literature,Eur J Med Chem,,Antimalarial activity against chloroquine-resistant Plasmodium falciparum K1 assessed as reduction in parasite growth incubated for 72 hrs by SYBR Green staining based fluorescence analysis,K1,7.22,active,7.22,chloroquine resistant,CQR,6.0-7.5,2,5948,K1
CHEMBL4765204,,,426.52,0.0,3.37,48,CN1CCN(C[C@@H]2CCCN(c3nccc4[nH]c(-c5cc(F)cc(F)c5)nc34)C2)CC1,IC50,'=',130.0,nM,6.89,,,UO_0000065,0,CHEMBL4704381,organism-based format,,CHEMBL4699593,1,Scientific Literature,J Med Chem,,Antiplasmodial activity against multidrug-resistant asexual blood stage Plasmodium falciparum K1 strain assessed as reduction in parasite growth after 72 hrs by NBT reagent based LDH assay,K1,6.89,active,6.89,multidrug resistant,MDR,6.0-7.5,2,5948,K1
CHEMBL3290611,,,351.36,0.0,4.39,9-2AcOH,Cc1c2ccncc2c(C)c2c1[nH]c1ccc([N+](=O)[O-])cc12,IC50,'=',550.0,nM,6.26,,,UO_0000065,0,CHEMBL3292171,organism-based format,,CHEMBL3286184,1,Scientific Literature,Bioorg Med Chem Lett,,Antiplasmodial activity against multi-drug resistant Plasmodium falciparum K1 in human erythrocytes assessed as growth inhibition after 48 hrs by optical microscopy,K1,6.26,active,6.26,multi drug resistant,MDR,6.0-7.5,1,5948,K1
CHEMBL1097906,,,264.32,0.0,1.57,3,C=C1C(=O)O[C@@H]2C[C@]34O[C@H]3CC[C@H](C)[C@@]4(C)C[C@]12O,IC50,'=',13000.0,nM,4.89,,,UO_0000065,0,CHEMBL1106436,organism-based format,,CHEMBL1157059,1,Scientific Literature,J Nat Prod,,Antimalarial activity against Plasmodium falciparum K1 after 18 hrs by [G-3H]hypoxanthine uptake assay,K1,4.89,inactive,4.89,,,<=5.0,1,5948,K1
CHEMBL5192358,,,514.66,2.0,5.38,38,CC(=O)O[C@H]1C[C@@H](OC(C)=O)[C@@]2(C)[C@@H](CC[C@]3(C)[C@@H]2CC[C@]2(C)Oc4oc(C)cc(=O)c4C[C@@H]32)C1(C)C,IC50,'=',6670.0,nM,5.18,,,UO_0000065,0,CHEMBL5113567,organism-based format,,CHEMBL5113368,1,Scientific Literature,Eur J Med Chem,,Antimalarial activity multidrug-resistant Plasmodium falciparum K1 assessed as inhibition of parasite growth by [3H]-hypoxanthine incorporation assay,K1,5.18,inactive,5.18,multidrug resistant,MDR,5.0-6.0,1,5948,K1
CHEMBL3125000,,,466.3,0.0,3.83,14,COc1ccc(-c2cc(-c3ccc(S(C)(=O)=O)cc3)cnc2I)cn1,IC50,'=',11063.0,nM,4.96,,,UO_0000065,0,CHEMBL3129042,organism-based format,,CHEMBL3124877,1,Scientific Literature,J Med Chem,,Antiplasmodial activity against multidrug resistant Plasmodium falciparum K1 assessed as parasite growth inhibition,K1,4.96,inactive,4.96,multidrug resistant,MDR,<=5.0,2,5948,K1
CHEMBL103,PROGESTERONE,4.0,314.47,0.0,4.72,NCGC00022185-03,CC(=O)[C@H]1CC[C@H]2[C@@H]3CCC4=CC(=O)CC[C@]4(C)[C@H]3CC[C@]12C,IC50,'=',12589.25,nM,4.9,,,UO_0000065,0,CHEMBL1267247,organism-based format,,CHEMBL1255382,1,Scientific Literature,Nat Chem Biol,,Antiplasmodial activity against Plasmodium falciparum D10 after 72 hrs by SYBR green assay,D10,4.9,inactive,4.9,,,<=5.0,6,1503,D10
CHEMBL429298,,,324.83,0.0,2.48,"NCGC00093681-01, ML-9",O=S(=O)(c1cccc2c(Cl)cccc12)N1CCCNCC1,IC50,'=',19952.62,nM,4.7,,,UO_0000065,0,CHEMBL1267247,organism-based format,,CHEMBL1255382,1,Scientific Literature,Nat Chem Biol,,Antiplasmodial activity against Plasmodium falciparum D10 after 72 hrs by SYBR green assay,D10,4.7,inactive,4.7,,,<=5.0,6,1503,D10
CHEMBL119096,CRYPTOLEPINE,,232.29,0.0,2.93,53,C[n+]1c2ccccc2cc2[n-]c3ccccc3c21,IC50,'=',440.0,nM,6.36,,,UO_0000065,0,CHEMBL5241507,organism-based format,,CHEMBL5241067,1,Scientific Literature,Eur J Med Chem,,Antiplasmodial activity against multidrug resistant Plasmodium falciparum K1 assessed as growth inhibition,K1,6.36,active,6.36,multidrug resistant,MDR,6.0-7.5,7,5948,K1
CHEMBL1828820,ARTEFENOMEL,2.0,469.62,0.0,4.88,OZ439,c1cc([C@H]2CC[C@]3(CC2)OO[C@]2(O3)C3CC4CC(C3)CC2C4)ccc1OCCN1CCOCC1,IC50,'=',3.8,nM,8.42,,,UO_0000065,0,CHEMBL5104427,organism-based format,,CHEMBL5104092,1,Scientific Literature,Eur J Med Chem,,Antimalarial activity against Plasmodium falciparum K1,K1,8.42,high_potency,8.535,,,>=7.5,8,5948,K1
CHEMBL4174173,,,727.53,2.0,2.33,6b,CC(=O)C[C@H]1O[C@@H](On2cc(CN3C(=O)/C(=N\Nc4ccc(Br)cc4)c4ccccc43)nn2)[C@H](OC(C)=O)[C@@H](OC(C)=O)[C@H]1OC(C)=O,IC50,'=',2910.0,nM,5.54,,,UO_0000065,0,CHEMBL4156209,organism-based format,,CHEMBL4152321,1,Scientific Literature,Eur J Med Chem,,Antiplasmodial activity against chloroquine-resistant Plasmodium falciparum K1 infected in human erythrocytes after 72 hrs by SYBR Green 1 staining based fluorescence assay,K1,5.54,inactive,5.54,chloroquine resistant,CQR,5.0-6.0,2,5948,K1
CHEMBL99170,,,243.35,0.0,2.99,10A,CCN(CC)CCNc1ccnc2ccccc12,IC50,'=',1060.0,nM,5.97,,,UO_0000065,0,CHEMBL5384519,organism-based format,,CHEMBL5380851,1,Scientific Literature,J Med Chem,,Antiplasmodial activity against Plasmodium falciparum D10 assessed as inhibition of parasite growth,D10,5.97,inactive,6.013333,,,5.0-6.0,3,1503,D10
CHEMBL1256875,SPIPERONE HYDROCHLORIDE,,431.94,0.0,3.22,NCGC00094348-01,O=C(CCCN1CCC2(CC1)C(=O)NCN2c1ccccc1)c1ccc(F)cc1,IC50,'=',10000.0,nM,5.0,,,UO_0000065,0,CHEMBL1267247,organism-based format,,CHEMBL1255382,1,Scientific Literature,Nat Chem Biol,,Antiplasmodial activity against Plasmodium falciparum D10 after 72 hrs by SYBR green assay,D10,5.0,inactive,5.0,,,<=5.0,7,1503,D10
CHEMBL1107,HALOFANTRINE,4.0,500.43,2.0,8.64,HF,CCCCN(CCCC)CCC(O)c1cc2c(Cl)cc(Cl)cc2c2cc(C(F)(F)F)ccc12,IC50,'=',2.8,nM,8.55,,,UO_0000065,0,CHEMBL3055249,organism-based format,,CHEMBL3044897,1,Scientific Literature,Med Chem Res,,Antimalarial activity against chloroquine-resistant Plasmodium falciparum K1 assessed as incorporation of [3H]hypoxanthine after 48 hr microdilution method,K1,8.55,high_potency,8.55,chloroquine resistant,CQR,>=7.5,4,5948,K1
CHEMBL98114,,,249.75,0.0,2.86,21,CN(C)CCNc1ccnc2cc(Cl)ccc12,IC50,'=',80.9,nM,7.09,,,UO_0000065,0,CHEMBL765487,organism-based format,,CHEMBL1133112,1,Scientific Literature,J Med Chem,,In vitro antiplasmodial activity against Plasmodium falciparum D10,D10,7.09,active,7.09,,,6.0-7.5,1,1503,D10
CHEMBL5431282,,,492.58,1.0,5.88,5b,Cc1ccc(-c2c(-c3ccccc3)c(C(=O)Nc3ccccc3)c(C)n2CCC2=CC(=O)OC2O)cc1,IC50,'=',3920.0,nM,5.41,,,UO_0000065,0,CHEMBL5363210,organism-based format,,CHEMBL5360578,1,Scientific Literature,Eur J Med Chem,,Antimalarial activity against asynchronous chloroquine-resistant Plasmodium falciparum K1 assessed as parasite growth inhibition infected in erythrocytes incubated for 72 hrs by SYBR green dye based assay,K1,5.41,inactive,5.41,asynchronous chloroquine resistant,CQR,5.0-6.0,2,5948,K1
CHEMBL4755658,,,429.4,0.0,3.01,17,Nc1ncc(-c2ccc(C(=O)N3CCC(O)C3)cc2)nc1-c1ccc(C(F)(F)F)nc1,IC50,'=',12.0,nM,7.92,,,UO_0000065,0,CHEMBL5121338,organism-based format,,CHEMBL5120754,1,Scientific Literature,Bioorg Med Chem,,Antimalarial activity against blood stage multidrug-resistant Plasmodium falciparum K1,K1,7.92,high_potency,7.92,blood stage multidrug resistant,MDR,>=7.5,4,5948,K1
CHEMBL2368247,,,374.48,0.0,4.58,42b,Cc1ccc(O[C@@H]2O[C@@H]3O[C@]4(C)CC[C@H]5[C@H](C)CC[C@@H]([C@H]2C)[C@@]35OO4)cc1,IC50,'=',3.18,nM,8.5,,,UO_0000065,0,CHEMBL4616739,organism-based format,,CHEMBL4616581,1,Scientific Literature,Eur J Med Chem,,Antimalarial activity against Plasmodium falciparum K1 after 48 hrs by [3H]hypoxanthine incorporation assay,K1,8.5,high_potency,8.5,,,>=7.5,4,5948,K1
CHEMBL2368251,,,378.44,0.0,4.41,42e,C[C@H]1[C@H](Oc2ccc(F)cc2)O[C@@H]2O[C@]3(C)CC[C@H]4[C@H](C)CC[C@@H]1[C@@]24OO3,IC50,'=',5.7,nM,8.24,,,UO_0000065,0,CHEMBL4616739,organism-based format,,CHEMBL4616581,1,Scientific Literature,Eur J Med Chem,,Antimalarial activity against Plasmodium falciparum K1 after 48 hrs by [3H]hypoxanthine incorporation assay,K1,8.24,high_potency,8.24,,,>=7.5,4,5948,K1
CHEMBL1828820,ARTEFENOMEL,2.0,469.62,0.0,4.88,1b,c1cc([C@H]2CC[C@]3(CC2)OO[C@]2(O3)C3CC4CC(C3)CC2C4)ccc1OCCN1CCOCC1,IC50,'=',2.8,nM,8.55,,,UO_0000065,0,CHEMBL2329858,organism-based format,,CHEMBL2321701,1,Scientific Literature,J Med Chem,,Antimalarial activity against chloroquine-resistant Plasmodium falciparum K1,K1,8.55,high_potency,8.535,chloroquine resistant,CQR,>=7.5,8,5948,K1
CHEMBL4087466,,,628.93,2.0,8.49,2r,CCCCCCCCOC(=O)/C(CCC=C(C)C)=C1\[C@@H](OC(C)=O)C[C@@]2(C)[C@H]1C[C@@H](O)[C@H]1[C@@]3(C)CC[C@@H](O)[C@@H](C)[C@@H]3CC[C@@]12C,IC50,'=',1600.0,nM,5.8,,,UO_0000065,0,CHEMBL4042878,assay format,,CHEMBL4041542,1,Scientific Literature,Bioorg Med Chem Lett,,Antiplasmodial activity against chloroquine-resistant Plasmodium falciparum K1 by [3H]hypoxanthine incorporation assay,K1,5.8,inactive,5.8,chloroquine resistant,CQR,5.0-6.0,2,5948,K1
CHEMBL1201102,TRIFLUPROMAZINE HYDROCHLORIDE,4.0,388.89,1.0,5.26,NCGC00094410-01,CN(C)CCCN1c2ccccc2Sc2ccc(C(F)(F)F)cc21,IC50,'=',12589.25,nM,4.9,,,UO_0000065,0,CHEMBL1267247,organism-based format,,CHEMBL1255382,1,Scientific Literature,Nat Chem Biol,,Antiplasmodial activity against Plasmodium falciparum D10 after 72 hrs by SYBR green assay,D10,4.9,inactive,4.9,,,<=5.0,7,1503,D10
CHEMBL1673094,,,401.53,0.0,1.92,44,C[C@H]1[C@H](N2CCS(=O)(=O)CC2)O[C@@H]2O[C@]3(C)CC[C@H]4[C@H](C)CC[C@@H]1[C@@]24OO3,IC50,'=',1.1,nM,8.96,,,UO_0000065,0,CHEMBL5246818,organism-based format,,CHEMBL5244272,1,Scientific Literature,Eur J Med Chem,,Antimalarial activity against Plasmodium falciparum D10,D10,8.96,high_potency,8.96,,,>=7.5,7,1503,D10
CHEMBL5283467,,,276.38,0.0,3.87,108e,CC1(C)OOC2(OCCc3ccccc3)CCCC1C2,IC50,'=',670.0,nM,6.17,,,UO_0000065,0,CHEMBL5246818,organism-based format,,CHEMBL5244272,1,Scientific Literature,Eur J Med Chem,,Antimalarial activity against Plasmodium falciparum D10,D10,6.17,active,6.17,,,6.0-7.5,2,1503,D10
CHEMBL5287683,,,308.38,0.0,3.92,19b,Cc1cccc([C@]23CC[C@](c4cccc(C)c4)(OO2)[C@H]2O[C@H]23)c1,IC50,'=',80.0,nM,7.1,,,UO_0000065,0,CHEMBL5234908,organism-based format,,CHEMBL5233251,1,Scientific Literature,Eur J Med Chem,,Antimalarial activity against chloroquine-sensitive Plasmodium falciparum D10 incubated for 48 hrs,D10,7.1,active,7.1,chloroquine sensitive,CQS,6.0-7.5,5,1503,D10
CHEMBL3219153,,,420.94,1.0,6.14,4,COc1cc(NC(C)CCCNc2ccnc3cc(Cl)ccc23)c2ncccc2c1,IC50,'=',80.0,nM,7.1,,,UO_0000065,0,CHEMBL3602220,organism-based format,,CHEMBL3600290,1,Scientific Literature,Bioorg Med Chem,,Antimalarial activity against chloroquine-resistant Plasmodium falciparum K1 assessed as inhibition of parasite growth,K1,7.1,active,7.1,chloroquine resistant,CQR,6.0-7.5,9,5948,K1
CHEMBL585,TRIAMTERENE,4.0,253.27,0.0,0.83,"NCGC00023458-04, 12",Nc1nc(N)c2nc(-c3ccccc3)c(N)nc2n1,IC50,'=',59779.0,nM,4.22,,,UO_0000065,0,CHEMBL1267254,organism-based format,,CHEMBL1255382,1,Scientific Literature,Nat Chem Biol,,Antiplasmodial activity against Plasmodium falciparum XD8 after 72 hrs by SYBR green assay,XD8,4.22,inactive,4.22,,,<=5.0,45,3,XD8
CHEMBL2332993,,,457.98,1.0,5.73,23,O=C1/C(=C/c2ccc(F)cc2)SC(=S)N1CCCNc1ccnc2cc(Cl)ccc12,IC50,'=',13.2,nM,7.88,,,UO_0000065,0,CHEMBL2345690,organism-based format,,CHEMBL2331443,1,Scientific Literature,Eur J Med Chem,,Antimalarial activity against Plasmodium falciparum K1 assessed as parasite growth inhibition after 72 hrs by MSF assay,K1,7.88,high_potency,7.88,,,>=7.5,2,5948,K1
CHEMBL55,PENTAMIDINE,4.0,340.43,0.0,2.88,I,N=C(N)c1ccc(OCCCCCOc2ccc(C(=N)N)cc2)cc1,IC50,'=',46.4,nM,7.33,,,UO_0000065,0,CHEMBL1112845,organism-based format,,CHEMBL1157129,1,Scientific Literature,Bioorg Med Chem,,Antiplasmodial activity against Plasmodium falciparum K1,K1,7.33,active,7.353,,,6.0-7.5,23,5948,K1
CHEMBL90969,,,586.52,2.0,7.53,7,COc1ccc2nc3cc(Cl)ccc3c(NCCNCCNc3c4ccc(Cl)cc4nc4ccc(OC)cc34)c2c1,IC50,'=',63.0,nM,7.2,,,UO_0000065,0,CHEMBL766047,organism-based format,,CHEMBL1133105,1,Scientific Literature,J Med Chem,,In vitro sensitivity for Plasmodium falciparum FcB1R,FcB1-R,7.2,active,7.2,,,6.0-7.5,1,214,FcB1-R
CHEMBL3827798,,,407.51,1.0,5.14,Ancistectorine A2,COc1cc(O)c2c(c1-c1c(C)cc(OC)c3c(OC)cccc13)C[C@H](C)N[C@H]2C,IC50,'=',70.0,nM,7.16,,,UO_0000065,0,CHEMBL3830115,organism-based format,,CHEMBL3826888,1,Scientific Literature,Bioorg Med Chem Lett,,Antiparasitic activity against Plasmodium falciparum K1,K1,7.15,active,7.335,,,6.0-7.5,2,5948,K1
CHEMBL203125,FOSMIDOMYCIN,3.0,183.1,0.0,-0.6,1,O=CN(O)CCCP(=O)(O)O,IC50,'=',1730.0,nM,5.76,,,UO_0000065,0,CHEMBL1118495,organism-based format,,CHEMBL1155443,1,Scientific Literature,J Med Chem,,Antiplasmodial activity against Plasmodium falciparum K1 by micro dilution assay,K1,5.76,inactive,5.595,,,5.0-6.0,14,5948,K1
CHEMBL4285616,,,651.85,3.0,7.12,"23a, Major-isomer",CCCCCCCCCCCCNc1ncnc2c1ncn2[C@@H](CC(=O)OCC)[C@H]1O[C@@H]2OC(C)(C)O[C@@H]2[C@H]1OCc1ccccc1,IC50,'=',1130.0,nM,5.95,,,UO_0000065,0,CHEMBL4259258,organism-based format,,CHEMBL4257512,1,Scientific Literature,Medchemcomm,,Antiplasmodial activity against chloroquine-resistant Plasmodium falciparum K1 asynchronous cultures infected in human erythrocytes measured after 72 hrs by SYBR Green1 dye based fluorescence assay,K1,5.95,inactive,5.95,chloroquine resistant,CQR,5.0-6.0,2,5948,K1
CHEMBL4560133,,,572.74,1.0,4.83,40,COC(=O)CC[C@]1(COC(C)=O)C2=CC[C@]3(C)[C@@H]([C@H](C)[C@H]4OC(=O)C(C)=C[C@@H]4O)CC[C@@]3(C)C2=CC[C@H]1C(C)(C)O,IC50,'=',6300.0,nM,5.2,,,UO_0000065,0,CHEMBL4321528,organism-based format,,CHEMBL4316637,1,Scientific Literature,J Nat Prod,,Antimalarial activity against Plasmodium falciparum K1 infected in human type A+ erythrocytes incubated for 24 hrs followed by [G-3H]-hypoxanthine incorporation and measured after 18 hrs by liquid scintillation counting method,K1,5.2,inactive,5.2,,,5.0-6.0,1,5948,K1
CHEMBL5413671,,,381.49,1.0,5.45,137i,CCN(CC)CC(CC(C)C)N(C)c1ccnc2cc(C(F)(F)F)ccc12,IC50,'=',2500.0,nM,5.6,,,UO_0000065,0,CHEMBL5345238,organism-based format,,CHEMBL5344418,1,Scientific Literature,Eur J Med Chem,,Antimalarial activity against chloroquine-resistant Plasmodium falciparum K1 assessed as reduction in parasite growth incubated for 72 hrs by SYBR Green staining based fluorescence analysis,K1,5.6,inactive,5.6,chloroquine resistant,CQR,5.0-6.0,2,5948,K1
CHEMBL3338054,,,346.39,0.0,3.79,60,Cc1cc(C)c(Oc2nc(N)nc(Nc3cccc(C#N)c3)n2)c(C)c1,IC50,'=',6270.0,nM,5.2,,,UO_0000065,0,CHEMBL4143004,organism-based format,,CHEMBL4138212,1,Scientific Literature,Eur J Med Chem,,Antiplasmodial activity against chloroquine-resistant Plasmodium falciparum K1 infected in human O-positive erythrocytes assessed as decrease in parasitaemia after 72 hrs by NBT dye-based spectrophotometric method,K1,5.2,inactive,5.2,chloroquine resistant,CQR,5.0-6.0,2,5948,K1
CHEMBL55,PENTAMIDINE,4.0,340.43,0.0,2.88,Pentamidine,N=C(N)c1ccc(OCCCCCOc2ccc(C(=N)N)cc2)cc1,IC50,'=',6.4,nM,8.19,,,UO_0000065,0,CHEMBL1647318,organism-based format,,CHEMBL1641490,1,Scientific Literature,Bioorg Med Chem,,Antiplasmodial activity against Plasmodium falciparum K1 infected in human RBC after 48 hrs by [3H]-hypoxanthine incorporation assay,K1,8.19,high_potency,7.353,,,>=7.5,23,5948,K1
CHEMBL1692,IMIPRAMINE HYDROCHLORIDE,4.0,316.88,0.0,3.88,NCGC00094054-01,CN(C)CCCN1c2ccccc2CCc2ccccc21,IC50,'=',15848.93,nM,4.8,,,UO_0000065,0,CHEMBL1267247,organism-based format,,CHEMBL1255382,1,Scientific Literature,Nat Chem Biol,,Antiplasmodial activity against Plasmodium falciparum D10 after 72 hrs by SYBR green assay,D10,4.8,inactive,4.8,,,<=5.0,6,1503,D10
CHEMBL55,PENTAMIDINE,4.0,340.43,0.0,2.88,PMD,N=C(N)c1ccc(OCCCCCOc2ccc(C(=N)N)cc2)cc1,IC50,'=',58.0,nM,7.24,,,UO_0000065,0,CHEMBL837874,organism-based format,,CHEMBL1158484,1,Scientific Literature,J Med Chem,,Antiplasmodial activity after 48 hrs against chloroquine-resistant Plasmodium falciparum K1 infected human erythrocytes by [3H]hypoxanthine uptake,K1,7.24,active,7.353,chloroquine resistant,CQR,6.0-7.5,23,5948,K1
CHEMBL3338053,,,321.38,0.0,3.91,69,Cc1cc(C)c(Oc2nc(N)nc(Nc3ccccc3)n2)c(C)c1,IC50,'=',31270.0,nM,4.5,,,UO_0000065,0,CHEMBL3382915,organism-based format,,CHEMBL3352040,1,Scientific Literature,Bioorg Med Chem,,Antiplasmodial activity against chloroquine-resistant Plasmodium falciparum K1 infected in human O positive erythrocyte assessed as reduction in parasitemia after 72 hrs,K1,4.5,inactive,4.5,chloroquine resistant,CQR,<=5.0,2,5948,K1
CHEMBL349609,ARBORININE,,285.3,0.0,2.41,"2, arborinine",COc1cc2c(c(O)c1OC)c(=O)c1ccccc1n2C,IC50,'=',9340.0,nM,5.03,,,UO_0000065,0,CHEMBL1003848,organism-based format,,CHEMBL1150107,1,Scientific Literature,J Nat Prod,,Antiplasmodial activity against chloroquine-resistant Plasmodium falciparum K1 after 48 hrs by LDH activity,K1,5.03,inactive,5.03,chloroquine resistant,CQR,5.0-6.0,1,5948,K1
CHEMBL137883,,,304.29,0.0,3.88,36,COc1ccc(C(=O)/C=C/c2ccc(F)cc2F)c(OC)c1,IC50,'=',6500.0,nM,5.19,,,UO_0000065,0,CHEMBL943128,organism-based format,,CHEMBL1140598,1,Scientific Literature,Eur J Med Chem,,Antimalarial activity against chloroquine-resistant Plasmodium falciparum K1 by [3H]hypoxanthine incorporation,K1,5.19,inactive,5.2,chloroquine resistant,CQR,5.0-6.0,6,5948,K1
CHEMBL4637440,,,700.8,3.0,7.06,110a,COP(=O)(OCC[C@H]1O[C@@H]2O[C@]3(C)CC[C@H]4[C@H](C)CC[C@@H]([C@H]1C)[C@@]24OO3)OCC[C@H]1O[C@@H]2O[C@]3(C)CC[C@H]4[C@H](C)CC[C@@H]([C@H]1C)[C@@]24OO3,IC50,'=',0.2,nM,9.7,,,UO_0000065,0,CHEMBL4616746,organism-based format,,CHEMBL4616581,1,Scientific Literature,Eur J Med Chem,,Antimalarial activity against chloroquine-resistant Plasmodium falciparum K1 after 48 hrs by [3H]-hypoxanthine incorporation assay,K1,9.7,high_potency,9.7,chloroquine resistant,CQR,>=7.5,4,5948,K1
CHEMBL4637440,,,700.8,3.0,7.06,89a,COP(=O)(OCC[C@H]1O[C@@H]2O[C@]3(C)CC[C@H]4[C@H](C)CC[C@@H]([C@H]1C)[C@@]24OO3)OCC[C@H]1O[C@@H]2O[C@]3(C)CC[C@H]4[C@H](C)CC[C@@H]([C@H]1C)[C@@]24OO3,IC50,'=',0.2,nM,9.7,,,UO_0000065,0,CHEMBL5246789,organism-based format,,CHEMBL5244272,1,Scientific Literature,Eur J Med Chem,,Antimalarial activity against Plasmodium falciparum K1,K1,9.7,high_potency,9.7,,,>=7.5,4,5948,K1
CHEMBL373894,,,351.88,0.0,4.77,3h,Clc1cccc(C(c2ccc(CN3CCCC3)cc2)n2ccnc2)c1,IC50,'=',199.0,nM,6.7,,,UO_0000065,0,CHEMBL934481,organism-based format,,CHEMBL1142373,1,Scientific Literature,J Med Chem,,Antiplasmodial activity against chloroquine-resistant Plasmodium falciparum K1 by [3H]hypoxanthine incorporation,K1,6.7,active,6.7,chloroquine resistant,CQR,6.0-7.5,8,5948,K1
CHEMBL55,PENTAMIDINE,4.0,340.43,0.0,2.88,PMD,N=C(N)c1ccc(OCCCCCOc2ccc(C(=N)N)cc2)cc1,IC50,'=',58.0,nM,7.24,,,UO_0000065,0,CHEMBL1058990,organism-based format,,CHEMBL1153541,1,Scientific Literature,J Med Chem,,Antiplasmodial activity after 48 hrs against chloroquine-resistant Plasmodium falciparum K1 by [3H]hypoxanthine uptake,K1,7.24,active,7.353,chloroquine resistant,CQR,6.0-7.5,23,5948,K1
CHEMBL55,PENTAMIDINE,4.0,340.43,0.0,2.88,Pentamidine,N=C(N)c1ccc(OCCCCCOc2ccc(C(=N)N)cc2)cc1,IC50,'=',58.4,nM,7.23,,,UO_0000065,0,CHEMBL887250,organism-based format,,CHEMBL1144579,1,Scientific Literature,Eur J Med Chem,,Antiparasitic activity against Plasmodium falciparum K1,K1,7.23,active,7.353,,,6.0-7.5,23,5948,K1
CHEMBL5275583,,,561.61,2.0,5.98,21,Cc1noc(-c2ccc(CCN3CCC(Nc4nc5ccccc5n4Cc4ccc(C(F)(F)F)nc4)CC3)cc2)n1,IC50,'=',173.0,nM,6.76,,,UO_0000065,0,CHEMBL5239928,organism-based format,,CHEMBL5236628,1,Scientific Literature,J Med Chem,,Antiplasmodial activity against multidrug resistant Plasmodium falciparum K1 incubated for 72 hrs by microplate reader assay,K1,6.76,active,6.76,multidrug resistant,MDR,6.0-7.5,2,5948,K1
CHEMBL55,PENTAMIDINE,4.0,340.43,0.0,2.88,pentamidine,N=C(N)c1ccc(OCCCCCOc2ccc(C(=N)N)cc2)cc1,IC50,'=',34.6,nM,7.46,,,UO_0000065,0,CHEMBL833980,organism-based format,,CHEMBL1144346,1,Scientific Literature,J Med Chem,,In vitro antiprotozoal activity for Plasmodium falciparum K1,K1,7.46,active,7.353,,,6.0-7.5,23,5948,K1
CHEMBL3885108,,,317.86,0.0,4.57,9,Clc1ccc2c(NCCCN3CCCCCC3)ccnc2c1,IC50,'=',38.0,nM,7.42,,,UO_0000065,0,CHEMBL3876772,assay format,,CHEMBL3875207,1,Scientific Literature,Bioorg Med Chem,,Antiplasmodial activity against chloroquine/pyrimethamine-resistant Plasmodium falciparum K1 infected in human RBC assessed as reduction in [3H]hypoxanthine incorporation preincubated for 48 hrs followed by [3H]hypoxanthine addition measured after 24 hrs by liquid scintillation counting method,K1,7.42,active,7.42,chloroquine/pyrimethamine resistant,"CQR, PYRR",6.0-7.5,2,5948,K1
CHEMBL511822,TARAXEROL,,426.73,1.0,8.17,13,CC1(C)CC[C@]2(C)CC=C3[C@]4(C)CC[C@H]5C(C)(C)[C@@H](O)CC[C@]5(C)[C@H]4CC[C@@]3(C)[C@@H]2C1,IC50,'=',8500.0,nM,5.07,,,UO_0000065,0,CHEMBL1776446,organism-based format,,CHEMBL1773047,1,Scientific Literature,J Nat Prod,,Antiplasmodial activity against chloroquine- and pyrimethamine-resistant Plasmodium falciparum K1 infected in human red blood cells assessed as [3H]hypoxanthine incorporation after 48 hrs by liquid scintillation counting,K1,5.07,inactive,5.07,chloroquine and pyrimethamine resistant,"CQR, PYRR",5.0-6.0,1,5948,K1
CHEMBL374245,,,321.46,0.0,4.03,3a,CN(C)C12CC(O)C(C(c3ccccc3)C1)C(c1ccccc1)C2,IC50,'=',13130.0,nM,4.88,,,UO_0000065,0,CHEMBL973272,organism-based format,,CHEMBL1149817,1,Scientific Literature,Eur J Med Chem,,Antiprotozoal activity against chloroquine and pyrimethamine-resistant Plasmodium falciparum K1,K1,4.88,inactive,4.88,chloroquine and pyrimethamine resistant,"CQR, PYRR",<=5.0,1,5948,K1
CHEMBL3822704,,,413.69,1.0,5.05,11,COc1ccc(COc2nc(C(Cl)(Cl)Cl)nc3ccccc23)cc1OC,IC50,'=',3900.0,nM,5.41,,,UO_0000065,0,CHEMBL3826384,organism-based format,,CHEMBL3822443,1,Scientific Literature,Eur J Med Chem,,Antiplasmodial activity against chloroquine/purimethamine/proguanil-resistant Plasmodium falciparum K1 infected in human A+ erythrocytes assessed as reduction in parasitaemia measured after 72 hrs by SYBR Green I fluorescence-based assay,K1,5.41,inactive,5.41,chloroquine/purimethamine/proguanil resistant,"CQR, PRGR, PUMR",5.0-6.0,1,5948,K1
CHEMBL520012,,,329.83,0.0,3.93,5e,CN(C)c1ccc2nc3ccc(N4CCCC4)cc3[o+]c2c1,IC50,'=',6.0,nM,8.22,,,UO_0000065,0,CHEMBL1001817,organism-based format,,CHEMBL1150378,1,Scientific Literature,J Med Chem,,Antiplasmodial activity against chloroquine and pyrimethamine-resistant Plasmodium falciparum K1,K1,8.22,high_potency,8.22,chloroquine and pyrimethamine resistant,"CQR, PYRR",>=7.5,1,5948,K1
CHEMBL4556237,,,451.5,0.0,2.16,19f,COC(=O)[C@H](CC(C)C)NP(=O)(CCCC(=O)N(C)O)N[C@@H](CC(C)C)C(=O)OC,IC50,'=',1760.0,nM,5.75,,,UO_0000065,0,CHEMBL4424188,organism-based format,,CHEMBL4422657,1,Scientific Literature,Bioorg Med Chem,,Antiplasmodial activity against chloroquine-resistant Plasmodium falciparum K1 infected in human erythrocytes measured after 72 hrs Malstat/NBT reagent based assay,K1,5.75,inactive,5.75,chloroquine resistant,CQR,5.0-6.0,1,5948,K1
CHEMBL207675,SODIUM ARESUNATE,,406.41,0.0,2.6,ArtNa,C[C@H]1[C@H](OC(=O)CCC(=O)[O-])O[C@@H]2O[C@@]3(C)CC[C@H]4[C@H](C)CC[C@@H]1[C@@]24OO3,IC50,'=',0.933,nM,9.03,,,UO_0000065,0,CHEMBL2060099,organism-based format,,CHEMBL2057139,1,Scientific Literature,Bioorg Med Chem,,Antimalarial activity against asexual erythrocyte stage of chloroquine-sensitive Plasmodium falciparum D10 by parasite lactate dehydrogenase assay,D10,9.03,high_potency,9.03,asexual erythrocyte stage of chloroquine sensitive,CQS,>=7.5,22,1503,D10
CHEMBL55,PENTAMIDINE,4.0,340.43,0.0,2.88,"PMD, Pentamidine",N=C(N)c1ccc(OCCCCCOc2ccc(C(=N)N)cc2)cc1,IC50,'=',46.0,nM,7.34,,,UO_0000065,0,CHEMBL2399337,organism-based format,,CHEMBL2396601,1,Scientific Literature,J Med Chem,,Antiprotozoal activity against chloroquine-resistant Plasmodium falciparum K1 after 48 hrs by [3H]-hypoxanthine incorporation assay,K1,7.34,active,7.353,chloroquine resistant,CQR,6.0-7.5,23,5948,K1
CHEMBL5175567,,,643.09,2.0,2.86,94,COC(=O)C12C=C(OC)[C@]3(Cl)C(C)(C=C(C4=C[C@H](O)[C@@H]5O[C@]5(CC=C(C)C)[C@@H]4O)[C@]3(O)C13OC(=O)c1c(O)cc(C)cc1O3)C2,IC50,'=',2710.0,nM,5.57,,,UO_0000065,0,CHEMBL5128598,organism-based format,,CHEMBL5126551,1,Scientific Literature,Eur J Med Chem,,Antimalarial activity against Plasmodium falciparum K1 assessed as inhibition of parasite growth,K1,5.57,inactive,5.57,,,5.0-6.0,1,5948,K1
CHEMBL161343,ARACHIDONOYL GLYCINE,,361.53,1.0,5.33,NCGC00093582-01,CCCCC/C=C\C/C=C\C/C=C\C/C=C\CCCC(=O)NCC(=O)O,IC50,'=',12589.25,nM,4.9,,,UO_0000065,0,CHEMBL1267247,organism-based format,,CHEMBL1255382,1,Scientific Literature,Nat Chem Biol,,Antiplasmodial activity against Plasmodium falciparum D10 after 72 hrs by SYBR green assay,D10,4.9,inactive,4.9,,,<=5.0,6,1503,D10
CHEMBL397824,,,311.3,1.0,-2.67,4b,CN(N)c1nc(N)nc2c1ncn2[C@@H]1O[C@H](CO)[C@@H](O)[C@H]1O,IC50,'=',3600.0,nM,5.44,,,UO_0000065,0,CHEMBL898385,organism-based format,,CHEMBL1149611,1,Scientific Literature,Bioorg Med Chem,,"Antimalarial activity against chloroquine,pyrimethamine-resistant Plasmodium falciparum K1 after 24 hrs",K1,5.44,inactive,5.44,chloroquine pyrimethamine resistant,"CQR, PYRR",5.0-6.0,3,5948,K1
CHEMBL139679,,,274.7,0.0,3.65,211,O=C(/C=C/c1ccc(Cl)cc1)c1ccc(O)cc1O,IC50,'=',12300.0,nM,4.91,,,UO_0000065,0,CHEMBL880957,organism-based format,,CHEMBL1134841,1,Scientific Literature,J Med Chem,,Inhibition of [3H]hypoxanthine incorporation in Plasmodium falciparum K1,K1,4.91,inactive,4.91,,,<=5.0,2,5948,K1
CHEMBL5428205,,,356.42,0.0,3.82,1,C=CC(C)(C)c1c(O)cc2c(c1O)C(=O)[C@@]1(C)O[C@@]1(CC=C(C)C)C2=O,IC50,'=',200.0,nM,6.7,,,UO_0000065,0,CHEMBL5337795,organism-based format,,CHEMBL5335829,1,Scientific Literature,J Nat Prod,,Antiplasmodial activity against chloroquine-resistant Plasmodium falciparum K1 assessed as parasite growth inhibition,K1,6.7,active,6.7,chloroquine resistant,CQR,6.0-7.5,2,5948,K1
CHEMBL510457,DEHYDROXY TEBAQUINE,,450.41,1.0,7.79,DOHTBQ,CCN(CC)Cc1cc(Nc2ccnc3cc(Cl)ccc23)cc(-c2ccc(Cl)cc2)c1,IC50,'=',69.0,nM,7.16,,,UO_0000065,0,CHEMBL3055249,organism-based format,,CHEMBL3044897,1,Scientific Literature,Med Chem Res,,Antimalarial activity against chloroquine-resistant Plasmodium falciparum K1 assessed as incorporation of [3H]hypoxanthine after 48 hr microdilution method,K1,7.16,active,7.16,chloroquine resistant,CQR,6.0-7.5,3,5948,K1
CHEMBL219478,,,362.48,0.0,4.53,4f (DP),CCN(CC)Cc1ccc(/C=N/Nc2ccnc3ccc(OC)cc23)cc1,IC50,'=',39.2,nM,7.41,,,UO_0000065,0,CHEMBL863585,organism-based format,,CHEMBL1137279,1,Scientific Literature,Bioorg Med Chem Lett,,Antimalarial activity against chloroquine-sensitive Plasmodium falciparum D10,D10,7.41,active,7.41,chloroquine sensitive,CQS,6.0-7.5,11,1503,D10
CHEMBL531475,,,355.42,0.0,2.8,1,COc1ccc(-c2cc(-c3ccc(S(C)(=O)=O)cc3)cnc2N)cn1,IC50,'=',51.0,nM,7.29,,,UO_0000065,0,CHEMBL3129042,organism-based format,,CHEMBL3124877,1,Scientific Literature,J Med Chem,,Antiplasmodial activity against multidrug resistant Plasmodium falciparum K1 assessed as parasite growth inhibition,K1,7.29,active,7.29,multidrug resistant,MDR,6.0-7.5,4,5948,K1
CHEMBL1275664,,,227.27,0.0,2.12,178,OCCNc1nccc2c1[nH]c1ccccc12,IC50,'=',2400.0,nM,5.62,,,UO_0000065,0,CHEMBL5097888,organism-based format,,CHEMBL5096184,1,Scientific Literature,Eur J Med Chem,,Antimalarial activity against Plasmodium falciparum K1,K1,5.62,inactive,5.81,,,5.0-6.0,2,5948,K1
CHEMBL99170,,,243.35,0.0,2.99,1d,CCN(CC)CCNc1ccnc2ccccc12,IC50,'=',1060.0,nM,5.97,,,UO_0000065,0,CHEMBL766123,organism-based format,,CHEMBL1135536,1,Scientific Literature,J Med Chem,,In vitro antiplasmodial activity against chloroquine-sensitive Plasmodium falciparum D10,D10,5.97,inactive,6.013333,chloroquine sensitive,CQS,5.0-6.0,3,1503,D10
CHEMBL1479,DANAZOL,4.0,337.46,0.0,4.22,NCGC00024732-02,C#C[C@]1(O)CC[C@H]2[C@@H]3CCC4=Cc5oncc5C[C@]4(C)[C@H]3CC[C@@]21C,IC50,'=',12589.25,nM,4.9,,,UO_0000065,0,CHEMBL1267247,organism-based format,,CHEMBL1255382,1,Scientific Literature,Nat Chem Biol,,Antiplasmodial activity against Plasmodium falciparum D10 after 72 hrs by SYBR green assay,D10,4.9,inactive,4.9,,,<=5.0,6,1503,D10
CHEMBL1255747,DIPROPYLDOPAMINE HYDROBROMIDE,,318.26,0.0,2.76,NCGC00093878-01,CCCN(CCC)CCc1ccc(O)c(O)c1,IC50,'=',12589.25,nM,4.9,,,UO_0000065,0,CHEMBL1267247,organism-based format,,CHEMBL1255382,1,Scientific Literature,Nat Chem Biol,,Antiplasmodial activity against Plasmodium falciparum D10 after 72 hrs by SYBR green assay,D10,4.9,inactive,4.9,,,<=5.0,6,1503,D10
CHEMBL129795,ISOLIQUIRITIGENIN,,256.26,0.0,2.7,13,O=C(/C=C/c1ccc(O)cc1)c1ccc(O)cc1O,IC50,'=',32000.0,nM,4.5,,,UO_0000065,0,CHEMBL1051621,organism-based format,,CHEMBL1152411,1,Scientific Literature,J Nat Prod,,Antiplasmodial activity against chloroquine-sensitive Plasmodium falciparum D10,D10,4.49,inactive,4.695,chloroquine sensitive,CQS,<=5.0,8,1503,D10
CHEMBL1828820,ARTEFENOMEL,2.0,469.62,0.0,4.88,2; OZ439,c1cc([C@H]2CC[C@]3(CC2)OO[C@]2(O3)C3CC4CC(C3)CC2C4)ccc1OCCN1CCOCC1,IC50,'=',2.0,nM,8.7,,,UO_0000065,0,CHEMBL4008052,assay format,,CHEMBL4007393,1,Scientific Literature,J Med Chem,,Antimalarial activity against chloroquine-resistant Plasmodium falciparum K1 assessed as reduction in [3H]-hypoxanthine incorporation preincubated for 24 hrs followed by [3H]-hypoxanthine addition measured after 18 hrs by liquid scintillation counting,K1,8.7,high_potency,8.535,chloroquine resistant,CQR,>=7.5,8,5948,K1
CHEMBL367738,,,182.23,0.0,2.68,13,Cn1cccc2nc3ccccc3c1-2,IC50,'=',480.0,nM,6.32,,,UO_0000065,0,CHEMBL1067384,organism-based format,,CHEMBL1152627,1,Scientific Literature,Bioorg Med Chem,,Antimalarial activity against chloroquine and pyrimethamine-resistant Plasmodium falciparum K1 by [3H]hypoxanthine incorporation assay,K1,6.32,active,5.99,chloroquine and pyrimethamine resistant,"CQR, PYRR",6.0-7.5,2,5948,K1
CHEMBL139077,,,313.31,0.0,3.51,115,COc1ccc(C(=O)/C=C/c2ccc([N+](=O)[O-])cc2)c(OC)c1,IC50,'=',100000.0,nM,4.0,,,UO_0000065,0,CHEMBL880957,organism-based format,,CHEMBL1134841,1,Scientific Literature,J Med Chem,,Inhibition of [3H]hypoxanthine incorporation in Plasmodium falciparum K1,K1,4.0,inactive,4.0,,,<=5.0,1,5948,K1
CHEMBL38827,LUMEFANTRINE,4.0,528.95,2.0,9.15,LM,CCCCN(CCCC)CC(O)c1cc(Cl)cc2c1-c1ccc(Cl)cc1/C2=C/c1ccc(Cl)cc1,IC50,'=',0.31,nM,9.51,,,UO_0000065,0,CHEMBL1246878,organism-based format,,CHEMBL1240396,1,Scientific Literature,Antimicrob Agents Chemother,,Antimicrobial activity against chloroquine-resistant Plasmodium falciparum K1 by ELISA,K1,9.51,high_potency,9.51,chloroquine resistant,CQR,>=7.5,48,5948,K1
CHEMBL2181207,,,352.87,1.0,5.23,6b,CCCN1CNc2cc(Nc3ccnc4cc(Cl)ccc34)ccc2C1,IC50,'=',21.0,nM,7.68,,,UO_0000065,0,CHEMBL2187313,organism-based format,,CHEMBL2176916,1,Scientific Literature,J Med Chem,,Antiplasmodial activity against chloroquine-sensitive Plasmodium falciparum D10 infected in human RBCs after 72 hrs by parasite lactate dehydrogenase assay,D10,7.68,high_potency,7.68,chloroquine sensitive,CQS,>=7.5,4,1503,D10
CHEMBL585,TRIAMTERENE,4.0,253.27,0.0,0.83,"NCGC00023458-04, 12",Nc1nc(N)c2nc(-c3ccccc3)c(N)nc2n1,IC50,'=',70000.0,nM,4.16,,,UO_0000065,0,CHEMBL1266369,organism-based format,,CHEMBL1255382,1,Scientific Literature,Nat Chem Biol,,Antiplasmodial activity against Plasmodium falciparum D10 harboring polymorphic DHFR after 72 hrs by SYBR green assay,D10,4.15,inactive,4.875,,,<=5.0,45,1503,D10
CHEMBL55,PENTAMIDINE,4.0,340.43,0.0,2.88,PMD,N=C(N)c1ccc(OCCCCCOc2ccc(C(=N)N)cc2)cc1,IC50,'=',46.4,nM,7.33,,,UO_0000065,0,CHEMBL2422960,organism-based format,,CHEMBL2417357,1,Scientific Literature,Eur J Med Chem,,Antiplasmodial activity against chloroquine-resistant Plasmodium falciparum K1,K1,7.33,active,7.353,chloroquine resistant,CQR,6.0-7.5,23,5948,K1
CHEMBL540445,PARTHENOLIDE,2.0,248.32,0.0,2.76,NCGC00094250-01,C=C1C(=O)O[C@H]2[C@H]1CC/C(C)=C/CC[C@@]1(C)O[C@@H]21,IC50,'=',12589.25,nM,4.9,,,UO_0000065,0,CHEMBL1267247,organism-based format,,CHEMBL1255382,1,Scientific Literature,Nat Chem Biol,,Antiplasmodial activity against Plasmodium falciparum D10 after 72 hrs by SYBR green assay,D10,4.9,inactive,4.9,,,<=5.0,6,1503,D10
CHEMBL84567,TRACAZOLATE,2.0,304.39,0.0,3.15,NCGC00025215-02,CCCCNc1c(C(=O)OCC)c(C)nc2c1cnn2CC,IC50,'=',12589.25,nM,4.9,,,UO_0000065,0,CHEMBL1267247,organism-based format,,CHEMBL1255382,1,Scientific Literature,Nat Chem Biol,,Antiplasmodial activity against Plasmodium falciparum D10 after 72 hrs by SYBR green assay,D10,4.9,inactive,4.9,,,<=5.0,6,1503,D10
CHEMBL207675,SODIUM ARESUNATE,,406.41,0.0,2.6,sodium artesunate,C[C@H]1[C@H](OC(=O)CCC(=O)[O-])O[C@@H]2O[C@@]3(C)CC[C@H]4[C@H](C)CC[C@@H]1[C@@]24OO3,IC50,'=',4.0,nM,8.4,,,UO_0000065,0,CHEMBL1047865,organism-based format,,CHEMBL1156797,1,Scientific Literature,J Med Chem,,Antimalarial activity against Plasmodium falciparum K1 assessed as [3H]hypoxanthine incorporation by scintillation counting,K1,8.4,high_potency,8.775,,,>=7.5,22,5948,K1
CHEMBL69863,PICEATANNOL,,244.25,0.0,2.68,NCGC00094226-01,Oc1cc(O)cc(/C=C/c2ccc(O)c(O)c2)c1,IC50,'=',12589.25,nM,4.9,,,UO_0000065,0,CHEMBL1267247,organism-based format,,CHEMBL1255382,1,Scientific Literature,Nat Chem Biol,,Antiplasmodial activity against Plasmodium falciparum D10 after 72 hrs by SYBR green assay,D10,4.9,inactive,4.9,,,<=5.0,7,1503,D10
CHEMBL55,PENTAMIDINE,4.0,340.43,0.0,2.88,I,N=C(N)c1ccc(OCCCCCOc2ccc(C(=N)N)cc2)cc1,IC50,'=',46.4,nM,7.33,,,UO_0000065,0,CHEMBL1768090,organism-based format,,CHEMBL1765028,1,Scientific Literature,Bioorg Med Chem,,Antiparasitic activity against Plasmodium falciparum K1,K1,7.33,active,7.353,,,6.0-7.5,23,5948,K1
CHEMBL2368168,,,470.53,1.0,5.86,64d,C[C@H]1[C@@H](CCOCc2ccccc2C(F)(F)F)O[C@@H]2O[C@]3(C)CC[C@H]4[C@H](C)CC[C@@H]1[C@@]24OO3,IC50,'=',1.64,nM,8.79,,,UO_0000065,0,CHEMBL4616749,organism-based format,,CHEMBL4616581,1,Scientific Literature,Eur J Med Chem,,Antimalarial activity against chloroquine-resistant Plasmodium falciparum K1,K1,8.79,high_potency,8.615,chloroquine resistant,CQR,>=7.5,4,5948,K1
CHEMBL394001,,,458.65,1.0,5.21,9b,O=C(CN1CCCC1)OC1CC2(N3CCCC3)CC(c3ccccc3)C1C(c1ccccc1)C2,IC50,'=',700.0,nM,6.16,,,UO_0000065,0,CHEMBL898381,organism-based format,,CHEMBL1149610,1,Scientific Literature,Bioorg Med Chem,,"Antiplasmodial activity against chloroquine, pyrimethamine-resistant Plasmodium falciparum K1 after 48 hrs",K1,6.15,active,6.15,chloroquine pyrimethamine resistant,"CQR, PYRR",6.0-7.5,2,5948,K1
CHEMBL139679,,,274.7,0.0,3.65,37,O=C(/C=C/c1ccc(Cl)cc1)c1ccc(O)cc1O,IC50,'=',12300.0,nM,4.91,,,UO_0000065,0,CHEMBL943128,organism-based format,,CHEMBL1140598,1,Scientific Literature,Eur J Med Chem,,Antimalarial activity against chloroquine-resistant Plasmodium falciparum K1 by [3H]hypoxanthine incorporation,K1,4.91,inactive,4.91,chloroquine resistant,CQR,<=5.0,2,5948,K1
CHEMBL5406941,,,534.29,1.0,4.78,13c,CN(O)C(=O)CCCP(=O)(OCOC(=O)c1ccc(Cl)cc1)OCOC(=O)c1ccc(Cl)cc1,IC50,'=',140.0,nM,6.85,,,UO_0000065,0,CHEMBL5387098,organism-based format,,CHEMBL5385862,1,Scientific Literature,Eur J Med Chem,,Antiplasmodial activity against asexual blood stage Plasmodium falciparum K1 assessed as inhibition of parasitic growth,K1,6.85,active,6.85,,,6.0-7.5,1,5948,K1
CHEMBL520043,ALLOCRYPTOPINE,,369.42,0.0,2.85,Allocrytopine,COc1ccc2c(c1OC)CN(C)CCc1cc3c(cc1C(=O)C2)OCO3,IC50,'=',5080.0,nM,5.29,,,UO_0000065,0,CHEMBL968123,organism-based format,,CHEMBL1155642,1,Scientific Literature,J Nat Prod,,Antiplasmodial activity against multi drug-resistant Plasmodium falciparum K1 in erythrocytes by [3H]hypoxanthine uptake,K1,5.29,inactive,5.29,multi drug resistant,MDR,5.0-6.0,1,5948,K1
CHEMBL373894,,,351.88,0.0,4.77,3h,Clc1cccc(C(c2ccc(CN3CCCC3)cc2)n2ccnc2)c1,IC50,'=',1419.0,nM,5.85,,,UO_0000065,0,CHEMBL934478,organism-based format,,CHEMBL1142373,1,Scientific Literature,J Med Chem,,Antiplasmodial activity against chloroquine-sensitive Plasmodium falciparum D10 by [3H]hypoxanthine incorporation,D10,5.85,inactive,5.85,chloroquine sensitive,CQS,5.0-6.0,8,1503,D10
CHEMBL62603,,,681.07,2.0,10.75,C1,CCN(CC)CCCC(C)Nc1cc(CCCCCCCCc2cc(NC(C)CCCN(CC)CC)c3ccccc3n2)nc2ccccc12,IC50,'=',25.0,nM,7.6,,,UO_0000065,0,CHEMBL1016909,organism-based format,,CHEMBL1154474,1,Scientific Literature,Eur J Med Chem,,Antimalarial activity against chloroquine-resistant Plasmodium falciparum K1,K1,7.6,high_potency,7.6,chloroquine resistant,CQR,>=7.5,3,5948,K1
CHEMBL19980,BREFELDIN A,,280.36,0.0,1.96,NCGC00093648-01,C[C@H]1CCC/C=C/[C@@H]2C[C@H](O)C[C@H]2[C@H](O)/C=C/C(=O)O1,IC50,'=',1995.26,nM,5.7,,,UO_0000065,0,CHEMBL1267247,organism-based format,,CHEMBL1255382,1,Scientific Literature,Nat Chem Biol,,Antiplasmodial activity against Plasmodium falciparum D10 after 72 hrs by SYBR green assay,D10,5.7,inactive,5.7,,,5.0-6.0,7,1503,D10
CHEMBL367738,,,182.23,0.0,2.68,8,Cn1cccc2nc3ccccc3c1-2,IC50,'=',2200.0,nM,5.66,,,UO_0000065,0,CHEMBL753455,organism-based format,,CHEMBL1134377,1,Scientific Literature,J Med Chem,,Antiplasmodial activity against chloroquine-resistant Plasmodium falciparum K1,K1,5.66,inactive,5.99,chloroquine resistant,CQR,5.0-6.0,2,5948,K1
CHEMBL55,PENTAMIDINE,4.0,340.43,0.0,2.88,1,N=C(N)c1ccc(OCCCCCOc2ccc(C(=N)N)cc2)cc1,IC50,'=',46.4,nM,7.33,,,UO_0000065,0,CHEMBL1073225,organism-based format,,CHEMBL1152566,1,Scientific Literature,Bioorg Med Chem,,Antiplasmodial activity against Plasmodium falciparum K1,K1,7.33,active,7.353,,,6.0-7.5,23,5948,K1
CHEMBL517778,ERYSOVINE,,299.37,0.0,2.37,98,COc1cc2c(cc1O)[C@]13C[C@@H](OC)C=CC1=CCN3CC2,IC50,'=',4100.0,nM,5.39,,,UO_0000065,0,CHEMBL5128600,organism-based format,Erythrocyte,CHEMBL5126551,1,Scientific Literature,Eur J Med Chem,,Antimalarial activity against chloroquine-resistant Plasmodium falciparum K1 infected in human erythrocytes incubated for 72 hrs by parasite lactate dehydrogenase assay,K1,5.39,inactive,5.39,chloroquine resistant,CQR,5.0-6.0,1,5948,K1
CHEMBL55,PENTAMIDINE,4.0,340.43,0.0,2.88,PNT,N=C(N)c1ccc(OCCCCCOc2ccc(C(=N)N)cc2)cc1,IC50,'=',46.4,nM,7.33,,,UO_0000065,0,CHEMBL4827165,organism-based format,,CHEMBL4825701,1,Scientific Literature,Eur J Med Chem,,Antiplasmodial activity against chloroquine and pyrimethamine resistant Plasmodium falciparum K1 infected in human erythrocytes assessed as reduction in [3H]hypoxanthine incorporation measured after 24 hrs by liquid scintillation counting method,K1,7.33,active,7.353,chloroquine and pyrimethamine resistant,"CQR, PYRR",6.0-7.5,23,5948,K1
CHEMBL4064641,,,712.11,2.0,10.4,2x,CCCCCCCCCCCCCCNC(=O)/C(CCC=C(C)C)=C1\[C@@H](OC(C)=O)C[C@@]2(C)[C@H]1C[C@@H](O)[C@H]1[C@@]3(C)CC[C@@H](O)[C@@H](C)[C@@H]3CC[C@@]12C,IC50,'=',4000.0,nM,5.4,,,UO_0000065,0,CHEMBL4042878,assay format,,CHEMBL4041542,1,Scientific Literature,Bioorg Med Chem Lett,,Antiplasmodial activity against chloroquine-resistant Plasmodium falciparum K1 by [3H]hypoxanthine incorporation assay,K1,5.4,inactive,5.4,chloroquine resistant,CQR,5.0-6.0,2,5948,K1
CHEMBL315874,,,402.71,1.0,6.48,"4; (+/-)-4, RDS 416",Clc1ccc(-c2c[nH]cc2C(c2ccc(Cl)cc2Cl)n2ccnc2)cc1,IC50,'=',160.0,nM,6.8,,,UO_0000065,0,CHEMBL4413421,organism-based format,,CHEMBL4411312,1,Scientific Literature,J Med Chem,,Antiprotozoal activity against erythrocytic stage of Plasmodium falciparum K1 after 48 hrs by [3H]- hypoxanthine incorporation assay,K1,6.8,active,6.8,,,6.0-7.5,2,5948,K1
CHEMBL4457955,,,491.02,1.0,5.81,4d,CS(=O)(=O)c1ccc2c(c1)nc(-c1ccccc1)n2CCCNc1ccnc2cc(Cl)ccc12,IC50,'=',1830.0,nM,5.74,,,UO_0000065,0,CHEMBL4361707,organism-based format,,CHEMBL4359849,1,Scientific Literature,Eur J Med Chem,,Antiplasmodial activity against chloroquine-resistant asexual blood stage of Plasmodium falciparum K1 by LDH assay,K1,5.74,inactive,5.74,chloroquine resistant,CQR,5.0-6.0,2,5948,K1
CHEMBL4648465,,,762.87,3.0,8.49,110b,C[C@H]1[C@@H](CCOP(=O)(OCC[C@H]2O[C@@H]3O[C@]4(C)CC[C@H]5[C@H](C)CC[C@@H]([C@H]2C)[C@@]35OO4)Oc2ccccc2)O[C@@H]2O[C@]3(C)CC[C@H]4[C@H](C)CC[C@@H]1[C@@]24OO3,IC50,'=',0.5,nM,9.3,,,UO_0000065,0,CHEMBL4616746,organism-based format,,CHEMBL4616581,1,Scientific Literature,Eur J Med Chem,,Antimalarial activity against chloroquine-resistant Plasmodium falciparum K1 after 48 hrs by [3H]-hypoxanthine incorporation assay,K1,9.3,high_potency,9.3,chloroquine resistant,CQR,>=7.5,4,5948,K1
CHEMBL1236460,THIOSTREPTON,-1.0,1664.92,,,Thiostrepton,C=C(NC(=O)C(=C)NC(=O)c1csc(C2=N[C@@H]3c4csc(n4)[C@H]4NC(=O)c5csc(n5)[C@H]([C@](C)(O)[C@@H](C)O)NC(=O)[C@H]5CSC(=N5)/C(=C/C)NC(=O)[C@H]([C@@H](C)O)NC(=O)c5csc(n5)[C@]3(CC2)NC(=O)[C@H](C)NC(=O)C(=C)NC(=O)[C@H](C)NC(=O)[C@H]([C@@H](C)CC)N[C@@H]2C=Cc3c([C@H](C)O)cc(nc3[C@H]2O)C(=O)O[C@@H]4C)n1)C(N)=O,IC50,'=',2277.0,nM,5.64,,,UO_0000065,0,CHEMBL1008258,organism-based format,,CHEMBL1156420,1,Scientific Literature,J Biol Chem,,Antimalarial activity after 48 hrs against Plasmodium falciparum GCO3 by [3H]hypoxanthine uptake,GCO3,5.64,inactive,5.84,,,5.0-6.0,8,66,GCO3
CHEMBL19215,METERGOLINE,4.0,403.53,0.0,4.06,NCGC00022834-04,CN1C[C@H](CNC(=O)OCc2ccccc2)C[C@@H]2c3cccc4c3c(cn4C)C[C@H]21,IC50,'=',7943.28,nM,5.1,,,UO_0000065,0,CHEMBL1267247,organism-based format,,CHEMBL1255382,1,Scientific Literature,Nat Chem Biol,,Antiplasmodial activity against Plasmodium falciparum D10 after 72 hrs by SYBR green assay,D10,5.1,inactive,5.1,,,5.0-6.0,8,1503,D10
CHEMBL1828820,ARTEFENOMEL,2.0,469.62,0.0,4.88,29; OZ439,c1cc([C@H]2CC[C@]3(CC2)OO[C@]2(O3)C3CC4CC(C3)CC2C4)ccc1OCCN1CCOCC1,IC50,'=',3.4,nM,8.47,,,UO_0000065,0,CHEMBL4425206,organism-based format,,CHEMBL4425082,1,Scientific Literature,J Med Chem,,Antimalarial activity against chloroquine-resistant Plasmodium falciparum K1 after 24 hrs in presence of hypoxanthine,K1,8.47,high_potency,8.535,chloroquine resistant,CQR,>=7.5,8,5948,K1
CHEMBL5185662,,,429.91,0.0,4.95,29,Cc1nc(CNC(=O)CNc2ccnc3cc(Cl)ccc23)cc2c1[nH]c1ccccc12,IC50,'=',48.8,nM,7.31,,,UO_0000065,0,CHEMBL5114972,organism-based format,,CHEMBL5113394,1,Scientific Literature,Eur J Med Chem,,Antiplasmodial activity against multidrug-resistant Plasmodium falciparum K1 assessed as inhibition of parasite growth incubated for 3 days by HRP2-ELISA,K1,7.31,active,7.31,multidrug resistant,MDR,6.0-7.5,4,5948,K1
CHEMBL8,CIPROFLOXACIN,4.0,331.35,0.0,1.58,CPX,O=C(O)c1cn(C2CC2)c2cc(N3CCNCC3)c(F)cc2c1=O,IC50,'=',38000.0,nM,4.42,,,UO_0000065,0,CHEMBL5244550,organism-based format,,CHEMBL5244209,1,Scientific Literature,Eur J Med Chem,,Antiplasmodial activity against asynchronous Plasmodium falciparum K1,K1,4.42,inactive,4.455,,,<=5.0,32,5948,K1
CHEMBL4798032,,,427.43,0.0,3.46,3,Nc1ncc(-c2ccc(C(=O)N3CCNCC3)cc2)nc1-c1ccc(C(F)(F)F)cc1,IC50,'=',5.2,nM,8.28,,,UO_0000065,0,CHEMBL4719469,organism-based format,Erythrocyte,CHEMBL4715789,1,Scientific Literature,J Med Chem,,Antiplasmodial activity against multidrug-resistant Plasmodium falciparum K1 infected in erythrocytes assessed as reduction in [3H]hypoxanthine incorporation preincubated for 48 hrs followed by [3H]hypoxanthine addition and measured after 24 hrs by liquid scintillation counting method,K1,8.28,high_potency,8.305,multidrug resistant,MDR,>=7.5,4,5948,K1
CHEMBL1830117,,,323.29,0.0,2.69,20a,CN(O)C(=O)CCC(c1cccc2ccccc12)P(=O)(O)O,IC50,'=',970.0,nM,6.01,,,UO_0000065,0,CHEMBL1832570,organism-based format,,CHEMBL1828585,1,Scientific Literature,J Med Chem,,Antimicrobial activity against chloroquine-resistant Plasmodium falciparum K1 infected in human erythrocytes assessed as inhibition of parasite replication,K1,6.01,active,6.01,chloroquine resistant,CQR,6.0-7.5,1,5948,K1
CHEMBL3338053,,,321.38,0.0,3.91,61,Cc1cc(C)c(Oc2nc(N)nc(Nc3ccccc3)n2)c(C)c1,IC50,'=',31270.0,nM,4.5,,,UO_0000065,0,CHEMBL4143004,organism-based format,,CHEMBL4138212,1,Scientific Literature,Eur J Med Chem,,Antiplasmodial activity against chloroquine-resistant Plasmodium falciparum K1 infected in human O-positive erythrocytes assessed as decrease in parasitaemia after 72 hrs by NBT dye-based spectrophotometric method,K1,4.5,inactive,4.5,chloroquine resistant,CQR,<=5.0,2,5948,K1
CHEMBL5177067,,,330.86,0.0,4.51,176,CCN(CC)CCCNc1nccc2c1[nH]c1ccc(Cl)cc12,IC50,'=',1080.0,nM,5.97,,,UO_0000065,0,CHEMBL5097888,organism-based format,,CHEMBL5096184,1,Scientific Literature,Eur J Med Chem,,Antimalarial activity against Plasmodium falciparum K1,K1,5.97,inactive,5.97,,,5.0-6.0,3,5948,K1
CHEMBL4755658,,,429.4,0.0,3.01,9g1,Nc1ncc(-c2ccc(C(=O)N3CCC(O)C3)cc2)nc1-c1ccc(C(F)(F)F)nc1,IC50,'=',12.0,nM,7.92,,,UO_0000065,0,CHEMBL4719469,organism-based format,Erythrocyte,CHEMBL4715789,1,Scientific Literature,J Med Chem,,Antiplasmodial activity against multidrug-resistant Plasmodium falciparum K1 infected in erythrocytes assessed as reduction in [3H]hypoxanthine incorporation preincubated for 48 hrs followed by [3H]hypoxanthine addition and measured after 24 hrs by liquid scintillation counting method,K1,7.92,high_potency,7.92,multidrug resistant,MDR,>=7.5,4,5948,K1
