Molecule_ChEMBL_ID,Molecule_Name,Molecule Max Phase,Molecular Weight,#RO5 Violations,AlogP,Compound Key,Smiles,Standard Type,Standard Relation,Standard_Value,Standard Units,pChEMBL Value,Data Validity Comment,Comment,Uo Units,Potential Duplicate,Assay ChEMBL ID,BAO Label,Assay Cell Type,Document ChEMBL ID,Source ID,Source Description,Document Journal,Cell ChEMBL ID,Assay Description,Unnamed: 26,Unnamed: 27,Unnamed: 28,verify_strain,stand_strain,unique_chemicals,stand_strain_bin,pIC50
CHEMBL2312167,,,294.35,0.0,2.03,1b,Cc1ccc(C(=O)NOCCCCCC(=O)NO)cc1C,IC50,'=',250.0,nM,6.6,,,UO_0000065,0,CHEMBL3297427,organism-based format,,CHEMBL3286295,1,Scientific Literature,Eur J Med Chem,,Antimalarial activity against late stage gametocyte stage of Plasmodium falciparum NF54 after 72 hrs,,,,NF54,NF54,,NF54,6.6
CHEMBL495390,AZELAIC BIS HYDROXAMIC ACID,,218.25,0.0,0.73,ABHA,O=C(CCCCCCCC(=O)NO)NO,IC50,'=',3900.0,nM,5.41,,,UO_0000065,0,CHEMBL969265,organism-based format,,CHEMBL1157182,1,Scientific Literature,Bioorg Med Chem,,Antimalarial activity against chloroquine-resistant Plasmodium falciparum W2 after 48 hrs by LDH reporter assay,,,,W2,W2,,W2,5.41
CHEMBL76,CHLOROQUINE,4.0,319.88,0.0,4.81,chloroquine,CCN(CC)CCCC(C)Nc1ccnc2cc(Cl)ccc12,IC50,'=',256.0,nM,6.59,,,UO_0000065,0,CHEMBL969265,organism-based format,,CHEMBL1157182,1,Scientific Literature,Bioorg Med Chem,,Antimalarial activity against chloroquine-resistant Plasmodium falciparum W2 after 48 hrs by LDH reporter assay,,,,W2,W2,,W2,6.59
CHEMBL269671,,,282.34,0.0,2.39,Artemisinin,C[C@@H]1CC[C@H]2[C@@H](C)C(=O)O[C@@H]3O[C@@]4(C)CC[C@@H]1[C@]32OO4,IC50,'=',1.0,nM,9.0,,,UO_0000065,0,CHEMBL969265,organism-based format,,CHEMBL1157182,1,Scientific Literature,Bioorg Med Chem,,Antimalarial activity against chloroquine-resistant Plasmodium falciparum W2 after 48 hrs by LDH reporter assay,,,,W2,W2,,W2,9.0
CHEMBL580353,,,360.89,0.0,3.32,665782,C=CC12CCN(CC1)C(C(O)c1ccnc3ccc(OC)cc13)C2.Cl,IC50,'=',418.0,nM,6.38,,,UO_0000065,0,CHEMBL3392923,organism-based format,,CHEMBL3392922,17,Medicines for Malaria Venture () Malaria Box,,,"MMV: IC50 determined against P. falciparum Dd2-luc strain using a Malaria Sybr Green I Fluorescence assay. Starting conditions were 1% trophozoite synchronised parasites at 2% haematocrit. Fluorescence detection completed after 48hr incubation at 37 degrees C under 1% O2, 3% CO2 and balance N2.",,,,Dd2-luc,Dd2,,Dd2,6.38
CHEMBL600444,,,395.73,0.0,4.13,665809,Oc1ccc(Br)cc1CN1CCN(Cc2ccc(Cl)cc2)CC1,IC50,'=',1523.0,nM,5.82,,,UO_0000065,0,CHEMBL3392923,organism-based format,,CHEMBL3392922,17,Medicines for Malaria Venture () Malaria Box,,,"MMV: IC50 determined against P. falciparum Dd2-luc strain using a Malaria Sybr Green I Fluorescence assay. Starting conditions were 1% trophozoite synchronised parasites at 2% haematocrit. Fluorescence detection completed after 48hr incubation at 37 degrees C under 1% O2, 3% CO2 and balance N2.",,,,Dd2-luc,Dd2,,Dd2,5.82
CHEMBL261095,,,440.46,1.0,5.39,665888,O=C(Nc1ccccc1O)c1ccc(Oc2cccc(C(=O)Nc3ccccc3O)c2)cc1,IC50,'=',201.7,nM,6.7,,,UO_0000065,0,CHEMBL3392923,organism-based format,,CHEMBL3392922,17,Medicines for Malaria Venture () Malaria Box,,,"MMV: IC50 determined against P. falciparum Dd2-luc strain using a Malaria Sybr Green I Fluorescence assay. Starting conditions were 1% trophozoite synchronised parasites at 2% haematocrit. Fluorescence detection completed after 48hr incubation at 37 degrees C under 1% O2, 3% CO2 and balance N2.",,,,Dd2-luc,Dd2,,Dd2,6.7
CHEMBL591147,,,348.19,1.0,5.21,665948,O=C(Nc1ccccc1O)c1ccc(-c2ccc(Cl)cc2Cl)o1,IC50,'=',2992.0,nM,5.52,,,UO_0000065,0,CHEMBL3392923,organism-based format,,CHEMBL3392922,17,Medicines for Malaria Venture () Malaria Box,,,"MMV: IC50 determined against P. falciparum Dd2-luc strain using a Malaria Sybr Green I Fluorescence assay. Starting conditions were 1% trophozoite synchronised parasites at 2% haematocrit. Fluorescence detection completed after 48hr incubation at 37 degrees C under 1% O2, 3% CO2 and balance N2.",,,,Dd2-luc,Dd2,,Dd2,5.52
CHEMBL591393,,,333.58,1.0,5.43,665953,O=C(Nc1ccc(F)c(Cl)c1)Nc1ccc(Cl)c(Cl)c1,IC50,'=',1828.0,nM,5.74,,,UO_0000065,0,CHEMBL3392923,organism-based format,,CHEMBL3392922,17,Medicines for Malaria Venture () Malaria Box,,,"MMV: IC50 determined against P. falciparum Dd2-luc strain using a Malaria Sybr Green I Fluorescence assay. Starting conditions were 1% trophozoite synchronised parasites at 2% haematocrit. Fluorescence detection completed after 48hr incubation at 37 degrees C under 1% O2, 3% CO2 and balance N2.",,,,Dd2-luc,Dd2,,Dd2,5.74
CHEMBL599100,,,453.33,1.0,5.78,SID24416260,COc1ccc(C(=O)NC(c2ccccc2Cl)c2cc(Cl)c3cccnc3c2O)cc1,IC50,'=',977.9,nM,6.01,,,UO_0000065,0,CHEMBL3392923,organism-based format,,CHEMBL3392922,17,Medicines for Malaria Venture () Malaria Box,,,"MMV: IC50 determined against P. falciparum Dd2-luc strain using a Malaria Sybr Green I Fluorescence assay. Starting conditions were 1% trophozoite synchronised parasites at 2% haematocrit. Fluorescence detection completed after 48hr incubation at 37 degrees C under 1% O2, 3% CO2 and balance N2.",,,,Dd2-luc,Dd2,,Dd2,6.01
CHEMBL524930,,,354.47,0.0,4.02,666116,Oc1ccccc1CN1CCC2(CCCN(Cc3ccccc3F)C2)C1,IC50,'=',646.7,nM,6.19,,,UO_0000065,0,CHEMBL3392923,organism-based format,,CHEMBL3392922,17,Medicines for Malaria Venture () Malaria Box,,,"MMV: IC50 determined against P. falciparum Dd2-luc strain using a Malaria Sybr Green I Fluorescence assay. Starting conditions were 1% trophozoite synchronised parasites at 2% haematocrit. Fluorescence detection completed after 48hr incubation at 37 degrees C under 1% O2, 3% CO2 and balance N2.",,,,Dd2-luc,Dd2,,Dd2,6.19
CHEMBL589723,,,352.79,1.0,5.61,326,Cc1ccc2nc(C)cc(Nc3cccc(C(F)(F)F)c3)c2c1.Cl,IC50,'=',1393.0,nM,5.86,,,UO_0000065,0,CHEMBL3392923,organism-based format,,CHEMBL3392922,17,Medicines for Malaria Venture () Malaria Box,,,"MMV: IC50 determined against P. falciparum Dd2-luc strain using a Malaria Sybr Green I Fluorescence assay. Starting conditions were 1% trophozoite synchronised parasites at 2% haematocrit. Fluorescence detection completed after 48hr incubation at 37 degrees C under 1% O2, 3% CO2 and balance N2.",,,,Dd2-luc,Dd2,,Dd2,5.86
CHEMBL590933,,,417.98,0.0,4.25,445,CCCCCCn1c(=N)n(CC(O)COc2cccc(C)c2)c2ccccc21.Cl,IC50,'=',1805.0,nM,5.74,,,UO_0000065,0,CHEMBL3392923,organism-based format,,CHEMBL3392922,17,Medicines for Malaria Venture () Malaria Box,,,"MMV: IC50 determined against P. falciparum Dd2-luc strain using a Malaria Sybr Green I Fluorescence assay. Starting conditions were 1% trophozoite synchronised parasites at 2% haematocrit. Fluorescence detection completed after 48hr incubation at 37 degrees C under 1% O2, 3% CO2 and balance N2.",,,,Dd2-luc,Dd2,,Dd2,5.74
CHEMBL591637,,,327.43,0.0,4.18,1246,CSc1ccccc1C(=O)Nc1nc(-c2ccccn2)cs1,IC50,'=',1798.0,nM,5.75,,,UO_0000065,0,CHEMBL3392923,organism-based format,,CHEMBL3392922,17,Medicines for Malaria Venture () Malaria Box,,,"MMV: IC50 determined against P. falciparum Dd2-luc strain using a Malaria Sybr Green I Fluorescence assay. Starting conditions were 1% trophozoite synchronised parasites at 2% haematocrit. Fluorescence detection completed after 48hr incubation at 37 degrees C under 1% O2, 3% CO2 and balance N2.",,,,Dd2-luc,Dd2,,Dd2,5.75
CHEMBL533017,,,309.82,0.0,3.8,20492,CC1CN(C(=O)c2sc3ccccc3c2Cl)CC(C)O1,IC50,'=',104.2,nM,6.98,,,UO_0000065,0,CHEMBL3392923,organism-based format,,CHEMBL3392922,17,Medicines for Malaria Venture () Malaria Box,,,"MMV: IC50 determined against P. falciparum Dd2-luc strain using a Malaria Sybr Green I Fluorescence assay. Starting conditions were 1% trophozoite synchronised parasites at 2% haematocrit. Fluorescence detection completed after 48hr incubation at 37 degrees C under 1% O2, 3% CO2 and balance N2.",,,,Dd2-luc,Dd2,,Dd2,6.98
CHEMBL579294,,,268.36,0.0,3.67,75490,CCOc1ccc(C2N(C)c3ccccc3N2C)cc1,IC50,'=',904.2,nM,6.04,,,UO_0000065,0,CHEMBL3392923,organism-based format,,CHEMBL3392922,17,Medicines for Malaria Venture () Malaria Box,,,"MMV: IC50 determined against P. falciparum Dd2-luc strain using a Malaria Sybr Green I Fluorescence assay. Starting conditions were 1% trophozoite synchronised parasites at 2% haematocrit. Fluorescence detection completed after 48hr incubation at 37 degrees C under 1% O2, 3% CO2 and balance N2.",,,,Dd2-luc,Dd2,,Dd2,6.04
CHEMBL2028044,,,380.49,0.0,3.69,396595,CCOc1ccccc1CN1CCc2nc3cc(C(C)(C)C)nn3c(O)c2C1,IC50,'=',1225.0,nM,5.91,,,UO_0000065,0,CHEMBL3392923,organism-based format,,CHEMBL3392922,17,Medicines for Malaria Venture () Malaria Box,,,"MMV: IC50 determined against P. falciparum Dd2-luc strain using a Malaria Sybr Green I Fluorescence assay. Starting conditions were 1% trophozoite synchronised parasites at 2% haematocrit. Fluorescence detection completed after 48hr incubation at 37 degrees C under 1% O2, 3% CO2 and balance N2.",,,,Dd2-luc,Dd2,,Dd2,5.91
CHEMBL584235,,,346.9,0.0,3.79,6787,CC(C)CCNCC(O)Cn1c2ccccc2c2ccccc21.Cl,IC50,'=',906.6,nM,6.04,,,UO_0000065,0,CHEMBL3392923,organism-based format,,CHEMBL3392922,17,Medicines for Malaria Venture () Malaria Box,,,"MMV: IC50 determined against P. falciparum Dd2-luc strain using a Malaria Sybr Green I Fluorescence assay. Starting conditions were 1% trophozoite synchronised parasites at 2% haematocrit. Fluorescence detection completed after 48hr incubation at 37 degrees C under 1% O2, 3% CO2 and balance N2.",,,,Dd2-luc,Dd2,,Dd2,6.04
CHEMBL584829,,,335.84,0.0,3.43,6882,CCOC(=O)c1cnc2ccc(Cl)cc2c1NCCCN(C)C,IC50,'=',1183.0,nM,5.93,,,UO_0000065,0,CHEMBL3392923,organism-based format,,CHEMBL3392922,17,Medicines for Malaria Venture () Malaria Box,,,"MMV: IC50 determined against P. falciparum Dd2-luc strain using a Malaria Sybr Green I Fluorescence assay. Starting conditions were 1% trophozoite synchronised parasites at 2% haematocrit. Fluorescence detection completed after 48hr incubation at 37 degrees C under 1% O2, 3% CO2 and balance N2.",,,,Dd2-luc,Dd2,,Dd2,5.93
CHEMBL603686,,,434.49,1.0,5.47,7199,COc1ccccc1N1C(=N)SC(=Cc2ccc(OCc3ccccc3F)cc2)C1=O,IC50,'=',808.9,nM,6.09,,,UO_0000065,0,CHEMBL3392923,organism-based format,,CHEMBL3392922,17,Medicines for Malaria Venture () Malaria Box,,,"MMV: IC50 determined against P. falciparum Dd2-luc strain using a Malaria Sybr Green I Fluorescence assay. Starting conditions were 1% trophozoite synchronised parasites at 2% haematocrit. Fluorescence detection completed after 48hr incubation at 37 degrees C under 1% O2, 3% CO2 and balance N2.",,,,Dd2-luc,Dd2,,Dd2,6.09
CHEMBL600549,,,586.75,2.0,5.63,7557,COc1ccc(CCNC(=O)c2cc(S(=O)(=O)N3CC(C)CC(C)C3)ccc2Sc2ccc(F)cc2)cc1OC,IC50,'=',1329.0,nM,5.88,,,UO_0000065,0,CHEMBL3392923,organism-based format,,CHEMBL3392922,17,Medicines for Malaria Venture () Malaria Box,,,"MMV: IC50 determined against P. falciparum Dd2-luc strain using a Malaria Sybr Green I Fluorescence assay. Starting conditions were 1% trophozoite synchronised parasites at 2% haematocrit. Fluorescence detection completed after 48hr incubation at 37 degrees C under 1% O2, 3% CO2 and balance N2.",,,,Dd2-luc,Dd2,,Dd2,5.88
CHEMBL577440,,,331.42,0.0,2.6,8127,CN1CCN(c2c3c(c(C#N)c4nc5ccccc5n24)CCC3)CC1,IC50,'=',1487.0,nM,5.83,,,UO_0000065,0,CHEMBL3392923,organism-based format,,CHEMBL3392922,17,Medicines for Malaria Venture () Malaria Box,,,"MMV: IC50 determined against P. falciparum Dd2-luc strain using a Malaria Sybr Green I Fluorescence assay. Starting conditions were 1% trophozoite synchronised parasites at 2% haematocrit. Fluorescence detection completed after 48hr incubation at 37 degrees C under 1% O2, 3% CO2 and balance N2.",,,,Dd2-luc,Dd2,,Dd2,5.83
CHEMBL587892,,,284.75,0.0,3.92,11522,Cc1ccc(Nc2nc(N)c3ccccc3n2)cc1Cl,IC50,'=',1105.0,nM,5.96,,,UO_0000065,0,CHEMBL3392923,organism-based format,,CHEMBL3392922,17,Medicines for Malaria Venture () Malaria Box,,,"MMV: IC50 determined against P. falciparum Dd2-luc strain using a Malaria Sybr Green I Fluorescence assay. Starting conditions were 1% trophozoite synchronised parasites at 2% haematocrit. Fluorescence detection completed after 48hr incubation at 37 degrees C under 1% O2, 3% CO2 and balance N2.",,,,Dd2-luc,Dd2,,Dd2,5.96
CHEMBL582072,,,524.58,2.0,7.52,11895,Nc1ccc(-c2nc3cc(Oc4ccc(Oc5ccc6[nH]c(-c7ccc(N)cc7)nc6c5)cc4)ccc3[nH]2)cc1,IC50,'=',315.1,nM,6.5,,,UO_0000065,0,CHEMBL3392923,organism-based format,,CHEMBL3392922,17,Medicines for Malaria Venture () Malaria Box,,,"MMV: IC50 determined against P. falciparum Dd2-luc strain using a Malaria Sybr Green I Fluorescence assay. Starting conditions were 1% trophozoite synchronised parasites at 2% haematocrit. Fluorescence detection completed after 48hr incubation at 37 degrees C under 1% O2, 3% CO2 and balance N2.",,,,Dd2-luc,Dd2,,Dd2,6.5
CHEMBL586468,,,278.31,0.0,3.9,18984,Cc1cc(NC(=O)c2ccc(-c3ccccc3)cc2)no1,IC50,'=',775.1,nM,6.11,,,UO_0000065,0,CHEMBL3392923,organism-based format,,CHEMBL3392922,17,Medicines for Malaria Venture () Malaria Box,,,"MMV: IC50 determined against P. falciparum Dd2-luc strain using a Malaria Sybr Green I Fluorescence assay. Starting conditions were 1% trophozoite synchronised parasites at 2% haematocrit. Fluorescence detection completed after 48hr incubation at 37 degrees C under 1% O2, 3% CO2 and balance N2.",,,,Dd2-luc,Dd2,,Dd2,6.11
CHEMBL527730,,,367.28,0.0,3.7,19017,COCCNCC(O)Cn1c2ccc(Cl)cc2c2cc(Cl)ccc21,IC50,'=',651.8,nM,6.19,,,UO_0000065,0,CHEMBL3392923,organism-based format,,CHEMBL3392922,17,Medicines for Malaria Venture () Malaria Box,,,"MMV: IC50 determined against P. falciparum Dd2-luc strain using a Malaria Sybr Green I Fluorescence assay. Starting conditions were 1% trophozoite synchronised parasites at 2% haematocrit. Fluorescence detection completed after 48hr incubation at 37 degrees C under 1% O2, 3% CO2 and balance N2.",,,,Dd2-luc,Dd2,,Dd2,6.19
CHEMBL532155,,,397.54,0.0,3.75,19313,Cn1c(=O)c2cc(C(=O)NCCCN3CCCCCC3)sc2c2ccccc21,IC50,'=',366.4,nM,6.44,,,UO_0000065,0,CHEMBL3392923,organism-based format,,CHEMBL3392922,17,Medicines for Malaria Venture () Malaria Box,,,"MMV: IC50 determined against P. falciparum Dd2-luc strain using a Malaria Sybr Green I Fluorescence assay. Starting conditions were 1% trophozoite synchronised parasites at 2% haematocrit. Fluorescence detection completed after 48hr incubation at 37 degrees C under 1% O2, 3% CO2 and balance N2.",,,,Dd2-luc,Dd2,,Dd2,6.44
CHEMBL582180,,,458.63,1.0,5.3,19741,Cc1ccc(C)c(Cn2c(N3CCC(C(=O)NCc4cccs4)CC3)nc3ccccc32)c1,IC50,'=',1156.0,nM,5.94,,,UO_0000065,0,CHEMBL3392923,organism-based format,,CHEMBL3392922,17,Medicines for Malaria Venture () Malaria Box,,,"MMV: IC50 determined against P. falciparum Dd2-luc strain using a Malaria Sybr Green I Fluorescence assay. Starting conditions were 1% trophozoite synchronised parasites at 2% haematocrit. Fluorescence detection completed after 48hr incubation at 37 degrees C under 1% O2, 3% CO2 and balance N2.",,,,Dd2-luc,Dd2,,Dd2,5.94
CHEMBL581187,,,456.98,1.0,5.34,20490,O=C(NC1CCN(Cc2ccccc2)CC1)c1cc(-c2cccnc2)nc2ccc(Cl)cc12,IC50,'=',1225.0,nM,5.91,,,UO_0000065,0,CHEMBL3392923,organism-based format,,CHEMBL3392922,17,Medicines for Malaria Venture () Malaria Box,,,"MMV: IC50 determined against P. falciparum Dd2-luc strain using a Malaria Sybr Green I Fluorescence assay. Starting conditions were 1% trophozoite synchronised parasites at 2% haematocrit. Fluorescence detection completed after 48hr incubation at 37 degrees C under 1% O2, 3% CO2 and balance N2.",,,,Dd2-luc,Dd2,,Dd2,5.91
CHEMBL602586,,,309.41,0.0,3.34,73843,CN(C)c1ccc(N=Cc2ccc(N3CCOCC3)cc2)cc1,IC50,'=',345.3,nM,6.46,,,UO_0000065,0,CHEMBL3392923,organism-based format,,CHEMBL3392922,17,Medicines for Malaria Venture () Malaria Box,,,"MMV: IC50 determined against P. falciparum Dd2-luc strain using a Malaria Sybr Green I Fluorescence assay. Starting conditions were 1% trophozoite synchronised parasites at 2% haematocrit. Fluorescence detection completed after 48hr incubation at 37 degrees C under 1% O2, 3% CO2 and balance N2.",,,,Dd2-luc,Dd2,,Dd2,6.46
CHEMBL532141,,,636.71,2.0,10.45,753,Oc1ccc(-c2nc(-c3ccc4oc5ccc(-c6[nH]c(-c7ccc(O)cc7)nc6-c6ccccc6)cc5c4c3)c(-c3ccccc3)[nH]2)cc1,IC50,'=',683.1,nM,6.17,,,UO_0000065,0,CHEMBL3392923,organism-based format,,CHEMBL3392922,17,Medicines for Malaria Venture () Malaria Box,,,"MMV: IC50 determined against P. falciparum Dd2-luc strain using a Malaria Sybr Green I Fluorescence assay. Starting conditions were 1% trophozoite synchronised parasites at 2% haematocrit. Fluorescence detection completed after 48hr incubation at 37 degrees C under 1% O2, 3% CO2 and balance N2.",,,,Dd2-luc,Dd2,,Dd2,6.17
CHEMBL238442,,,320.4,0.0,3.28,17,c1ccc(Oc2ccc(-c3cc(N4CCNCC4)[nH]n3)cc2)cc1,IC50,'=',6600.0,nM,5.18,,,UO_0000065,0,CHEMBL901502,organism-based format,L6,CHEMBL1138251,1,Scientific Literature,J Med Chem,CHEMBL3308469,"Antiparasitic activity against chloroquine, pyrimethamine-resistant Plasmodium falciparum K1 erythrocyte stage infected rat L6 cells",,,,K1,K1,,K1,5.18
CHEMBL416956,MEFLOQUINE,4.0,378.32,0.0,4.45,mefloquine,OC(c1cc(C(F)(F)F)nc2c(C(F)(F)F)cccc12)C1CCCCN1,IC50,'=',9.63,nM,8.02,,,UO_0000065,0,CHEMBL910396,organism-based format,,CHEMBL1142194,1,Scientific Literature,Antimicrob Agents Chemother,,Growth inhibition of Plasmodium falciparum HB3 ring stage in infected erythrocytes after 72 hrs in DAPI fluorimetry,,,,HB3,HB3,,HB3,8.02
CHEMBL320497,SUBEROHYDROXAMIC ACID,,204.23,0.0,0.34,SBHA,O=C(CCCCCCC(=O)NO)NO,IC50,'=',1513.56,nM,5.82,,,UO_0000065,0,CHEMBL969265,organism-based format,,CHEMBL1157182,1,Scientific Literature,Bioorg Med Chem,,Antimalarial activity against chloroquine-resistant Plasmodium falciparum W2 after 48 hrs by LDH reporter assay,,,,W2,W2,,W2,5.82
CHEMBL5434807,,,457.46,0.0,4.15,11,FC(F)(F)c1nc(-c2ccc(CCN3CCC(Nc4nc5cnccc5[nH]4)CC3)cc2)no1,IC50,'=',1390.0,nM,5.86,,,UO_0000065,0,CHEMBL5338530,organism-based format,,CHEMBL5335864,1,Scientific Literature,ACS Med Chem Lett,,Antiplasmodial activity against late stage gametocytes Plasmodium falciparum NF54 incubated for 48 hrs by luciferase activity assay,,,,NF54,NF54,,NF54,5.86
CHEMBL458027,NORCAESALPININ C,,418.49,0.0,2.74,9,CC(=O)O[C@H]1CC(C)(C)[C@]2(O)CCc3c(cc(O)c(C=O)c3C)[C@@]2(C)[C@H]1OC(C)=O,IC50,'=',5000.0,nM,5.3,,,UO_0000065,0,CHEMBL5130850,organism-based format,Erythrocyte,CHEMBL5126639,1,Scientific Literature,J Nat Prod,,Antimalarial activity against Plasmodium falciparum FCR-3/A2 erythrocytic stage infected in human erythrocytes assessed as reduction in parasite growth after 48 hrs by Giemsa staining based assay,,,,FCR-3/A2,FCR-3/A2,,FcR-3/A2,5.3
CHEMBL2086449,,,392.45,0.0,3.54,150,COc1cc([C@H](O)[C@@H](C)Oc2c(OC)cc(C)cc2OC)cc(OC)c1OC,IC50,'=',380.0,nM,6.42,,,UO_0000065,0,CHEMBL2090888,organism-based format,HepG2,CHEMBL2086285,1,Scientific Literature,J Med Chem,CHEMBL3307718,Antimalarial activity against liver stages of Plasmodium falciparum NF54 infected in human HepG2 cells after 6 days by fluorescence microscopy,,,,NF54,NF54,,NF54,6.42
CHEMBL294323,,,242.23,0.0,2.11,1,CC(O)c1cc2c(o1)C(=O)c1ccccc1C2=O,IC50,'=',718.0,nM,6.14,,,UO_0000065,0,CHEMBL970002,organism-based format,,CHEMBL1155597,1,Scientific Literature,J Nat Prod,,Antimalarial activity after 48 hrs against chloroquine-resistant Plasmodium falciparum K1 by LDH reporter assay,,,,K1,K1,,K1,6.14
CHEMBL587714,"3',4' DICHLOROBENZAMIL",,388.65,0.0,1.85,"3',4' dichlorobenzamil",N/C(=N\C(=O)c1nc(Cl)c(N)nc1N)NCc1ccc(Cl)c(Cl)c1,IC50,'=',143.0,nM,6.84,,,UO_0000065,0,CHEMBL1678152,organism-based format,,CHEMBL1671701,1,Scientific Literature,Antimicrob Agents Chemother,,Antiplasmodial activity against Plasmodium falciparum 3D7 infected in RBCs by firefly luciferase reporter gene assay,,,,3D7,3D7,,3D7,6.84
CHEMBL76,CHLOROQUINE,4.0,319.88,0.0,4.81,1,CCN(CC)CCCC(C)Nc1ccnc2cc(Cl)ccc12,IC50,'=',22.0,nM,7.66,,,UO_0000065,0,CHEMBL1012851,organism-based format,,CHEMBL1139381,1,Scientific Literature,J Med Chem,,Antimalarial activity after 72 hrs against chloroquine-sensitive Plasmodium falciparum D10 infected human A+ erythrocytes in Makler LDH reporter assay,,,,D10,D10,,D10,7.66
CHEMBL9391,,,400.44,1.0,2.76,5,N=C(N)c1ccc(NC(=O)c2cccc(C(=O)Nc3ccc(C(=N)N)cc3)c2)cc1,IC50,'=',697.0,nM,6.16,,,UO_0000065,0,CHEMBL926257,organism-based format,,CHEMBL1140635,1,Scientific Literature,Bioorg Med Chem,,Antiplasmodial activity against chloroquine-sensitive Plasmodium falciparum D6 by LDH reporter assay,,,,D6,D6,,D6,6.16
CHEMBL495959,,,478.42,1.0,6.58,4i,Clc1cccc(C(Nc2ccnc3cc(Cl)ccc23)c2ccc(CN3CCOCC3)cc2)c1,IC50,'=',220.0,nM,6.66,,,UO_0000065,0,CHEMBL1012852,organism-based format,,CHEMBL1139381,1,Scientific Literature,J Med Chem,,Antimalarial activity after 72 hrs against chloroquine-resistant Plasmodium falciparum W2 infected human A+ erythrocytes by Makler LDH reporter assay,,,,W2,W2,,W2,6.66
CHEMBL500114,,,563.97,2.0,8.72,4d,FC(F)(F)c1cc(NC(c2ccc(Cl)cc2)c2ccc(CN3CCCC3)cc2)c2cccc(C(F)(F)F)c2n1,IC50,'=',1371.0,nM,5.86,,,UO_0000065,0,CHEMBL1012852,organism-based format,,CHEMBL1139381,1,Scientific Literature,J Med Chem,,Antimalarial activity after 72 hrs against chloroquine-resistant Plasmodium falciparum W2 infected human A+ erythrocytes by Makler LDH reporter assay,,,,W2,W2,,W2,5.86
CHEMBL35228,PYRONARIDINE,3.0,518.06,2.0,6.09,Pyronaridine,COc1ccc2nc3cc(Cl)ccc3c(Nc3cc(CN4CCCC4)c(O)c(CN4CCCC4)c3)c2n1,IC50,'=',12.0,nM,7.92,,,UO_0000065,0,CHEMBL4150765,organism-based format,,CHEMBL4145643,1,Scientific Literature,J Nat Prod,,Antiplasmodial activity against drug-sensitive Plasmodium falciparum 3D7 ring stage infected in human erythrocytes after 72 hrs by DAPI staining based method,,,,3D7,3D7,,3D7,7.92
CHEMBL405110,METHYLENE BLUE ANHYDROUS,4.0,319.86,0.0,2.5,methylene blue,CN(C)c1ccc2nc3ccc(N(C)C)cc3[s+]c2c1.[Cl-],IC50,'=',190.0,nM,6.72,,,UO_0000065,0,CHEMBL4835672,organism-based format,,CHEMBL4834426,1,Scientific Literature,J Med Chem,,Antiplasmodial activity against asexual stage (I/III) Plasmodium falciparum NF54 early gametocytes transfected with GFP-Luc assessed as inhibition of exflagellation of male gametes incubated for 48 hrs by microscopy based luciferase reporter gene assay relative to control,,,,NF54,NF54,,NF54,6.72
CHEMBL4174272,,,462.61,0.0,0.45,5m,Clc1ccc2c(c1)[I+]c1ccccc1-2.O=S(=O)([O-])C(F)(F)F,IC50,'=',70.0,nM,7.16,,,UO_0000065,0,CHEMBL4146076,organism-based format,,CHEMBL4145448,1,Scientific Literature,Eur J Med Chem,,Growth inhibition of CQ-sensitive GFP-fused Plasmodium falciparum D10 after 90 hrs by ethidium bromide staining based flow cytometry,,,,D10,D10,,D10,7.15
CHEMBL4166227,,,462.61,0.0,0.45,5c,Clc1cccc2c1-c1ccccc1[I+]2.O=S(=O)([O-])C(F)(F)F,IC50,'=',70.0,nM,7.16,,,UO_0000065,0,CHEMBL4146077,organism-based format,,CHEMBL4145448,1,Scientific Literature,Eur J Med Chem,,Growth inhibition of drug-resistant GFP-fused Plasmodium falciparum D10 after 90 hrs by ethidium bromide staining based flow cytometry,,,,D10,D10,,D10,7.15
CHEMBL49055,,,291.4,0.0,3.88,6704,CN(C)CCNc1cc(-c2ccccc2)nc2ccccc12,IC50,'=',3653.0,nM,5.44,,,UO_0000065,0,CHEMBL3392923,organism-based format,,CHEMBL3392922,17,Medicines for Malaria Venture () Malaria Box,,,"MMV: IC50 determined against P. falciparum Dd2-luc strain using a Malaria Sybr Green I Fluorescence assay. Starting conditions were 1% trophozoite synchronised parasites at 2% haematocrit. Fluorescence detection completed after 48hr incubation at 37 degrees C under 1% O2, 3% CO2 and balance N2.",,,,Dd2-luc,Dd2,,Dd2,5.44
CHEMBL585622,,,337.43,1.0,5.52,6513,c1ccc2c(NCCc3c[nH]c4ccccc34)c3ccccc3nc2c1,IC50,'=',200.0,nM,6.7,,,UO_0000065,0,CHEMBL3392923,organism-based format,,CHEMBL3392922,17,Medicines for Malaria Venture () Malaria Box,,,"MMV: IC50 determined against P. falciparum Dd2-luc strain using a Malaria Sybr Green I Fluorescence assay. Starting conditions were 1% trophozoite synchronised parasites at 2% haematocrit. Fluorescence detection completed after 48hr incubation at 37 degrees C under 1% O2, 3% CO2 and balance N2.",,,,Dd2-luc,Dd2,,Dd2,6.7
CHEMBL590686,,,363.46,0.0,4.65,498,CCN(CC)c1cc(C)c2cc(NC(=O)c3cccc(OC)c3)ccc2n1,IC50,'=',2772.0,nM,5.56,,,UO_0000065,0,CHEMBL3392923,organism-based format,,CHEMBL3392922,17,Medicines for Malaria Venture () Malaria Box,,,"MMV: IC50 determined against P. falciparum Dd2-luc strain using a Malaria Sybr Green I Fluorescence assay. Starting conditions were 1% trophozoite synchronised parasites at 2% haematocrit. Fluorescence detection completed after 48hr incubation at 37 degrees C under 1% O2, 3% CO2 and balance N2.",,,,Dd2-luc,Dd2,,Dd2,5.56
CHEMBL517986,5-(N-ETHYL-N-ISOPROPYL)AMILORIDE,,299.77,0.0,0.57,5-(N-ethyl-N-isopropyl)amiloride,CCN(c1nc(N)c(C(=O)NC(=N)N)nc1Cl)C(C)C,IC50,'=',825.0,nM,6.08,,,UO_0000065,0,CHEMBL1678152,organism-based format,,CHEMBL1671701,1,Scientific Literature,Antimicrob Agents Chemother,,Antiplasmodial activity against Plasmodium falciparum 3D7 infected in RBCs by firefly luciferase reporter gene assay,,,,3D7,3D7,,3D7,6.08
CHEMBL5410878,,,491.91,0.0,4.8,12,FC(F)(F)c1nc(-c2ccc(CCN3CCC(Nc4nc5cnc(Cl)cc5[nH]4)CC3)cc2)no1,IC50,'=',1880.0,nM,5.73,,,UO_0000065,0,CHEMBL5338530,organism-based format,,CHEMBL5335864,1,Scientific Literature,ACS Med Chem Lett,,Antiplasmodial activity against late stage gametocytes Plasmodium falciparum NF54 incubated for 48 hrs by luciferase activity assay,,,,NF54,NF54,,NF54,5.73
CHEMBL2419450,,,285.35,0.0,4.47,11a,Nc1cc(/C=C/c2c[nH]c3ccccc23)nc2ccccc12,IC50,'=',1400.0,nM,5.85,,,UO_0000065,0,CHEMBL2421229,organism-based format,,CHEMBL2417386,1,Scientific Literature,J Med Chem,,Gametocytocidal activity against synchronous stage 4 to 5 of transgenic Plasmodium falciparum NF54 gametocyte harboring pfs16 promoter assessed as parasite viability after 72 hrs by MitoTracker Red CMXRos-based assay,,,,NF54,NF54,,NF54,5.85
CHEMBL1673242,,,270.17,0.0,3.39,3,CC1CCCN(c2cccc(Br)c2O)C1,IC50,'=',130.0,nM,6.89,,,UO_0000065,0,CHEMBL1678152,organism-based format,,CHEMBL1671701,1,Scientific Literature,Antimicrob Agents Chemother,,Antiplasmodial activity against Plasmodium falciparum 3D7 infected in RBCs by firefly luciferase reporter gene assay,,,,3D7,3D7,,3D7,6.89
CHEMBL1673250,,,363.09,0.0,4.54,12,CCCN(CC1CC1)c1cc(Br)cc(Br)c1O,IC50,'=',710.0,nM,6.15,,,UO_0000065,0,CHEMBL1678152,organism-based format,,CHEMBL1671701,1,Scientific Literature,Antimicrob Agents Chemother,,Antiplasmodial activity against Plasmodium falciparum 3D7 infected in RBCs by firefly luciferase reporter gene assay,,,,3D7,3D7,,3D7,6.15
CHEMBL1673255,,,326.44,0.0,3.78,18,COc1cc(NC2CCN(Cc3ccccc3)CC2)cc(OC)c1,IC50,'=',440.0,nM,6.36,,,UO_0000065,0,CHEMBL1678152,organism-based format,,CHEMBL1671701,1,Scientific Literature,Antimicrob Agents Chemother,,Antiplasmodial activity against Plasmodium falciparum 3D7 infected in RBCs by firefly luciferase reporter gene assay,,,,3D7,3D7,,3D7,6.36
CHEMBL1673265,,,413.27,0.0,3.65,34,CC(=O)N(C1=C(N(C)C)C(=O)c2ccccc2C1=O)c1cccc(Br)c1,IC50,'=',32.0,nM,7.5,,,UO_0000065,0,CHEMBL1678152,organism-based format,,CHEMBL1671701,1,Scientific Literature,Antimicrob Agents Chemother,,Antiplasmodial activity against Plasmodium falciparum 3D7 infected in RBCs by firefly luciferase reporter gene assay,,,,3D7,3D7,,3D7,7.49
CHEMBL1673267,,,380.49,0.0,3.94,38,CC(=O)N(C1=C(N2CCCCC2)C(=O)c2ccccc2C1=O)C1CCCCC1,IC50,'=',5400.0,nM,5.27,,,UO_0000065,0,CHEMBL1678152,organism-based format,,CHEMBL1671701,1,Scientific Literature,Antimicrob Agents Chemother,,Antiplasmodial activity against Plasmodium falciparum 3D7 infected in RBCs by firefly luciferase reporter gene assay,,,,3D7,3D7,,3D7,5.27
CHEMBL1644966,,,344.45,0.0,4.12,Am-2,CN1CCN(CCCC(c2ccc(F)cc2)c2ccc(F)cc2)CC1,IC50,'=',12000.0,nM,4.92,,,UO_0000065,0,CHEMBL1678152,organism-based format,,CHEMBL1671701,1,Scientific Literature,Antimicrob Agents Chemother,,Antiplasmodial activity against Plasmodium falciparum 3D7 infected in RBCs by firefly luciferase reporter gene assay,,,,3D7,3D7,,3D7,4.92
CHEMBL1083769,,,337.81,0.0,3.55,NITD678,C[C@H]1Cc2c([nH]c3ccccc23)[C@@]2(N1)C(=O)Nc1ccc(Cl)cc12,IC50,'=',44.13,nM,7.36,,,UO_0000065,0,CHEMBL1248670,organism-based format,,CHEMBL1240532,1,Scientific Literature,Science,,Antimalarial activity against Plasmodium falciparum Dd2 containing attB site inserted in parasite genome and using EF1-alpha promoter driven expressing wild type ATP4 after 72 hrs by SYBR green based fluorescence assay,,,,Dd2,Dd2,,Dd2,7.36
CHEMBL528245,,,465.59,0.0,3.98,19662,COc1ccc(N2CCN(C(CNC(=O)C3CCCCC3)c3ccc4c(c3)OCO4)CC2)cc1,IC50,'=',569.1,nM,6.25,,,UO_0000065,0,CHEMBL3392923,organism-based format,,CHEMBL3392922,17,Medicines for Malaria Venture () Malaria Box,,,"MMV: IC50 determined against P. falciparum Dd2-luc strain using a Malaria Sybr Green I Fluorescence assay. Starting conditions were 1% trophozoite synchronised parasites at 2% haematocrit. Fluorescence detection completed after 48hr incubation at 37 degrees C under 1% O2, 3% CO2 and balance N2.",,,,Dd2-luc,Dd2,,Dd2,6.24
CHEMBL592105,METHYLROSANILINE,-1.0,389.54,0.0,4.17,665941,CN(C)c1ccc(C(O)(c2ccc(N(C)C)cc2)c2ccc(N(C)C)cc2)cc1,IC50,'=',217.6,nM,6.66,,,UO_0000065,0,CHEMBL3392923,organism-based format,,CHEMBL3392922,17,Medicines for Malaria Venture () Malaria Box,,,"MMV: IC50 determined against P. falciparum Dd2-luc strain using a Malaria Sybr Green I Fluorescence assay. Starting conditions were 1% trophozoite synchronised parasites at 2% haematocrit. Fluorescence detection completed after 48hr incubation at 37 degrees C under 1% O2, 3% CO2 and balance N2.",,,,Dd2-luc,Dd2,,Dd2,6.66
CHEMBL4071316,,,493.58,1.0,6.97,17,CCN(CC)CCCC(C)Nc1cc(-c2ccc(C(F)(F)F)cc2)c(C#N)c2nc3ccccc3n12,IC50,'=',3020.0,nM,5.52,,,UO_0000065,0,CHEMBL3996812,assay format,,CHEMBL3994624,1,Scientific Literature,J Med Chem,,Anti-plasmodial activity against chloroquine-sensitive Plasmodium falciparum NF54 late 4/5 stage gametocytes assessed as reduction in ATP levels after 24 hrs by BacTiter-Glo reagent based bioluminescence assay,,,,NF54,NF54,,NF54,5.52
CHEMBL4074246,,,389.89,0.0,4.7,41,CCNCCNc1cc(-c2ccc(Cl)cc2)c(C#N)c2nc3ccccc3n12,IC50,'=',690.0,nM,6.16,,,UO_0000065,0,CHEMBL3996812,assay format,,CHEMBL3994624,1,Scientific Literature,J Med Chem,,Anti-plasmodial activity against chloroquine-sensitive Plasmodium falciparum NF54 late 4/5 stage gametocytes assessed as reduction in ATP levels after 24 hrs by BacTiter-Glo reagent based bioluminescence assay,,,,NF54,NF54,,NF54,6.16
CHEMBL496768,,,478.42,1.0,6.58,4e,Clc1ccc(C(Nc2ccnc3cc(Cl)ccc23)c2ccc(CN3CCOCC3)cc2)cc1,IC50,'=',87.0,nM,7.06,,,UO_0000065,0,CHEMBL1012851,organism-based format,,CHEMBL1139381,1,Scientific Literature,J Med Chem,,Antimalarial activity after 72 hrs against chloroquine-sensitive Plasmodium falciparum D10 infected human A+ erythrocytes in Makler LDH reporter assay,,,,D10,D10,,D10,7.06
CHEMBL35228,PYRONARIDINE,3.0,518.06,2.0,6.09,pyronaridine,COc1ccc2nc3cc(Cl)ccc3c(Nc3cc(CN4CCCC4)c(O)c(CN4CCCC4)c3)c2n1,IC50,'=',23.0,nM,7.64,,,UO_0000065,0,CHEMBL2184948,organism-based format,,CHEMBL2177023,1,Scientific Literature,J Med Chem,,Antimalarial activity against transgenic Plasmodium falciparum 3D7 GFP16B gametocytes,,,,3D7,3D7,,3D7,7.64
CHEMBL35228,PYRONARIDINE,3.0,518.06,2.0,6.09,pyronaridine,COc1ccc2nc3cc(Cl)ccc3c(Nc3cc(CN4CCCC4)c(O)c(CN4CCCC4)c3)c2n1,IC50,'=',6.0,nM,8.22,,,UO_0000065,0,CHEMBL2184950,organism-based format,,CHEMBL2177023,1,Scientific Literature,J Med Chem,,Antimalarial activity against Plasmodium falciparum KT1 gametocytes,,,,KT1,KT1,,KT1,8.22
CHEMBL448801,,,264.28,0.0,3.85,15,COc1cc2cccnc2c2nc(C)c3ccoc3c12,IC50,'=',3750.0,nM,5.43,,,UO_0000065,0,CHEMBL1004793,organism-based format,,CHEMBL1155951,1,Scientific Literature,Bioorg Med Chem Lett,,Antiplasmodial activity against chloroquine-resistant Plasmodium falciparum W2 gametocytes after 48 hrs by microscopy,,,,W2,W2,,W2,5.43
CHEMBL505624,CORDYHEPTAPEPTIDE A,,880.1,1.0,3.08,"1, Cordyheptapeptide A",CC[C@H](C)[C@@H]1NC(=O)[C@H](Cc2ccc(O)cc2)N(C)C(=O)[C@H](Cc2ccccc2)NC(=O)CN(C)C(=O)[C@@H]2CCCN2C(=O)[C@@H](Cc2ccccc2)N(C)C(=O)[C@H](CC(C)C)NC1=O,IC50,'=',5350.0,nM,5.27,,,UO_0000065,0,CHEMBL972248,organism-based format,,CHEMBL1157266,1,Scientific Literature,J Nat Prod,,Antimalarial activity against Plasmodium falciparum K1 by [3H]hypoxanthine uptake,,,,K1,K1,,K1,5.27
CHEMBL361497,ARTESUNATE,4.0,384.43,0.0,2.6,artesunate,C[C@H]1[C@H](OC(=O)CCC(=O)O)O[C@@H]2O[C@@]3(C)CC[C@H]4[C@H](C)CC[C@@H]1[C@@]24OO3,IC50,'=',19.0,nM,7.72,,,UO_0000065,0,CHEMBL2421230,organism-based format,,CHEMBL2417386,1,Scientific Literature,J Med Chem,,Gametocytocidal activity against synchronous stage 1 to 3 of transgenic Plasmodium falciparum NF54 gametocyte harboring pfs16 promoter assessed as parasite viability after 72 hrs by luciferase reporter gene assay,,,,NF54,NF54,,NF54,7.72
CHEMBL525826,,,346.82,0.0,2.79,11944,COc1cccc(Nc2nc(NCCO)c3ccccc3n2)c1.Cl,IC50,'=',885.4,nM,6.05,,,UO_0000065,0,CHEMBL3392923,organism-based format,,CHEMBL3392922,17,Medicines for Malaria Venture () Malaria Box,,,"MMV: IC50 determined against P. falciparum Dd2-luc strain using a Malaria Sybr Green I Fluorescence assay. Starting conditions were 1% trophozoite synchronised parasites at 2% haematocrit. Fluorescence detection completed after 48hr incubation at 37 degrees C under 1% O2, 3% CO2 and balance N2.",,,,Dd2-luc,Dd2,,Dd2,6.05
CHEMBL533399,,,418.59,0.0,4.27,666069,COc1ccc(CCN2CCC(CN(C)Cc3cnn(-c4ccccc4)c3)CC2)cc1,IC50,'=',2678.0,nM,5.57,,,UO_0000065,0,CHEMBL3392923,organism-based format,,CHEMBL3392922,17,Medicines for Malaria Venture () Malaria Box,,,"MMV: IC50 determined against P. falciparum Dd2-luc strain using a Malaria Sybr Green I Fluorescence assay. Starting conditions were 1% trophozoite synchronised parasites at 2% haematocrit. Fluorescence detection completed after 48hr incubation at 37 degrees C under 1% O2, 3% CO2 and balance N2.",,,,Dd2-luc,Dd2,,Dd2,5.57
CHEMBL2316799,,,458.79,1.0,5.67,72a Hybrid-9,O=C(/C=C/c1ccc(Br)cc1)NCCCCNc1ccnc2cc(Cl)ccc12,IC50,'=',11.0,nM,7.96,,,UO_0000065,0,CHEMBL4193441,organism-based format,,CHEMBL4190314,1,Scientific Literature,Eur J Med Chem,,Antimalarial activity against synchronous culture of Plasmodium falciparum W2 ring stage infected in human erythrocytes after 48 hrs by flow cytometry,,,,W2,W2,,W2,7.96
CHEMBL2316804,,,439.94,0.0,4.93,72a Hybrid-14,COc1ccc(/C=C/C(=O)NCCCCNc2ccnc3cc(Cl)ccc23)cc1OC,IC50,'=',11.0,nM,7.96,,,UO_0000065,0,CHEMBL4193441,organism-based format,,CHEMBL4190314,1,Scientific Literature,Eur J Med Chem,,Antimalarial activity against synchronous culture of Plasmodium falciparum W2 ring stage infected in human erythrocytes after 48 hrs by flow cytometry,,,,W2,W2,,W2,7.96
CHEMBL4748374,,,358.32,0.0,3.51,17,NC(=O)c1ccc(-c2cnc(N)c(-c3ccc(C(F)(F)F)cc3)n2)cc1,IC50,'=',237.0,nM,6.62,,,UO_0000065,0,CHEMBL4719503,organism-based format,,CHEMBL4715789,1,Scientific Literature,J Med Chem,,Antiplasmodial activity against late stage (IV/V) Plasmodium falciparum NF54 gametocytes incubated for 48 hrs by luciferase reporter gene assay,,,,NF54,NF54,,NF54,6.63
CHEMBL4746251,,,360.3,0.0,3.5,13,Nc1ncc(-c2ccc(C(=O)O)cc2)nc1-c1ccc(C(F)(F)F)nc1,IC50,'=',168.0,nM,6.78,,,UO_0000065,0,CHEMBL4719504,organism-based format,,CHEMBL4715789,1,Scientific Literature,J Med Chem,,Antiplasmodial activity against early stage (II/III) Plasmodium falciparum NF54 gametocytes incubated for 48 hrs by luciferase reporter gene assay,,,,NF54,NF54,,NF54,6.77
CHEMBL1492516,CLOPERASTINE HYDROCLORIDE,,366.33,0.0,4.93,Cloperastine hydrochloride,Cl.Clc1ccc(C(OCCN2CCCCC2)c2ccccc2)cc1,IC50,'=',4875.0,nM,5.31,,,UO_0000065,0,CHEMBL1678152,organism-based format,,CHEMBL1671701,1,Scientific Literature,Antimicrob Agents Chemother,,Antiplasmodial activity against Plasmodium falciparum 3D7 infected in RBCs by firefly luciferase reporter gene assay,,,,3D7,3D7,,3D7,5.31
CHEMBL4245471,,,399.79,0.0,4.92,29,Clc1cc(Br)ccc1-c1ccc(CNCC2CCNCC2)s1,IC50,'=',850.0,nM,6.07,,,UO_0000065,0,CHEMBL4231438,organism-based format,,CHEMBL4229360,1,Scientific Literature,Eur J Med Chem,,Gametocytocidal activity against Plasmodium falciparum 3D7 elo1-pfs16-CBG99 late-stage (4 to 5) gametocytes assessed as inhibition of parasite viability after 72 hrs by luciferase reporter assay,,,,3D7,3D7,,3D7,6.07
CHEMBL4081080,,,489.42,1.0,6.24,33,N/C(CC(O)c1cc2c(F)cc(F)cc2c2cc(C(F)(F)F)ccc12)=N\N=C\c1ccc(F)cc1,IC50,'=',200.0,nM,6.7,,,UO_0000065,0,CHEMBL4013661,assay format,,CHEMBL4011644,1,Scientific Literature,J Med Chem,,Gametocytocidal activity against transgenic GFP-fused Plasmodium falciparum NF54 early stage gametocytes after 72 hrs by Mitotracker Red CMH2XRos staining based confocal microscopic method,,,,NF54,NF54,,NF54,6.7
CHEMBL269513,,,678.18,1.0,6.01,Trioxaquine 2-dia2,CC(C)C1=C[C@H]2OC3(CCC(NCCNc4ccnc5cc(Cl)ccc45)CC3)OO[C@@]2(C)CC1.O=C(O)CC(O)(CC(=O)O)C(=O)O,IC50,'=',28.0,nM,7.55,,,UO_0000065,0,CHEMBL918324,organism-based format,,CHEMBL1147097,1,Scientific Literature,Antimicrob Agents Chemother,,Antimalarial activity against chloroquine-resistant Plasmodium falciparum W2 asexual gametocytes,,,,W2,W2,,W2,7.55
CHEMBL530223,,,367.41,0.0,2.53,665878,COc1cccc(NC(=O)[C@H](C(C)C)n2c(=O)[nH]c3ccccc3c2=O)c1,IC50,'=',158.1,nM,6.8,,,UO_0000065,0,CHEMBL3392923,organism-based format,,CHEMBL3392922,17,Medicines for Malaria Venture () Malaria Box,,,"MMV: IC50 determined against P. falciparum Dd2-luc strain using a Malaria Sybr Green I Fluorescence assay. Starting conditions were 1% trophozoite synchronised parasites at 2% haematocrit. Fluorescence detection completed after 48hr incubation at 37 degrees C under 1% O2, 3% CO2 and balance N2.",,,,Dd2-luc,Dd2,,Dd2,6.8
CHEMBL453816,NORMELICOPICINE,,315.33,0.0,2.42,"1, normelicopicine",COc1c(OC)c(OC)c2c(c1O)c(=O)c1ccccc1n2C,IC50,'=',8250.0,nM,5.08,,,UO_0000065,0,CHEMBL1003847,organism-based format,,CHEMBL1150107,1,Scientific Literature,J Nat Prod,,Antiplasmodial activity against chloroquine-sensitive Plasmodium falciparum HB3 after 48 hrs by LDH reporter activity,,,,HB3,HB3,,HB3,5.08
CHEMBL76,CHLOROQUINE,4.0,319.88,0.0,4.81,Chloroquine,CCN(CC)CCCC(C)Nc1ccnc2cc(Cl)ccc12,IC50,'=',180.0,nM,6.75,,,UO_0000065,0,CHEMBL4704472,organism-based format,,CHEMBL4699594,1,Scientific Literature,J Nat Prod,,Antiplasmodial activity against chloroquine-resistant Plasmodium falciparum Dd2 ring stage incubated for 72 hrs by DAPI-staining based imaging analysis,,,,Dd2,Dd2,,Dd2,6.74
CHEMBL4743418,,,399.54,0.0,4.44,"2-A, Single Enantiomer",Oc1ccc(CN2CC(CNc3ccccc3)C3(C2)CN(c2ccccc2)C3)cc1,IC50,'=',774.0,nM,6.11,,,UO_0000065,0,CHEMBL4737832,organism-based format,Erythrocyte,CHEMBL4732202,1,Scientific Literature,J Med Chem,,Antiplasmodial activity against multidrug-resistant Plasmodium falciparum Dd2 KAF156 mutant transfected with Pfs16-GFP-Luc infected in human erythrocytes assessed as reduction in [3H]-hypoxanthine incorporation pretreated for 48 hrs followed by [3H]-hypoxanthine addition measured after 24 hrs by liquid scintillation counting method,,,,Dd2,Dd2,,Dd2,6.11
CHEMBL4228534,,,471.99,1.0,6.65,C-8,CCN(CC)c1ccc2cc(C3=NN(c4ccccc4)C(c4ccc(Cl)cc4)C3)c(=O)oc2c1,IC50,'=',9100.0,nM,5.04,,,UO_0000065,0,CHEMBL4223066,cell-based format,,CHEMBL4219189,1,Scientific Literature,Bioorg Med Chem Lett,,Inhibition of chloroquine resistant Plasmodium falciparum RKL9 schizont stage infected in human erythrocytes assessed as reduction in bacterial growth after 24 hrs by Giemsa staining based assay,,,,RKL9,RKL9,,RKL9,5.04
CHEMBL4761721,,,383.45,0.0,3.83,15,Fc1ccc(-c2nc3c(N4CCCN(CC5CC5)CC4)nccc3[nH]2)cc1F,IC50,'=',5300.0,nM,5.28,,,UO_0000065,0,CHEMBL4704393,organism-based format,,CHEMBL4699593,1,Scientific Literature,J Med Chem,,Antiplasmodial activity against early stage (I to III) Plasmodium falciparum NF54 gametocytes incubated for 48 hrs under hypoxia condition by luciferase reporter gene assay,,,,NF54,NF54,,NF54,5.28
CHEMBL4748374,,,358.32,0.0,3.51,17,NC(=O)c1ccc(-c2cnc(N)c(-c3ccc(C(F)(F)F)cc3)n2)cc1,IC50,'=',754.0,nM,6.12,,,UO_0000065,0,CHEMBL4719504,organism-based format,,CHEMBL4715789,1,Scientific Literature,J Med Chem,,Antiplasmodial activity against early stage (II/III) Plasmodium falciparum NF54 gametocytes incubated for 48 hrs by luciferase reporter gene assay,,,,NF54,NF54,,NF54,6.12
CHEMBL4756181,,,442.44,0.0,4.01,9l2,Nc1ncc(-c2ccc(C(=O)N3CCC(O)CC3)cc2)nc1-c1ccc(C(F)(F)F)cc1,IC50,'=',603.0,nM,6.22,,,UO_0000065,0,CHEMBL4719504,organism-based format,,CHEMBL4715789,1,Scientific Literature,J Med Chem,,Antiplasmodial activity against early stage (II/III) Plasmodium falciparum NF54 gametocytes incubated for 48 hrs by luciferase reporter gene assay,,,,NF54,NF54,,NF54,6.22
CHEMBL4474162,,,116.16,0.0,1.51,3,CC1(C)OOC1(C)C,IC50,'=',45.0,nM,7.35,,,UO_0000065,0,CHEMBL4430743,organism-based format,,CHEMBL4428111,1,Scientific Literature,Bioorg Med Chem Lett,,Antiplasmodial activity against chloroquine-resistant/mefloquine-sensitive Plasmodium falciparum W2 schizonts infected in human erythrocytes assessed as inhibition of parasite invasion after 24 hrs by Diff-Quick staining based microscopic analysis,,,,W2,W2,,W2,7.35
CHEMBL4533385,,,517.55,1.0,6.44,35,CCCCCCCCCCCC[n+]1c2c(n(CC(C)C)c1C)C(=O)c1ccccc1C2=O.[Br-],IC50,'=',174.0,nM,6.76,,,UO_0000065,0,CHEMBL4338839,organism-based format,,CHEMBL4334542,1,Scientific Literature,ACS Med Chem Lett,,Antimalarial activity against Plasmodium falciparum NF54 late gametocytes transfected with luciferase gene incubated for 48 hrs by luciferase reporter gene assay,,,,NF54,NF54,,NF54,6.76
CHEMBL4874145,,,471.51,0.0,3.83,19f,CCc1cccc(CNC(=O)c2nc3cccc(COCc4ccc(C(=O)O)cc4)c3c(=O)[nH]2)c1,IC50,'=',75.0,nM,7.12,,,UO_0000065,0,CHEMBL4830618,organism-based format,,CHEMBL4828745,1,Scientific Literature,J Med Chem,,Antiplasmodial activity against liver stage Plasmodium falciparum NF54 sporozoites infected in human hepatocytes assessed as parasite killing measured after 96 hrs by schizont assay,,,,NF54,NF54,,NF54,7.12
CHEMBL494057,,,418.97,1.0,6.43,9c,Cc1c(CNC(C)(C)C)cc(-c2ccccc2)n1Nc1ccnc2cc(Cl)ccc12,IC50,'=',63.5,nM,7.2,,,UO_0000065,0,CHEMBL937848,organism-based format,,CHEMBL1155029,1,Scientific Literature,Bioorg Med Chem,,Antimalarial activity against chloroquine-sensitive Plasmodium falciparum D10 as LDH reporter activity,,,,D10,D10,,D10,7.2
CHEMBL494697,,,418.97,1.0,6.38,9a,CCN(CC)Cc1cc(-c2ccccc2)n(Nc2ccnc3cc(Cl)ccc23)c1C,IC50,'=',42.7,nM,7.37,,,UO_0000065,0,CHEMBL937848,organism-based format,,CHEMBL1155029,1,Scientific Literature,Bioorg Med Chem,,Antimalarial activity against chloroquine-sensitive Plasmodium falciparum D10 as LDH reporter activity,,,,D10,D10,,D10,7.37
CHEMBL76,CHLOROQUINE,4.0,319.88,0.0,4.81,chloroquine,CCN(CC)CCCC(C)Nc1ccnc2cc(Cl)ccc12,IC50,'=',12.4,nM,7.91,,,UO_0000065,0,CHEMBL969264,organism-based format,,CHEMBL1157182,1,Scientific Literature,Bioorg Med Chem,,Antimalarial activity against chloroquine-sensitive Plasmodium falciparum D6 after 48 hrs by LDH reporter assay,,,,D6,D6,,D6,7.91
CHEMBL170724,,,308.39,0.0,3.8,"5c, NCGC00262650",COc1ccc(-c2cn(C3CCCC3)c3ncnc(N)c23)cc1,IC50,'=',63000.0,nM,4.2,,,UO_0000065,0,CHEMBL3598574,organism-based format,,CHEMBL3596135,1,Scientific Literature,Medchemcomm,,Antimalarial activity against synchronised early trophozoite stage of Plasmodium falciparum 3D7 assessed as parasite growth inhibition measured after two invasion cycles by flow cytometric analysis,,,,3D7,3D7,,3D7,4.2
CHEMBL590182,,,448.59,1.0,5.01,648,COc1ccccc1CNC(=O)C1c2ccccc2C(=O)N(CC(C)C)C1c1cccs1,IC50,'=',1143.0,nM,5.94,,,UO_0000065,0,CHEMBL3392923,organism-based format,,CHEMBL3392922,17,Medicines for Malaria Venture () Malaria Box,,,"MMV: IC50 determined against P. falciparum Dd2-luc strain using a Malaria Sybr Green I Fluorescence assay. Starting conditions were 1% trophozoite synchronised parasites at 2% haematocrit. Fluorescence detection completed after 48hr incubation at 37 degrees C under 1% O2, 3% CO2 and balance N2.",,,,Dd2-luc,Dd2,,Dd2,5.94
CHEMBL4457843,,,441.26,1.0,6.36,48,N#Cc1c(C(F)(F)F)cc(NCc2cccs2)n2c1nc1cc(Cl)c(Cl)cc12,IC50,'=',1670.0,nM,5.78,,,UO_0000065,0,CHEMBL4373129,organism-based format,,CHEMBL4371072,1,Scientific Literature,J Med Chem,,Antiplasmodial activity against chloroquine-sensitive final late stage of Plasmodium falciparum NF54-Mal8p1.16-GFP-Luc gametocytes after 24 hrs by BacTiter-Glo assay,,,,NF54-Mal8p1.16-GFP-Luc,NF54,,NF54,5.78
CHEMBL361497,ARTESUNATE,4.0,384.43,0.0,2.6,Artesunate,C[C@H]1[C@H](OC(=O)CCC(=O)O)O[C@@H]2O[C@@]3(C)CC[C@H]4[C@H](C)CC[C@@H]1[C@@]24OO3,IC50,'=',1.0,nM,9.0,,,UO_0000065,0,CHEMBL4150765,organism-based format,,CHEMBL4145643,1,Scientific Literature,J Nat Prod,,Antiplasmodial activity against drug-sensitive Plasmodium falciparum 3D7 ring stage infected in human erythrocytes after 72 hrs by DAPI staining based method,,,,3D7,3D7,,3D7,9.0
CHEMBL4163793,,,502.61,2.0,6.39,10,Cc1c2c(c(O)c3c1OC1=C(C(=O)C(C)(C)C(=O)C1(C)C)C3CC(C)C)C(=O)C[C@@H](c1ccccc1)O2,IC50,'=',9800.0,nM,5.01,,,UO_0000065,0,CHEMBL4150765,organism-based format,,CHEMBL4145643,1,Scientific Literature,J Nat Prod,,Antiplasmodial activity against drug-sensitive Plasmodium falciparum 3D7 ring stage infected in human erythrocytes after 72 hrs by DAPI staining based method,,,,3D7,3D7,,3D7,5.01
CHEMBL4173089,,,502.61,2.0,6.39,3,Cc1c(O)c2c(c3c1OC1=C(C(=O)C(C)(C)C(=O)C1(C)C)[C@@H]3CC(C)C)O[C@H](c1ccccc1)CC2=O,IC50,'=',7200.0,nM,5.14,,,UO_0000065,0,CHEMBL4150765,organism-based format,,CHEMBL4145643,1,Scientific Literature,J Nat Prod,,Antiplasmodial activity against drug-sensitive Plasmodium falciparum 3D7 ring stage infected in human erythrocytes after 72 hrs by DAPI staining based method,,,,3D7,3D7,,3D7,5.14
CHEMBL592344,,,462.62,1.0,5.4,653,CCOc1ccccc1CNC(=O)C1c2ccccc2C(=O)N(CC(C)C)C1c1cccs1,IC50,'=',1220.0,nM,5.91,,,UO_0000065,0,CHEMBL3392923,organism-based format,,CHEMBL3392922,17,Medicines for Malaria Venture () Malaria Box,,,"MMV: IC50 determined against P. falciparum Dd2-luc strain using a Malaria Sybr Green I Fluorescence assay. Starting conditions were 1% trophozoite synchronised parasites at 2% haematocrit. Fluorescence detection completed after 48hr incubation at 37 degrees C under 1% O2, 3% CO2 and balance N2.",,,,Dd2-luc,Dd2,,Dd2,5.91
CHEMBL1673260,,,298.41,0.0,3.94,23,Fc1cccc(NC2CCN(CCc3ccccc3)CC2)c1,IC50,'=',920.0,nM,6.04,,,UO_0000065,0,CHEMBL1678152,organism-based format,,CHEMBL1671701,1,Scientific Literature,Antimicrob Agents Chemother,,Antiplasmodial activity against Plasmodium falciparum 3D7 infected in RBCs by firefly luciferase reporter gene assay,,,,3D7,3D7,,3D7,6.04
CHEMBL1673274,,,315.41,0.0,4.97,Am-6,Fc1ccc(C(CCCN2CCCC2)c2ccc(F)cc2)cc1,IC50,'=',12000.0,nM,4.92,,,UO_0000065,0,CHEMBL1678152,organism-based format,,CHEMBL1671701,1,Scientific Literature,Antimicrob Agents Chemother,,Antiplasmodial activity against Plasmodium falciparum 3D7 infected in RBCs by firefly luciferase reporter gene assay,,,,3D7,3D7,,3D7,4.92
CHEMBL1644969,,,331.41,0.0,4.21,Am-8,Fc1ccc(C(CCCN2CCOCC2)c2ccc(F)cc2)cc1,IC50,'=',18000.0,nM,4.75,,,UO_0000065,0,CHEMBL1678152,organism-based format,,CHEMBL1671701,1,Scientific Literature,Antimicrob Agents Chemother,,Antiplasmodial activity against Plasmodium falciparum 3D7 infected in RBCs by firefly luciferase reporter gene assay,,,,3D7,3D7,,3D7,4.74
CHEMBL3596396,,,398.51,1.0,6.07,"5a, NCGC00262654",CN(C)c1ncnc2c1c(-c1ccc(Oc3ccccc3)cc1)cn2C1CCCC1,IC50,'=',6000.0,nM,5.22,,,UO_0000065,0,CHEMBL3598565,organism-based format,,CHEMBL3596135,1,Scientific Literature,Medchemcomm,,Antimalarial activity against Plasmodium falciparum FVO schizont infected in RBC assessed as inhibition of merozoite invasion after 3 to 4 hrs by flow cytometric analysis,,,,FVO,FVO,,FVO,5.22
CHEMBL4781359,,,437.05,0.0,2.98,2,CNCCc1cc(OC)c(Br)cc1Br.O=C(O)C(F)(F)F,IC50,'=',11000.0,nM,4.96,,,UO_0000065,0,CHEMBL4704471,organism-based format,,CHEMBL4699594,1,Scientific Literature,J Nat Prod,,Antiplasmodial activity against chloroquine-sensitive Plasmodium falciparum 3D7 ring stage incubated for 72 hrs by DAPI-staining based imaging analysis,,,,3D7,3D7,,3D7,4.96
CHEMBL535638,,,475.47,0.0,3.17,24,Cl.Cl.N=C(NC1CC1)c1ccc(N2CCN(c3ccc(C(=N)NC4CC4)cc3)CC2)cc1,IC50,'=',358.0,nM,6.45,,,UO_0000065,0,CHEMBL926257,organism-based format,,CHEMBL1140635,1,Scientific Literature,Bioorg Med Chem,,Antiplasmodial activity against chloroquine-sensitive Plasmodium falciparum D6 by LDH reporter assay,,,,D6,D6,,D6,6.45
CHEMBL534283,,,294.45,0.0,3.5,665864,CCCCNc1nc(NC(C)(C)C)nc(NC(C)(C)C)n1,IC50,'=',892.6,nM,6.05,,,UO_0000065,0,CHEMBL3392923,organism-based format,,CHEMBL3392922,17,Medicines for Malaria Venture () Malaria Box,,,"MMV: IC50 determined against P. falciparum Dd2-luc strain using a Malaria Sybr Green I Fluorescence assay. Starting conditions were 1% trophozoite synchronised parasites at 2% haematocrit. Fluorescence detection completed after 48hr incubation at 37 degrees C under 1% O2, 3% CO2 and balance N2.",,,,Dd2-luc,Dd2,,Dd2,6.05
CHEMBL4798032,,,427.43,0.0,3.46,3,Nc1ncc(-c2ccc(C(=O)N3CCNCC3)cc2)nc1-c1ccc(C(F)(F)F)cc1,IC50,'=',134.0,nM,6.87,,,UO_0000065,0,CHEMBL4719504,organism-based format,,CHEMBL4715789,1,Scientific Literature,J Med Chem,,Antiplasmodial activity against early stage (II/III) Plasmodium falciparum NF54 gametocytes incubated for 48 hrs by luciferase reporter gene assay,,,,NF54,NF54,,NF54,6.87
CHEMBL3814130,,,363.42,1.0,5.22,6e,C(=N/Nc1nncc2ccccc12)\c1c(-c2ccccc2)[nH]c2ccccc12,IC50,'=',3490.0,nM,5.46,,,UO_0000065,0,CHEMBL3817535,organism-based format,,CHEMBL3813669,1,Scientific Literature,Bioorg Med Chem Lett,,Antiplasmodial activity against Plasmodium falciparum 3D7 trophozoite stage infected in human RBCs assessed as reduction in parasitemia after 48 hrs by Hoechst-3342 staining based flow cytometric analysis,,,,3D7,3D7,,3D7,5.46
CHEMBL539613,,,531.58,0.0,4.73,30,Cl.Cl.N=C(NC1CCCC1)c1ccc(N2CCN(c3ccc(C(=N)NC4CCCC4)cc3)CC2)cc1,IC50,'=',297.0,nM,6.53,,,UO_0000065,0,CHEMBL926257,organism-based format,,CHEMBL1140635,1,Scientific Literature,Bioorg Med Chem,,Antiplasmodial activity against chloroquine-sensitive Plasmodium falciparum D6 by LDH reporter assay,,,,D6,D6,,D6,6.53
CHEMBL188061,,,312.32,0.0,3.57,3,CC(C)=CCc1cc(O)c2c(=O)c3cccc(O)c3oc2c1O,IC50,'=',10000.0,nM,5.0,,,UO_0000065,0,CHEMBL980501,organism-based format,,CHEMBL1157289,1,Scientific Literature,J Nat Prod,,Antiplasmodial activity against chloroquine-sensitive Plasmodium falciparum Ghana by LDH reporter assay,,,,Ghana,GHA,,GHA,5.0
CHEMBL4795434,,,495.55,0.0,4.99,101,C[C@H](C(=O)N1CC(CNc2ccc(F)cc2)C2(C1)CN(c1cc(F)cc(F)c1)C2)c1ccc(O)cc1,IC50,'=',110.0,nM,6.96,,,UO_0000065,0,CHEMBL4737829,organism-based format,Erythrocyte,CHEMBL4732202,1,Scientific Literature,J Med Chem,,Antiplasmodial activity against multidrug-sensitive Plasmodium falciparum NF54 transfected with GFP-Luc infected in human erythrocytes assessed as reduction in [3H]-hypoxanthine incorporation pretreated for 48 hrs followed by [3H]-hypoxanthine addition measured after 24 hrs by liquid scintillation counting method,,,,NF54,NF54,,NF54,6.96
CHEMBL4759714,,,509.58,1.0,3.63,106,Nc1ccc(C[C@@H](N)C(=O)N2CC(CNc3ccc(F)cc3)C3(C2)CN(c2cc(F)cc(F)c2)C3)cc1,IC50,'=',33.0,nM,7.48,,,UO_0000065,0,CHEMBL4737829,organism-based format,Erythrocyte,CHEMBL4732202,1,Scientific Literature,J Med Chem,,Antiplasmodial activity against multidrug-sensitive Plasmodium falciparum NF54 transfected with GFP-Luc infected in human erythrocytes assessed as reduction in [3H]-hypoxanthine incorporation pretreated for 48 hrs followed by [3H]-hypoxanthine addition measured after 24 hrs by liquid scintillation counting method,,,,NF54,NF54,,NF54,7.48
CHEMBL76,CHLOROQUINE,4.0,319.88,0.0,4.81,CQ,CCN(CC)CCCC(C)Nc1ccnc2cc(Cl)ccc12,IC50,'=',63.0,nM,7.2,,,UO_0000065,0,CHEMBL4013661,assay format,,CHEMBL4011644,1,Scientific Literature,J Med Chem,,Gametocytocidal activity against transgenic GFP-fused Plasmodium falciparum NF54 early stage gametocytes after 72 hrs by Mitotracker Red CMH2XRos staining based confocal microscopic method,,,,NF54,NF54,,NF54,7.2
CHEMBL4791133,,,800.27,2.0,5.89,5,CN[C@@H](CCN(C)CCc1cc(OC)c(Br)cc1Br)C(=O)NCCCN(C)CCc1cc(OC)c(Br)cc1Br,IC50,'=',1600.0,nM,5.8,,,UO_0000065,0,CHEMBL4704471,organism-based format,,CHEMBL4699594,1,Scientific Literature,J Nat Prod,,Antiplasmodial activity against chloroquine-sensitive Plasmodium falciparum 3D7 ring stage incubated for 72 hrs by DAPI-staining based imaging analysis,,,,3D7,3D7,,3D7,5.8
CHEMBL469912,PUROMYCIN,2.0,471.52,1.0,-0.79,Puromycin,COc1ccc(C[C@H](N)C(=O)N[C@H]2[C@@H](O)[C@H](n3cnc4c(N(C)C)ncnc43)O[C@@H]2CO)cc1,IC50,'=',60.0,nM,7.22,,,UO_0000065,0,CHEMBL4150765,organism-based format,,CHEMBL4145643,1,Scientific Literature,J Nat Prod,,Antiplasmodial activity against drug-sensitive Plasmodium falciparum 3D7 ring stage infected in human erythrocytes after 72 hrs by DAPI staining based method,,,,3D7,3D7,,3D7,7.22
CHEMBL4756352,,,496.53,0.0,3.89,97,N[C@@H](C(=O)N1CC(CNc2ccc(F)cc2)C2(C1)CN(c1cc(F)cc(F)c1)C2)c1ccc(O)cc1,IC50,'=',82.0,nM,7.09,,,UO_0000065,0,CHEMBL4737844,organism-based format,,CHEMBL4732202,1,Scientific Literature,J Med Chem,,Antiplasmodial activity against asexual stage (V) Plasmodium falciparum NF54 gametocytes assessed as inhibition of exflagellation of male gametes measured at 15 to 22.5 min by microscopic based analysis,,,,NF54,NF54,,NF54,7.09
CHEMBL4090056,,,531.72,1.0,1.52,Carmaphycin B,CCCCCC(=O)N[C@H](C(=O)N[C@@H](CCS(C)(=O)=O)C(=O)N[C@@H](CC(C)C)C(=O)[C@@]1(C)CO1)C(C)C,IC50,'=',160.0,nM,6.8,,,UO_0000065,0,CHEMBL4040348,cell-based format,,CHEMBL4038319,1,Scientific Literature,J Med Chem,,Antimalarial activity against stage V gametocytes of Plasmodium falciparum NF54 infected in human erythrocytes after 72 hrs by mitotracker red based bioluminescence assay,,,,NF54,NF54,,NF54,6.8
CHEMBL4543126,,,389.29,0.0,2.85,29,Cc1n(CC(C)C)c2c([n+]1C1CC1)C(=O)c1ccccc1C2=O.[Br-],IC50,'=',832.0,nM,6.08,,,UO_0000065,0,CHEMBL4338839,organism-based format,,CHEMBL4334542,1,Scientific Literature,ACS Med Chem Lett,,Antimalarial activity against Plasmodium falciparum NF54 late gametocytes transfected with luciferase gene incubated for 48 hrs by luciferase reporter gene assay,,,,NF54,NF54,,NF54,6.08
CHEMBL4456232,,,489.5,1.0,5.66,34,CCCCCCCCCC[n+]1c2c(n(CC(C)C)c1C)C(=O)c1ccccc1C2=O.[Br-],IC50,'=',237.0,nM,6.62,,,UO_0000065,0,CHEMBL4338839,organism-based format,,CHEMBL4334542,1,Scientific Literature,ACS Med Chem Lett,,Antimalarial activity against Plasmodium falciparum NF54 late gametocytes transfected with luciferase gene incubated for 48 hrs by luciferase reporter gene assay,,,,NF54,NF54,,NF54,6.63
CHEMBL394241,,,420.51,0.0,4.93,12,CC(C)(C)OC(=O)N1CCN(c2cc(-c3ccc(Oc4ccccc4)cc3)n[nH]2)CC1,IC50,'=',8100.0,nM,5.09,,,UO_0000065,0,CHEMBL901502,organism-based format,L6,CHEMBL1138251,1,Scientific Literature,J Med Chem,CHEMBL3308469,"Antiparasitic activity against chloroquine, pyrimethamine-resistant Plasmodium falciparum K1 erythrocyte stage infected rat L6 cells",,,,K1,K1,,K1,5.09
CHEMBL4242609,,,380.92,1.0,5.36,26,Clc1cc(-c2ccccc2)ccc1-c1ccc(CNCC2CCNCC2)o1,IC50,'=',1400.0,nM,5.85,,,UO_0000065,0,CHEMBL4231438,organism-based format,,CHEMBL4229360,1,Scientific Literature,Eur J Med Chem,,Gametocytocidal activity against Plasmodium falciparum 3D7 elo1-pfs16-CBG99 late-stage (4 to 5) gametocytes assessed as inhibition of parasite viability after 72 hrs by luciferase reporter assay,,,,3D7,3D7,,3D7,5.85
CHEMBL4241601,,,300.4,0.0,3.04,11,COc1ccccc1-c1ccc(CNCC2CCNCC2)o1,IC50,'=',11800.0,nM,4.93,,,UO_0000065,0,CHEMBL4231438,organism-based format,,CHEMBL4229360,1,Scientific Literature,Eur J Med Chem,,Gametocytocidal activity against Plasmodium falciparum 3D7 elo1-pfs16-CBG99 late-stage (4 to 5) gametocytes assessed as inhibition of parasite viability after 72 hrs by luciferase reporter assay,,,,3D7,3D7,,3D7,4.93
CHEMBL475085,,,544.66,1.0,3.43,NA47,OC[C@H]1O[C@@H](n2cnc3c(NCCC(c4ccccc4)c4ccccc4)nc(NC4CCCC4)nc32)[C@H](O)[C@@H]1O,IC50,'=',3280.0,nM,5.48,,,UO_0000065,0,CHEMBL941604,organism-based format,,CHEMBL1137633,1,Scientific Literature,Antimicrob Agents Chemother,,Antiplasmodial activity against chloroquine and pyrimethamine-resistant Plasmodium falciparum K1 infected mice (Mus musculus) macrophage by reporter dye assay,,,,K1,K1,,K1,5.48
CHEMBL495622,,,426.35,0.0,4.86,3f,OC[C@H](OCc1ccccc1)[C@@H](NCc1ccccc1)c1ccccc1Br,IC50,'=',10460.0,nM,4.98,,,UO_0000065,0,CHEMBL1004946,organism-based format,,CHEMBL1136969,1,Scientific Literature,J Med Chem,,Antiplasmodial activity after 48 hrs against chloroquine-sensitive Plasmodium falciparum D10 infected human erythrocytes by LDH reporter assay,,,,D10,D10,,D10,4.98
CHEMBL496027,,,315.41,0.0,3.18,3j,CCCN[C@@H](c1ccc(OC)cc1)[C@H](CO)Oc1ccccc1,IC50,'=',16420.0,nM,4.79,,,UO_0000065,0,CHEMBL1004946,organism-based format,,CHEMBL1136969,1,Scientific Literature,J Med Chem,,Antiplasmodial activity after 48 hrs against chloroquine-sensitive Plasmodium falciparum D10 infected human erythrocytes by LDH reporter assay,,,,D10,D10,,D10,4.78
CHEMBL498037,,,327.42,0.0,3.88,4j,CCCN1COC[C@@H](Oc2ccccc2)[C@H]1c1ccc(OC)cc1,IC50,'=',87080.0,nM,4.06,,,UO_0000065,0,CHEMBL1004946,organism-based format,,CHEMBL1136969,1,Scientific Literature,J Med Chem,,Antiplasmodial activity after 48 hrs against chloroquine-sensitive Plasmodium falciparum D10 infected human erythrocytes by LDH reporter assay,,,,D10,D10,,D10,4.06
CHEMBL522210,,,341.5,0.0,4.2,5,Cc1ccc([C@@H]([C@H](CO)OCc2ccccc2)N(C)CC(C)C)cc1,IC50,'=',81970.0,nM,4.09,,,UO_0000065,0,CHEMBL1004946,organism-based format,,CHEMBL1136969,1,Scientific Literature,J Med Chem,,Antiplasmodial activity after 48 hrs against chloroquine-sensitive Plasmodium falciparum D10 infected human erythrocytes by LDH reporter assay,,,,D10,D10,,D10,4.09
CHEMBL505624,CORDYHEPTAPEPTIDE A,,880.1,1.0,3.08,15,CC[C@H](C)[C@@H]1NC(=O)[C@H](Cc2ccc(O)cc2)N(C)C(=O)[C@H](Cc2ccccc2)NC(=O)CN(C)C(=O)[C@@H]2CCCN2C(=O)[C@@H](Cc2ccccc2)N(C)C(=O)[C@H](CC(C)C)NC1=O,IC50,'=',3800.0,nM,5.42,,,UO_0000065,0,CHEMBL925678,organism-based format,,CHEMBL1141306,1,Scientific Literature,J Nat Prod,,Antimalarial activity against multidrug-resistant Plasmodium falciparum K1,,,,K1,K1,,K1,5.42
CHEMBL537905,,,503.52,0.0,3.95,26,Cl.Cl.N=C(NC1CCC1)c1ccc(N2CCN(c3ccc(C(=N)NC4CCC4)cc3)CC2)cc1,IC50,'=',7.0,nM,8.15,,,UO_0000065,0,CHEMBL926257,organism-based format,,CHEMBL1140635,1,Scientific Literature,Bioorg Med Chem,,Antiplasmodial activity against chloroquine-sensitive Plasmodium falciparum D6 by LDH reporter assay,,,,D6,D6,,D6,8.15
CHEMBL540380,,,507.55,0.0,4.02,25,CCCC/N=C(/N)c1ccc(N2CCN(c3ccc(/C(N)=N\CCCC)cc3)CC2)cc1.Cl.Cl,IC50,'=',19.0,nM,7.72,,,UO_0000065,0,CHEMBL926257,organism-based format,,CHEMBL1140635,1,Scientific Literature,Bioorg Med Chem,,Antiplasmodial activity against chloroquine-sensitive Plasmodium falciparum D6 by LDH reporter assay,,,,D6,D6,,D6,7.72
CHEMBL2316803,,,422.96,0.0,4.98,72a Hybrid-13,CN(C)c1ccc(/C=C/C(=O)NCCCCNc2ccnc3cc(Cl)ccc23)cc1,IC50,'=',11.0,nM,7.96,,,UO_0000065,0,CHEMBL4193441,organism-based format,,CHEMBL4190314,1,Scientific Literature,Eur J Med Chem,,Antimalarial activity against synchronous culture of Plasmodium falciparum W2 ring stage infected in human erythrocytes after 48 hrs by flow cytometry,,,,W2,W2,,W2,7.96
CHEMBL185172,,,374.44,0.0,3.41,4,N=C(N)c1ccc(COc2ccccc2OCc2ccc(C(=N)N)cc2)cc1,IC50,'=',671.0,nM,6.17,,,UO_0000065,0,CHEMBL926257,organism-based format,,CHEMBL1140635,1,Scientific Literature,Bioorg Med Chem,,Antiplasmodial activity against chloroquine-sensitive Plasmodium falciparum D6 by LDH reporter assay,,,,D6,D6,,D6,6.17
CHEMBL4224867,,,481.55,1.0,5.34,C-12,CCN(CC)c1ccc2cc(C3=NN(C(=O)c4ccccc4)C(c4ccc(O)cc4)C3)c(=O)oc2c1,IC50,'=',14300.0,nM,4.84,,,UO_0000065,0,CHEMBL4223065,cell-based format,,CHEMBL4219189,1,Scientific Literature,Bioorg Med Chem Lett,,Inhibition of chloroquine sensitive Plasmodium falciparum MRC-02 schizont stage infected in human erythrocytes assessed as reduction in bacterial growth after 24 hrs by Giemsa staining based assay,,,,MRC-02,MRC-02,,MRC-2,4.84
CHEMBL1650038,SIMALIKALACTONE E,,578.66,2.0,1.1,SkE,CC[C@H](C)C(=O)O[C@@H]1[C@H]2C(C)=CC(=O)[C@@H](O)[C@]2(C)[C@H]2[C@@H](O)[C@H](O)[C@@]3(C)OC[C@@]24[C@@H]1OC(=O)[C@H](OC(=O)[C@@H](C)CC)[C@@H]34,IC50,'=',1120.0,nM,5.95,,,UO_0000065,0,CHEMBL1653656,organism-based format,,CHEMBL1649241,1,Scientific Literature,Antimicrob Agents Chemother,,Antiplasmodial activity against Plasmodium falciparum W2 gametocytes assessed as suppression of parasitemia after 4 hrs by Giemsa staining,,,,W2,W2,,W2,5.95
CHEMBL1588046,,,279.35,0.0,3.33,62221,Cc1cc(C)nc(-n2nc(C)cc2Nc2ccccc2)n1,IC50,'=',220.0,nM,6.66,,,UO_0000065,0,CHEMBL3832784,organism-based format,,CHEMBL3832761,34,Medicines for Malaria Venture () Pathogen Box,,,Antimalarial activity: Gametocytes Plasmodium falciparum NF54 Gametocytes Stage V IC50 (uM),,,,NF54,NF54,,NF54,6.66
CHEMBL416956,MEFLOQUINE,4.0,378.32,0.0,4.45,mefloquine,OC(c1cc(C(F)(F)F)nc2c(C(F)(F)F)cccc12)C1CCCCN1,IC50,'=',12.29,nM,7.91,,,UO_0000065,0,CHEMBL910395,organism-based format,,CHEMBL1142194,1,Scientific Literature,Antimicrob Agents Chemother,,Growth inhibition of Plasmodium falciparum 3D7 ring stage in infected erythrocytes after 72 hrs in DAPI fluorimetry,,,,3D7,3D7,,3D7,7.91
CHEMBL524065,,,462.42,1.0,7.34,4g,Clc1cccc(C(Nc2ccnc3cc(Cl)ccc23)c2ccc(CN3CCCC3)cc2)c1,IC50,'=',21.0,nM,7.68,,,UO_0000065,0,CHEMBL1012851,organism-based format,,CHEMBL1139381,1,Scientific Literature,J Med Chem,,Antimalarial activity after 72 hrs against chloroquine-sensitive Plasmodium falciparum D10 infected human A+ erythrocytes in Makler LDH reporter assay,,,,D10,D10,,D10,7.68
CHEMBL1673246,,,274.19,0.0,4.33,7,CCCN(CC1CC1)c1cc(Cl)cc(Cl)c1O,IC50,'=',330.0,nM,6.48,,,UO_0000065,0,CHEMBL1678152,organism-based format,,CHEMBL1671701,1,Scientific Literature,Antimicrob Agents Chemother,,Antiplasmodial activity against Plasmodium falciparum 3D7 infected in RBCs by firefly luciferase reporter gene assay,,,,3D7,3D7,,3D7,6.48
CHEMBL1673247,,,255.36,0.0,4.2,9,CCCCN(Cc1ccccc1)c1ccccc1O,IC50,'=',420.0,nM,6.38,,,UO_0000065,0,CHEMBL1678152,organism-based format,,CHEMBL1671701,1,Scientific Literature,Antimicrob Agents Chemother,,Antiplasmodial activity against Plasmodium falciparum 3D7 infected in RBCs by firefly luciferase reporter gene assay,,,,3D7,3D7,,3D7,6.38
CHEMBL1673249,,,371.07,0.0,4.55,11,CN(Cc1ccccc1)c1cc(Br)cc(Br)c1O,IC50,'=',680.0,nM,6.17,,,UO_0000065,0,CHEMBL1678152,organism-based format,,CHEMBL1671701,1,Scientific Literature,Antimicrob Agents Chemother,,Antiplasmodial activity against Plasmodium falciparum 3D7 infected in RBCs by firefly luciferase reporter gene assay,,,,3D7,3D7,,3D7,6.17
CHEMBL1673252,,,288.71,0.0,3.78,14,Oc1c(Cl)cccc1C1=NN=C(c2ccc(F)cc2)C1,IC50,'=',1500.0,nM,5.82,,,UO_0000065,0,CHEMBL1678152,organism-based format,,CHEMBL1671701,1,Scientific Literature,Antimicrob Agents Chemother,,Antiplasmodial activity against Plasmodium falciparum 3D7 infected in RBCs by firefly luciferase reporter gene assay,,,,3D7,3D7,,3D7,5.82
CHEMBL1348834,,,314.86,0.0,4.09,17,Clc1ccc(CNC2CCN(Cc3ccccc3)CC2)cc1,IC50,'=',250.0,nM,6.6,,,UO_0000065,0,CHEMBL1678152,organism-based format,,CHEMBL1671701,1,Scientific Literature,Antimicrob Agents Chemother,,Antiplasmodial activity against Plasmodium falciparum 3D7 infected in RBCs by firefly luciferase reporter gene assay,,,,3D7,3D7,,3D7,6.6
CHEMBL1673262,,,340.47,0.0,3.82,26,COc1cc(NC2CCN(CCc3ccccc3)CC2)cc(OC)c1,IC50,'=',1200.0,nM,5.92,,,UO_0000065,0,CHEMBL1678152,organism-based format,,CHEMBL1671701,1,Scientific Literature,Antimicrob Agents Chemother,,Antiplasmodial activity against Plasmodium falciparum 3D7 infected in RBCs by firefly luciferase reporter gene assay,,,,3D7,3D7,,3D7,5.92
CHEMBL577736,TYROTHRICIN,4.0,1228.46,,,Tyrothricin,CC(C)C[C@@H]1NC(=O)[C@H](CCCN)NC(=O)[C@H](C(C)C)NC(=O)[C@H](Cc2ccc(O)cc2)N[C@@H](CCC(=O)O)C(=O)N[C@@H](CC(N)=O)C(=O)[C@@H](Cc2ccccc2)NC(=O)[C@H](Cc2ccccc2)NC(=O)[C@@H]2CCCN2C(=O)[C@@H](Cc2ccccc2)NC1=O,IC50,'=',0.05,nM,10.3,,,UO_0000065,0,CHEMBL1678152,organism-based format,,CHEMBL1671701,1,Scientific Literature,Antimicrob Agents Chemother,,Antiplasmodial activity against Plasmodium falciparum 3D7 infected in RBCs by firefly luciferase reporter gene assay,,,,3D7,3D7,,3D7,10.3
CHEMBL3707183,QUINIDINE SULFATE,4.0,782.96,0.0,3.17,Quinidine sulfate,C=C[C@H]1CN2CC[C@H]1C[C@@H]2[C@@H](O)c1ccnc2ccc(OC)cc12.C=C[C@H]1CN2CC[C@H]1C[C@@H]2[C@@H](O)c1ccnc2ccc(OC)cc12.O.O.O=S(=O)(O)O,IC50,'=',56.0,nM,7.25,,,UO_0000065,0,CHEMBL1678152,organism-based format,,CHEMBL1671701,1,Scientific Literature,Antimicrob Agents Chemother,,Antiplasmodial activity against Plasmodium falciparum 3D7 infected in RBCs by firefly luciferase reporter gene assay,,,,3D7,3D7,,3D7,7.25
CHEMBL1673273,,,449.55,1.0,5.73,Am-5,O=C(Nc1ccccc1)N1CCN(CCCC(c2ccc(F)cc2)c2ccc(F)cc2)CC1,IC50,'=',7300.0,nM,5.14,,,UO_0000065,0,CHEMBL1678152,organism-based format,,CHEMBL1671701,1,Scientific Literature,Antimicrob Agents Chemother,,Antiplasmodial activity against Plasmodium falciparum 3D7 infected in RBCs by firefly luciferase reporter gene assay,,,,3D7,3D7,,3D7,5.14
CHEMBL1673279,,,343.42,0.0,4.54,Am-9,O=C1CCN(CCCC(c2ccc(F)cc2)c2ccc(F)cc2)CC1,IC50,'=',5400.0,nM,5.27,,,UO_0000065,0,CHEMBL1678152,organism-based format,,CHEMBL1671701,1,Scientific Literature,Antimicrob Agents Chemother,,Antiplasmodial activity against Plasmodium falciparum 3D7 infected in RBCs by firefly luciferase reporter gene assay,,,,3D7,3D7,,3D7,5.27
CHEMBL556397,,,479.5,0.0,3.66,22,CCCNC(=N)c1ccc(N2CCN(c3ccc(C(=N)NCCC)cc3)CC2)cc1.Cl.Cl,IC50,'=',29.0,nM,7.54,,,UO_0000065,0,CHEMBL926257,organism-based format,,CHEMBL1140635,1,Scientific Literature,Bioorg Med Chem,,Antiplasmodial activity against chloroquine-sensitive Plasmodium falciparum D6 by LDH reporter assay,,,,D6,D6,,D6,7.54
CHEMBL537230,,,535.61,0.0,4.94,28,CC(C)CCNC(=N)c1ccc(N2CCN(c3ccc(C(=N)NCCC(C)C)cc3)CC2)cc1.Cl.Cl,IC50,'=',42.0,nM,7.38,,,UO_0000065,0,CHEMBL926257,organism-based format,,CHEMBL1140635,1,Scientific Literature,Bioorg Med Chem,,Antiplasmodial activity against chloroquine-sensitive Plasmodium falciparum D6 by LDH reporter assay,,,,D6,D6,,D6,7.38
CHEMBL5093798,,,453.93,0.0,1.67,JX35,Cl.Cn1cc(CN2CC3(CCN(c4ncc(C(=O)NO)cn4)C3)C2)c2ccc(C#N)cc21,IC50,'=',15.38,nM,7.81,,,UO_0000065,0,CHEMBL5048717,organism-based format,,CHEMBL5046276,1,Scientific Literature,J Med Chem,,Antimalarial activity against early stage (II) Plasmodium falciparum NF54 gametocytes transfected with p230p-Luc assessed as reduction in gametocyte viability incubated for 48 hrs by luciferase reporter gene based bioluminescence assay,,,,NF54,NF54,,NF54,7.81
CHEMBL361497,ARTESUNATE,4.0,384.43,0.0,2.6,Artesunate,C[C@H]1[C@H](OC(=O)CCC(=O)O)O[C@@H]2O[C@@]3(C)CC[C@H]4[C@H](C)CC[C@@H]1[C@@]24OO3,IC50,'=',12.0,nM,7.92,,,UO_0000065,0,CHEMBL3377850,organism-based format,,CHEMBL3351935,1,Scientific Literature,Bioorg Med Chem Lett,,Antigametocytocidal activity against Plasmodium falciparum NF54-pfs16-GPF late (4 to 6) gametocyte assessed as viability after 72 hrs by MitoTracker Red CM-H2XRos/micro-plate confocal imaging system,,,,NF54,NF54,,NF54,7.92
CHEMBL591183,,,425.96,0.0,4.84,788,CC(C)OCc1cc(CN2CCN(c3cccc(Cl)c3)CC2)c(O)c2ncccc12,IC50,'=',573.2,nM,6.24,,,UO_0000065,0,CHEMBL3392923,organism-based format,,CHEMBL3392922,17,Medicines for Malaria Venture () Malaria Box,,,"MMV: IC50 determined against P. falciparum Dd2-luc strain using a Malaria Sybr Green I Fluorescence assay. Starting conditions were 1% trophozoite synchronised parasites at 2% haematocrit. Fluorescence detection completed after 48hr incubation at 37 degrees C under 1% O2, 3% CO2 and balance N2.",,,,Dd2-luc,Dd2,,Dd2,6.24
CHEMBL577874,,,391.41,0.0,4.14,6303,CCN(CC)CCNc1ccnc2cc3ccccc3cc12.O=P(O)(O)O,IC50,'=',464.9,nM,6.33,,,UO_0000065,0,CHEMBL3392923,organism-based format,,CHEMBL3392922,17,Medicines for Malaria Venture () Malaria Box,,,"MMV: IC50 determined against P. falciparum Dd2-luc strain using a Malaria Sybr Green I Fluorescence assay. Starting conditions were 1% trophozoite synchronised parasites at 2% haematocrit. Fluorescence detection completed after 48hr incubation at 37 degrees C under 1% O2, 3% CO2 and balance N2.",,,,Dd2-luc,Dd2,,Dd2,6.33
CHEMBL605281,,,434.56,1.0,5.33,662,COc1ccc(NC(=O)C2c3ccccc3C(=O)N(CC(C)C)C2c2cccs2)cc1,IC50,'=',1258.0,nM,5.9,,,UO_0000065,0,CHEMBL3392923,organism-based format,,CHEMBL3392922,17,Medicines for Malaria Venture () Malaria Box,,,"MMV: IC50 determined against P. falciparum Dd2-luc strain using a Malaria Sybr Green I Fluorescence assay. Starting conditions were 1% trophozoite synchronised parasites at 2% haematocrit. Fluorescence detection completed after 48hr incubation at 37 degrees C under 1% O2, 3% CO2 and balance N2.",,,,Dd2-luc,Dd2,,Dd2,5.9
CHEMBL1738986,,,393.31,0.0,4.23,396736,OC(CNCC1CCCO1)Cn1c2ccc(Cl)cc2c2cc(Cl)ccc21,IC50,'=',733.6,nM,6.13,,,UO_0000065,0,CHEMBL3392923,organism-based format,,CHEMBL3392922,17,Medicines for Malaria Venture () Malaria Box,,,"MMV: IC50 determined against P. falciparum Dd2-luc strain using a Malaria Sybr Green I Fluorescence assay. Starting conditions were 1% trophozoite synchronised parasites at 2% haematocrit. Fluorescence detection completed after 48hr incubation at 37 degrees C under 1% O2, 3% CO2 and balance N2.",,,,Dd2-luc,Dd2,,Dd2,6.13
CHEMBL3799588,,,420.39,1.0,5.14,34,Nc1ccc(-c2ccc3ncc4[nH]c(=O)n(-c5cccc(C(F)(F)F)c5)c4c3c2)cc1,IC50,'=',3270.0,nM,5.49,,,UO_0000065,0,CHEMBL3800921,organism-based format,,CHEMBL3797182,1,Scientific Literature,Bioorg Med Chem Lett,,Gametocytocidal activity against chloroquine-sensitive late gametocytic stage (III to V) of Plasmodium falciparum 3D7 after 72 hrs by Alamar Blue assay,,,,3D7,3D7,,3D7,5.49
CHEMBL4756352,,,496.53,0.0,3.89,97,N[C@@H](C(=O)N1CC(CNc2ccc(F)cc2)C2(C1)CN(c1cc(F)cc(F)c1)C2)c1ccc(O)cc1,IC50,'=',14.0,nM,7.85,,,UO_0000065,0,CHEMBL4737829,organism-based format,Erythrocyte,CHEMBL4732202,1,Scientific Literature,J Med Chem,,Antiplasmodial activity against multidrug-sensitive Plasmodium falciparum NF54 transfected with GFP-Luc infected in human erythrocytes assessed as reduction in [3H]-hypoxanthine incorporation pretreated for 48 hrs followed by [3H]-hypoxanthine addition measured after 24 hrs by liquid scintillation counting method,,,,NF54,NF54,,NF54,7.85
CHEMBL4755397,,,510.56,1.0,3.76,105,N[C@H](Cc1ccc(O)cc1)C(=O)N1CC(CNc2ccc(F)cc2)C2(C1)CN(c1cc(F)cc(F)c1)C2,IC50,'=',14.0,nM,7.85,,,UO_0000065,0,CHEMBL4737829,organism-based format,Erythrocyte,CHEMBL4732202,1,Scientific Literature,J Med Chem,,Antiplasmodial activity against multidrug-sensitive Plasmodium falciparum NF54 transfected with GFP-Luc infected in human erythrocytes assessed as reduction in [3H]-hypoxanthine incorporation pretreated for 48 hrs followed by [3H]-hypoxanthine addition measured after 24 hrs by liquid scintillation counting method,,,,NF54,NF54,,NF54,7.85
CHEMBL4764956,,,427.55,0.0,4.01,"1-A, Single Enantiomer",O=C(Cc1ccc(O)cc1)N1CC(CNc2ccccc2)C2(C1)CN(c1ccccc1)C2,IC50,'=',140.0,nM,6.85,,,UO_0000065,0,CHEMBL4737829,organism-based format,Erythrocyte,CHEMBL4732202,1,Scientific Literature,J Med Chem,,Antiplasmodial activity against multidrug-sensitive Plasmodium falciparum NF54 transfected with GFP-Luc infected in human erythrocytes assessed as reduction in [3H]-hypoxanthine incorporation pretreated for 48 hrs followed by [3H]-hypoxanthine addition measured after 24 hrs by liquid scintillation counting method,,,,NF54,NF54,,NF54,6.85
CHEMBL4743418,,,399.54,0.0,4.44,"2-A, Single Enantiomer",Oc1ccc(CN2CC(CNc3ccccc3)C3(C2)CN(c2ccccc2)C3)cc1,IC50,'=',230000.0,nM,,Outside typical range,,UO_0000065,0,CHEMBL4737829,organism-based format,Erythrocyte,CHEMBL4732202,1,Scientific Literature,J Med Chem,,Antiplasmodial activity against multidrug-sensitive Plasmodium falciparum NF54 transfected with GFP-Luc infected in human erythrocytes assessed as reduction in [3H]-hypoxanthine incorporation pretreated for 48 hrs followed by [3H]-hypoxanthine addition measured after 24 hrs by liquid scintillation counting method,,,,NF54,NF54,,NF54,3.64
CHEMBL4744339,,,499.51,0.0,4.57,89,O=C(Cc1cc(F)c(O)c(F)c1)N1CC(CNc2ccc(F)cc2)C2(C1)CN(c1ccc(F)cc1)C2,IC50,'=',2700.0,nM,5.57,,,UO_0000065,0,CHEMBL4737829,organism-based format,Erythrocyte,CHEMBL4732202,1,Scientific Literature,J Med Chem,,Antiplasmodial activity against multidrug-sensitive Plasmodium falciparum NF54 transfected with GFP-Luc infected in human erythrocytes assessed as reduction in [3H]-hypoxanthine incorporation pretreated for 48 hrs followed by [3H]-hypoxanthine addition measured after 24 hrs by liquid scintillation counting method,,,,NF54,NF54,,NF54,5.57
CHEMBL4799348,,,482.51,0.0,3.82,94,O=C(Cc1ccc(O)cn1)N1CC(CNc2ccc(F)cc2)C2(C1)CN(c1cc(F)cc(F)c1)C2,IC50,'=',36.0,nM,7.44,,,UO_0000065,0,CHEMBL4737829,organism-based format,Erythrocyte,CHEMBL4732202,1,Scientific Literature,J Med Chem,,Antiplasmodial activity against multidrug-sensitive Plasmodium falciparum NF54 transfected with GFP-Luc infected in human erythrocytes assessed as reduction in [3H]-hypoxanthine incorporation pretreated for 48 hrs followed by [3H]-hypoxanthine addition measured after 24 hrs by liquid scintillation counting method,,,,NF54,NF54,,NF54,7.44
CHEMBL1782196,,,428.75,0.0,3.32,16.12,Cl.NC1=NC(c2ccccc2Cl)NC(NCCCOc2ccc(Cl)cc2)=N1,IC50,'=',6660.0,nM,5.18,,,UO_0000065,0,CHEMBL1785111,cell-based format,,CHEMBL1781907,1,Scientific Literature,Eur J Med Chem,,Antimalarial activity against chloroquine and cycloguanil-resistant Plasmodium falciparum FCR-3/Gambia ring stage infected in human red blood cells assessed as inhibition of [3H]-hypoxanthine incorporation incubated 24 hrs before addition of [3H]-hypoxanthine measured after 24 hrs,,,,FCR-3,FcR3,,FcR3,5.18
CHEMBL1782205,,,428.75,0.0,3.32,16.22,Cl.NC1=NC(c2ccccc2)NC(NCCCOc2ccc(Cl)cc2Cl)=N1,IC50,'=',4520.0,nM,5.34,,,UO_0000065,0,CHEMBL1785111,cell-based format,,CHEMBL1781907,1,Scientific Literature,Eur J Med Chem,,Antimalarial activity against chloroquine and cycloguanil-resistant Plasmodium falciparum FCR-3/Gambia ring stage infected in human red blood cells assessed as inhibition of [3H]-hypoxanthine incorporation incubated 24 hrs before addition of [3H]-hypoxanthine measured after 24 hrs,,,,FCR-3,FcR3,,FcR3,5.34
CHEMBL3799541,,,435.41,0.0,4.54,12,Cn1c(=O)n(-c2cccc(C(F)(F)F)c2)c2c3cc(-c4ccc(N)nc4)ccc3ncc21,IC50,'=',28.0,nM,7.55,,,UO_0000065,0,CHEMBL3800921,organism-based format,,CHEMBL3797182,1,Scientific Literature,Bioorg Med Chem Lett,,Gametocytocidal activity against chloroquine-sensitive late gametocytic stage (III to V) of Plasmodium falciparum 3D7 after 72 hrs by Alamar Blue assay,,,,3D7,3D7,,3D7,7.55
CHEMBL3797653,,,434.42,1.0,5.27,19,Cc1ccc(-c2ccc3ncc4c(c3c2)n(-c2cccc(C(F)(F)F)c2)c(=O)n4C)cn1,IC50,'=',81.0,nM,7.09,,,UO_0000065,0,CHEMBL3800921,organism-based format,,CHEMBL3797182,1,Scientific Literature,Bioorg Med Chem Lett,,Gametocytocidal activity against chloroquine-sensitive late gametocytic stage (III to V) of Plasmodium falciparum 3D7 after 72 hrs by Alamar Blue assay,,,,3D7,3D7,,3D7,7.09
CHEMBL3797438,,,459.43,1.0,5.44,29,Cn1c(=O)n(-c2cccc(C(F)(F)F)c2)c2c3cc(-c4ccc5[nH]cnc5c4)ccc3ncc21,IC50,'=',157.0,nM,6.8,,,UO_0000065,0,CHEMBL3800921,organism-based format,,CHEMBL3797182,1,Scientific Literature,Bioorg Med Chem Lett,,Gametocytocidal activity against chloroquine-sensitive late gametocytic stage (III to V) of Plasmodium falciparum 3D7 after 72 hrs by Alamar Blue assay,,,,3D7,3D7,,3D7,6.8
CHEMBL254602,,,447.41,0.0,1.71,43,Cl.Cl.c1cc(N2CCN(c3ccc(C4=NCCN4)cc3)CC2)ccc1C1=NCCN1,IC50,'=',89.0,nM,7.05,,,UO_0000065,0,CHEMBL926257,organism-based format,,CHEMBL1140635,1,Scientific Literature,Bioorg Med Chem,,Antiplasmodial activity against chloroquine-sensitive Plasmodium falciparum D6 by LDH reporter assay,,,,D6,D6,,D6,7.05
CHEMBL539861,,,427.34,1.0,1.62,42,Cl.Cl.N=C(NO)c1ccc(N2CCN(c3ccc(C(=N)NO)cc3)CC2)cc1,IC50,'=',8320.0,nM,5.08,,,UO_0000065,0,CHEMBL926257,organism-based format,,CHEMBL1140635,1,Scientific Literature,Bioorg Med Chem,,Antiplasmodial activity against chloroquine-sensitive Plasmodium falciparum D6 by LDH reporter assay,,,,D6,D6,,D6,5.08
CHEMBL3797664,,,430.39,1.0,5.42,46,N#Cc1ccc(-c2ccc3ncc4[nH]c(=O)n(-c5cccc(C(F)(F)F)c5)c4c3c2)cc1,IC50,'=',6330.0,nM,5.2,,,UO_0000065,0,CHEMBL3800921,organism-based format,,CHEMBL3797182,1,Scientific Literature,Bioorg Med Chem Lett,,Gametocytocidal activity against chloroquine-sensitive late gametocytic stage (III to V) of Plasmodium falciparum 3D7 after 72 hrs by Alamar Blue assay,,,,3D7,3D7,,3D7,5.2
CHEMBL3799353,,,444.42,1.0,5.43,47,Cn1c(=O)n(-c2cccc(C(F)(F)F)c2)c2c3cc(-c4ccc(C#N)cc4)ccc3ncc21,IC50,'=',11000.0,nM,4.96,,,UO_0000065,0,CHEMBL3800921,organism-based format,,CHEMBL3797182,1,Scientific Literature,Bioorg Med Chem Lett,,Gametocytocidal activity against chloroquine-sensitive late gametocytic stage (III to V) of Plasmodium falciparum 3D7 after 72 hrs by Alamar Blue assay,,,,3D7,3D7,,3D7,4.96
CHEMBL3798765,,,467.88,1.0,6.7,52,CCn1c(=O)n(-c2cccc(C(F)(F)F)c2)c2c3cc(-c4ccc(Cl)cc4)ccc3ncc21,IC50,'=',10400.0,nM,4.98,,,UO_0000065,0,CHEMBL3800921,organism-based format,,CHEMBL3797182,1,Scientific Literature,Bioorg Med Chem Lett,,Gametocytocidal activity against chloroquine-sensitive late gametocytic stage (III to V) of Plasmodium falciparum 3D7 after 72 hrs by Alamar Blue assay,,,,3D7,3D7,,3D7,4.98
CHEMBL3814078,,,298.73,0.0,3.43,6i,Oc1ccc(Cl)cc1/C=N\Nc1nncc2ccccc12,IC50,'=',1646.0,nM,5.78,,,UO_0000065,0,CHEMBL3817535,organism-based format,,CHEMBL3813669,1,Scientific Literature,Bioorg Med Chem Lett,,Antiplasmodial activity against Plasmodium falciparum 3D7 trophozoite stage infected in human RBCs assessed as reduction in parasitemia after 48 hrs by Hoechst-3342 staining based flow cytometric analysis,,,,3D7,3D7,,3D7,5.78
CHEMBL142952,,,400.44,1.0,2.76,7,N=C(N)c1ccc(NC(=O)c2ccc(C(=O)Nc3ccc(C(=N)N)cc3)cc2)cc1,IC50,'=',4120.0,nM,5.38,,,UO_0000065,0,CHEMBL926257,organism-based format,,CHEMBL1140635,1,Scientific Literature,Bioorg Med Chem,,Antiplasmodial activity against chloroquine-sensitive Plasmodium falciparum D6 by LDH reporter assay,,,,D6,D6,,D6,5.39
CHEMBL4162779,,,442.2,0.0,0.1,5a,Cc1cccc2c1-c1ccccc1[I+]2.O=S(=O)([O-])C(F)(F)F,IC50,'=',70.0,nM,7.16,,,UO_0000065,0,CHEMBL4146076,organism-based format,,CHEMBL4145448,1,Scientific Literature,Eur J Med Chem,,Growth inhibition of CQ-sensitive GFP-fused Plasmodium falciparum D10 after 90 hrs by ethidium bromide staining based flow cytometry,,,,D10,D10,,D10,7.15
CHEMBL601156,,,335.32,0.0,3.56,666125,CC1=C(CC(=O)c2cccc([N+](=O)[O-])c2)C(=O)c2ccccc2C1=O,IC50,'=',902.2,nM,6.04,,,UO_0000065,0,CHEMBL3301557,organism-based format,,CHEMBL3301555,17,Medicines for Malaria Venture () Malaria Box,,,"MMV: Measure of pLDH activity as indication of parasite viability. Gametocytogenesis of 3D7 Plasmodium falciparum strain was induced in vitro and asexual parasites were depleted with N-acetylglucosamine. Gametocytes were treated with dihydroartemisinin, epoxomicin, methylene blue, primaquine, puromycin or chloroquine in 96-well plates and the pLDH activity was evaluated using a modified Makler protocol. Mosquito infectivity was measured by the standard membrane feeding assay. The IC50 value was extrapolated as the concentration that induced a 50% inhibition of gametocyte viability.",,,,3D7,3D7,,3D7,6.04
CHEMBL1545915,,,368.4,0.0,3.79,396749,COc1ccc2c(c1)C1(Nc3ccccc3-c3nc4ccccc4n31)C(=O)N2,IC50,'=',2903.0,nM,5.54,,,UO_0000065,0,CHEMBL3301456,organism-based format,,CHEMBL3301451,17,Medicines for Malaria Venture () Malaria Box,,,MMV: P. falciparum NF54 functionally mature Stage V gametocytes were incubated for 24 hr in the presence of the test compounds. Gamete formation was then triggered by addition of 2uM xantheurenic acid and temperature decrease to ~20C. Male gamete exflagellation was recorded and analysed by automated microscopy after 20 min. All compounds were tested in 4 independent experiments and data presented here is the mean. IC50s determined for selected compounds.,,,,NF54,NF54,,NF54,5.54
CHEMBL536806,,,260.3,0.0,3.13,23233,Nc1nccc2ccc(-c3ccc4nccn4c3)cc12,IC50,'=',400.0,nM,6.4,,,UO_0000065,0,CHEMBL3832784,organism-based format,,CHEMBL3832761,34,Medicines for Malaria Venture () Pathogen Box,,,Antimalarial activity: Gametocytes Plasmodium falciparum NF54 Gametocytes Stage V IC50 (uM),,,,NF54,NF54,,NF54,6.4
CHEMBL4227123,,,455.53,1.0,6.13,C-9,CCN(CC)c1ccc2cc(C3=NN(c4ccccc4)C(c4ccc(F)cc4)C3)c(=O)oc2c1,IC50,'=',33800.0,nM,4.47,,,UO_0000065,0,CHEMBL4223066,cell-based format,,CHEMBL4219189,1,Scientific Literature,Bioorg Med Chem Lett,,Inhibition of chloroquine resistant Plasmodium falciparum RKL9 schizont stage infected in human erythrocytes assessed as reduction in bacterial growth after 24 hrs by Giemsa staining based assay,,,,RKL9,RKL9,,RKL9,4.47
CHEMBL4071478,,,413.48,0.0,3.83,47,CCNCCNc1cc(-c2ccc(C(=O)OC)cc2)c(C#N)c2nc3ccccc3n12,IC50,'=',1680.0,nM,5.78,,,UO_0000065,0,CHEMBL3996812,assay format,,CHEMBL3994624,1,Scientific Literature,J Med Chem,,Anti-plasmodial activity against chloroquine-sensitive Plasmodium falciparum NF54 late 4/5 stage gametocytes assessed as reduction in ATP levels after 24 hrs by BacTiter-Glo reagent based bioluminescence assay,,,,NF54,NF54,,NF54,5.77
CHEMBL580443,,,370.43,0.0,1.78,23860,NS(=O)(=O)c1cccc(-c2ccc3ncc(N4CCOCC4)nc3c2)c1,IC50,'=',1330.0,nM,5.88,,,UO_0000065,0,CHEMBL3832784,organism-based format,,CHEMBL3832761,34,Medicines for Malaria Venture () Pathogen Box,,,Antimalarial activity: Gametocytes Plasmodium falciparum NF54 Gametocytes Stage V IC50 (uM),,,,NF54,NF54,,NF54,5.88
CHEMBL586872,,,328.38,0.0,3.9,24443,CN(C(=O)c1cc2c(-c3cncnc3)cccc2[nH]1)c1ccccc1,IC50,'=',570.0,nM,6.24,,,UO_0000065,0,CHEMBL3832784,organism-based format,,CHEMBL3832761,34,Medicines for Malaria Venture () Pathogen Box,,,Antimalarial activity: Gametocytes Plasmodium falciparum NF54 Gametocytes Stage V IC50 (uM),,,,NF54,NF54,,NF54,6.24
CHEMBL587715,,,437.97,0.0,4.54,19721,CCN(CC)S(=O)(=O)c1ccc(Cl)c(C(=O)Nc2ccc3nc(C)sc3c2)c1,IC50,'=',3910.0,nM,5.41,,,UO_0000065,0,CHEMBL3832784,organism-based format,,CHEMBL3832761,34,Medicines for Malaria Venture () Pathogen Box,,,Antimalarial activity: Gametocytes Plasmodium falciparum NF54 Gametocytes Stage V IC50 (uM),,,,NF54,NF54,,NF54,5.41
CHEMBL536144,,,410.46,0.0,2.06,10545,COc1ccc(-c2cnc3ccc(NCc4ccc(S(N)(=O)=O)cc4)nn23)cn1,IC50,'=',1030.0,nM,5.99,,,UO_0000065,0,CHEMBL3832784,organism-based format,,CHEMBL3832761,34,Medicines for Malaria Venture () Pathogen Box,,,Antimalarial activity: Gametocytes Plasmodium falciparum NF54 Gametocytes Stage V IC50 (uM),,,,NF54,NF54,,NF54,5.99
CHEMBL3637884,,,339.4,0.0,4.09,1028806,O=C(Nc1nc(-c2ccccn2)cs1)C1CC1c1ccccc1F,IC50,'=',520.0,nM,6.28,,,UO_0000065,0,CHEMBL3832784,organism-based format,,CHEMBL3832761,34,Medicines for Malaria Venture () Pathogen Box,,,Antimalarial activity: Gametocytes Plasmodium falciparum NF54 Gametocytes Stage V IC50 (uM),,,,NF54,NF54,,NF54,6.28
CHEMBL3637887,,,375.46,0.0,3.58,1029203,CNC(=O)CNc1nc(-c2ccccn2)nc2scc(-c3ccccc3)c12,IC50,'=',840.0,nM,6.08,,,UO_0000065,0,CHEMBL3832784,organism-based format,,CHEMBL3832761,34,Medicines for Malaria Venture () Pathogen Box,,,Antimalarial activity: Gametocytes Plasmodium falciparum NF54 Gametocytes Stage V IC50 (uM),,,,NF54,NF54,,NF54,6.08
CHEMBL76,CHLOROQUINE,4.0,319.88,0.0,4.81,CQ,CCN(CC)CCCC(C)Nc1ccnc2cc(Cl)ccc12,IC50,'=',10700.0,nM,4.97,,,UO_0000065,0,CHEMBL918323,organism-based format,,CHEMBL1147097,1,Scientific Literature,Antimicrob Agents Chemother,,Antimalarial activity against chloroquine-resistant Plasmodium falciparum W2 gametocytes (stage 4 & 5),,,,W2,W2,,W2,4.97
CHEMBL4224721,,,379.44,0.0,4.22,C-4,CCN(CC)c1ccc2cc(C3=NNC(c4ccc(F)cc4)C3)c(=O)oc2c1,IC50,'=',44500.0,nM,4.35,,,UO_0000065,0,CHEMBL4223066,cell-based format,,CHEMBL4219189,1,Scientific Literature,Bioorg Med Chem Lett,,Inhibition of chloroquine resistant Plasmodium falciparum RKL9 schizont stage infected in human erythrocytes assessed as reduction in bacterial growth after 24 hrs by Giemsa staining based assay,,,,RKL9,RKL9,,RKL9,4.35
CHEMBL4226863,,,453.54,1.0,5.7,C-7,CCN(CC)c1ccc2cc(C3=NN(c4ccccc4)C(c4ccc(O)cc4)C3)c(=O)oc2c1,IC50,'=',25300.0,nM,4.6,,,UO_0000065,0,CHEMBL4223066,cell-based format,,CHEMBL4219189,1,Scientific Literature,Bioorg Med Chem Lett,,Inhibition of chloroquine resistant Plasmodium falciparum RKL9 schizont stage infected in human erythrocytes assessed as reduction in bacterial growth after 24 hrs by Giemsa staining based assay,,,,RKL9,RKL9,,RKL9,4.6
CHEMBL4224976,,,482.54,1.0,5.9,C-10,CCN(CC)c1ccc2cc(C3=NN(c4ccccc4)C(c4ccc([N+](=O)[O-])cc4)C3)c(=O)oc2c1,IC50,'=',41600.0,nM,4.38,,,UO_0000065,0,CHEMBL4223066,cell-based format,,CHEMBL4219189,1,Scientific Literature,Bioorg Med Chem Lett,,Inhibition of chloroquine resistant Plasmodium falciparum RKL9 schizont stage infected in human erythrocytes assessed as reduction in bacterial growth after 24 hrs by Giemsa staining based assay,,,,RKL9,RKL9,,RKL9,4.38
CHEMBL464538,,,566.42,1.0,5.33,BW-28C51,C=CC[N+](C)(C)c1ccc(CCC(=O)CCc2ccc([N+](C)(C)CC=C)cc2)cc1.[Br-].[Br-],IC50,'=',107.0,nM,6.97,,,UO_0000065,0,CHEMBL1678152,organism-based format,,CHEMBL1671701,1,Scientific Literature,Antimicrob Agents Chemother,,Antiplasmodial activity against Plasmodium falciparum 3D7 infected in RBCs by firefly luciferase reporter gene assay,,,,3D7,3D7,,3D7,6.97
CHEMBL211501,ANTIMYCIN A,,548.63,1.0,3.48,Antimycin A,CCCCCC[C@H]1C(=O)O[C@H](C)[C@H](NC(=O)c2cccc(NC=O)c2O)C(=O)O[C@@H](C)[C@@H]1OC(=O)CC(C)C,IC50,'=',2186.0,nM,5.66,,,UO_0000065,0,CHEMBL1678152,organism-based format,,CHEMBL1671701,1,Scientific Literature,Antimicrob Agents Chemother,,Antiplasmodial activity against Plasmodium falciparum 3D7 infected in RBCs by firefly luciferase reporter gene assay,,,,3D7,3D7,,3D7,5.66
CHEMBL94394,BUFEXAMAC,4.0,223.27,0.0,1.91,Bufexamac,CCCCOc1ccc(CC(=O)NO)cc1,IC50,'=',2771.0,nM,5.56,,,UO_0000065,0,CHEMBL1678152,organism-based format,,CHEMBL1671701,1,Scientific Literature,Antimicrob Agents Chemother,,Antiplasmodial activity against Plasmodium falciparum 3D7 infected in RBCs by firefly luciferase reporter gene assay,,,,3D7,3D7,,3D7,5.56
CHEMBL2430917,,,489.59,1.0,7.44,5l,FC(F)(F)c1ccc2/c(=N/c3ccc(-c4ccccc4)cc3)ccn(CCCN3CCCCC3)c2c1,IC50,'=',195.0,nM,6.71,,,UO_0000065,0,CHEMBL2433603,organism-based format,,CHEMBL2429868,1,Scientific Literature,J Med Chem,,Antiplasmodial activity against Plasmodium falciparum 3D7 transfected with yeast GFP-tagged DHODH assessed as parasite growth inhibition,,,,3D7,3D7,,3D7,6.71
CHEMBL4290170,,,479.44,1.0,5.65,Chlorotonil A,CC1=C[C@@H](C)[C@H]2[C@@H]3C(=O)C(Cl)(Cl)C(=O)[C@H](C)C(=O)O[C@@H](C)/C=C/C=C\[C@@H](C)[C@@H]3C=C[C@@H]2C1,IC50,'=',41.0,nM,7.39,,,UO_0000065,0,CHEMBL4268540,organism-based format,,CHEMBL4265952,1,Scientific Literature,Eur J Med Chem,,Gametocytocidal activity against synchronized Plasmodium falciparum NF54 mature stage 5 gametocytes after 48 hrs by ATP bioluminescence assay,,,,NF54,NF54,,NF54,7.39
CHEMBL2028064,,,465.47,0.0,4.32,403679,Cc1cccc(-n2ncc3c(O)nc(-n4nc(C)cc4NC(=O)c4cc5ccccc5o4)nc32)c1,IC50,'=',993.8,nM,6.0,,,UO_0000065,0,CHEMBL3392923,organism-based format,,CHEMBL3392922,17,Medicines for Malaria Venture () Malaria Box,,,"MMV: IC50 determined against P. falciparum Dd2-luc strain using a Malaria Sybr Green I Fluorescence assay. Starting conditions were 1% trophozoite synchronised parasites at 2% haematocrit. Fluorescence detection completed after 48hr incubation at 37 degrees C under 1% O2, 3% CO2 and balance N2.",,,,Dd2-luc,Dd2,,Dd2,6.0
CHEMBL532079,,,261.41,0.0,4.11,665785,CC(C)(C)c1ccc(O)c(CNC2CCCCC2)c1,IC50,'=',180.6,nM,6.74,,,UO_0000065,0,CHEMBL3392923,organism-based format,,CHEMBL3392922,17,Medicines for Malaria Venture () Malaria Box,,,"MMV: IC50 determined against P. falciparum Dd2-luc strain using a Malaria Sybr Green I Fluorescence assay. Starting conditions were 1% trophozoite synchronised parasites at 2% haematocrit. Fluorescence detection completed after 48hr incubation at 37 degrees C under 1% O2, 3% CO2 and balance N2.",,,,Dd2-luc,Dd2,,Dd2,6.74
CHEMBL535079,,,426.54,0.0,4.88,665831,CCOC(=O)c1c(NC(=O)c2ccccc2)sc2c(O)c(CN(CC)CC)ccc12,IC50,'=',127.2,nM,6.9,,,UO_0000065,0,CHEMBL3392923,organism-based format,,CHEMBL3392922,17,Medicines for Malaria Venture () Malaria Box,,,"MMV: IC50 determined against P. falciparum Dd2-luc strain using a Malaria Sybr Green I Fluorescence assay. Starting conditions were 1% trophozoite synchronised parasites at 2% haematocrit. Fluorescence detection completed after 48hr incubation at 37 degrees C under 1% O2, 3% CO2 and balance N2.",,,,Dd2-luc,Dd2,,Dd2,6.9
CHEMBL2028067,,,493.57,1.0,5.11,667490,COc1ccc(C2c3ccc4ccccc4c3Oc3ncn(CCCn4ccnc4)c(=N)c32)cc1OC,IC50,'=',1227.0,nM,5.91,,,UO_0000065,0,CHEMBL3392923,organism-based format,,CHEMBL3392922,17,Medicines for Malaria Venture () Malaria Box,,,"MMV: IC50 determined against P. falciparum Dd2-luc strain using a Malaria Sybr Green I Fluorescence assay. Starting conditions were 1% trophozoite synchronised parasites at 2% haematocrit. Fluorescence detection completed after 48hr incubation at 37 degrees C under 1% O2, 3% CO2 and balance N2.",,,,Dd2-luc,Dd2,,Dd2,5.91
CHEMBL1437888,,,440.55,0.0,4.76,667491,COc1ccc(C2c3ccc4ccccc4c3Oc3ncn(CCCN(C)C)c(=N)c32)cc1,IC50,'=',443.2,nM,6.35,,,UO_0000065,0,CHEMBL3392923,organism-based format,,CHEMBL3392922,17,Medicines for Malaria Venture () Malaria Box,,,"MMV: IC50 determined against P. falciparum Dd2-luc strain using a Malaria Sybr Green I Fluorescence assay. Starting conditions were 1% trophozoite synchronised parasites at 2% haematocrit. Fluorescence detection completed after 48hr incubation at 37 degrees C under 1% O2, 3% CO2 and balance N2.",,,,Dd2-luc,Dd2,,Dd2,6.35
CHEMBL582486,,,357.81,0.0,2.13,665917,O=C(Nc1ccc(Cl)cc1)N1CCN(c2ccc3nncn3n2)CC1,IC50,'=',1039.0,nM,5.98,,,UO_0000065,0,CHEMBL3392923,organism-based format,,CHEMBL3392922,17,Medicines for Malaria Venture () Malaria Box,,,"MMV: IC50 determined against P. falciparum Dd2-luc strain using a Malaria Sybr Green I Fluorescence assay. Starting conditions were 1% trophozoite synchronised parasites at 2% haematocrit. Fluorescence detection completed after 48hr incubation at 37 degrees C under 1% O2, 3% CO2 and balance N2.",,,,Dd2-luc,Dd2,,Dd2,5.98
CHEMBL529640,,,338.28,0.0,4.62,665928,CCC(C)NCC(O)(c1ccc(Cl)cc1)c1ccc(Cl)cc1,IC50,'=',550.6,nM,6.26,,,UO_0000065,0,CHEMBL3392923,organism-based format,,CHEMBL3392922,17,Medicines for Malaria Venture () Malaria Box,,,"MMV: IC50 determined against P. falciparum Dd2-luc strain using a Malaria Sybr Green I Fluorescence assay. Starting conditions were 1% trophozoite synchronised parasites at 2% haematocrit. Fluorescence detection completed after 48hr incubation at 37 degrees C under 1% O2, 3% CO2 and balance N2.",,,,Dd2-luc,Dd2,,Dd2,6.26
CHEMBL579760,,,265.4,0.0,2.82,666020,Cc1ccc(OCCCCCCNCCO)c(C)c1,IC50,'=',2479.0,nM,5.61,,,UO_0000065,0,CHEMBL3392923,organism-based format,,CHEMBL3392922,17,Medicines for Malaria Venture () Malaria Box,,,"MMV: IC50 determined against P. falciparum Dd2-luc strain using a Malaria Sybr Green I Fluorescence assay. Starting conditions were 1% trophozoite synchronised parasites at 2% haematocrit. Fluorescence detection completed after 48hr incubation at 37 degrees C under 1% O2, 3% CO2 and balance N2.",,,,Dd2-luc,Dd2,,Dd2,5.61
CHEMBL533921,,,438.9,0.0,4.04,666072,COCCNC(=O)c1ccc(OC2CCN(Cc3ccc(F)c(F)c3)CC2)c(Cl)c1,IC50,'=',754.3,nM,6.12,,,UO_0000065,0,CHEMBL3392923,organism-based format,,CHEMBL3392922,17,Medicines for Malaria Venture () Malaria Box,,,"MMV: IC50 determined against P. falciparum Dd2-luc strain using a Malaria Sybr Green I Fluorescence assay. Starting conditions were 1% trophozoite synchronised parasites at 2% haematocrit. Fluorescence detection completed after 48hr incubation at 37 degrees C under 1% O2, 3% CO2 and balance N2.",,,,Dd2-luc,Dd2,,Dd2,6.12
CHEMBL588516,,,441.86,0.0,4.82,666103,CCn1c(SCC(=O)Nc2cc(C(F)(F)F)ccc2Cl)nc2ccccc2c1=O,IC50,'=',902.8,nM,6.04,,,UO_0000065,0,CHEMBL3392923,organism-based format,,CHEMBL3392922,17,Medicines for Malaria Venture () Malaria Box,,,"MMV: IC50 determined against P. falciparum Dd2-luc strain using a Malaria Sybr Green I Fluorescence assay. Starting conditions were 1% trophozoite synchronised parasites at 2% haematocrit. Fluorescence detection completed after 48hr incubation at 37 degrees C under 1% O2, 3% CO2 and balance N2.",,,,Dd2-luc,Dd2,,Dd2,6.04
CHEMBL4224721,,,379.44,0.0,4.22,C-4,CCN(CC)c1ccc2cc(C3=NNC(c4ccc(F)cc4)C3)c(=O)oc2c1,IC50,'=',34200.0,nM,4.47,,,UO_0000065,0,CHEMBL4223065,cell-based format,,CHEMBL4219189,1,Scientific Literature,Bioorg Med Chem Lett,,Inhibition of chloroquine sensitive Plasmodium falciparum MRC-02 schizont stage infected in human erythrocytes assessed as reduction in bacterial growth after 24 hrs by Giemsa staining based assay,,,,MRC-02,MRC-02,,MRC-2,4.47
CHEMBL4227918,,,510.55,2.0,5.54,C-15,CCN(CC)c1ccc2cc(C3=NN(C(=O)c4ccccc4)C(c4ccc([N+](=O)[O-])cc4)C3)c(=O)oc2c1,IC50,'=',3300.0,nM,5.48,,,UO_0000065,0,CHEMBL4223065,cell-based format,,CHEMBL4219189,1,Scientific Literature,Bioorg Med Chem Lett,,Inhibition of chloroquine sensitive Plasmodium falciparum MRC-02 schizont stage infected in human erythrocytes assessed as reduction in bacterial growth after 24 hrs by Giemsa staining based assay,,,,MRC-02,MRC-02,,MRC-2,5.48
CHEMBL1673241,,,260.16,0.0,3.94,2,CC1CCCN(c2cc(Cl)cc(Cl)c2O)C1,IC50,'=',110.0,nM,6.96,,,UO_0000065,0,CHEMBL1678152,organism-based format,,CHEMBL1671701,1,Scientific Literature,Antimicrob Agents Chemother,,Antiplasmodial activity against Plasmodium falciparum 3D7 infected in RBCs by firefly luciferase reporter gene assay,,,,3D7,3D7,,3D7,6.96
CHEMBL1671882,,,231.34,0.0,3.55,8,Oc1ccccc1N1CCCC2CCCCC21,IC50,'=',410.0,nM,6.39,,,UO_0000065,0,CHEMBL1678152,organism-based format,,CHEMBL1671701,1,Scientific Literature,Antimicrob Agents Chemother,,Antiplasmodial activity against Plasmodium falciparum 3D7 infected in RBCs by firefly luciferase reporter gene assay,,,,3D7,3D7,,3D7,6.39
CHEMBL585052,,,342.91,0.0,4.89,24,CCCN1CCC(NC(c2ccccc2)c2ccc(Cl)cc2)CC1,IC50,'=',1100.0,nM,5.96,,,UO_0000065,0,CHEMBL1678152,organism-based format,,CHEMBL1671701,1,Scientific Literature,Antimicrob Agents Chemother,,Antiplasmodial activity against Plasmodium falciparum 3D7 infected in RBCs by firefly luciferase reporter gene assay,,,,3D7,3D7,,3D7,5.96
CHEMBL1673261,,,314.86,0.0,4.09,25,Clc1cccc(CNC2CCN(Cc3ccccc3)CC2)c1,IC50,'=',1100.0,nM,5.96,,,UO_0000065,0,CHEMBL1678152,organism-based format,,CHEMBL1671701,1,Scientific Literature,Antimicrob Agents Chemother,,Antiplasmodial activity against Plasmodium falciparum 3D7 infected in RBCs by firefly luciferase reporter gene assay,,,,3D7,3D7,,3D7,5.96
CHEMBL585145,,,368.82,0.0,3.55,32,CC(=O)N(C1=C(N(C)C)C(=O)c2ccccc2C1=O)c1ccc(Cl)cc1,IC50,'=',14.0,nM,7.85,,,UO_0000065,0,CHEMBL1678152,organism-based format,,CHEMBL1671701,1,Scientific Literature,Antimicrob Agents Chemother,,Antiplasmodial activity against Plasmodium falciparum 3D7 infected in RBCs by firefly luciferase reporter gene assay,,,,3D7,3D7,,3D7,7.85
CHEMBL599937,,,370.36,0.0,3.17,33,CC(=O)N(C1=C(N(C)C)C(=O)c2ccccc2C1=O)c1ccc(F)c(F)c1,IC50,'=',25.0,nM,7.6,,,UO_0000065,0,CHEMBL1678152,organism-based format,,CHEMBL1671701,1,Scientific Literature,Antimicrob Agents Chemother,,Antiplasmodial activity against Plasmodium falciparum 3D7 infected in RBCs by firefly luciferase reporter gene assay,,,,3D7,3D7,,3D7,7.6
CHEMBL601325,,,332.51,0.0,4.23,665980,OC1CCCCC1C1(NC(=S)Nc2ccccc2)CCCCC1,IC50,'=',614.1,nM,6.21,,,UO_0000065,0,CHEMBL3301457,organism-based format,,CHEMBL3301451,17,Medicines for Malaria Venture () Malaria Box,,,MMV: P. falciparum NF54 functionally mature Stage V gametocytes were incubated for 24 hr in the presence of the test compounds. Gamete formation was then triggered by addition of 2uM xantheurenic acid and temperature decrease to ~20C. Female gamete formation was recorded 24 hr later by automated microscopy detection of surface labelling of female gametes with a Cy3-conjugated antibody reactive to Pfs25. All compounds were tested in 4 independent experiments and data presented here is the mean. IC50s determined for selected compounds.,,,,NF54,NF54,,NF54,6.21
CHEMBL530223,,,367.41,0.0,2.53,665878,COc1cccc(NC(=O)[C@H](C(C)C)n2c(=O)[nH]c3ccccc3c2=O)c1,IC50,'=',383.9,nM,6.42,,,UO_0000065,0,CHEMBL3301457,organism-based format,,CHEMBL3301451,17,Medicines for Malaria Venture () Malaria Box,,,MMV: P. falciparum NF54 functionally mature Stage V gametocytes were incubated for 24 hr in the presence of the test compounds. Gamete formation was then triggered by addition of 2uM xantheurenic acid and temperature decrease to ~20C. Female gamete formation was recorded 24 hr later by automated microscopy detection of surface labelling of female gametes with a Cy3-conjugated antibody reactive to Pfs25. All compounds were tested in 4 independent experiments and data presented here is the mean. IC50s determined for selected compounds.,,,,NF54,NF54,,NF54,6.42
CHEMBL496810,,,293.41,0.0,2.67,3c,COc1cccc([C@@H](NC2CCCCC2)[C@H](CO)OC)c1,IC50,'=',175100.0,nM,,Outside typical range,,UO_0000065,0,CHEMBL1004946,organism-based format,,CHEMBL1136969,1,Scientific Literature,J Med Chem,,Antiplasmodial activity after 48 hrs against chloroquine-sensitive Plasmodium falciparum D10 infected human erythrocytes by LDH reporter assay,,,,D10,D10,,D10,3.76
CHEMBL495826,,,299.41,0.0,3.48,3i,CCCN[C@@H](c1ccc(C)cc1)[C@H](CO)Oc1ccccc1,IC50,'=',13730.0,nM,4.86,,,UO_0000065,0,CHEMBL1004946,organism-based format,,CHEMBL1136969,1,Scientific Literature,J Med Chem,,Antiplasmodial activity after 48 hrs against chloroquine-sensitive Plasmodium falciparum D10 infected human erythrocytes by LDH reporter assay,,,,D10,D10,,D10,4.86
CHEMBL521538,,,315.41,0.0,3.18,3k,CCCN[C@@H](c1cccc(OC)c1)[C@H](CO)Oc1ccccc1,IC50,'=',25240.0,nM,4.6,,,UO_0000065,0,CHEMBL1004946,organism-based format,,CHEMBL1136969,1,Scientific Literature,J Med Chem,,Antiplasmodial activity after 48 hrs against chloroquine-sensitive Plasmodium falciparum D10 infected human erythrocytes by LDH reporter assay,,,,D10,D10,,D10,4.6
CHEMBL592305,,,281.14,0.0,4.29,665949,Oc1ccc(C(=C(Cl)Cl)c2ccc(O)cc2)cc1,IC50,'=',1906.0,nM,5.72,,,UO_0000065,0,CHEMBL3392923,organism-based format,,CHEMBL3392922,17,Medicines for Malaria Venture () Malaria Box,,,"MMV: IC50 determined against P. falciparum Dd2-luc strain using a Malaria Sybr Green I Fluorescence assay. Starting conditions were 1% trophozoite synchronised parasites at 2% haematocrit. Fluorescence detection completed after 48hr incubation at 37 degrees C under 1% O2, 3% CO2 and balance N2.",,,,Dd2-luc,Dd2,,Dd2,5.72
CHEMBL2028063,,,348.31,0.0,4.54,396794,CC(C)(C)CC(C)(C)NCC(O)COc1ccc(Cl)cc1Cl,IC50,'=',493.5,nM,6.31,,,UO_0000065,0,CHEMBL3392923,organism-based format,,CHEMBL3392922,17,Medicines for Malaria Venture () Malaria Box,,,"MMV: IC50 determined against P. falciparum Dd2-luc strain using a Malaria Sybr Green I Fluorescence assay. Starting conditions were 1% trophozoite synchronised parasites at 2% haematocrit. Fluorescence detection completed after 48hr incubation at 37 degrees C under 1% O2, 3% CO2 and balance N2.",,,,Dd2-luc,Dd2,,Dd2,6.31
CHEMBL535193,,,731.99,2.0,10.68,39,CCCCCCCCCCCCNC(=N)c1ccc(N2CCN(c3ccc(C(=N)NCCCCCCCCCCCC)cc3)CC2)cc1.Cl.Cl,IC50,'=',3890.0,nM,5.41,,,UO_0000065,0,CHEMBL926257,organism-based format,,CHEMBL1140635,1,Scientific Literature,Bioorg Med Chem,,Antiplasmodial activity against chloroquine-sensitive Plasmodium falciparum D6 by LDH reporter assay,,,,D6,D6,,D6,5.41
CHEMBL539612,,,479.5,0.0,3.24,23,CC(C)/N=C(/N)c1ccc(N2CCN(c3ccc(/C(N)=N\C(C)C)cc3)CC2)cc1.Cl.Cl,IC50,'=',245.0,nM,6.61,,,UO_0000065,0,CHEMBL926257,organism-based format,,CHEMBL1140635,1,Scientific Literature,Bioorg Med Chem,,Antiplasmodial activity against chloroquine-sensitive Plasmodium falciparum D6 by LDH reporter assay,,,,D6,D6,,D6,6.61
CHEMBL2430907,,,427.98,1.0,6.29,5b,Clc1ccc2/c(=N/c3ccc(-c4ccccc4)cc3)ccn(CCN3CCCC3)c2c1,IC50,'=',186.0,nM,6.73,,,UO_0000065,0,CHEMBL2433603,organism-based format,,CHEMBL2429868,1,Scientific Literature,J Med Chem,,Antiplasmodial activity against Plasmodium falciparum 3D7 transfected with yeast GFP-tagged DHODH assessed as parasite growth inhibition,,,,3D7,3D7,,3D7,6.73
CHEMBL485983,KIGELINOL,,308.33,0.0,2.87,3,CC1=C2C=C3C(=O)c4ccc(O)cc4C(=O)C3(O)C(C)=C2CC1,IC50,'=',16660.0,nM,4.78,,,UO_0000065,0,CHEMBL970001,organism-based format,,CHEMBL1155597,1,Scientific Literature,J Nat Prod,,Antimalarial activity after 48 hrs against chloroquine-sensitive Plasmodium falciparum T9-96 by LDH reporter assay,,,,T9-96,T9/96,,T9/96,4.78
CHEMBL499310,,,572.97,2.0,9.19,5b,Clc1ccc(C(Nc2ccnc3cc(Cl)ccc23)(c2ccc(Cl)cc2)c2ccc(CN3CCCC3)cc2)cc1,IC50,'=',48.0,nM,7.32,,,UO_0000065,0,CHEMBL1012851,organism-based format,,CHEMBL1139381,1,Scientific Literature,J Med Chem,,Antimalarial activity after 72 hrs against chloroquine-sensitive Plasmodium falciparum D10 infected human A+ erythrocytes in Makler LDH reporter assay,,,,D10,D10,,D10,7.32
CHEMBL99,TRICHOSTATIN,1.0,302.37,0.0,2.58,TSA,CC(/C=C/C(=O)NO)=C\[C@@H](C)C(=O)c1ccc(N(C)C)cc1,IC50,'=',10.0,nM,8.0,,,UO_0000065,0,CHEMBL969265,organism-based format,,CHEMBL1157182,1,Scientific Literature,Bioorg Med Chem,,Antimalarial activity against chloroquine-resistant Plasmodium falciparum W2 after 48 hrs by LDH reporter assay,,,,W2,W2,,W2,8.0
CHEMBL4162282,,,460.53,0.0,3.46,1l,Cc1ccc(NC(=O)CN(Cc2ccc(C(=O)NO)cc2)C(=O)c2ccc(N(C)C)cc2)cc1,IC50,'=',4350.0,nM,5.36,,,UO_0000065,0,CHEMBL4268540,organism-based format,,CHEMBL4265952,1,Scientific Literature,Eur J Med Chem,,Gametocytocidal activity against synchronized Plasmodium falciparum NF54 mature stage 5 gametocytes after 48 hrs by ATP bioluminescence assay,,,,NF54,NF54,,NF54,5.36
CHEMBL4276668,,,445.52,0.0,4.01,1m,Cc1ccc(NC(=O)CN(Cc2ccc(C(=O)NO)cc2)C(=O)c2cc(C)cc(C)c2)cc1,IC50,'=',10100.0,nM,5.0,,,UO_0000065,0,CHEMBL4268540,organism-based format,,CHEMBL4265952,1,Scientific Literature,Eur J Med Chem,,Gametocytocidal activity against synchronized Plasmodium falciparum NF54 mature stage 5 gametocytes after 48 hrs by ATP bioluminescence assay,,,,NF54,NF54,,NF54,5.0
CHEMBL4549480,,,449.26,1.0,6.61,45,Cc1ccc(CNc2cc(C(F)(F)F)c(C#N)c3nc4cc(Cl)c(Cl)cc4n23)cc1,IC50,'=',600.0,nM,6.22,,,UO_0000065,0,CHEMBL4373129,organism-based format,,CHEMBL4371072,1,Scientific Literature,J Med Chem,,Antiplasmodial activity against chloroquine-sensitive final late stage of Plasmodium falciparum NF54-Mal8p1.16-GFP-Luc gametocytes after 24 hrs by BacTiter-Glo assay,,,,NF54-Mal8p1.16-GFP-Luc,NF54,,NF54,6.22
CHEMBL405110,METHYLENE BLUE ANHYDROUS,4.0,319.86,0.0,2.5,Methylene blue,CN(C)c1ccc2nc3ccc(N(C)C)cc3[s+]c2c1.[Cl-],IC50,'=',900.0,nM,6.05,,,UO_0000065,0,CHEMBL4373129,organism-based format,,CHEMBL4371072,1,Scientific Literature,J Med Chem,,Antiplasmodial activity against chloroquine-sensitive final late stage of Plasmodium falciparum NF54-Mal8p1.16-GFP-Luc gametocytes after 24 hrs by BacTiter-Glo assay,,,,NF54-Mal8p1.16-GFP-Luc,NF54,,NF54,6.05
CHEMBL586310,,,346.4,0.0,3.33,665827,CCOC(=O)c1cn(CC)c2cc(N3CCCCC3)c(F)cc2c1=O,IC50,'=',364.7,nM,6.44,,,UO_0000065,0,CHEMBL3301456,organism-based format,,CHEMBL3301451,17,Medicines for Malaria Venture () Malaria Box,,,MMV: P. falciparum NF54 functionally mature Stage V gametocytes were incubated for 24 hr in the presence of the test compounds. Gamete formation was then triggered by addition of 2uM xantheurenic acid and temperature decrease to ~20C. Male gamete exflagellation was recorded and analysed by automated microscopy after 20 min. All compounds were tested in 4 independent experiments and data presented here is the mean. IC50s determined for selected compounds.,,,,NF54,NF54,,NF54,6.44
CHEMBL601325,,,332.51,0.0,4.23,665980,OC1CCCCC1C1(NC(=S)Nc2ccccc2)CCCCC1,IC50,'=',383.9,nM,6.42,,,UO_0000065,0,CHEMBL3301456,organism-based format,,CHEMBL3301451,17,Medicines for Malaria Venture () Malaria Box,,,MMV: P. falciparum NF54 functionally mature Stage V gametocytes were incubated for 24 hr in the presence of the test compounds. Gamete formation was then triggered by addition of 2uM xantheurenic acid and temperature decrease to ~20C. Male gamete exflagellation was recorded and analysed by automated microscopy after 20 min. All compounds were tested in 4 independent experiments and data presented here is the mean. IC50s determined for selected compounds.,,,,NF54,NF54,,NF54,6.42
CHEMBL4458561,,,391.31,0.0,3.1,28,Cc1n(CC(C)C)c2c([n+]1C(C)C)C(=O)c1ccccc1C2=O.[Br-],IC50,'=',229.0,nM,6.64,,,UO_0000065,0,CHEMBL4338838,organism-based format,,CHEMBL4334542,1,Scientific Literature,ACS Med Chem Lett,,Antimalarial activity against Plasmodium falciparum NF54 early gametocytes transfected with luciferase gene incubated for 48 hrs by luciferase reporter gene assay,,,,NF54,NF54,,NF54,6.64
CHEMBL4556018,,,405.34,0.0,3.17,31,Cc1n(CC(C)C)c2c([n+]1CC(C)C)C(=O)c1ccccc1C2=O.[Br-],IC50,'=',337.0,nM,6.47,,,UO_0000065,0,CHEMBL4338838,organism-based format,,CHEMBL4334542,1,Scientific Literature,ACS Med Chem Lett,,Antimalarial activity against Plasmodium falciparum NF54 early gametocytes transfected with luciferase gene incubated for 48 hrs by luciferase reporter gene assay,,,,NF54,NF54,,NF54,6.47
CHEMBL405110,METHYLENE BLUE ANHYDROUS,4.0,319.86,0.0,2.5,Methylene blue,CN(C)c1ccc2nc3ccc(N(C)C)cc3[s+]c2c1.[Cl-],IC50,'=',143.0,nM,6.84,,,UO_0000065,0,CHEMBL4338839,organism-based format,,CHEMBL4334542,1,Scientific Literature,ACS Med Chem Lett,,Antimalarial activity against Plasmodium falciparum NF54 late gametocytes transfected with luciferase gene incubated for 48 hrs by luciferase reporter gene assay,,,,NF54,NF54,,NF54,6.84
CHEMBL4851068,,,482.55,1.0,6.7,25,CCN(CC)Cc1cc(C)cc(Nc2nc3ccccc3n2Cc2ccc(C(F)(F)F)cc2)c1O,IC50,'=',110.0,nM,6.96,,,UO_0000065,0,CHEMBL4835672,organism-based format,,CHEMBL4834426,1,Scientific Literature,J Med Chem,,Antiplasmodial activity against asexual stage (I/III) Plasmodium falciparum NF54 early gametocytes transfected with GFP-Luc assessed as inhibition of exflagellation of male gametes incubated for 48 hrs by microscopy based luciferase reporter gene assay relative to control,,,,NF54,NF54,,NF54,6.96
CHEMBL1673256,,,322.5,0.0,4.28,19,CCCN1CCC(NCC(c2ccccc2)c2ccccc2)CC1,IC50,'=',490.0,nM,6.31,,,UO_0000065,0,CHEMBL1678152,organism-based format,,CHEMBL1671701,1,Scientific Literature,Antimicrob Agents Chemother,,Antiplasmodial activity against Plasmodium falciparum 3D7 infected in RBCs by firefly luciferase reporter gene assay,,,,3D7,3D7,,3D7,6.31
CHEMBL55,PENTAMIDINE,4.0,340.43,0.0,2.88,pentamidine,N=C(N)c1ccc(OCCCCCOc2ccc(C(=N)N)cc2)cc1,IC50,'=',278.0,nM,6.56,,,UO_0000065,0,CHEMBL926257,organism-based format,,CHEMBL1140635,1,Scientific Literature,Bioorg Med Chem,,Antiplasmodial activity against chloroquine-sensitive Plasmodium falciparum D6 by LDH reporter assay,,,,D6,D6,,D6,6.56
CHEMBL538481,,,575.59,2.0,5.24,40,Cl.Cl.N=C(NCc1ccccc1)c1ccc(N2CCN(c3ccc(C(=N)NCc4ccccc4)cc3)CC2)cc1,IC50,'=',101.0,nM,7.0,,,UO_0000065,0,CHEMBL926257,organism-based format,,CHEMBL1140635,1,Scientific Literature,Bioorg Med Chem,,Antiplasmodial activity against chloroquine-sensitive Plasmodium falciparum D6 by LDH reporter assay,,,,D6,D6,,D6,7.0
CHEMBL539614,,,591.72,2.0,6.78,33,CCCCCCCNC(=N)c1ccc(N2CCN(c3ccc(C(=N)NCCCCCCC)cc3)CC2)cc1.Cl.Cl,IC50,'=',48.0,nM,7.32,,,UO_0000065,0,CHEMBL926257,organism-based format,,CHEMBL1140635,1,Scientific Literature,Bioorg Med Chem,,Antiplasmodial activity against chloroquine-sensitive Plasmodium falciparum D6 by LDH reporter assay,,,,D6,D6,,D6,7.32
CHEMBL559187,,,563.66,1.0,6.0,31,CCCCCCNC(=N)c1ccc(N2CCN(c3ccc(C(=N)NCCCCCC)cc3)CC2)cc1.Cl.Cl,IC50,'=',35.0,nM,7.46,,,UO_0000065,0,CHEMBL926257,organism-based format,,CHEMBL1140635,1,Scientific Literature,Bioorg Med Chem,,Antiplasmodial activity against chloroquine-sensitive Plasmodium falciparum D6 by LDH reporter assay,,,,D6,D6,,D6,7.46
CHEMBL1450,ATOVAQUONE,4.0,366.84,1.0,5.51,atovaquone,O=C1C(O)=C([C@H]2CC[C@H](c3ccc(Cl)cc3)CC2)C(=O)c2ccccc21,IC50,'=',4.6,nM,8.34,,,UO_0000065,0,CHEMBL918324,organism-based format,,CHEMBL1147097,1,Scientific Literature,Antimicrob Agents Chemother,,Antimalarial activity against chloroquine-resistant Plasmodium falciparum W2 asexual gametocytes,,,,W2,W2,,W2,8.34
CHEMBL3800323,,,406.37,0.0,4.95,14,O=c1[nH]c2cnc3ccc(-c4cccnc4)cc3c2n1-c1cccc(C(F)(F)F)c1,IC50,'=',11400.0,nM,4.94,,,UO_0000065,0,CHEMBL3800921,organism-based format,,CHEMBL3797182,1,Scientific Literature,Bioorg Med Chem Lett,,Gametocytocidal activity against chloroquine-sensitive late gametocytic stage (III to V) of Plasmodium falciparum 3D7 after 72 hrs by Alamar Blue assay,,,,3D7,3D7,,3D7,4.94
CHEMBL3799772,,,463.42,0.0,4.91,22,CC(=O)Nc1ccc(-c2ccc3ncc4[nH]c(=O)n(-c5cccc(C(F)(F)F)c5)c4c3c2)cn1,IC50,'=',186.0,nM,6.73,,,UO_0000065,0,CHEMBL3800921,organism-based format,,CHEMBL3797182,1,Scientific Literature,Bioorg Med Chem Lett,,Gametocytocidal activity against chloroquine-sensitive late gametocytic stage (III to V) of Plasmodium falciparum 3D7 after 72 hrs by Alamar Blue assay,,,,3D7,3D7,,3D7,6.73
CHEMBL3800124,,,436.39,0.0,4.66,25,Cn1c(=O)n(-c2cccc(C(F)(F)F)c2)c2c3cc(-c4ccc(O)nc4)ccc3ncc21,IC50,'=',294.0,nM,6.53,,,UO_0000065,0,CHEMBL3800921,organism-based format,,CHEMBL3797182,1,Scientific Literature,Bioorg Med Chem Lett,,Gametocytocidal activity against chloroquine-sensitive late gametocytic stage (III to V) of Plasmodium falciparum 3D7 after 72 hrs by Alamar Blue assay,,,,3D7,3D7,,3D7,6.53
CHEMBL498010,,,462.42,1.0,7.34,4a,Clc1ccc(C(Nc2ccnc3cc(Cl)ccc23)c2ccc(CN3CCCC3)cc2)cc1,IC50,'=',72.0,nM,7.14,,,UO_0000065,0,CHEMBL1012852,organism-based format,,CHEMBL1139381,1,Scientific Literature,J Med Chem,,Antimalarial activity after 72 hrs against chloroquine-resistant Plasmodium falciparum W2 infected human A+ erythrocytes by Makler LDH reporter assay,,,,W2,W2,,W2,7.14
CHEMBL528437,,,448.37,1.0,7.15,665794,FC(F)(F)c1cccc(Nc2nc3ccccc3nc2Nc2cccc(C(F)(F)F)c2)c1,IC50,'=',739.1,nM,6.13,,,UO_0000065,0,CHEMBL3392923,organism-based format,,CHEMBL3392922,17,Medicines for Malaria Venture () Malaria Box,,,"MMV: IC50 determined against P. falciparum Dd2-luc strain using a Malaria Sybr Green I Fluorescence assay. Starting conditions were 1% trophozoite synchronised parasites at 2% haematocrit. Fluorescence detection completed after 48hr incubation at 37 degrees C under 1% O2, 3% CO2 and balance N2.",,,,Dd2-luc,Dd2,,Dd2,6.13
CHEMBL580159,,,273.72,0.0,3.53,665850,Oc1ccc(Cl)cc1CNc1nc2ccccc2[nH]1,IC50,'=',1001.0,nM,6.0,,,UO_0000065,0,CHEMBL3392923,organism-based format,,CHEMBL3392922,17,Medicines for Malaria Venture () Malaria Box,,,"MMV: IC50 determined against P. falciparum Dd2-luc strain using a Malaria Sybr Green I Fluorescence assay. Starting conditions were 1% trophozoite synchronised parasites at 2% haematocrit. Fluorescence detection completed after 48hr incubation at 37 degrees C under 1% O2, 3% CO2 and balance N2.",,,,Dd2-luc,Dd2,,Dd2,6.0
CHEMBL10835,,,350.03,1.0,5.94,665852,O=C(Nc1ccc(Cl)c(Cl)c1)Nc1ccc(Cl)c(Cl)c1,IC50,'=',3876.0,nM,5.41,,,UO_0000065,0,CHEMBL3392923,organism-based format,,CHEMBL3392922,17,Medicines for Malaria Venture () Malaria Box,,,"MMV: IC50 determined against P. falciparum Dd2-luc strain using a Malaria Sybr Green I Fluorescence assay. Starting conditions were 1% trophozoite synchronised parasites at 2% haematocrit. Fluorescence detection completed after 48hr incubation at 37 degrees C under 1% O2, 3% CO2 and balance N2.",,,,Dd2-luc,Dd2,,Dd2,5.41
CHEMBL602312,,,368.91,1.0,5.09,665961,CCN(CC)CCCNc1nc(-c2ccc(Cl)cc2)nc2ccccc12,IC50,'=',424.8,nM,6.37,,,UO_0000065,0,CHEMBL3392923,organism-based format,,CHEMBL3392922,17,Medicines for Malaria Venture () Malaria Box,,,"MMV: IC50 determined against P. falciparum Dd2-luc strain using a Malaria Sybr Green I Fluorescence assay. Starting conditions were 1% trophozoite synchronised parasites at 2% haematocrit. Fluorescence detection completed after 48hr incubation at 37 degrees C under 1% O2, 3% CO2 and balance N2.",,,,Dd2-luc,Dd2,,Dd2,6.37
CHEMBL583682,,,334.38,0.0,3.52,666686,COc1ccccc1C(=O)ON=C(N)Cc1cccc2ccccc12,IC50,'=',4022.0,nM,5.4,,,UO_0000065,0,CHEMBL3392923,organism-based format,,CHEMBL3392922,17,Medicines for Malaria Venture () Malaria Box,,,"MMV: IC50 determined against P. falciparum Dd2-luc strain using a Malaria Sybr Green I Fluorescence assay. Starting conditions were 1% trophozoite synchronised parasites at 2% haematocrit. Fluorescence detection completed after 48hr incubation at 37 degrees C under 1% O2, 3% CO2 and balance N2.",,,,Dd2-luc,Dd2,,Dd2,5.4
CHEMBL2028061,,,405.48,0.0,3.93,396744,CC(C)CNC(=O)c1c(N)n(CCc2ccccc2F)c2nc3ccccc3nc12,IC50,'=',680.3,nM,6.17,,,UO_0000065,0,CHEMBL3392923,organism-based format,,CHEMBL3392922,17,Medicines for Malaria Venture () Malaria Box,,,"MMV: IC50 determined against P. falciparum Dd2-luc strain using a Malaria Sybr Green I Fluorescence assay. Starting conditions were 1% trophozoite synchronised parasites at 2% haematocrit. Fluorescence detection completed after 48hr incubation at 37 degrees C under 1% O2, 3% CO2 and balance N2.",,,,Dd2-luc,Dd2,,Dd2,6.17
CHEMBL533855,,,662.87,1.0,3.6,7092,CCOc1ccc(CN2CCN(CC(O)COc3ccc(OCC(O)CN4CCN(Cc5ccc(OCC)cc5)CC4)cc3)CC2)cc1,IC50,'=',1339.7,nM,5.87,,,UO_0000065,0,CHEMBL3301557,organism-based format,,CHEMBL3301555,17,Medicines for Malaria Venture () Malaria Box,,,"MMV: Measure of pLDH activity as indication of parasite viability. Gametocytogenesis of 3D7 Plasmodium falciparum strain was induced in vitro and asexual parasites were depleted with N-acetylglucosamine. Gametocytes were treated with dihydroartemisinin, epoxomicin, methylene blue, primaquine, puromycin or chloroquine in 96-well plates and the pLDH activity was evaluated using a modified Makler protocol. Mosquito infectivity was measured by the standard membrane feeding assay. The IC50 value was extrapolated as the concentration that induced a 50% inhibition of gametocyte viability.",,,,3D7,3D7,,3D7,5.87
CHEMBL532597,,,312.42,0.0,4.34,19266,Cc1sc2ncnc(Sc3nc4ccccc4[nH]3)c2c1C,IC50,'=',2641.95,nM,5.58,,,UO_0000065,0,CHEMBL3301557,organism-based format,,CHEMBL3301555,17,Medicines for Malaria Venture () Malaria Box,,,"MMV: Measure of pLDH activity as indication of parasite viability. Gametocytogenesis of 3D7 Plasmodium falciparum strain was induced in vitro and asexual parasites were depleted with N-acetylglucosamine. Gametocytes were treated with dihydroartemisinin, epoxomicin, methylene blue, primaquine, puromycin or chloroquine in 96-well plates and the pLDH activity was evaluated using a modified Makler protocol. Mosquito infectivity was measured by the standard membrane feeding assay. The IC50 value was extrapolated as the concentration that induced a 50% inhibition of gametocyte viability.",,,,3D7,3D7,,3D7,5.58
CHEMBL602586,,,309.41,0.0,3.34,73843,CN(C)c1ccc(N=Cc2ccc(N3CCOCC3)cc2)cc1,IC50,'=',4160.5,nM,5.38,,,UO_0000065,0,CHEMBL3301557,organism-based format,,CHEMBL3301555,17,Medicines for Malaria Venture () Malaria Box,,,"MMV: Measure of pLDH activity as indication of parasite viability. Gametocytogenesis of 3D7 Plasmodium falciparum strain was induced in vitro and asexual parasites were depleted with N-acetylglucosamine. Gametocytes were treated with dihydroartemisinin, epoxomicin, methylene blue, primaquine, puromycin or chloroquine in 96-well plates and the pLDH activity was evaluated using a modified Makler protocol. Mosquito infectivity was measured by the standard membrane feeding assay. The IC50 value was extrapolated as the concentration that induced a 50% inhibition of gametocyte viability.",,,,3D7,3D7,,3D7,5.38
CHEMBL3289161,,,342.4,0.0,3.08,1k,O=C(CCCCCONC(=O)c1ccc(-c2ccccc2)cc1)NO,IC50,'=',500.0,nM,6.3,,,UO_0000065,0,CHEMBL3297427,organism-based format,,CHEMBL3286295,1,Scientific Literature,Eur J Med Chem,,Antimalarial activity against late stage gametocyte stage of Plasmodium falciparum NF54 after 72 hrs,,,,NF54,NF54,,NF54,6.3
CHEMBL1829960,MERIDOQUIN,,300.79,0.0,4.12,"4, Meridoquin",CCN(CC)c1nccc(-c2c[nH]c3cc(Cl)ccc23)n1,IC50,'=',200000.0,nM,,Outside typical range,,UO_0000065,0,CHEMBL1831569,organism-based format,,CHEMBL1828602,1,Scientific Literature,Bioorg Med Chem,,Antimalarial activity against transgenic Plasmodium falciparum 3D7 infected in human A positive erythrocytes after 72 hrs by luciferase reporter gene assay,,,,3D7,3D7,,3D7,3.7
CHEMBL3797517,,,435.41,1.0,5.27,39,Cn1c(=O)n(-c2cccc(C(F)(F)F)c2)c2c3cc(-c4ccc(O)cc4)ccc3ncc21,IC50,'=',229.0,nM,6.64,,,UO_0000065,0,CHEMBL3800921,organism-based format,,CHEMBL3797182,1,Scientific Literature,Bioorg Med Chem Lett,,Gametocytocidal activity against chloroquine-sensitive late gametocytic stage (III to V) of Plasmodium falciparum 3D7 after 72 hrs by Alamar Blue assay,,,,3D7,3D7,,3D7,6.64
CHEMBL3798251,,,419.41,1.0,5.86,55,Cc1ccc(-c2ccc3ncc4[nH]c(=O)n(-c5cccc(C(F)(F)F)c5)c4c3c2)cc1,IC50,'=',7050.0,nM,5.15,,,UO_0000065,0,CHEMBL3800921,organism-based format,,CHEMBL3797182,1,Scientific Literature,Bioorg Med Chem Lett,,Gametocytocidal activity against chloroquine-sensitive late gametocytic stage (III to V) of Plasmodium falciparum 3D7 after 72 hrs by Alamar Blue assay,,,,3D7,3D7,,3D7,5.15
CHEMBL3797564,,,397.44,0.0,3.53,62,COc1cccc(-n2c(=O)n(C)c3cnc4ccc(-c5ccc(N)nc5)cc4c32)c1,IC50,'=',126.0,nM,6.9,,,UO_0000065,0,CHEMBL3800921,organism-based format,,CHEMBL3797182,1,Scientific Literature,Bioorg Med Chem Lett,,Gametocytocidal activity against chloroquine-sensitive late gametocytic stage (III to V) of Plasmodium falciparum 3D7 after 72 hrs by Alamar Blue assay,,,,3D7,3D7,,3D7,6.9
CHEMBL1829959,,,240.27,0.0,2.22,3,COc1cccc2[nH]cc(-c3ccnc(N)n3)c12,IC50,'=',40000.0,nM,4.4,,,UO_0000065,0,CHEMBL1831569,organism-based format,,CHEMBL1828602,1,Scientific Literature,Bioorg Med Chem,,Antimalarial activity against transgenic Plasmodium falciparum 3D7 infected in human A positive erythrocytes after 72 hrs by luciferase reporter gene assay,,,,3D7,3D7,,3D7,4.4
CHEMBL4065621,,,355.45,0.0,4.05,39,CCNCCNc1cc(-c2ccccc2)c(C#N)c2nc3ccccc3n12,IC50,'=',1440.0,nM,5.84,,,UO_0000065,0,CHEMBL3996812,assay format,,CHEMBL3994624,1,Scientific Literature,J Med Chem,,Anti-plasmodial activity against chloroquine-sensitive Plasmodium falciparum NF54 late 4/5 stage gametocytes assessed as reduction in ATP levels after 24 hrs by BacTiter-Glo reagent based bioluminescence assay,,,,NF54,NF54,,NF54,5.84
CHEMBL427458,,,715.84,2.0,6.53,Trioxaquine 5,COc1cc(NC(C)CCCNC2CCC3(CC2)OO[C@@]2(C)CCC(C(C)C)=C[C@H]2O3)c2ncccc2c1.O=C(O)CC(O)(CC(=O)O)C(=O)O,IC50,'=',43.0,nM,7.37,,,UO_0000065,0,CHEMBL918324,organism-based format,,CHEMBL1147097,1,Scientific Literature,Antimicrob Agents Chemother,,Antimalarial activity against chloroquine-resistant Plasmodium falciparum W2 asexual gametocytes,,,,W2,W2,,W2,7.37
CHEMBL598279,,,356.43,0.0,4.99,963,COc1ccc(Nc2nc(NCc3ccccc3)c3ccccc3n2)cc1,IC50,'=',90.59,nM,7.04,,,UO_0000065,0,CHEMBL3392923,organism-based format,,CHEMBL3392922,17,Medicines for Malaria Venture () Malaria Box,,,"MMV: IC50 determined against P. falciparum Dd2-luc strain using a Malaria Sybr Green I Fluorescence assay. Starting conditions were 1% trophozoite synchronised parasites at 2% haematocrit. Fluorescence detection completed after 48hr incubation at 37 degrees C under 1% O2, 3% CO2 and balance N2.",,,,Dd2-luc,Dd2,,Dd2,7.04
CHEMBL609036,,,371.87,0.0,2.83,986,CN1CCN(c2nc(Nc3ccc(O)cc3)nc3ccccc23)CC1.Cl,IC50,'=',1412.0,nM,5.85,,,UO_0000065,0,CHEMBL3392923,organism-based format,,CHEMBL3392922,17,Medicines for Malaria Venture () Malaria Box,,,"MMV: IC50 determined against P. falciparum Dd2-luc strain using a Malaria Sybr Green I Fluorescence assay. Starting conditions were 1% trophozoite synchronised parasites at 2% haematocrit. Fluorescence detection completed after 48hr incubation at 37 degrees C under 1% O2, 3% CO2 and balance N2.",,,,Dd2-luc,Dd2,,Dd2,5.85
CHEMBL602413,,,308.39,0.0,3.39,1038,Cc1ccc(Nc2nc(NCCO)c3ccccc3n2)cc1C,IC50,'=',986.6,nM,6.01,,,UO_0000065,0,CHEMBL3392923,organism-based format,,CHEMBL3392922,17,Medicines for Malaria Venture () Malaria Box,,,"MMV: IC50 determined against P. falciparum Dd2-luc strain using a Malaria Sybr Green I Fluorescence assay. Starting conditions were 1% trophozoite synchronised parasites at 2% haematocrit. Fluorescence detection completed after 48hr incubation at 37 degrees C under 1% O2, 3% CO2 and balance N2.",,,,Dd2-luc,Dd2,,Dd2,6.01
CHEMBL597248,,,326.4,0.0,4.99,6169,c1ccc(CNc2nc(Nc3ccccc3)nc3ccccc23)cc1,IC50,'=',897.4,nM,6.05,,,UO_0000065,0,CHEMBL3392923,organism-based format,,CHEMBL3392922,17,Medicines for Malaria Venture () Malaria Box,,,"MMV: IC50 determined against P. falciparum Dd2-luc strain using a Malaria Sybr Green I Fluorescence assay. Starting conditions were 1% trophozoite synchronised parasites at 2% haematocrit. Fluorescence detection completed after 48hr incubation at 37 degrees C under 1% O2, 3% CO2 and balance N2.",,,,Dd2-luc,Dd2,,Dd2,6.05
CHEMBL106525,,,368.48,0.0,4.88,6172,CN1CCN(c2ccc(Nc3c4ccccc4nc4ccccc34)cc2)CC1,IC50,'=',1596.0,nM,5.8,,,UO_0000065,0,CHEMBL3392923,organism-based format,,CHEMBL3392922,17,Medicines for Malaria Venture () Malaria Box,,,"MMV: IC50 determined against P. falciparum Dd2-luc strain using a Malaria Sybr Green I Fluorescence assay. Starting conditions were 1% trophozoite synchronised parasites at 2% haematocrit. Fluorescence detection completed after 48hr incubation at 37 degrees C under 1% O2, 3% CO2 and balance N2.",,,,Dd2-luc,Dd2,,Dd2,5.8
CHEMBL4165957,,,453.18,0.0,-0.33,5g,N#Cc1ccc2c(c1)-c1ccccc1[I+]2.O=S(=O)([O-])C(F)(F)F,IC50,'=',40.0,nM,7.4,,,UO_0000065,0,CHEMBL4146076,organism-based format,,CHEMBL4145448,1,Scientific Literature,Eur J Med Chem,,Growth inhibition of CQ-sensitive GFP-fused Plasmodium falciparum D10 after 90 hrs by ethidium bromide staining based flow cytometry,,,,D10,D10,,D10,7.4
CHEMBL4162518,,,446.16,0.0,-0.07,5i,Fc1ccc2c(c1)-c1ccccc1[I+]2.O=S(=O)([O-])C(F)(F)F,IC50,'=',100.0,nM,7.0,,,UO_0000065,0,CHEMBL4146076,organism-based format,,CHEMBL4145448,1,Scientific Literature,Eur J Med Chem,,Growth inhibition of CQ-sensitive GFP-fused Plasmodium falciparum D10 after 90 hrs by ethidium bromide staining based flow cytometry,,,,D10,D10,,D10,7.0
CHEMBL600030,,,312.41,0.0,2.72,665944,COc1ccc(CN2CCN(Cc3ccccc3)CC2)c(O)c1,IC50,'=',1135.0,nM,5.95,,,UO_0000065,0,CHEMBL3392923,organism-based format,,CHEMBL3392922,17,Medicines for Malaria Venture () Malaria Box,,,"MMV: IC50 determined against P. falciparum Dd2-luc strain using a Malaria Sybr Green I Fluorescence assay. Starting conditions were 1% trophozoite synchronised parasites at 2% haematocrit. Fluorescence detection completed after 48hr incubation at 37 degrees C under 1% O2, 3% CO2 and balance N2.",,,,Dd2-luc,Dd2,,Dd2,5.95
CHEMBL601156,,,335.32,0.0,3.56,666125,CC1=C(CC(=O)c2cccc([N+](=O)[O-])c2)C(=O)c2ccccc2C1=O,IC50,'=',129.4,nM,6.89,,,UO_0000065,0,CHEMBL3392923,organism-based format,,CHEMBL3392922,17,Medicines for Malaria Venture () Malaria Box,,,"MMV: IC50 determined against P. falciparum Dd2-luc strain using a Malaria Sybr Green I Fluorescence assay. Starting conditions were 1% trophozoite synchronised parasites at 2% haematocrit. Fluorescence detection completed after 48hr incubation at 37 degrees C under 1% O2, 3% CO2 and balance N2.",,,,Dd2-luc,Dd2,,Dd2,6.89
CHEMBL4062856,,,424.33,1.0,5.35,45,CCNCCNc1cc(-c2ccc(Cl)c(Cl)c2)c(C#N)c2nc3ccccc3n12,IC50,'=',590.0,nM,6.23,,,UO_0000065,0,CHEMBL3996812,assay format,,CHEMBL3994624,1,Scientific Literature,J Med Chem,,Anti-plasmodial activity against chloroquine-sensitive Plasmodium falciparum NF54 late 4/5 stage gametocytes assessed as reduction in ATP levels after 24 hrs by BacTiter-Glo reagent based bioluminescence assay,,,,NF54,NF54,,NF54,6.23
CHEMBL547476,,,370.49,0.0,3.8,6455,CCCN(CCC)CC(O)COc1ccccc1C(=O)Nc1ccccc1,IC50,'=',209.0,nM,6.68,,,UO_0000065,0,CHEMBL3392923,organism-based format,,CHEMBL3392922,17,Medicines for Malaria Venture () Malaria Box,,,"MMV: IC50 determined against P. falciparum Dd2-luc strain using a Malaria Sybr Green I Fluorescence assay. Starting conditions were 1% trophozoite synchronised parasites at 2% haematocrit. Fluorescence detection completed after 48hr incubation at 37 degrees C under 1% O2, 3% CO2 and balance N2.",,,,Dd2-luc,Dd2,,Dd2,6.68
CHEMBL597857,,,345.83,0.0,2.9,6587,Clc1ccc2[nH]c3c(NCCCN4CCOCC4)ncnc3c2c1,IC50,'=',617.4,nM,6.21,,,UO_0000065,0,CHEMBL3392923,organism-based format,,CHEMBL3392922,17,Medicines for Malaria Venture () Malaria Box,,,"MMV: IC50 determined against P. falciparum Dd2-luc strain using a Malaria Sybr Green I Fluorescence assay. Starting conditions were 1% trophozoite synchronised parasites at 2% haematocrit. Fluorescence detection completed after 48hr incubation at 37 degrees C under 1% O2, 3% CO2 and balance N2.",,,,Dd2-luc,Dd2,,Dd2,6.21
CHEMBL598881,,,554.51,2.0,7.9,7208,COc1ccc(OC)c(C2C3=C(CC(C)(C)CC3=O)N(c3ccc(Cl)c(Cl)c3)C3=C2C(=O)CC(C)(C)C3)c1,IC50,'=',2978.0,nM,5.53,,,UO_0000065,0,CHEMBL3392923,organism-based format,,CHEMBL3392922,17,Medicines for Malaria Venture () Malaria Box,,,"MMV: IC50 determined against P. falciparum Dd2-luc strain using a Malaria Sybr Green I Fluorescence assay. Starting conditions were 1% trophozoite synchronised parasites at 2% haematocrit. Fluorescence detection completed after 48hr incubation at 37 degrees C under 1% O2, 3% CO2 and balance N2.",,,,Dd2-luc,Dd2,,Dd2,5.53
CHEMBL600904,,,265.32,0.0,2.98,8270,Oc1c2c(nc3cc(-c4ccccc4)nn13)CCCC2,IC50,'=',1556.0,nM,5.81,,,UO_0000065,0,CHEMBL3392923,organism-based format,,CHEMBL3392922,17,Medicines for Malaria Venture () Malaria Box,,,"MMV: IC50 determined against P. falciparum Dd2-luc strain using a Malaria Sybr Green I Fluorescence assay. Starting conditions were 1% trophozoite synchronised parasites at 2% haematocrit. Fluorescence detection completed after 48hr incubation at 37 degrees C under 1% O2, 3% CO2 and balance N2.",,,,Dd2-luc,Dd2,,Dd2,5.81
CHEMBL608855,,,579.12,2.0,9.64,11436,CC(C)(C)c1ccc(C2CC3=Nc4ccccc4N(C(=O)c4ccccc4Cl)C(c4ccc(F)cc4)C3=C(O)C2)cc1,IC50,'=',1989.0,nM,5.7,,,UO_0000065,0,CHEMBL3392923,organism-based format,,CHEMBL3392922,17,Medicines for Malaria Venture () Malaria Box,,,"MMV: IC50 determined against P. falciparum Dd2-luc strain using a Malaria Sybr Green I Fluorescence assay. Starting conditions were 1% trophozoite synchronised parasites at 2% haematocrit. Fluorescence detection completed after 48hr incubation at 37 degrees C under 1% O2, 3% CO2 and balance N2.",,,,Dd2-luc,Dd2,,Dd2,5.7
CHEMBL534288,,,448.52,0.0,4.3,11795,O=C(O)C(=O)O.Oc1ccccc1CN1CCN(C(c2ccccc2)c2ccccc2)CC1,IC50,'=',959.3,nM,6.02,,,UO_0000065,0,CHEMBL3392923,organism-based format,,CHEMBL3392922,17,Medicines for Malaria Venture () Malaria Box,,,"MMV: IC50 determined against P. falciparum Dd2-luc strain using a Malaria Sybr Green I Fluorescence assay. Starting conditions were 1% trophozoite synchronised parasites at 2% haematocrit. Fluorescence detection completed after 48hr incubation at 37 degrees C under 1% O2, 3% CO2 and balance N2.",,,,Dd2-luc,Dd2,,Dd2,6.02
CHEMBL296419,ASTEMIZOLE,4.0,458.58,1.0,5.35,Astemizole,COc1ccc(CCN2CCC(Nc3nc4ccccc4n3Cc3ccc(F)cc3)CC2)cc1,IC50,'=',254.0,nM,6.59,,,UO_0000065,0,CHEMBL1678152,organism-based format,,CHEMBL1671701,1,Scientific Literature,Antimicrob Agents Chemother,,Antiplasmodial activity against Plasmodium falciparum 3D7 infected in RBCs by firefly luciferase reporter gene assay,,,,3D7,3D7,,3D7,6.6
CHEMBL2092874,AMPEROZIDE DIHYDROCHLORIDE,,474.42,0.0,4.22,Amperozide Dihydrochloride,CCNC(=O)N1CCN(CCCC(c2ccc(F)cc2)c2ccc(F)cc2)CC1.Cl.Cl,IC50,'=',443.0,nM,6.35,,,UO_0000065,0,CHEMBL1678152,organism-based format,,CHEMBL1671701,1,Scientific Literature,Antimicrob Agents Chemother,,Antiplasmodial activity against Plasmodium falciparum 3D7 infected in RBCs by firefly luciferase reporter gene assay,,,,3D7,3D7,,3D7,6.35
CHEMBL1673275,,,329.43,1.0,5.36,Am-7,Fc1ccc(C(CCCN2CCCCC2)c2ccc(F)cc2)cc1,IC50,'=',6000.0,nM,5.22,,,UO_0000065,0,CHEMBL1678152,organism-based format,,CHEMBL1671701,1,Scientific Literature,Antimicrob Agents Chemother,,Antiplasmodial activity against Plasmodium falciparum 3D7 infected in RBCs by firefly luciferase reporter gene assay,,,,3D7,3D7,,3D7,5.22
CHEMBL4585586,,,513.79,2.0,8.65,2k,C/C(=C\Cn1cc(CSc2ccccc2C(=O)O)nn1)CCCC(C)CCCC(C)CCCC(C)C,IC50,'=',9750.0,nM,5.01,,,UO_0000065,0,CHEMBL4312172,organism-based format,,CHEMBL4311937,1,Scientific Literature,Medchemcomm,,Antimalarial activity against synchronized ring stage Plasmodium falciparum 3D7 transfected with nano-luciferase assessed as parasite growth inhibition after 72 hrs by Nano-Glo luciferase assay,,,,3D7,3D7,,3D7,5.01
CHEMBL539095,,,535.61,0.0,4.94,29,CCC(C)CNC(=N)c1ccc(N2CCN(c3ccc(C(=N)NCC(C)CC)cc3)CC2)cc1.Cl.Cl,IC50,'=',69.0,nM,7.16,,,UO_0000065,0,CHEMBL926257,organism-based format,,CHEMBL1140635,1,Scientific Literature,Bioorg Med Chem,,Antiplasmodial activity against chloroquine-sensitive Plasmodium falciparum D6 by LDH reporter assay,,,,D6,D6,,D6,7.16
CHEMBL547488,,,329.38,0.0,2.38,19871,Fc1ccc2[nH]c3c(NCCCN4CCOCC4)ncnc3c2c1,IC50,'=',334.7,nM,6.47,,,UO_0000065,0,CHEMBL3392923,organism-based format,,CHEMBL3392922,17,Medicines for Malaria Venture () Malaria Box,,,"MMV: IC50 determined against P. falciparum Dd2-luc strain using a Malaria Sybr Green I Fluorescence assay. Starting conditions were 1% trophozoite synchronised parasites at 2% haematocrit. Fluorescence detection completed after 48hr incubation at 37 degrees C under 1% O2, 3% CO2 and balance N2.",,,,Dd2-luc,Dd2,,Dd2,6.48
CHEMBL588855,,,398.51,1.0,5.2,20549,CC1CCN(Cc2ccc(NC(=O)c3cc4ccc5cccnc5c4[nH]3)cc2)CC1,IC50,'=',242.1,nM,6.62,,,UO_0000065,0,CHEMBL3392923,organism-based format,,CHEMBL3392922,17,Medicines for Malaria Venture () Malaria Box,,,"MMV: IC50 determined against P. falciparum Dd2-luc strain using a Malaria Sybr Green I Fluorescence assay. Starting conditions were 1% trophozoite synchronised parasites at 2% haematocrit. Fluorescence detection completed after 48hr incubation at 37 degrees C under 1% O2, 3% CO2 and balance N2.",,,,Dd2-luc,Dd2,,Dd2,6.62
CHEMBL4458088,,,363.26,0.0,2.05,25,Cc1n(CC(C)C)c2c([n+]1C)C(=O)c1ccccc1C2=O.[Br-],IC50,'=',1088.0,nM,5.96,,,UO_0000065,0,CHEMBL4338839,organism-based format,,CHEMBL4334542,1,Scientific Literature,ACS Med Chem Lett,,Antimalarial activity against Plasmodium falciparum NF54 late gametocytes transfected with luciferase gene incubated for 48 hrs by luciferase reporter gene assay,,,,NF54,NF54,,NF54,5.96
CHEMBL2312164,,,280.32,0.0,1.72,1d,Cc1cccc(C(=O)NOCCCCCC(=O)NO)c1,IC50,'=',430.0,nM,6.37,,,UO_0000065,0,CHEMBL3297427,organism-based format,,CHEMBL3286295,1,Scientific Literature,Eur J Med Chem,,Antimalarial activity against late stage gametocyte stage of Plasmodium falciparum NF54 after 72 hrs,,,,NF54,NF54,,NF54,6.37
CHEMBL1782163,,,346.26,0.0,1.71,16.6,CC1(C)N=C(N)N=C(NCCCOc2ccc(Cl)cc2)N1.Cl,IC50,'=',11330.0,nM,4.95,,,UO_0000065,0,CHEMBL1785111,cell-based format,,CHEMBL1781907,1,Scientific Literature,Eur J Med Chem,,Antimalarial activity against chloroquine and cycloguanil-resistant Plasmodium falciparum FCR-3/Gambia ring stage infected in human red blood cells assessed as inhibition of [3H]-hypoxanthine incorporation incubated 24 hrs before addition of [3H]-hypoxanthine measured after 24 hrs,,,,FCR-3,FcR3,,FcR3,4.95
CHEMBL1782201,,,412.3,0.0,2.81,16.17,Cl.NC1=NC(c2ccc(F)cc2)NC(NCCCOc2ccc(Cl)cc2)=N1,IC50,'=',6210.0,nM,5.21,,,UO_0000065,0,CHEMBL1785111,cell-based format,,CHEMBL1781907,1,Scientific Literature,Eur J Med Chem,,Antimalarial activity against chloroquine and cycloguanil-resistant Plasmodium falciparum FCR-3/Gambia ring stage infected in human red blood cells assessed as inhibition of [3H]-hypoxanthine incorporation incubated 24 hrs before addition of [3H]-hypoxanthine measured after 24 hrs,,,,FCR-3,FcR3,,FcR3,5.21
CHEMBL1782207,,,404.86,0.0,1.93,16.24,Cl.NC1=NC(c2ccccc2)NC(NCCCOc2ccc([N+](=O)[O-])cc2)=N1,IC50,'=',3870.0,nM,5.41,,,UO_0000065,0,CHEMBL1785111,cell-based format,,CHEMBL1781907,1,Scientific Literature,Eur J Med Chem,,Antimalarial activity against chloroquine and cycloguanil-resistant Plasmodium falciparum FCR-3/Gambia ring stage infected in human red blood cells assessed as inhibition of [3H]-hypoxanthine incorporation incubated 24 hrs before addition of [3H]-hypoxanthine measured after 24 hrs,,,,FCR-3,FcR3,,FcR3,5.41
CHEMBL3289170,,,256.26,0.0,1.01,1t,O=C(CCCCCONC(=O)c1ccco1)NO,IC50,'=',1000.0,nM,6.0,,,UO_0000065,0,CHEMBL3297427,organism-based format,,CHEMBL3286295,1,Scientific Literature,Eur J Med Chem,,Antimalarial activity against late stage gametocyte stage of Plasmodium falciparum NF54 after 72 hrs,,,,NF54,NF54,,NF54,6.0
CHEMBL35228,PYRONARIDINE,3.0,518.06,2.0,6.09,Pyronaridine,COc1ccc2nc3cc(Cl)ccc3c(Nc3cc(CN4CCCC4)c(O)c(CN4CCCC4)c3)c2n1,IC50,'=',2700.0,nM,5.57,,,UO_0000065,0,CHEMBL3297427,organism-based format,,CHEMBL3286295,1,Scientific Literature,Eur J Med Chem,,Antimalarial activity against late stage gametocyte stage of Plasmodium falciparum NF54 after 72 hrs,,,,NF54,NF54,,NF54,5.57
CHEMBL3222265,,,418.77,1.0,6.28,10,CC(C)(C)NCc1cc(Br)cc(Nc2ccnc3cc(Cl)ccc23)c1,IC50,'=',65.0,nM,7.19,,,UO_0000065,0,CHEMBL3223115,organism-based format,,CHEMBL3217651,1,Scientific Literature,Medchemcomm,,Antimalarial activity against chloroquine-sensitive Plasmodium falciparum 3D7 infected in human erythrocytes after 96 hrs by luciferase based delayed death assay,,,,3D7,3D7,,3D7,7.19
CHEMBL206540,,,245.28,0.0,2.68,7116,CCOC(=O)c1cnc2ccc(CC)cc2c1O,IC50,'=',646.9,nM,6.19,,,UO_0000065,0,CHEMBL3392923,organism-based format,,CHEMBL3392922,17,Medicines for Malaria Venture () Malaria Box,,,"MMV: IC50 determined against P. falciparum Dd2-luc strain using a Malaria Sybr Green I Fluorescence assay. Starting conditions were 1% trophozoite synchronised parasites at 2% haematocrit. Fluorescence detection completed after 48hr incubation at 37 degrees C under 1% O2, 3% CO2 and balance N2.",,,,Dd2-luc,Dd2,,Dd2,6.19
CHEMBL601528,,,232.71,0.0,3.49,7363,Clc1ccc2c(N3CCCC3)ccnc2c1,IC50,'=',1286.0,nM,5.89,,,UO_0000065,0,CHEMBL3392923,organism-based format,,CHEMBL3392922,17,Medicines for Malaria Venture () Malaria Box,,,"MMV: IC50 determined against P. falciparum Dd2-luc strain using a Malaria Sybr Green I Fluorescence assay. Starting conditions were 1% trophozoite synchronised parasites at 2% haematocrit. Fluorescence detection completed after 48hr incubation at 37 degrees C under 1% O2, 3% CO2 and balance N2.",,,,Dd2-luc,Dd2,,Dd2,5.89
CHEMBL577011,,,301.41,0.0,3.91,7571,Cc1ccc(CSCc2ccc(C(=O)NC3CC3)o2)cc1,IC50,'=',549.9,nM,6.26,,,UO_0000065,0,CHEMBL3392923,organism-based format,,CHEMBL3392922,17,Medicines for Malaria Venture () Malaria Box,,,"MMV: IC50 determined against P. falciparum Dd2-luc strain using a Malaria Sybr Green I Fluorescence assay. Starting conditions were 1% trophozoite synchronised parasites at 2% haematocrit. Fluorescence detection completed after 48hr incubation at 37 degrees C under 1% O2, 3% CO2 and balance N2.",,,,Dd2-luc,Dd2,,Dd2,6.26
CHEMBL587825,,,420.51,1.0,6.71,20912,Cc1ccc(-c2nc3ccccc3o2)cc1NCc1cc(Cc2ccccc2)ccc1O,IC50,'=',1700.0,nM,5.77,,,UO_0000065,0,CHEMBL3392923,organism-based format,,CHEMBL3392922,17,Medicines for Malaria Venture () Malaria Box,,,"MMV: IC50 determined against P. falciparum Dd2-luc strain using a Malaria Sybr Green I Fluorescence assay. Starting conditions were 1% trophozoite synchronised parasites at 2% haematocrit. Fluorescence detection completed after 48hr incubation at 37 degrees C under 1% O2, 3% CO2 and balance N2.",,,,Dd2-luc,Dd2,,Dd2,5.77
CHEMBL589236,,,279.41,0.0,3.29,56726,COc1cc(SC)ccc1C(=O)N1CCCC(C)C1,IC50,'=',3947.0,nM,5.4,,,UO_0000065,0,CHEMBL3392923,organism-based format,,CHEMBL3392922,17,Medicines for Malaria Venture () Malaria Box,,,"MMV: IC50 determined against P. falciparum Dd2-luc strain using a Malaria Sybr Green I Fluorescence assay. Starting conditions were 1% trophozoite synchronised parasites at 2% haematocrit. Fluorescence detection completed after 48hr incubation at 37 degrees C under 1% O2, 3% CO2 and balance N2.",,,,Dd2-luc,Dd2,,Dd2,5.4
CHEMBL2028043,,,341.33,0.0,0.31,306025,CCn1nc(-c2ccc(C(=O)OC)cc2)nc2c(=O)n(C)c(=O)nc1-2,IC50,'=',691.1,nM,6.16,,,UO_0000065,0,CHEMBL3392923,organism-based format,,CHEMBL3392922,17,Medicines for Malaria Venture () Malaria Box,,,"MMV: IC50 determined against P. falciparum Dd2-luc strain using a Malaria Sybr Green I Fluorescence assay. Starting conditions were 1% trophozoite synchronised parasites at 2% haematocrit. Fluorescence detection completed after 48hr incubation at 37 degrees C under 1% O2, 3% CO2 and balance N2.",,,,Dd2-luc,Dd2,,Dd2,6.16
CHEMBL535192,,,619.77,2.0,7.56,35,CCCCCCCCNC(=N)c1ccc(N2CCN(c3ccc(C(=N)NCCCCCCCC)cc3)CC2)cc1.Cl.Cl,IC50,'=',138.0,nM,6.86,,,UO_0000065,0,CHEMBL926257,organism-based format,,CHEMBL1140635,1,Scientific Literature,Bioorg Med Chem,,Antiplasmodial activity against chloroquine-sensitive Plasmodium falciparum D6 by LDH reporter assay,,,,D6,D6,,D6,6.86
CHEMBL591183,,,425.96,0.0,4.84,788,CC(C)OCc1cc(CN2CCN(c3cccc(Cl)c3)CC2)c(O)c2ncccc12,IC50,'=',3281.18,nM,5.48,,,UO_0000065,0,CHEMBL3301557,organism-based format,,CHEMBL3301555,17,Medicines for Malaria Venture () Malaria Box,,,"MMV: Measure of pLDH activity as indication of parasite viability. Gametocytogenesis of 3D7 Plasmodium falciparum strain was induced in vitro and asexual parasites were depleted with N-acetylglucosamine. Gametocytes were treated with dihydroartemisinin, epoxomicin, methylene blue, primaquine, puromycin or chloroquine in 96-well plates and the pLDH activity was evaluated using a modified Makler protocol. Mosquito infectivity was measured by the standard membrane feeding assay. The IC50 value was extrapolated as the concentration that induced a 50% inhibition of gametocyte viability.",,,,3D7,3D7,,3D7,5.48
CHEMBL519110,,,422.96,1.0,5.06,6d,Oc1cc(Nc2ccnc3cc(Cl)ccc23)ccc1CNCC12CCCN1CCC2,IC50,'=',81.9,nM,7.09,,,UO_0000065,0,CHEMBL937848,organism-based format,,CHEMBL1155029,1,Scientific Literature,Bioorg Med Chem,,Antimalarial activity against chloroquine-sensitive Plasmodium falciparum D10 as LDH reporter activity,,,,D10,D10,,D10,7.09
CHEMBL532597,,,312.42,0.0,4.34,19266,Cc1sc2ncnc(Sc3nc4ccccc4[nH]3)c2c1C,IC50,'=',844.4,nM,6.07,,,UO_0000065,0,CHEMBL3392923,organism-based format,,CHEMBL3392922,17,Medicines for Malaria Venture () Malaria Box,,,"MMV: IC50 determined against P. falciparum Dd2-luc strain using a Malaria Sybr Green I Fluorescence assay. Starting conditions were 1% trophozoite synchronised parasites at 2% haematocrit. Fluorescence detection completed after 48hr incubation at 37 degrees C under 1% O2, 3% CO2 and balance N2.",,,,Dd2-luc,Dd2,,Dd2,6.07
CHEMBL1173517,HEPTYL PRODIGIOSIN,,351.49,1.0,5.54,73,CCCCCCCc1cc(/C=C2\N=C(c3ccc[nH]3)C=C2OC)[nH]c1C,IC50,'=',70.0,nM,7.16,,,UO_0000065,0,CHEMBL1175887,organism-based format,,CHEMBL1177693,1,Scientific Literature,Bioorg Med Chem,,Antimalarial activity against Plasmodium falciparum 3D7,,,,3D7,3D7,,3D7,7.15
CHEMBL1673244,,,337.06,0.0,4.15,5,CCCCN(C)c1cc(Br)cc(Br)c1O,IC50,'=',270.0,nM,6.57,,,UO_0000065,0,CHEMBL1678152,organism-based format,,CHEMBL1671701,1,Scientific Literature,Antimicrob Agents Chemother,,Antiplasmodial activity against Plasmodium falciparum 3D7 infected in RBCs by firefly luciferase reporter gene assay,,,,3D7,3D7,,3D7,6.57
CHEMBL416956,MEFLOQUINE,4.0,378.32,0.0,4.45,Mefloquine,OC(c1cc(C(F)(F)F)nc2c(C(F)(F)F)cccc12)C1CCCCN1,IC50,'=',2.1,nM,8.68,,,UO_0000065,0,CHEMBL1678152,organism-based format,,CHEMBL1671701,1,Scientific Literature,Antimicrob Agents Chemother,,Antiplasmodial activity against Plasmodium falciparum 3D7 infected in RBCs by firefly luciferase reporter gene assay,,,,3D7,3D7,,3D7,8.68
CHEMBL1673245,,,314.22,0.0,3.79,6,CCCN(CC1CC1)c1cc(OC)cc(Br)c1O,IC50,'=',290.0,nM,6.54,,,UO_0000065,0,CHEMBL1678152,organism-based format,,CHEMBL1671701,1,Scientific Literature,Antimicrob Agents Chemother,,Antiplasmodial activity against Plasmodium falciparum 3D7 infected in RBCs by firefly luciferase reporter gene assay,,,,3D7,3D7,,3D7,6.54
CHEMBL1673254,,,305.16,0.0,4.3,16,Oc1c(Cl)cccc1C1=NN=C(c2ccc(Cl)cc2)C1,IC50,'=',15000.0,nM,4.82,,,UO_0000065,0,CHEMBL1678152,organism-based format,,CHEMBL1671701,1,Scientific Literature,Antimicrob Agents Chemother,,Antiplasmodial activity against Plasmodium falciparum 3D7 infected in RBCs by firefly luciferase reporter gene assay,,,,3D7,3D7,,3D7,4.82
CHEMBL1673259,,,286.46,0.0,3.62,22,c1ccc(CCN2CCC(NC3CCCCC3)CC2)cc1,IC50,'=',890.0,nM,6.05,,,UO_0000065,0,CHEMBL1678152,organism-based format,,CHEMBL1671701,1,Scientific Literature,Antimicrob Agents Chemother,,Antiplasmodial activity against Plasmodium falciparum 3D7 infected in RBCs by firefly luciferase reporter gene assay,,,,3D7,3D7,,3D7,6.05
CHEMBL90555,VINCRISTINE,4.0,824.97,2.0,3.52,Vincristine,CC[C@]1(O)C[C@H]2CN(CCc3c([nH]c4ccccc34)[C@@](C(=O)OC)(c3cc4c(cc3OC)N(C=O)[C@H]3[C@@](O)(C(=O)OC)[C@H](OC(C)=O)[C@]5(CC)C=CCN6CC[C@]43[C@@H]65)C2)C1,IC50,'=',1.0,nM,9.0,,,UO_0000065,0,CHEMBL1678152,organism-based format,,CHEMBL1671701,1,Scientific Literature,Antimicrob Agents Chemother,,Antiplasmodial activity against Plasmodium falciparum 3D7 infected in RBCs by firefly luciferase reporter gene assay,,,,3D7,3D7,,3D7,9.0
CHEMBL159,VINBLASTINE,4.0,810.99,2.0,3.99,Vinblastine,CC[C@]1(O)C[C@@H]2CN(CCc3c([nH]c4ccccc34)[C@@](C(=O)OC)(c3cc4c(cc3OC)N(C)[C@H]3[C@@](O)(C(=O)OC)[C@H](OC(C)=O)[C@]5(CC)C=CCN6CC[C@]43[C@@H]65)C2)C1,IC50,'=',2.0,nM,8.7,,,UO_0000065,0,CHEMBL1678152,organism-based format,,CHEMBL1671701,1,Scientific Literature,Antimicrob Agents Chemother,,Antiplasmodial activity against Plasmodium falciparum 3D7 infected in RBCs by firefly luciferase reporter gene assay,,,,3D7,3D7,,3D7,8.7
CHEMBL1673272,OXYQUINOLINE HEMISULFATE,,243.24,0.0,1.53,Oxyquinoline hemisulfate,O=S(=O)(O)O.O=c1ccc2ccccc2[nH]1,IC50,'=',1144.0,nM,5.94,,,UO_0000065,0,CHEMBL1678152,organism-based format,,CHEMBL1671701,1,Scientific Literature,Antimicrob Agents Chemother,,Antiplasmodial activity against Plasmodium falciparum 3D7 infected in RBCs by firefly luciferase reporter gene assay,,,,3D7,3D7,,3D7,5.94
CHEMBL1673278,,,470.59,0.0,4.88,Am-3,O=S(=O)(c1ccccc1)N1CCN(CCCC(c2ccc(F)cc2)c2ccc(F)cc2)CC1,IC50,'=',3000.0,nM,5.52,,,UO_0000065,0,CHEMBL1678152,organism-based format,,CHEMBL1671701,1,Scientific Literature,Antimicrob Agents Chemother,,Antiplasmodial activity against Plasmodium falciparum 3D7 infected in RBCs by firefly luciferase reporter gene assay,,,,3D7,3D7,,3D7,5.52
CHEMBL604389,,,496.5,1.0,5.2,9108,Br.CCN(CC)S(=O)(=O)c1ccc(-c2csc(Nc3ccc(C)c(C)c3)n2)cc1,IC50,'=',932.9,nM,6.03,,,UO_0000065,0,CHEMBL3392923,organism-based format,,CHEMBL3392922,17,Medicines for Malaria Venture () Malaria Box,,,"MMV: IC50 determined against P. falciparum Dd2-luc strain using a Malaria Sybr Green I Fluorescence assay. Starting conditions were 1% trophozoite synchronised parasites at 2% haematocrit. Fluorescence detection completed after 48hr incubation at 37 degrees C under 1% O2, 3% CO2 and balance N2.",,,,Dd2-luc,Dd2,,Dd2,6.03
CHEMBL587288,,,359.41,0.0,1.47,19066,COc1ccccc1CNC(=O)CCn1c(=O)[nH]c2ccsc2c1=O,IC50,'=',976.8,nM,6.01,,,UO_0000065,0,CHEMBL3392923,organism-based format,,CHEMBL3392922,17,Medicines for Malaria Venture () Malaria Box,,,"MMV: IC50 determined against P. falciparum Dd2-luc strain using a Malaria Sybr Green I Fluorescence assay. Starting conditions were 1% trophozoite synchronised parasites at 2% haematocrit. Fluorescence detection completed after 48hr incubation at 37 degrees C under 1% O2, 3% CO2 and balance N2.",,,,Dd2-luc,Dd2,,Dd2,6.01
CHEMBL587371,,,491.54,0.0,4.32,19670,O=C(Nc1ccc(N2CCN(Cc3ccccc3)CC2)cc1)c1cccs1.O=C(O)C(F)(F)F,IC50,'=',741.8,nM,6.13,,,UO_0000065,0,CHEMBL3392923,organism-based format,,CHEMBL3392922,17,Medicines for Malaria Venture () Malaria Box,,,"MMV: IC50 determined against P. falciparum Dd2-luc strain using a Malaria Sybr Green I Fluorescence assay. Starting conditions were 1% trophozoite synchronised parasites at 2% haematocrit. Fluorescence detection completed after 48hr incubation at 37 degrees C under 1% O2, 3% CO2 and balance N2.",,,,Dd2-luc,Dd2,,Dd2,6.13
CHEMBL588155,,,383.67,0.0,4.94,19700,O=C(Nc1ccc(N2CCCCC2)c(Cl)c1)c1ccc(Br)o1,IC50,'=',559.2,nM,6.25,,,UO_0000065,0,CHEMBL3392923,organism-based format,,CHEMBL3392922,17,Medicines for Malaria Venture () Malaria Box,,,"MMV: IC50 determined against P. falciparum Dd2-luc strain using a Malaria Sybr Green I Fluorescence assay. Starting conditions were 1% trophozoite synchronised parasites at 2% haematocrit. Fluorescence detection completed after 48hr incubation at 37 degrees C under 1% O2, 3% CO2 and balance N2.",,,,Dd2-luc,Dd2,,Dd2,6.25
CHEMBL546799,,,726.97,2.0,5.87,19881,O=C(NC1CCN(Cc2ccccc2)CC1)c1cc(C(=O)NC2CCN(Cc3ccccc3)CC2)cc(C(=O)NC2CCN(Cc3ccccc3)CC2)c1,IC50,'=',263.8,nM,6.58,,,UO_0000065,0,CHEMBL3392923,organism-based format,,CHEMBL3392922,17,Medicines for Malaria Venture () Malaria Box,,,"MMV: IC50 determined against P. falciparum Dd2-luc strain using a Malaria Sybr Green I Fluorescence assay. Starting conditions were 1% trophozoite synchronised parasites at 2% haematocrit. Fluorescence detection completed after 48hr incubation at 37 degrees C under 1% O2, 3% CO2 and balance N2.",,,,Dd2-luc,Dd2,,Dd2,6.58
CHEMBL530531,,,347.26,0.0,3.78,20505,CN(C)CCCNCc1ccc(-c2ccc(F)c(Cl)c2)o1.Cl,IC50,'=',1163.0,nM,5.93,,,UO_0000065,0,CHEMBL3392923,organism-based format,,CHEMBL3392922,17,Medicines for Malaria Venture () Malaria Box,,,"MMV: IC50 determined against P. falciparum Dd2-luc strain using a Malaria Sybr Green I Fluorescence assay. Starting conditions were 1% trophozoite synchronised parasites at 2% haematocrit. Fluorescence detection completed after 48hr incubation at 37 degrees C under 1% O2, 3% CO2 and balance N2.",,,,Dd2-luc,Dd2,,Dd2,5.93
CHEMBL586442,,,359.77,0.0,3.66,20660,COc1ccc(-c2nonc2NC(=O)c2cccc(Cl)c2)cc1OC,IC50,'=',1328.0,nM,5.88,,,UO_0000065,0,CHEMBL3392923,organism-based format,,CHEMBL3392922,17,Medicines for Malaria Venture () Malaria Box,,,"MMV: IC50 determined against P. falciparum Dd2-luc strain using a Malaria Sybr Green I Fluorescence assay. Starting conditions were 1% trophozoite synchronised parasites at 2% haematocrit. Fluorescence detection completed after 48hr incubation at 37 degrees C under 1% O2, 3% CO2 and balance N2.",,,,Dd2-luc,Dd2,,Dd2,5.88
CHEMBL547614,,,349.53,0.0,4.7,20700,CC(=O)Nc1nnc(SCc2c(C)cc(C(C)(C)C)cc2C)s1,IC50,'=',794.2,nM,6.1,,,UO_0000065,0,CHEMBL3392923,organism-based format,,CHEMBL3392922,17,Medicines for Malaria Venture () Malaria Box,,,"MMV: IC50 determined against P. falciparum Dd2-luc strain using a Malaria Sybr Green I Fluorescence assay. Starting conditions were 1% trophozoite synchronised parasites at 2% haematocrit. Fluorescence detection completed after 48hr incubation at 37 degrees C under 1% O2, 3% CO2 and balance N2.",,,,Dd2-luc,Dd2,,Dd2,6.1
CHEMBL533563,,,592.66,2.0,8.2,85583,CCCCCC(=O)N1c2ccccc2NC2=C(C(=O)CC(c3ccc(OC)c(OC)c3)C2)C1c1ccc(C(F)(F)F)cc1,IC50,'=',179.4,nM,6.75,,,UO_0000065,0,CHEMBL3392923,organism-based format,,CHEMBL3392922,17,Medicines for Malaria Venture () Malaria Box,,,"MMV: IC50 determined against P. falciparum Dd2-luc strain using a Malaria Sybr Green I Fluorescence assay. Starting conditions were 1% trophozoite synchronised parasites at 2% haematocrit. Fluorescence detection completed after 48hr incubation at 37 degrees C under 1% O2, 3% CO2 and balance N2.",,,,Dd2-luc,Dd2,,Dd2,6.75
CHEMBL589916,,,310.42,0.0,4.85,142383,CC(C)(C)c1ccc(C(=O)Nc2nc3ccccc3s2)cc1,IC50,'=',4146.0,nM,5.38,,,UO_0000065,0,CHEMBL3392923,organism-based format,,CHEMBL3392922,17,Medicines for Malaria Venture () Malaria Box,,,"MMV: IC50 determined against P. falciparum Dd2-luc strain using a Malaria Sybr Green I Fluorescence assay. Starting conditions were 1% trophozoite synchronised parasites at 2% haematocrit. Fluorescence detection completed after 48hr incubation at 37 degrees C under 1% O2, 3% CO2 and balance N2.",,,,Dd2-luc,Dd2,,Dd2,5.38
CHEMBL523509,,,356.9,1.0,5.07,8c,Cc1cc(CNC(C)(C)C)c(C)n1Nc1ccnc2cc(Cl)ccc12,IC50,'=',48.6,nM,7.31,,,UO_0000065,0,CHEMBL937848,organism-based format,,CHEMBL1155029,1,Scientific Literature,Bioorg Med Chem,,Antimalarial activity against chloroquine-sensitive Plasmodium falciparum D10 as LDH reporter activity,,,,D10,D10,,D10,7.31
CHEMBL5434251,,,471.49,0.0,4.45,10,Cc1ccc2[nH]c(NC3CCN(CCc4ccc(-c5noc(C(F)(F)F)n5)cc4)CC3)nc2n1,IC50,'=',4620.0,nM,5.33,,,UO_0000065,0,CHEMBL5338530,organism-based format,,CHEMBL5335864,1,Scientific Literature,ACS Med Chem Lett,,Antiplasmodial activity against late stage gametocytes Plasmodium falciparum NF54 incubated for 48 hrs by luciferase activity assay,,,,NF54,NF54,,NF54,5.34
CHEMBL530223,,,367.41,0.0,2.53,665878,COc1cccc(NC(=O)[C@H](C(C)C)n2c(=O)[nH]c3ccccc3c2=O)c1,IC50,'=',240.7,nM,6.62,,,UO_0000065,0,CHEMBL3301456,organism-based format,,CHEMBL3301451,17,Medicines for Malaria Venture () Malaria Box,,,MMV: P. falciparum NF54 functionally mature Stage V gametocytes were incubated for 24 hr in the presence of the test compounds. Gamete formation was then triggered by addition of 2uM xantheurenic acid and temperature decrease to ~20C. Male gamete exflagellation was recorded and analysed by automated microscopy after 20 min. All compounds were tested in 4 independent experiments and data presented here is the mean. IC50s determined for selected compounds.,,,,NF54,NF54,,NF54,6.62
CHEMBL485982,ISOPINNATAL,,338.36,0.0,2.47,2,C[C@]12CC[C@@H]3[C@H]1C=C1C(=O)c4cc(O)ccc4C(=O)[C@@]1(O2)[C@]3(C)C=O,IC50,'=',763.0,nM,6.12,,,UO_0000065,0,CHEMBL970001,organism-based format,,CHEMBL1155597,1,Scientific Literature,J Nat Prod,,Antimalarial activity after 48 hrs against chloroquine-sensitive Plasmodium falciparum T9-96 by LDH reporter assay,,,,T9-96,T9/96,,T9/96,6.12
CHEMBL4854616,,,350.22,0.0,4.2,12,CC(C)(C)c1ccc(-c2nnc(C3CC(Br)=NO3)o2)cc1,IC50,'=',10400.0,nM,4.98,,,UO_0000065,0,CHEMBL4840219,organism-based format,,CHEMBL4837267,1,Scientific Literature,ACS Med Chem Lett,,Antimalarial activity against asexual late stage (IV-V) Plasmodium falciparum 3D7 gametocytes expressing CBG99 luciferase infected in human red blood cells assessed as reduction in gametocyte viability measured after 72 hrs by luminescence based assay,,,,3D7,3D7,,3D7,4.98
CHEMBL4238335,,,349.4,0.0,3.86,43,FC(F)(F)c1ccc(-c2cccc(CNCC3CCNCC3)n2)cc1,IC50,'=',4000.0,nM,5.4,,,UO_0000065,0,CHEMBL4231438,organism-based format,,CHEMBL4229360,1,Scientific Literature,Eur J Med Chem,,Gametocytocidal activity against Plasmodium falciparum 3D7 elo1-pfs16-CBG99 late-stage (4 to 5) gametocytes assessed as inhibition of parasite viability after 72 hrs by luciferase reporter assay,,,,3D7,3D7,,3D7,5.4
CHEMBL4245012,,,399.79,0.0,4.92,30,Clc1ccc(-c2ccc(CNCC3CCNCC3)s2)c(Br)c1,IC50,'=',830.0,nM,6.08,,,UO_0000065,0,CHEMBL4231438,organism-based format,,CHEMBL4229360,1,Scientific Literature,Eur J Med Chem,,Gametocytocidal activity against Plasmodium falciparum 3D7 elo1-pfs16-CBG99 late-stage (4 to 5) gametocytes assessed as inhibition of parasite viability after 72 hrs by luciferase reporter assay,,,,3D7,3D7,,3D7,6.08
CHEMBL498621,,,474.0,1.0,5.93,4f,COc1ccc2nccc(NC(c3ccc(Cl)cc3)c3ccc(CN4CCOCC4)cc3)c2c1,IC50,'=',65.0,nM,7.19,,,UO_0000065,0,CHEMBL1012852,organism-based format,,CHEMBL1139381,1,Scientific Literature,J Med Chem,,Antimalarial activity after 72 hrs against chloroquine-resistant Plasmodium falciparum W2 infected human A+ erythrocytes by Makler LDH reporter assay,,,,W2,W2,,W2,7.19
CHEMBL492245,,,452.05,1.0,5.54,8f,Cc1cc(CNC[C@@H]2CCCN3CCCC[C@H]23)c(C)n1Nc1ccnc2cc(Cl)ccc12,IC50,'=',70.7,nM,7.15,,,UO_0000065,0,CHEMBL937848,organism-based format,,CHEMBL1155029,1,Scientific Literature,Bioorg Med Chem,,Antimalarial activity against chloroquine-sensitive Plasmodium falciparum D10 as LDH reporter activity,,,,D10,D10,,D10,7.15
CHEMBL495390,AZELAIC BIS HYDROXAMIC ACID,,218.25,0.0,0.73,ABHA,O=C(CCCCCCCC(=O)NO)NO,IC50,'=',3890.45,nM,5.41,,,UO_0000065,0,CHEMBL969265,organism-based format,,CHEMBL1157182,1,Scientific Literature,Bioorg Med Chem,,Antimalarial activity against chloroquine-resistant Plasmodium falciparum W2 after 48 hrs by LDH reporter assay,,,,W2,W2,,W2,5.41
CHEMBL450960,,,653.05,2.0,10.36,5c,COc1ccc2nc3cc(Cl)ccc3c(NC(c3ccc(Cl)cc3)(c3ccc(Cl)cc3)c3ccc(CN4CCCC4)cc3)c2c1,IC50,'=',143.0,nM,6.84,,,UO_0000065,0,CHEMBL1012851,organism-based format,,CHEMBL1139381,1,Scientific Literature,J Med Chem,,Antimalarial activity after 72 hrs against chloroquine-sensitive Plasmodium falciparum D10 infected human A+ erythrocytes in Makler LDH reporter assay,,,,D10,D10,,D10,6.84
CHEMBL522731,,,495.98,1.0,7.7,4c,FC(F)(F)c1ccc2c(NC(c3ccc(Cl)cc3)c3ccc(CN4CCCC4)cc3)ccnc2c1,IC50,'=',61.0,nM,7.21,,,UO_0000065,0,CHEMBL1012851,organism-based format,,CHEMBL1139381,1,Scientific Literature,J Med Chem,,Antimalarial activity after 72 hrs against chloroquine-sensitive Plasmodium falciparum D10 infected human A+ erythrocytes in Makler LDH reporter assay,,,,D10,D10,,D10,7.21
CHEMBL76,CHLOROQUINE,4.0,319.88,0.0,4.81,chloroquine,CCN(CC)CCCC(C)Nc1ccnc2cc(Cl)ccc12,IC50,'=',20.0,nM,7.7,,,UO_0000065,0,CHEMBL1648554,organism-based format,,CHEMBL1641471,1,Scientific Literature,Bioorg Med Chem Lett,,Antimalarial activity against chloroquine-sensitive Plasmodium falciparum 3D7 ring-stage infected in human erythrocytes after 48 hrs by [3H]hypoxanthine assay,,,,3D7,3D7,,3D7,7.7
CHEMBL493063,,,356.9,1.0,5.02,8a,CCN(CC)Cc1cc(C)n(Nc2ccnc3cc(Cl)ccc23)c1C,IC50,'=',69.0,nM,7.16,,,UO_0000065,0,CHEMBL937848,organism-based format,,CHEMBL1155029,1,Scientific Literature,Bioorg Med Chem,,Antimalarial activity against chloroquine-sensitive Plasmodium falciparum D10 as LDH reporter activity,,,,D10,D10,,D10,7.16
CHEMBL482274,,,469.46,1.0,6.64,7f,Clc1ccc2c(Nc3ccc(CNC[C@@H]4CCCN5CCCC[C@H]45)c(Cl)c3)ccnc2c1,IC50,'=',23.6,nM,7.63,,,UO_0000065,0,CHEMBL937848,organism-based format,,CHEMBL1155029,1,Scientific Literature,Bioorg Med Chem,,Antimalarial activity against chloroquine-sensitive Plasmodium falciparum D10 as LDH reporter activity,,,,D10,D10,,D10,7.63
CHEMBL481934,,,451.01,1.0,5.69,6f,Oc1cc(Nc2ccnc3cc(Cl)ccc23)ccc1CNC[C@@H]1CCCN2CCCC[C@H]12,IC50,'=',8.5,nM,8.07,,,UO_0000065,0,CHEMBL937848,organism-based format,,CHEMBL1155029,1,Scientific Literature,Bioorg Med Chem,,Antimalarial activity against chloroquine-sensitive Plasmodium falciparum D10 as LDH reporter activity,,,,D10,D10,,D10,8.07
CHEMBL496163,,,474.0,1.0,5.93,4j,COc1ccc2nccc(NC(c3ccc(CN4CCOCC4)cc3)c3cccc(Cl)c3)c2c1,IC50,'=',86.0,nM,7.07,,,UO_0000065,0,CHEMBL1012851,organism-based format,,CHEMBL1139381,1,Scientific Literature,J Med Chem,,Antimalarial activity after 72 hrs against chloroquine-sensitive Plasmodium falciparum D10 infected human A+ erythrocytes in Makler LDH reporter assay,,,,D10,D10,,D10,7.07
CHEMBL405110,METHYLENE BLUE ANHYDROUS,4.0,319.86,0.0,2.5,Methylene blue,CN(C)c1ccc2nc3ccc(N(C)C)cc3[s+]c2c1.[Cl-],IC50,'=',30.0,nM,7.52,,,UO_0000065,0,CHEMBL4231438,organism-based format,,CHEMBL4229360,1,Scientific Literature,Eur J Med Chem,,Gametocytocidal activity against Plasmodium falciparum 3D7 elo1-pfs16-CBG99 late-stage (4 to 5) gametocytes assessed as inhibition of parasite viability after 72 hrs by luciferase reporter assay,,,,3D7,3D7,,3D7,7.52
CHEMBL2311802,,,284.29,0.0,1.55,1g,O=C(CCCCCONC(=O)c1ccc(F)cc1)NO,IC50,'=',2000.0,nM,5.7,,,UO_0000065,0,CHEMBL3297427,organism-based format,,CHEMBL3286295,1,Scientific Literature,Eur J Med Chem,,Antimalarial activity against late stage gametocyte stage of Plasmodium falciparum NF54 after 72 hrs,,,,NF54,NF54,,NF54,5.7
CHEMBL469912,PUROMYCIN,2.0,471.52,1.0,-0.79,Puromycin,COc1ccc(C[C@H](N)C(=O)N[C@H]2[C@@H](O)[C@H](n3cnc4c(N(C)C)ncnc43)O[C@@H]2CO)cc1,IC50,'=',194.0,nM,6.71,,,UO_0000065,0,CHEMBL3377850,organism-based format,,CHEMBL3351935,1,Scientific Literature,Bioorg Med Chem Lett,,Antigametocytocidal activity against Plasmodium falciparum NF54-pfs16-GPF late (4 to 6) gametocyte assessed as viability after 72 hrs by MitoTracker Red CM-H2XRos/micro-plate confocal imaging system,,,,NF54,NF54,,NF54,6.71
CHEMBL600235,,,416.29,0.0,4.16,760,Oc1c(CN2CCN(c3ccccc3F)CC2)cc(Br)c2cccnc12,IC50,'=',1900.53,nM,5.72,,,UO_0000065,0,CHEMBL3301557,organism-based format,,CHEMBL3301555,17,Medicines for Malaria Venture () Malaria Box,,,"MMV: Measure of pLDH activity as indication of parasite viability. Gametocytogenesis of 3D7 Plasmodium falciparum strain was induced in vitro and asexual parasites were depleted with N-acetylglucosamine. Gametocytes were treated with dihydroartemisinin, epoxomicin, methylene blue, primaquine, puromycin or chloroquine in 96-well plates and the pLDH activity was evaluated using a modified Makler protocol. Mosquito infectivity was measured by the standard membrane feeding assay. The IC50 value was extrapolated as the concentration that induced a 50% inhibition of gametocyte viability.",,,,3D7,3D7,,3D7,5.72
CHEMBL586031,,,362.43,0.0,3.88,85203,COc1ccccc1NC1=C(N2CCCCC2)C(=O)c2ccccc2C1=O,IC50,'=',235.65,nM,6.63,,,UO_0000065,0,CHEMBL3301557,organism-based format,,CHEMBL3301555,17,Medicines for Malaria Venture () Malaria Box,,,"MMV: Measure of pLDH activity as indication of parasite viability. Gametocytogenesis of 3D7 Plasmodium falciparum strain was induced in vitro and asexual parasites were depleted with N-acetylglucosamine. Gametocytes were treated with dihydroartemisinin, epoxomicin, methylene blue, primaquine, puromycin or chloroquine in 96-well plates and the pLDH activity was evaluated using a modified Makler protocol. Mosquito infectivity was measured by the standard membrane feeding assay. The IC50 value was extrapolated as the concentration that induced a 50% inhibition of gametocyte viability.",,,,3D7,3D7,,3D7,6.63
CHEMBL526813,,,429.55,1.0,5.35,24035,O=C(Nc1ccccc1)c1ccc(-c2cc3ccncc3cc2OC2CCNCC2)s1,IC50,'=',2280.0,nM,5.64,,,UO_0000065,0,CHEMBL3832784,organism-based format,,CHEMBL3832761,34,Medicines for Malaria Venture () Pathogen Box,,,Antimalarial activity: Gametocytes Plasmodium falciparum NF54 Gametocytes Stage V IC50 (uM),,,,NF54,NF54,,NF54,5.64
CHEMBL546799,,,726.97,2.0,5.87,19881,O=C(NC1CCN(Cc2ccccc2)CC1)c1cc(C(=O)NC2CCN(Cc3ccccc3)CC2)cc(C(=O)NC2CCN(Cc3ccccc3)CC2)c1,IC50,'=',287.65,nM,6.54,,,UO_0000065,0,CHEMBL3301557,organism-based format,,CHEMBL3301555,17,Medicines for Malaria Venture () Malaria Box,,,"MMV: Measure of pLDH activity as indication of parasite viability. Gametocytogenesis of 3D7 Plasmodium falciparum strain was induced in vitro and asexual parasites were depleted with N-acetylglucosamine. Gametocytes were treated with dihydroartemisinin, epoxomicin, methylene blue, primaquine, puromycin or chloroquine in 96-well plates and the pLDH activity was evaluated using a modified Makler protocol. Mosquito infectivity was measured by the standard membrane feeding assay. The IC50 value was extrapolated as the concentration that induced a 50% inhibition of gametocyte viability.",,,,3D7,3D7,,3D7,6.54
CHEMBL590680,,,254.33,0.0,3.28,666075,COc1ccc(C2N(C)c3ccccc3N2C)cc1,IC50,'=',1100.0,nM,5.96,,,UO_0000065,0,CHEMBL3392923,organism-based format,,CHEMBL3392922,17,Medicines for Malaria Venture () Malaria Box,,,"MMV: IC50 determined against P. falciparum Dd2-luc strain using a Malaria Sybr Green I Fluorescence assay. Starting conditions were 1% trophozoite synchronised parasites at 2% haematocrit. Fluorescence detection completed after 48hr incubation at 37 degrees C under 1% O2, 3% CO2 and balance N2.",,,,Dd2-luc,Dd2,,Dd2,5.96
CHEMBL601580,,,371.46,1.0,5.95,563,COc1ccc(C2Sc3ccccc3N=C3C2=C(O)c2ccccc23)cc1,IC50,'=',723.0,nM,6.14,,,UO_0000065,0,CHEMBL3392923,organism-based format,,CHEMBL3392922,17,Medicines for Malaria Venture () Malaria Box,,,"MMV: IC50 determined against P. falciparum Dd2-luc strain using a Malaria Sybr Green I Fluorescence assay. Starting conditions were 1% trophozoite synchronised parasites at 2% haematocrit. Fluorescence detection completed after 48hr incubation at 37 degrees C under 1% O2, 3% CO2 and balance N2.",,,,Dd2-luc,Dd2,,Dd2,6.14
CHEMBL591641,,,380.36,0.0,4.82,620,CC(O)(c1ccc(Cl)cc1)C(CN1CCCCC1)c1ccccc1.Cl,IC50,'=',314.4,nM,6.5,,,UO_0000065,0,CHEMBL3392923,organism-based format,,CHEMBL3392922,17,Medicines for Malaria Venture () Malaria Box,,,"MMV: IC50 determined against P. falciparum Dd2-luc strain using a Malaria Sybr Green I Fluorescence assay. Starting conditions were 1% trophozoite synchronised parasites at 2% haematocrit. Fluorescence detection completed after 48hr incubation at 37 degrees C under 1% O2, 3% CO2 and balance N2.",,,,Dd2-luc,Dd2,,Dd2,6.5
CHEMBL3039527,QUISINOSTAT HYDROCHLORIDE,-1.0,430.94,0.0,2.09,1,Cl.Cn1cc(CNCC2CCN(c3ncc(C(=O)NO)cn3)CC2)c2ccccc21,IC50,'=',2.2,nM,8.66,,,UO_0000065,0,CHEMBL4714006,organism-based format,,CHEMBL4706683,1,Scientific Literature,J Med Chem,,Antimalarial activity against synchronized schizont stage transgenic Plasmodium falciparum 3D7 with C-terminal glmS-fused HDAC1 knockdown assessed as parasite growth inhibition pretreated with glucosamine followed by compound treatment and incubated for 4 hrs followed by compound washout for thrice and subsequent culturing for 68 hrs by SYBR Green 1 staining based analysis,,,,3D7,3D7,,3D7,8.66
CHEMBL600235,,,416.29,0.0,4.16,760,Oc1c(CN2CCN(c3ccccc3F)CC2)cc(Br)c2cccnc12,IC50,'=',1345.0,nM,5.87,,,UO_0000065,0,CHEMBL3392923,organism-based format,,CHEMBL3392922,17,Medicines for Malaria Venture () Malaria Box,,,"MMV: IC50 determined against P. falciparum Dd2-luc strain using a Malaria Sybr Green I Fluorescence assay. Starting conditions were 1% trophozoite synchronised parasites at 2% haematocrit. Fluorescence detection completed after 48hr incubation at 37 degrees C under 1% O2, 3% CO2 and balance N2.",,,,Dd2-luc,Dd2,,Dd2,5.87
CHEMBL600374,,,366.89,0.0,3.95,839,Cl.OC(CNCc1ccccc1)Cn1c2ccccc2c2ccccc21,IC50,'=',1096.0,nM,5.96,,,UO_0000065,0,CHEMBL3392923,organism-based format,,CHEMBL3392922,17,Medicines for Malaria Venture () Malaria Box,,,"MMV: IC50 determined against P. falciparum Dd2-luc strain using a Malaria Sybr Green I Fluorescence assay. Starting conditions were 1% trophozoite synchronised parasites at 2% haematocrit. Fluorescence detection completed after 48hr incubation at 37 degrees C under 1% O2, 3% CO2 and balance N2.",,,,Dd2-luc,Dd2,,Dd2,5.96
CHEMBL459199,,,325.59,0.0,4.75,1318,O=C(Nc1ccc(Br)cc1)Nc1cccc(Cl)c1,IC50,'=',3587.0,nM,5.45,,,UO_0000065,0,CHEMBL3392923,organism-based format,,CHEMBL3392922,17,Medicines for Malaria Venture () Malaria Box,,,"MMV: IC50 determined against P. falciparum Dd2-luc strain using a Malaria Sybr Green I Fluorescence assay. Starting conditions were 1% trophozoite synchronised parasites at 2% haematocrit. Fluorescence detection completed after 48hr incubation at 37 degrees C under 1% O2, 3% CO2 and balance N2.",,,,Dd2-luc,Dd2,,Dd2,5.45
CHEMBL584240,,,347.84,0.0,4.08,478,CCOc1cc2c(cc1OCC)C(c1cc(Cl)ccc1O)NCC2,IC50,'=',1699.0,nM,5.77,,,UO_0000065,0,CHEMBL3392923,organism-based format,,CHEMBL3392922,17,Medicines for Malaria Venture () Malaria Box,,,"MMV: IC50 determined against P. falciparum Dd2-luc strain using a Malaria Sybr Green I Fluorescence assay. Starting conditions were 1% trophozoite synchronised parasites at 2% haematocrit. Fluorescence detection completed after 48hr incubation at 37 degrees C under 1% O2, 3% CO2 and balance N2.",,,,Dd2-luc,Dd2,,Dd2,5.77
CHEMBL590201,,,391.9,0.0,4.48,481,CCOc1cc2c(cc1OCC)C(c1cc(Cl)c(O)c(OCC)c1)NCC2,IC50,'=',1607.0,nM,5.79,,,UO_0000065,0,CHEMBL3392923,organism-based format,,CHEMBL3392922,17,Medicines for Malaria Venture () Malaria Box,,,"MMV: IC50 determined against P. falciparum Dd2-luc strain using a Malaria Sybr Green I Fluorescence assay. Starting conditions were 1% trophozoite synchronised parasites at 2% haematocrit. Fluorescence detection completed after 48hr incubation at 37 degrees C under 1% O2, 3% CO2 and balance N2.",,,,Dd2-luc,Dd2,,Dd2,5.79
CHEMBL1593717,,,306.29,0.0,0.64,SID11113726,NC(=O)CCCCn1ccc(/N=C(\N)NCC(F)(F)F)n1,IC50,'=',18000.0,nM,4.75,,,UO_0000065,0,CHEMBL1678152,organism-based format,,CHEMBL1671701,1,Scientific Literature,Antimicrob Agents Chemother,,Antiplasmodial activity against Plasmodium falciparum 3D7 infected in RBCs by firefly luciferase reporter gene assay,,,,3D7,3D7,,3D7,4.74
CHEMBL530978,,,328.17,0.0,4.12,666599,O=c1nc(C=Cc2ccc(Br)cc2)oc2ccccc12,IC50,'=',5930.0,nM,5.23,,,UO_0000065,0,CHEMBL3392923,organism-based format,,CHEMBL3392922,17,Medicines for Malaria Venture () Malaria Box,,,"MMV: IC50 determined against P. falciparum Dd2-luc strain using a Malaria Sybr Green I Fluorescence assay. Starting conditions were 1% trophozoite synchronised parasites at 2% haematocrit. Fluorescence detection completed after 48hr incubation at 37 degrees C under 1% O2, 3% CO2 and balance N2.",,,,Dd2-luc,Dd2,,Dd2,5.23
CHEMBL4846075,,,486.51,1.0,6.53,37,CCN(CC)Cc1cc(F)cc(Nc2nc3ccccc3n2Cc2ccc(C(F)(F)F)cc2)c1O,IC50,'=',97.0,nM,7.01,,,UO_0000065,0,CHEMBL4835672,organism-based format,,CHEMBL4834426,1,Scientific Literature,J Med Chem,,Antiplasmodial activity against asexual stage (I/III) Plasmodium falciparum NF54 early gametocytes transfected with GFP-Luc assessed as inhibition of exflagellation of male gametes incubated for 48 hrs by microscopy based luciferase reporter gene assay relative to control,,,,NF54,NF54,,NF54,7.01
CHEMBL479289,,,378.42,1.0,5.27,1,CC(C)=CCCC1(C)C=Cc2c(cc(O)c3c(=O)c4cccc(O)c4oc23)O1,IC50,'=',52000.0,nM,4.28,,,UO_0000065,0,CHEMBL980501,organism-based format,,CHEMBL1157289,1,Scientific Literature,J Nat Prod,,Antiplasmodial activity against chloroquine-sensitive Plasmodium falciparum Ghana by LDH reporter assay,,,,Ghana,GHA,,GHA,4.28
CHEMBL482023,,,380.44,1.0,5.3,2,CC(C)=CCC/C(C)=C/Cc1c(O)cc(O)c2c(=O)c3cccc(O)c3oc12,IC50,'=',59000.0,nM,4.23,,,UO_0000065,0,CHEMBL980501,organism-based format,,CHEMBL1157289,1,Scientific Literature,J Nat Prod,,Antiplasmodial activity against chloroquine-sensitive Plasmodium falciparum Ghana by LDH reporter assay,,,,Ghana,GHA,,GHA,4.23
CHEMBL1782162,,,416.72,0.0,3.24,16.5,Cl.NC1=NC(c2ccc(F)cc2)NC(NCCc2ccc(Cl)c(Cl)c2)=N1,IC50,'=',8410.0,nM,5.08,,,UO_0000065,0,CHEMBL1785111,cell-based format,,CHEMBL1781907,1,Scientific Literature,Eur J Med Chem,,Antimalarial activity against chloroquine and cycloguanil-resistant Plasmodium falciparum FCR-3/Gambia ring stage infected in human red blood cells assessed as inhibition of [3H]-hypoxanthine incorporation incubated 24 hrs before addition of [3H]-hypoxanthine measured after 24 hrs,,,,FCR-3,FcR3,,FcR3,5.08
CHEMBL1782164,,,394.31,0.0,2.67,16.7,Cl.NC1=NC(c2ccccc2)NC(NCCCOc2ccc(Cl)cc2)=N1,IC50,'=',7110.0,nM,5.15,,,UO_0000065,0,CHEMBL1785111,cell-based format,,CHEMBL1781907,1,Scientific Literature,Eur J Med Chem,,Antimalarial activity against chloroquine and cycloguanil-resistant Plasmodium falciparum FCR-3/Gambia ring stage infected in human red blood cells assessed as inhibition of [3H]-hypoxanthine incorporation incubated 24 hrs before addition of [3H]-hypoxanthine measured after 24 hrs,,,,FCR-3,FcR3,,FcR3,5.15
CHEMBL1782197,,,400.35,0.0,2.88,16.13,Cl.NC1=NC(C2CCCCC2)NC(NCCCOc2ccc(Cl)cc2)=N1,IC50,'=',4590.0,nM,5.34,,,UO_0000065,0,CHEMBL1785111,cell-based format,,CHEMBL1781907,1,Scientific Literature,Eur J Med Chem,,Antimalarial activity against chloroquine and cycloguanil-resistant Plasmodium falciparum FCR-3/Gambia ring stage infected in human red blood cells assessed as inhibition of [3H]-hypoxanthine incorporation incubated 24 hrs before addition of [3H]-hypoxanthine measured after 24 hrs,,,,FCR-3,FcR3,,FcR3,5.34
CHEMBL4853871,,,540.69,1.0,4.39,46,O=C(c1ccc(CCN2CCC(Nc3nc4ccccc4n3Cc3ccc(F)cc3)CC2)cc1)N1CCNCC1,IC50,'=',600.0,nM,6.22,,,UO_0000065,0,CHEMBL4839286,organism-based format,,CHEMBL4837244,1,Scientific Literature,ACS Med Chem Lett,,Gametocytocidal activity against late stage (IV/V) plasmodium falciparum NF54 gametocytes transfected with GFP-Luc assessed as transmission blocking incubated for 48 hrs by ATP bioluminescence assay,,,,NF54,NF54,,NF54,6.22
CHEMBL533598,,,487.77,1.0,6.43,666054,COc1ccc(C(=O)NC(c2ccc(Cl)cc2Cl)c2cc(Cl)c3cccnc3c2O)cc1,IC50,'=',3805.43,nM,5.42,,,UO_0000065,0,CHEMBL3301557,organism-based format,,CHEMBL3301555,17,Medicines for Malaria Venture () Malaria Box,,,"MMV: Measure of pLDH activity as indication of parasite viability. Gametocytogenesis of 3D7 Plasmodium falciparum strain was induced in vitro and asexual parasites were depleted with N-acetylglucosamine. Gametocytes were treated with dihydroartemisinin, epoxomicin, methylene blue, primaquine, puromycin or chloroquine in 96-well plates and the pLDH activity was evaluated using a modified Makler protocol. Mosquito infectivity was measured by the standard membrane feeding assay. The IC50 value was extrapolated as the concentration that induced a 50% inhibition of gametocyte viability.",,,,3D7,3D7,,3D7,5.42
CHEMBL585966,,,394.43,0.0,3.54,666687,COc1cc(C(=O)ON=C(N)Cc2cccc3ccccc23)cc(OC)c1OC,IC50,'=',4037.43,nM,5.39,,,UO_0000065,0,CHEMBL3301557,organism-based format,,CHEMBL3301555,17,Medicines for Malaria Venture () Malaria Box,,,"MMV: Measure of pLDH activity as indication of parasite viability. Gametocytogenesis of 3D7 Plasmodium falciparum strain was induced in vitro and asexual parasites were depleted with N-acetylglucosamine. Gametocytes were treated with dihydroartemisinin, epoxomicin, methylene blue, primaquine, puromycin or chloroquine in 96-well plates and the pLDH activity was evaluated using a modified Makler protocol. Mosquito infectivity was measured by the standard membrane feeding assay. The IC50 value was extrapolated as the concentration that induced a 50% inhibition of gametocyte viability.",,,,3D7,3D7,,3D7,5.39
CHEMBL588481,,,574.24,2.0,5.29,665882,OC(CNC1CCCCC1)Cn1c2ccc(I)cc2c2cc(I)ccc21,IC50,'=',757.65,nM,6.12,,,UO_0000065,0,CHEMBL3301557,organism-based format,,CHEMBL3301555,17,Medicines for Malaria Venture () Malaria Box,,,"MMV: Measure of pLDH activity as indication of parasite viability. Gametocytogenesis of 3D7 Plasmodium falciparum strain was induced in vitro and asexual parasites were depleted with N-acetylglucosamine. Gametocytes were treated with dihydroartemisinin, epoxomicin, methylene blue, primaquine, puromycin or chloroquine in 96-well plates and the pLDH activity was evaluated using a modified Makler protocol. Mosquito infectivity was measured by the standard membrane feeding assay. The IC50 value was extrapolated as the concentration that induced a 50% inhibition of gametocyte viability.",,,,3D7,3D7,,3D7,6.12
CHEMBL583555,,,287.37,0.0,4.44,666079,Cc1ccc2cc3c(N)c4c(C)ccc(C)c4nc3nc2c1,IC50,'=',2716.95,nM,5.57,,,UO_0000065,0,CHEMBL3301557,organism-based format,,CHEMBL3301555,17,Medicines for Malaria Venture () Malaria Box,,,"MMV: Measure of pLDH activity as indication of parasite viability. Gametocytogenesis of 3D7 Plasmodium falciparum strain was induced in vitro and asexual parasites were depleted with N-acetylglucosamine. Gametocytes were treated with dihydroartemisinin, epoxomicin, methylene blue, primaquine, puromycin or chloroquine in 96-well plates and the pLDH activity was evaluated using a modified Makler protocol. Mosquito infectivity was measured by the standard membrane feeding assay. The IC50 value was extrapolated as the concentration that induced a 50% inhibition of gametocyte viability.",,,,3D7,3D7,,3D7,5.57
CHEMBL495959,,,478.42,1.0,6.58,4i,Clc1cccc(C(Nc2ccnc3cc(Cl)ccc23)c2ccc(CN3CCOCC3)cc2)c1,IC50,'=',142.0,nM,6.85,,,UO_0000065,0,CHEMBL1012851,organism-based format,,CHEMBL1139381,1,Scientific Literature,J Med Chem,,Antimalarial activity after 72 hrs against chloroquine-sensitive Plasmodium falciparum D10 infected human A+ erythrocytes in Makler LDH reporter assay,,,,D10,D10,,D10,6.85
CHEMBL493064,,,354.89,0.0,4.78,8b,Cc1cc(CN2CCCC2)c(C)n1Nc1ccnc2cc(Cl)ccc12,IC50,'=',80.7,nM,7.09,,,UO_0000065,0,CHEMBL937848,organism-based format,,CHEMBL1155029,1,Scientific Literature,Bioorg Med Chem,,Antimalarial activity against chloroquine-sensitive Plasmodium falciparum D10 as LDH reporter activity,,,,D10,D10,,D10,7.09
CHEMBL495824,,,351.42,0.0,4.1,3g,OC[C@H](Oc1ccccc1)[C@@H](NCc1ccccc1)c1ccccc1F,IC50,'=',25130.0,nM,4.6,,,UO_0000065,0,CHEMBL1004946,organism-based format,,CHEMBL1136969,1,Scientific Literature,J Med Chem,,Antiplasmodial activity after 48 hrs against chloroquine-sensitive Plasmodium falciparum D10 infected human erythrocytes by LDH reporter assay,,,,D10,D10,,D10,4.6
CHEMBL479200,,,503.56,3.0,2.19,NA58,OC[C@H]1O[C@@H](n2cnc3c(Nc4ccccc4)nc(NCCC4CNc5ccccc54)nc32)[C@H](O)[C@@H]1O,IC50,'=',5550.0,nM,5.26,,,UO_0000065,0,CHEMBL941604,organism-based format,,CHEMBL1137633,1,Scientific Literature,Antimicrob Agents Chemother,,Antiplasmodial activity against chloroquine and pyrimethamine-resistant Plasmodium falciparum K1 infected mice (Mus musculus) macrophage by reporter dye assay,,,,K1,K1,,K1,5.26
CHEMBL4081080,,,489.42,1.0,6.24,33,N/C(CC(O)c1cc2c(F)cc(F)cc2c2cc(C(F)(F)F)ccc12)=N\N=C\c1ccc(F)cc1,IC50,'=',66.0,nM,7.18,,,UO_0000065,0,CHEMBL4013660,assay format,,CHEMBL4011644,1,Scientific Literature,J Med Chem,,Gametocytocidal activity against transgenic GFP-fused Plasmodium falciparum NF54 ring stage gametocytes after 72 hrs by Mitotracker Red CMH2XRos staining based confocal microscopic method,,,,NF54,NF54,,NF54,7.18
CHEMBL4224867,,,481.55,1.0,5.34,C-12,CCN(CC)c1ccc2cc(C3=NN(C(=O)c4ccccc4)C(c4ccc(O)cc4)C3)c(=O)oc2c1,IC50,'=',26700.0,nM,4.57,,,UO_0000065,0,CHEMBL4223066,cell-based format,,CHEMBL4219189,1,Scientific Literature,Bioorg Med Chem Lett,,Inhibition of chloroquine resistant Plasmodium falciparum RKL9 schizont stage infected in human erythrocytes assessed as reduction in bacterial growth after 24 hrs by Giemsa staining based assay,,,,RKL9,RKL9,,RKL9,4.57
CHEMBL1642465,PSAMMAPLYSIN H,,889.15,1.0,4.35,1,COC1C(Br)=CO[C@@]2(C=C1Br)ON=C(C(=O)NCCCOc1c(Br)cc(CC[N+](C)(C)C)cc1Br)[C@@H]2O.O=C([O-])C(F)(F)F,IC50,'=',410.0,nM,6.39,,,UO_0000065,0,CHEMBL1648554,organism-based format,,CHEMBL1641471,1,Scientific Literature,Bioorg Med Chem Lett,,Antimalarial activity against chloroquine-sensitive Plasmodium falciparum 3D7 ring-stage infected in human erythrocytes after 48 hrs by [3H]hypoxanthine assay,,,,3D7,3D7,,3D7,6.39
CHEMBL1642466,PSAMMAPLYSINS G,,790.1,1.0,3.65,2,COC1C(Br)=CO[C@@]2(C=C1Br)ON=C(C(=O)NCCCOc1c(Br)cc(CCN(C)C(N)=O)cc1Br)[C@@H]2O,IC50,'=',5220.0,nM,5.28,,,UO_0000065,0,CHEMBL1648554,organism-based format,,CHEMBL1641471,1,Scientific Literature,Bioorg Med Chem Lett,,Antimalarial activity against chloroquine-sensitive Plasmodium falciparum 3D7 ring-stage infected in human erythrocytes after 48 hrs by [3H]hypoxanthine assay,,,,3D7,3D7,,3D7,5.28
CHEMBL1673240,,,385.1,0.0,4.6,1,CN(CCc1ccccc1)c1cc(Br)cc(Br)c1O,IC50,'=',36.0,nM,7.44,,,UO_0000065,0,CHEMBL1678152,organism-based format,,CHEMBL1671701,1,Scientific Literature,Antimicrob Agents Chemother,,Antiplasmodial activity against Plasmodium falciparum 3D7 infected in RBCs by firefly luciferase reporter gene assay,,,,3D7,3D7,,3D7,7.44
CHEMBL1673243,,,239.75,0.0,3.82,4,Oc1c(Cl)cccc1N1CCCCCCC1,IC50,'=',180.0,nM,6.75,,,UO_0000065,0,CHEMBL1678152,organism-based format,,CHEMBL1671701,1,Scientific Literature,Antimicrob Agents Chemother,,Antiplasmodial activity against Plasmodium falciparum 3D7 infected in RBCs by firefly luciferase reporter gene assay,,,,3D7,3D7,,3D7,6.74
CHEMBL1673258,,,314.86,0.0,4.46,21,Clc1cccc(NC2CCN(CCc3ccccc3)CC2)c1,IC50,'=',520.0,nM,6.28,,,UO_0000065,0,CHEMBL1678152,organism-based format,,CHEMBL1671701,1,Scientific Literature,Antimicrob Agents Chemother,,Antiplasmodial activity against Plasmodium falciparum 3D7 infected in RBCs by firefly luciferase reporter gene assay,,,,3D7,3D7,,3D7,6.28
CHEMBL556552,,,615.74,2.0,7.07,36,Cl.Cl.N=C(NC1CCCCCCC1)c1ccc(N2CCN(c3ccc(C(=N)NC4CCCCCCC4)cc3)CC2)cc1,IC50,'=',55.0,nM,7.26,,,UO_0000065,0,CHEMBL926257,organism-based format,,CHEMBL1140635,1,Scientific Literature,Bioorg Med Chem,,Antiplasmodial activity against chloroquine-sensitive Plasmodium falciparum D6 by LDH reporter assay,,,,D6,D6,,D6,7.26
CHEMBL535412,,,521.58,0.0,4.83,18,CCCCNC(=N)c1ccc(N2CCCN(c3ccc(C(=N)NCCCC)cc3)CC2)cc1.Cl.Cl,IC50,'=',18.0,nM,7.75,,,UO_0000065,0,CHEMBL926257,organism-based format,,CHEMBL1140635,1,Scientific Literature,Bioorg Med Chem,,Antiplasmodial activity against chloroquine-sensitive Plasmodium falciparum D6 by LDH reporter assay,,,,D6,D6,,D6,7.74
CHEMBL498011,,,458.01,1.0,6.69,4b,COc1ccc2nccc(NC(c3ccc(Cl)cc3)c3ccc(CN4CCCC4)cc3)c2c1,IC50,'=',57.0,nM,7.24,,,UO_0000065,0,CHEMBL1012851,organism-based format,,CHEMBL1139381,1,Scientific Literature,J Med Chem,,Antimalarial activity after 72 hrs against chloroquine-sensitive Plasmodium falciparum D10 infected human A+ erythrocytes in Makler LDH reporter assay,,,,D10,D10,,D10,7.24
CHEMBL498010,,,462.42,1.0,7.34,4a,Clc1ccc(C(Nc2ccnc3cc(Cl)ccc23)c2ccc(CN3CCCC3)cc2)cc1,IC50,'=',46.0,nM,7.34,,,UO_0000065,0,CHEMBL1012851,organism-based format,,CHEMBL1139381,1,Scientific Literature,J Med Chem,,Antimalarial activity after 72 hrs against chloroquine-sensitive Plasmodium falciparum D10 infected human A+ erythrocytes in Makler LDH reporter assay,,,,D10,D10,,D10,7.34
CHEMBL496768,,,478.42,1.0,6.58,4e,Clc1ccc(C(Nc2ccnc3cc(Cl)ccc23)c2ccc(CN3CCOCC3)cc2)cc1,IC50,'=',84.0,nM,7.08,,,UO_0000065,0,CHEMBL1012852,organism-based format,,CHEMBL1139381,1,Scientific Literature,J Med Chem,,Antimalarial activity after 72 hrs against chloroquine-resistant Plasmodium falciparum W2 infected human A+ erythrocytes by Makler LDH reporter assay,,,,W2,W2,,W2,7.08
CHEMBL524091,,,511.98,2.0,6.94,4k,FC(F)(F)c1ccc2c(NC(c3ccc(CN4CCOCC4)cc3)c3cccc(Cl)c3)ccnc2c1,IC50,'=',304.0,nM,6.52,,,UO_0000065,0,CHEMBL1012852,organism-based format,,CHEMBL1139381,1,Scientific Literature,J Med Chem,,Antimalarial activity after 72 hrs against chloroquine-resistant Plasmodium falciparum W2 infected human A+ erythrocytes by Makler LDH reporter assay,,,,W2,W2,,W2,6.52
CHEMBL499310,,,572.97,2.0,9.19,5b,Clc1ccc(C(Nc2ccnc3cc(Cl)ccc23)(c2ccc(Cl)cc2)c2ccc(CN3CCCC3)cc2)cc1,IC50,'=',56.0,nM,7.25,,,UO_0000065,0,CHEMBL1012852,organism-based format,,CHEMBL1139381,1,Scientific Literature,J Med Chem,,Antimalarial activity after 72 hrs against chloroquine-resistant Plasmodium falciparum W2 infected human A+ erythrocytes by Makler LDH reporter assay,,,,W2,W2,,W2,7.25
CHEMBL469912,PUROMYCIN,2.0,471.52,1.0,-0.79,Puromycin,COc1ccc(C[C@H](N)C(=O)N[C@H]2[C@@H](O)[C@H](n3cnc4c(N(C)C)ncnc43)O[C@@H]2CO)cc1,IC50,'=',175.0,nM,6.76,,,UO_0000065,0,CHEMBL3376037,organism-based format,,CHEMBL3351935,1,Scientific Literature,Bioorg Med Chem Lett,,Antigametocytocidal activity against Plasmodium falciparum NF54-pfs16-GPF early (1 to 3) gametocyte assessed as viability after 72 hrs by MitoTracker Red CM-H2XRos/micro-plate confocal imaging system,,,,NF54,NF54,,NF54,6.76
CHEMBL518446,,,426.48,0.0,1.54,NA57,OC[C@H]1O[C@@H](n2cnc3c(Nc4ccccc4)nc(NC4CCCC4)nc32)[C@H](O)[C@@H]1O,IC50,'=',6060.0,nM,5.22,,,UO_0000065,0,CHEMBL941604,organism-based format,,CHEMBL1137633,1,Scientific Literature,Antimicrob Agents Chemother,,Antiplasmodial activity against chloroquine and pyrimethamine-resistant Plasmodium falciparum K1 infected mice (Mus musculus) macrophage by reporter dye assay,,,,K1,K1,,K1,5.22
CHEMBL4747987,,,550.7,2.0,5.86,1c,C=CC(=O)Nc1ccccc1[C@@H](CCc1ccc(OC)c(OC)c1)OC(=O)[C@@H]1CCCCN1C(=O)C(C)(C)CC,IC50,'=',1900.0,nM,5.72,,,UO_0000065,0,CHEMBL4731329,organism-based format,,CHEMBL4725452,1,Scientific Literature,ACS Med Chem Lett,,Antiplasmodial activity against Plasmodium falciparum NF54 assessed as growth inhibition incubated for 72 hrs by renilla luciferase reporter gene assay,,,,NF54,NF54,,NF54,5.72
CHEMBL515026,,,432.53,0.0,1.54,NA120,OC[C@H]1O[C@@H](n2cnc3c(NC4CCCC4)nc(NC4CCCCC4)nc32)[C@H](O)[C@@H]1O,IC50,'=',9050.0,nM,5.04,,,UO_0000065,0,CHEMBL941604,organism-based format,,CHEMBL1137633,1,Scientific Literature,Antimicrob Agents Chemother,,Antiplasmodial activity against chloroquine and pyrimethamine-resistant Plasmodium falciparum K1 infected mice (Mus musculus) macrophage by reporter dye assay,,,,K1,K1,,K1,5.04
CHEMBL481121,,,436.99,1.0,5.45,6e,Oc1cc(Nc2ccnc3cc(Cl)ccc23)ccc1CNCCC12CCCN1CCC2,IC50,'=',90.3,nM,7.04,,,UO_0000065,0,CHEMBL937848,organism-based format,,CHEMBL1155029,1,Scientific Literature,Bioorg Med Chem,,Antimalarial activity against chloroquine-sensitive Plasmodium falciparum D10 as LDH reporter activity,,,,D10,D10,,D10,7.04
CHEMBL498035,,,263.38,0.0,3.14,4e,CO[C@@H]1COCN(C(C)(C)C)[C@@H]1c1ccc(C)cc1,IC50,'=',121460.0,nM,,Outside typical range,,UO_0000065,0,CHEMBL1004946,organism-based format,,CHEMBL1136969,1,Scientific Literature,J Med Chem,,Antiplasmodial activity after 48 hrs against chloroquine-sensitive Plasmodium falciparum D10 infected human erythrocytes by LDH reporter assay,,,,D10,D10,,D10,3.92
CHEMBL477288,,,492.54,1.0,1.81,NA59,OC[C@H]1O[C@@H](n2cnc3c(Nc4ccccc4)nc(NCCOCc4ccccc4)nc32)[C@H](O)[C@@H]1O,IC50,'=',7380.0,nM,5.13,,,UO_0000065,0,CHEMBL941604,organism-based format,,CHEMBL1137633,1,Scientific Literature,Antimicrob Agents Chemother,,Antiplasmodial activity against chloroquine and pyrimethamine-resistant Plasmodium falciparum K1 infected mice (Mus musculus) macrophage by reporter dye assay,,,,K1,K1,,K1,5.13
CHEMBL241638,,,442.48,1.0,5.08,14,O=[N+]([O-])c1ccc(-n2nc(-c3ccc(Oc4ccccc4)cc3)cc2N2CCOCC2)cc1,IC50,'=',3700.0,nM,5.43,,,UO_0000065,0,CHEMBL901502,organism-based format,L6,CHEMBL1138251,1,Scientific Literature,J Med Chem,CHEMBL3308469,"Antiparasitic activity against chloroquine, pyrimethamine-resistant Plasmodium falciparum K1 erythrocyte stage infected rat L6 cells",,,,K1,K1,,K1,5.43
CHEMBL518756,,,446.55,0.0,1.93,NA123,OC[C@H]1O[C@@H](n2cnc3c(NC4CCCCC4)nc(NC4CCCCC4)nc32)[C@H](O)[C@@H]1O,IC50,'=',9620.0,nM,5.02,,,UO_0000065,0,CHEMBL941604,organism-based format,,CHEMBL1137633,1,Scientific Literature,Antimicrob Agents Chemother,,Antiplasmodial activity against chloroquine and pyrimethamine-resistant Plasmodium falciparum K1 infected mice (Mus musculus) macrophage by reporter dye assay,,,,K1,K1,,K1,5.02
CHEMBL495958,,,458.01,1.0,6.69,4h,COc1ccc2nccc(NC(c3ccc(CN4CCCC4)cc3)c3cccc(Cl)c3)c2c1,IC50,'=',40.0,nM,7.4,,,UO_0000065,0,CHEMBL1012851,organism-based format,,CHEMBL1139381,1,Scientific Literature,J Med Chem,,Antimalarial activity after 72 hrs against chloroquine-sensitive Plasmodium falciparum D10 infected human A+ erythrocytes in Makler LDH reporter assay,,,,D10,D10,,D10,7.4
CHEMBL455629,TECLEANTHINE,,313.31,0.0,2.44,4,COc1c2c(cc3c1c(=O)c1cccc(OC)c1n3C)OCO2,IC50,'=',23200.0,nM,4.63,,,UO_0000065,0,CHEMBL1003847,organism-based format,,CHEMBL1150107,1,Scientific Literature,J Nat Prod,,Antiplasmodial activity against chloroquine-sensitive Plasmodium falciparum HB3 after 48 hrs by LDH reporter activity,,,,HB3,HB3,,HB3,4.63
CHEMBL35228,PYRONARIDINE,3.0,518.06,2.0,6.09,pyronaridine,COc1ccc2nc3cc(Cl)ccc3c(Nc3cc(CN4CCCC4)c(O)c(CN4CCCC4)c3)c2n1,IC50,'=',20.0,nM,7.7,,,UO_0000065,0,CHEMBL2184949,organism-based format,,CHEMBL2177023,1,Scientific Literature,J Med Chem,,Antimalarial activity against Plasmodium falciparum KT3 gametocytes,,,,KT3,KT3,,KT3,7.7
CHEMBL290441,,,327.43,1.0,5.19,4,CN(C)Cc1ccc(Nc2c3ccccc3nc3ccccc23)cc1,IC50,'=',600.0,nM,6.22,,,UO_0000065,0,CHEMBL2184949,organism-based format,,CHEMBL2177023,1,Scientific Literature,J Med Chem,,Antimalarial activity against Plasmodium falciparum KT3 gametocytes,,,,KT3,KT3,,KT3,6.22
CHEMBL1083769,,,337.81,0.0,3.55,NITD678,C[C@H]1Cc2c([nH]c3ccccc23)[C@@]2(N1)C(=O)Nc1ccc(Cl)cc12,IC50,'=',68.74,nM,7.16,,,UO_0000065,0,CHEMBL1248672,organism-based format,,CHEMBL1240532,1,Scientific Literature,Science,,Antimalarial activity against Plasmodium falciparum Dd2 containing attB site inserted in parasite genome and using EF1-alpha promoter driven expressing ATP4 I398F/P990R mutant after 72 hrs by SYBR green based fluorescence assay,,,,Dd2,Dd2,,Dd2,7.16
CHEMBL1083769,,,337.81,0.0,3.55,NITD678,C[C@H]1Cc2c([nH]c3ccccc23)[C@@]2(N1)C(=O)Nc1ccc(Cl)cc12,IC50,'=',81.02,nM,7.09,,,UO_0000065,0,CHEMBL1248673,organism-based format,,CHEMBL1240532,1,Scientific Literature,Science,,Antimalarial activity against Plasmodium falciparum Dd2 containing attB site inserted in parasite genome and using CAM promoter driven expressing ATP4 D1247Y mutant after 72 hrs by SYBR green based fluorescence assay,,,,Dd2,Dd2,,Dd2,7.09
CHEMBL320497,SUBEROHYDROXAMIC ACID,,204.23,0.0,0.34,SBHA,O=C(CCCCCCC(=O)NO)NO,IC50,'=',2238.72,nM,5.65,,,UO_0000065,0,CHEMBL969264,organism-based format,,CHEMBL1157182,1,Scientific Literature,Bioorg Med Chem,,Antimalarial activity against chloroquine-sensitive Plasmodium falciparum D6 after 48 hrs by LDH reporter assay,,,,D6,D6,,D6,5.65
CHEMBL5072627,,,401.46,0.0,1.9,Lucilactaene,C/C=C(\C=C(C)\C=C\C=C\C=C(/C)C(=O)[C@H]1C(=O)N[C@]2(O)CCO[C@H]12)C(=O)OC,IC50,'=',150.0,nM,6.82,,,UO_0000065,0,CHEMBL5041377,organism-based format,,CHEMBL5038636,1,Scientific Literature,J Nat Prod,,Antimalarial activity against wild-type Plasmodium falcipuram 3D7 assessed as growth inhibition,,,,3D7,3D7,,3D7,6.82
CHEMBL1673257,,,359.31,0.0,4.57,20,Brc1cccc(NC2CCN(CCc3ccccc3)CC2)c1,IC50,'=',490.0,nM,6.31,,,UO_0000065,0,CHEMBL1678152,organism-based format,,CHEMBL1671701,1,Scientific Literature,Antimicrob Agents Chemother,,Antiplasmodial activity against Plasmodium falciparum 3D7 infected in RBCs by firefly luciferase reporter gene assay,,,,3D7,3D7,,3D7,6.31
CHEMBL1673264,,,364.4,0.0,2.9,29,COc1cccc(N(C(C)=O)C2=C(N(C)C)C(=O)c3ccccc3C2=O)c1,IC50,'=',5.3,nM,8.28,,,UO_0000065,0,CHEMBL1678152,organism-based format,,CHEMBL1671701,1,Scientific Literature,Antimicrob Agents Chemother,,Antiplasmodial activity against Plasmodium falciparum 3D7 infected in RBCs by firefly luciferase reporter gene assay,,,,3D7,3D7,,3D7,8.28
CHEMBL599514,,,352.37,0.0,3.03,30,CC(=O)N(C1=C(N(C)C)C(=O)c2ccccc2C1=O)c1cccc(F)c1,IC50,'=',11.0,nM,7.96,,,UO_0000065,0,CHEMBL1678152,organism-based format,,CHEMBL1671701,1,Scientific Literature,Antimicrob Agents Chemother,,Antiplasmodial activity against Plasmodium falciparum 3D7 infected in RBCs by firefly luciferase reporter gene assay,,,,3D7,3D7,,3D7,7.96
CHEMBL598681,,,408.89,0.0,4.47,37,CC(=O)N(C1=C(N2CCCCC2)C(=O)c2ccccc2C1=O)c1cccc(Cl)c1,IC50,'=',4300.0,nM,5.37,,,UO_0000065,0,CHEMBL1678152,organism-based format,,CHEMBL1671701,1,Scientific Literature,Antimicrob Agents Chemother,,Antiplasmodial activity against Plasmodium falciparum 3D7 infected in RBCs by firefly luciferase reporter gene assay,,,,3D7,3D7,,3D7,5.37
CHEMBL58510,CHLOROQUINE PHOSPHATE,4.0,515.87,0.0,4.81,Chloroquine diphosphate,CCN(CC)CCCC(C)Nc1ccnc2cc(Cl)ccc12.O=P(O)(O)O.O=P(O)(O)O,IC50,'=',30.0,nM,7.52,,,UO_0000065,0,CHEMBL1678152,organism-based format,,CHEMBL1671701,1,Scientific Literature,Antimicrob Agents Chemother,,Antiplasmodial activity against Plasmodium falciparum 3D7 infected in RBCs by firefly luciferase reporter gene assay,,,,3D7,3D7,,3D7,7.52
CHEMBL1256180,5-(N-METHYL-N-ISOBUTYL)AMILORIDE,,299.77,0.0,0.22,5-(N-methyl-N-isobutyl)amiloride,CC(C)CN(C)c1nc(N)c(C(=O)N=C(N)N)nc1Cl,IC50,'=',549.0,nM,6.26,,,UO_0000065,0,CHEMBL1678152,organism-based format,,CHEMBL1671701,1,Scientific Literature,Antimicrob Agents Chemother,,Antiplasmodial activity against Plasmodium falciparum 3D7 infected in RBCs by firefly luciferase reporter gene assay,,,,3D7,3D7,,3D7,6.26
CHEMBL1673276,,,317.42,1.0,5.22,Am-10,CCN(CC)CCCC(c1ccc(F)cc1)c1ccc(F)cc1,IC50,'=',5700.0,nM,5.24,,,UO_0000065,0,CHEMBL1678152,organism-based format,,CHEMBL1671701,1,Scientific Literature,Antimicrob Agents Chemother,,Antiplasmodial activity against Plasmodium falciparum 3D7 infected in RBCs by firefly luciferase reporter gene assay,,,,3D7,3D7,,3D7,5.24
CHEMBL1673277,,,498.64,1.0,5.33,Am-4,Cc1ccc(CS(=O)(=O)N2CCN(CCCC(c3ccc(F)cc3)c3ccc(F)cc3)CC2)cc1,IC50,'=',800.0,nM,6.1,,,UO_0000065,0,CHEMBL1678152,organism-based format,,CHEMBL1671701,1,Scientific Literature,Antimicrob Agents Chemother,,Antiplasmodial activity against Plasmodium falciparum 3D7 infected in RBCs by firefly luciferase reporter gene assay,,,,3D7,3D7,,3D7,6.1
CHEMBL405110,METHYLENE BLUE ANHYDROUS,4.0,319.86,0.0,2.5,Methylene blue,CN(C)c1ccc2nc3ccc(N(C)C)cc3[s+]c2c1.[Cl-],IC50,'=',140.0,nM,6.85,,,UO_0000065,0,CHEMBL5338529,organism-based format,,CHEMBL5335864,1,Scientific Literature,ACS Med Chem Lett,,Antiplasmodial activity against immature stage gametocytes Plasmodium falciparum NF54 incubated for 48 hrs by luciferase activity assay,,,,NF54,NF54,,NF54,6.85
CHEMBL361497,ARTESUNATE,4.0,384.43,0.0,2.6,Artesunate,C[C@H]1[C@H](OC(=O)CCC(=O)O)O[C@@H]2O[C@@]3(C)CC[C@H]4[C@H](C)CC[C@@H]1[C@@]24OO3,IC50,'=',3.0,nM,8.52,,,UO_0000065,0,CHEMBL4268538,organism-based format,,CHEMBL4265952,1,Scientific Literature,Eur J Med Chem,,Gametocytocidal activity against transgenic GFP-fused Plasmodium falciparum NF54 early stage gametocytes after 72 hrs by Mitotracker Red CMH2XRos staining based imaging method,,,,NF54,NF54,,NF54,8.52
CHEMBL4288073,,,426.52,0.0,2.43,1d,CN(C)c1ccc(C(=O)N(CC(=O)NC(C)(C)C)Cc2ccc(C(=O)NO)cc2)cc1,IC50,'=',7690.0,nM,5.11,,,UO_0000065,0,CHEMBL4268540,organism-based format,,CHEMBL4265952,1,Scientific Literature,Eur J Med Chem,,Gametocytocidal activity against synchronized Plasmodium falciparum NF54 mature stage 5 gametocytes after 48 hrs by ATP bioluminescence assay,,,,NF54,NF54,,NF54,5.11
CHEMBL4063658,,,452.56,0.0,2.96,1h,CN(C)c1ccc(C(=O)N(CC(=O)NC2CCCCC2)Cc2ccc(C(=O)NO)cc2)cc1,IC50,'=',2460.0,nM,5.61,,,UO_0000065,0,CHEMBL4268540,organism-based format,,CHEMBL4265952,1,Scientific Literature,Eur J Med Chem,,Gametocytocidal activity against synchronized Plasmodium falciparum NF54 mature stage 5 gametocytes after 48 hrs by ATP bioluminescence assay,,,,NF54,NF54,,NF54,5.61
CHEMBL4283545,,,437.54,0.0,3.51,1q,Cc1ccc(C(=O)N(CC(=O)NC2CCCCC2)Cc2ccc(C(=O)NO)cc2)cc1C,IC50,'=',13120.0,nM,4.88,,,UO_0000065,0,CHEMBL4268540,organism-based format,,CHEMBL4265952,1,Scientific Literature,Eur J Med Chem,,Gametocytocidal activity against synchronized Plasmodium falciparum NF54 mature stage 5 gametocytes after 48 hrs by ATP bioluminescence assay,,,,NF54,NF54,,NF54,4.88
CHEMBL485983,KIGELINOL,,308.33,0.0,2.87,3,CC1=C2C=C3C(=O)c4ccc(O)cc4C(=O)C3(O)C(C)=C2CC1,IC50,'=',15200.0,nM,4.82,,,UO_0000065,0,CHEMBL970002,organism-based format,,CHEMBL1155597,1,Scientific Literature,J Nat Prod,,Antimalarial activity after 48 hrs against chloroquine-resistant Plasmodium falciparum K1 by LDH reporter assay,,,,K1,K1,,K1,4.82
CHEMBL4169291,,,520.62,2.0,6.26,6,Cc1c(O)c([C@@H](CC(C)C)C2=C(O)C(C)(C)C(=O)C(C)(C)C2=O)c(O)c2c1O[C@H](c1ccccc1)CC2=O,IC50,'=',3200.0,nM,5.5,,,UO_0000065,0,CHEMBL4150765,organism-based format,,CHEMBL4145643,1,Scientific Literature,J Nat Prod,,Antiplasmodial activity against drug-sensitive Plasmodium falciparum 3D7 ring stage infected in human erythrocytes after 72 hrs by DAPI staining based method,,,,3D7,3D7,,3D7,5.49
CHEMBL4163793,,,502.61,2.0,6.39,10,Cc1c2c(c(O)c3c1OC1=C(C(=O)C(C)(C)C(=O)C1(C)C)C3CC(C)C)C(=O)C[C@@H](c1ccccc1)O2,IC50,'=',11900.0,nM,4.92,,,UO_0000065,0,CHEMBL4150766,organism-based format,,CHEMBL4145643,1,Scientific Literature,J Nat Prod,,Antiplasmodial activity against 4-aminoquinoline/antifolates-resistant Plasmodium falciparum Dd2 ring stage infected in human erythrocytes after 72 hrs by DAPI staining based method,,,,Dd2,Dd2,,Dd2,4.92
CHEMBL1782209,,,360.29,0.0,2.1,16.26,CC1(C)N=C(N)N=C(NCCCCOc2ccc(Cl)cc2)N1.Cl,IC50,'=',7200.0,nM,5.14,,,UO_0000065,0,CHEMBL1785111,cell-based format,,CHEMBL1781907,1,Scientific Literature,Eur J Med Chem,,Antimalarial activity against chloroquine and cycloguanil-resistant Plasmodium falciparum FCR-3/Gambia ring stage infected in human red blood cells assessed as inhibition of [3H]-hypoxanthine incorporation incubated 24 hrs before addition of [3H]-hypoxanthine measured after 24 hrs,,,,FCR-3,FcR3,,FcR3,5.14
CHEMBL3800221,,,456.43,1.0,6.1,26,O=c1[nH]c2cnc3ccc(-c4cnc5ccccc5c4)cc3c2n1-c1cccc(C(F)(F)F)c1,IC50,'=',2350.0,nM,5.63,,,UO_0000065,0,CHEMBL3800921,organism-based format,,CHEMBL3797182,1,Scientific Literature,Bioorg Med Chem Lett,,Gametocytocidal activity against chloroquine-sensitive late gametocytic stage (III to V) of Plasmodium falciparum 3D7 after 72 hrs by Alamar Blue assay,,,,3D7,3D7,,3D7,5.63
CHEMBL3799484,,,420.39,1.0,5.14,36,Nc1cccc(-c2ccc3ncc4[nH]c(=O)n(-c5cccc(C(F)(F)F)c5)c4c3c2)c1,IC50,'=',637.0,nM,6.2,,,UO_0000065,0,CHEMBL3800921,organism-based format,,CHEMBL3797182,1,Scientific Literature,Bioorg Med Chem Lett,,Gametocytocidal activity against chloroquine-sensitive late gametocytic stage (III to V) of Plasmodium falciparum 3D7 after 72 hrs by Alamar Blue assay,,,,3D7,3D7,,3D7,6.2
CHEMBL3799114,,,435.41,0.0,4.54,58,Cn1c(=O)n(-c2ccc(C(F)(F)F)cc2)c2c3cc(-c4ccc(N)nc4)ccc3ncc21,IC50,'=',237.0,nM,6.62,,,UO_0000065,0,CHEMBL3800921,organism-based format,,CHEMBL3797182,1,Scientific Literature,Bioorg Med Chem Lett,,Gametocytocidal activity against chloroquine-sensitive late gametocytic stage (III to V) of Plasmodium falciparum 3D7 after 72 hrs by Alamar Blue assay,,,,3D7,3D7,,3D7,6.63
CHEMBL3797794,,,373.46,0.0,4.04,65,Cn1c(=O)n(C2CCCCC2)c2c3cc(-c4ccc(N)nc4)ccc3ncc21,IC50,'=',1880.0,nM,5.73,,,UO_0000065,0,CHEMBL3800921,organism-based format,,CHEMBL3797182,1,Scientific Literature,Bioorg Med Chem Lett,,Gametocytocidal activity against chloroquine-sensitive late gametocytic stage (III to V) of Plasmodium falciparum 3D7 after 72 hrs by Alamar Blue assay,,,,3D7,3D7,,3D7,5.73
CHEMBL1782200,,,437.38,0.0,2.74,16.16,CN(C)c1ccc(C2N=C(N)N=C(NCCCOc3ccc(Cl)cc3)N2)cc1.Cl,IC50,'=',44750.0,nM,4.35,,,UO_0000065,0,CHEMBL1785111,cell-based format,,CHEMBL1781907,1,Scientific Literature,Eur J Med Chem,,Antimalarial activity against chloroquine and cycloguanil-resistant Plasmodium falciparum FCR-3/Gambia ring stage infected in human red blood cells assessed as inhibition of [3H]-hypoxanthine incorporation incubated 24 hrs before addition of [3H]-hypoxanthine measured after 24 hrs,,,,FCR-3,FcR3,,FcR3,4.35
CHEMBL4464908,,,453.23,1.0,6.44,41,N#Cc1c(C(F)(F)F)cc(NCc2ccc(F)cc2)n2c1nc1cc(Cl)cc(Cl)c12,IC50,'=',740.0,nM,6.13,,,UO_0000065,0,CHEMBL4373129,organism-based format,,CHEMBL4371072,1,Scientific Literature,J Med Chem,,Antiplasmodial activity against chloroquine-sensitive final late stage of Plasmodium falciparum NF54-Mal8p1.16-GFP-Luc gametocytes after 24 hrs by BacTiter-Glo assay,,,,NF54-Mal8p1.16-GFP-Luc,NF54,,NF54,6.13
CHEMBL241637,,,322.36,0.0,3.97,13,c1ccc(Oc2ccc(-c3cc(N4CCOCC4)on3)cc2)cc1,IC50,'=',10500.0,nM,4.98,,,UO_0000065,0,CHEMBL901502,organism-based format,L6,CHEMBL1138251,1,Scientific Literature,J Med Chem,CHEMBL3308469,"Antiparasitic activity against chloroquine, pyrimethamine-resistant Plasmodium falciparum K1 erythrocyte stage infected rat L6 cells",,,,K1,K1,,K1,4.98
CHEMBL495833,,,339.48,0.0,4.57,4b,Cc1ccc([C@@H]2[C@H](OCc3ccccc3)COCN2CC(C)C)cc1,IC50,'=',30340.0,nM,4.52,,,UO_0000065,0,CHEMBL1004946,organism-based format,,CHEMBL1136969,1,Scientific Literature,J Med Chem,,Antiplasmodial activity after 48 hrs against chloroquine-sensitive Plasmodium falciparum D10 infected human erythrocytes by LDH reporter assay,,,,D10,D10,,D10,4.52
CHEMBL498036,,,438.37,1.0,5.57,4f,Brc1ccccc1[C@@H]1[C@H](OCc2ccccc2)COCN1Cc1ccccc1,IC50,'=',14080.0,nM,4.85,,,UO_0000065,0,CHEMBL1004946,organism-based format,,CHEMBL1136969,1,Scientific Literature,J Med Chem,,Antiplasmodial activity after 48 hrs against chloroquine-sensitive Plasmodium falciparum D10 infected human erythrocytes by LDH reporter assay,,,,D10,D10,,D10,4.85
CHEMBL502204,,,621.74,3.0,4.08,NA48,OC[C@H]1O[C@@H](n2cnc3c(NCCC(c4ccccc4)c4ccccc4)nc(NCCC4CNc5ccccc54)nc32)[C@H](O)[C@@H]1O,IC50,'=',1830.0,nM,5.74,,,UO_0000065,0,CHEMBL941604,organism-based format,,CHEMBL1137633,1,Scientific Literature,Antimicrob Agents Chemother,,Antiplasmodial activity against chloroquine and pyrimethamine-resistant Plasmodium falciparum K1 infected mice (Mus musculus) macrophage by reporter dye assay,,,,K1,K1,,K1,5.74
CHEMBL4763061,,,442.95,0.0,2.57,11,Cl.O=C(NO)c1cnc(N2CCC3(CCN(Cc4c[nH]c5ccccc45)C3)CC2)nc1,IC50,'=',4.3,nM,8.37,,,UO_0000065,0,CHEMBL4714006,organism-based format,,CHEMBL4706683,1,Scientific Literature,J Med Chem,,Antimalarial activity against synchronized schizont stage transgenic Plasmodium falciparum 3D7 with C-terminal glmS-fused HDAC1 knockdown assessed as parasite growth inhibition pretreated with glucosamine followed by compound treatment and incubated for 4 hrs followed by compound washout for thrice and subsequent culturing for 68 hrs by SYBR Green 1 staining based analysis,,,,3D7,3D7,,3D7,8.37
CHEMBL493247,,,528.14,2.0,7.28,9g,Cc1c(CNCC[C@@H]2CCCN3CCCC[C@H]23)cc(-c2ccccc2)n1Nc1ccnc2cc(Cl)ccc12,IC50,'=',154.1,nM,6.81,,,UO_0000065,0,CHEMBL937848,organism-based format,,CHEMBL1155029,1,Scientific Literature,Bioorg Med Chem,,Antimalarial activity against chloroquine-sensitive Plasmodium falciparum D10 as LDH reporter activity,,,,D10,D10,,D10,6.81
CHEMBL493860,,,416.96,1.0,6.14,9b,Cc1c(CN2CCCC2)cc(-c2ccccc2)n1Nc1ccnc2cc(Cl)ccc12,IC50,'=',42.9,nM,7.37,,,UO_0000065,0,CHEMBL937848,organism-based format,,CHEMBL1155029,1,Scientific Literature,Bioorg Med Chem,,Antimalarial activity against chloroquine-sensitive Plasmodium falciparum D10 as LDH reporter activity,,,,D10,D10,,D10,7.37
CHEMBL523159,,,423.99,0.0,4.9,8d,Cc1cc(CNCC23CCCN2CCC3)c(C)n1Nc1ccnc2cc(Cl)ccc12,IC50,'=',222.2,nM,6.65,,,UO_0000065,0,CHEMBL937848,organism-based format,,CHEMBL1155029,1,Scientific Literature,Bioorg Med Chem,,Antimalarial activity against chloroquine-sensitive Plasmodium falciparum D10 as LDH reporter activity,,,,D10,D10,,D10,6.65
CHEMBL3637886,,,355.47,0.0,3.31,1037162,CCNC(=O)C(C)Nc1nc(-c2cccnc2)nc2sc(C)c(C)c12,IC50,'=',610.0,nM,6.21,,,UO_0000065,0,CHEMBL3832784,organism-based format,,CHEMBL3832761,34,Medicines for Malaria Venture () Pathogen Box,,,Antimalarial activity: Gametocytes Plasmodium falciparum NF54 Gametocytes Stage V IC50 (uM),,,,NF54,NF54,,NF54,6.21
CHEMBL4790194,,,555.67,2.0,5.2,SLFb,CCC(C)(C)C(=O)N1CCCC[C@H]1C(=O)O[C@H](CCc1ccc(OC)c(OC)c1)c1cccc(OCC(=O)O)c1,IC50,'=',33700.0,nM,4.47,,,UO_0000065,0,CHEMBL4731329,organism-based format,,CHEMBL4725452,1,Scientific Literature,ACS Med Chem Lett,,Antiplasmodial activity against Plasmodium falciparum NF54 assessed as growth inhibition incubated for 72 hrs by renilla luciferase reporter gene assay,,,,NF54,NF54,,NF54,4.47
CHEMBL4754515,,,497.97,0.0,4.94,86,O=C(Cc1ccc(O)c(Cl)c1)N1CC(CNc2ccc(F)cc2)C2(C1)CN(c1ccc(F)cc1)C2,IC50,'=',130.0,nM,6.89,,,UO_0000065,0,CHEMBL4737829,organism-based format,Erythrocyte,CHEMBL4732202,1,Scientific Literature,J Med Chem,,Antiplasmodial activity against multidrug-sensitive Plasmodium falciparum NF54 transfected with GFP-Luc infected in human erythrocytes assessed as reduction in [3H]-hypoxanthine incorporation pretreated for 48 hrs followed by [3H]-hypoxanthine addition measured after 24 hrs by liquid scintillation counting method,,,,NF54,NF54,,NF54,6.89
CHEMBL4756151,,,483.49,0.0,3.22,96,O=C(Cc1ncc(O)cn1)N1CC(CNc2ccc(F)cc2)C2(C1)CN(c1cc(F)cc(F)c1)C2,IC50,'=',860.0,nM,6.07,,,UO_0000065,0,CHEMBL4737829,organism-based format,Erythrocyte,CHEMBL4732202,1,Scientific Literature,J Med Chem,,Antiplasmodial activity against multidrug-sensitive Plasmodium falciparum NF54 transfected with GFP-Luc infected in human erythrocytes assessed as reduction in [3H]-hypoxanthine incorporation pretreated for 48 hrs followed by [3H]-hypoxanthine addition measured after 24 hrs by liquid scintillation counting method,,,,NF54,NF54,,NF54,6.07
CHEMBL485984,ISOKIGELINOL,,308.33,0.0,2.87,4,CC1=C2C=C3C(=O)c4cc(O)ccc4C(=O)C3(O)C(C)=C2CC1,IC50,'=',15200.0,nM,4.82,,,UO_0000065,0,CHEMBL970001,organism-based format,,CHEMBL1155597,1,Scientific Literature,J Nat Prod,,Antimalarial activity after 48 hrs against chloroquine-sensitive Plasmodium falciparum T9-96 by LDH reporter assay,,,,T9-96,T9/96,,T9/96,4.82
CHEMBL4759714,,,509.58,1.0,3.63,106,Nc1ccc(C[C@@H](N)C(=O)N2CC(CNc3ccc(F)cc3)C3(C2)CN(c2cc(F)cc(F)c2)C3)cc1,IC50,'=',63.0,nM,7.2,,,UO_0000065,0,CHEMBL4737844,organism-based format,,CHEMBL4732202,1,Scientific Literature,J Med Chem,,Antiplasmodial activity against asexual stage (V) Plasmodium falciparum NF54 gametocytes assessed as inhibition of exflagellation of male gametes measured at 15 to 22.5 min by microscopic based analysis,,,,NF54,NF54,,NF54,7.2
CHEMBL537895,,,511.5,1.0,1.61,41,Cl.Cl.N=C(NCCCO)c1ccc(N2CCN(c3ccc(C(=N)NCCCO)cc3)CC2)cc1,IC50,'=',8800.0,nM,5.06,,,UO_0000065,0,CHEMBL926257,organism-based format,,CHEMBL1140635,1,Scientific Literature,Bioorg Med Chem,,Antiplasmodial activity against chloroquine-sensitive Plasmodium falciparum D6 by LDH reporter assay,,,,D6,D6,,D6,5.06
CHEMBL536538,,,647.82,2.0,8.34,37,CCCCCCCCCNC(=N)c1ccc(N2CCN(c3ccc(C(=N)NCCCCCCCCC)cc3)CC2)cc1.Cl.Cl,IC50,'=',88.0,nM,7.06,,,UO_0000065,0,CHEMBL926257,organism-based format,,CHEMBL1140635,1,Scientific Literature,Bioorg Med Chem,,Antiplasmodial activity against chloroquine-sensitive Plasmodium falciparum D6 by LDH reporter assay,,,,D6,D6,,D6,7.06
CHEMBL537673,,,587.68,2.0,6.29,34,Cl.Cl.N=C(NC1CCCCCC1)c1ccc(N2CCN(c3ccc(C(=N)NC4CCCCCC4)cc3)CC2)cc1,IC50,'=',36.0,nM,7.44,,,UO_0000065,0,CHEMBL926257,organism-based format,,CHEMBL1140635,1,Scientific Literature,Bioorg Med Chem,,Antiplasmodial activity against chloroquine-sensitive Plasmodium falciparum D6 by LDH reporter assay,,,,D6,D6,,D6,7.44
CHEMBL554151,,,423.39,0.0,2.1,20,CNC(=N)c1ccc(N2CCN(c3ccc(C(=N)NC)cc3)CC2)cc1.Cl.Cl,IC50,'=',862.0,nM,6.06,,,UO_0000065,0,CHEMBL926257,organism-based format,,CHEMBL1140635,1,Scientific Literature,Bioorg Med Chem,,Antiplasmodial activity against chloroquine-sensitive Plasmodium falciparum D6 by LDH reporter assay,,,,D6,D6,,D6,6.06
CHEMBL2375614,,,289.38,0.0,4.29,560185,c1ccc(-c2cc(N3CCCCC3)c3ccccc3n2)nc1,IC50,'=',510.0,nM,6.29,,,UO_0000065,0,CHEMBL3832784,organism-based format,,CHEMBL3832761,34,Medicines for Malaria Venture () Pathogen Box,,,Antimalarial activity: Gametocytes Plasmodium falciparum NF54 Gametocytes Stage V IC50 (uM),,,,NF54,NF54,,NF54,6.29
CHEMBL528966,,,370.43,0.0,3.12,10576,COc1cc(-c2cc(-c3ccc(S(C)(=O)=O)cc3)cnc2N)ccc1O,IC50,'=',70.0,nM,7.16,,,UO_0000065,0,CHEMBL3832784,organism-based format,,CHEMBL3832761,34,Medicines for Malaria Venture () Pathogen Box,,,Antimalarial activity: Gametocytes Plasmodium falciparum NF54 Gametocytes Stage V IC50 (uM),,,,NF54,NF54,,NF54,7.15
CHEMBL4242227,,,338.37,0.0,4.05,23,FC(F)(F)c1ccc(-c2ccc(CNCC3CCNCC3)o2)cc1,IC50,'=',1900.0,nM,5.72,,,UO_0000065,0,CHEMBL4231438,organism-based format,,CHEMBL4229360,1,Scientific Literature,Eur J Med Chem,,Gametocytocidal activity against Plasmodium falciparum 3D7 elo1-pfs16-CBG99 late-stage (4 to 5) gametocytes assessed as inhibition of parasite viability after 72 hrs by luciferase reporter assay,,,,3D7,3D7,,3D7,5.72
CHEMBL4743418,,,399.54,0.0,4.44,"2-A, Single Enantiomer",Oc1ccc(CN2CC(CNc3ccccc3)C3(C2)CN(c2ccccc2)C3)cc1,IC50,'<=',500.0,nM,,,,UO_0000065,0,CHEMBL4737844,organism-based format,,CHEMBL4732202,1,Scientific Literature,J Med Chem,,Antiplasmodial activity against asexual stage (V) Plasmodium falciparum NF54 gametocytes assessed as inhibition of exflagellation of male gametes measured at 15 to 22.5 min by microscopic based analysis,,,,NF54,NF54,,NF54,6.3
CHEMBL496010,,,327.47,0.0,3.86,3b,Cc1ccc([C@H](NCC(C)C)[C@H](CO)OCc2ccccc2)cc1,IC50,'=',15300.0,nM,4.82,,,UO_0000065,0,CHEMBL1004946,organism-based format,,CHEMBL1136969,1,Scientific Literature,J Med Chem,,Antiplasmodial activity after 48 hrs against chloroquine-sensitive Plasmodium falciparum D10 infected human erythrocytes by LDH reporter assay,,,,D10,D10,,D10,4.82
CHEMBL495825,,,285.39,0.0,3.17,3h,CCCN[C@@H](c1ccccc1)[C@H](CO)Oc1ccccc1,IC50,'=',85220.0,nM,4.07,,,UO_0000065,0,CHEMBL1004946,organism-based format,,CHEMBL1136969,1,Scientific Literature,J Med Chem,,Antiplasmodial activity after 48 hrs against chloroquine-sensitive Plasmodium falciparum D10 infected human erythrocytes by LDH reporter assay,,,,D10,D10,,D10,4.07
CHEMBL521539,,,305.42,0.0,3.37,4c,COc1cccc([C@@H]2[C@H](OC)COCN2C2CCCCC2)c1,IC50,'=',42570.0,nM,4.37,,,UO_0000065,0,CHEMBL1004946,organism-based format,,CHEMBL1136969,1,Scientific Literature,J Med Chem,,Antiplasmodial activity after 48 hrs against chloroquine-sensitive Plasmodium falciparum D10 infected human erythrocytes by LDH reporter assay,,,,D10,D10,,D10,4.37
CHEMBL497841,,,297.4,0.0,3.88,4h,CCCN1COC[C@@H](Oc2ccccc2)[C@H]1c1ccccc1,IC50,'=',84870.0,nM,4.07,,,UO_0000065,0,CHEMBL1004946,organism-based format,,CHEMBL1136969,1,Scientific Literature,J Med Chem,,Antiplasmodial activity after 48 hrs against chloroquine-sensitive Plasmodium falciparum D10 infected human erythrocytes by LDH reporter assay,,,,D10,D10,,D10,4.07
CHEMBL4794183,,,359.31,0.0,4.11,14,Nc1ncc(-c2ccc(C(=O)O)cc2)nc1-c1ccc(C(F)(F)F)cc1,IC50,'=',729.0,nM,6.14,,,UO_0000065,0,CHEMBL4719503,organism-based format,,CHEMBL4715789,1,Scientific Literature,J Med Chem,,Antiplasmodial activity against late stage (IV/V) Plasmodium falciparum NF54 gametocytes incubated for 48 hrs by luciferase reporter gene assay,,,,NF54,NF54,,NF54,6.14
CHEMBL4084534,,,373.44,0.0,4.19,44,CCNCCNc1cc(-c2cccc(F)c2)c(C#N)c2nc3ccccc3n12,IC50,'=',3630.0,nM,5.44,,,UO_0000065,0,CHEMBL3996812,assay format,,CHEMBL3994624,1,Scientific Literature,J Med Chem,,Anti-plasmodial activity against chloroquine-sensitive Plasmodium falciparum NF54 late 4/5 stage gametocytes assessed as reduction in ATP levels after 24 hrs by BacTiter-Glo reagent based bioluminescence assay,,,,NF54,NF54,,NF54,5.44
CHEMBL4092272,,,380.46,0.0,3.92,46,CCNCCNc1cc(-c2ccc(C#N)cc2)c(C#N)c2nc3ccccc3n12,IC50,'=',2660.0,nM,5.58,,,UO_0000065,0,CHEMBL3996812,assay format,,CHEMBL3994624,1,Scientific Literature,J Med Chem,,Anti-plasmodial activity against chloroquine-sensitive Plasmodium falciparum NF54 late 4/5 stage gametocytes assessed as reduction in ATP levels after 24 hrs by BacTiter-Glo reagent based bioluminescence assay,,,,NF54,NF54,,NF54,5.58
CHEMBL249080,,,280.78,0.0,2.13,A123,NCCNC(=S)Nc1ccnc2cc(Cl)ccc12,IC50,'=',3300.0,nM,5.48,,,UO_0000065,0,CHEMBL941940,organism-based format,,CHEMBL1139820,1,Scientific Literature,Bioorg Med Chem Lett,,Antiplasmodial activity against chloroquine-sensitive Plasmodium falciparum D10 in LDH reporter assay after 48 hrs,,,,D10,D10,,D10,5.48
CHEMBL495958,,,458.01,1.0,6.69,4h,COc1ccc2nccc(NC(c3ccc(CN4CCCC4)cc3)c3cccc(Cl)c3)c2c1,IC50,'=',55.0,nM,7.26,,,UO_0000065,0,CHEMBL1012852,organism-based format,,CHEMBL1139381,1,Scientific Literature,J Med Chem,,Antimalarial activity after 72 hrs against chloroquine-resistant Plasmodium falciparum W2 infected human A+ erythrocytes by Makler LDH reporter assay,,,,W2,W2,,W2,7.26
CHEMBL4100993,,,423.44,1.0,5.07,40,CCNCCNc1cc(-c2cccc(C(F)(F)F)c2)c(C#N)c2nc3ccccc3n12,IC50,'=',490.0,nM,6.31,,,UO_0000065,0,CHEMBL3996812,assay format,,CHEMBL3994624,1,Scientific Literature,J Med Chem,,Anti-plasmodial activity against chloroquine-sensitive Plasmodium falciparum NF54 late 4/5 stage gametocytes assessed as reduction in ATP levels after 24 hrs by BacTiter-Glo reagent based bioluminescence assay,,,,NF54,NF54,,NF54,6.31
CHEMBL4097609,,,347.47,0.0,4.04,53,CCNCCNc1cc(C2CCCC2)c(C#N)c2nc3ccccc3n12,IC50,'=',670.0,nM,6.17,,,UO_0000065,0,CHEMBL3996812,assay format,,CHEMBL3994624,1,Scientific Literature,J Med Chem,,Anti-plasmodial activity against chloroquine-sensitive Plasmodium falciparum NF54 late 4/5 stage gametocytes assessed as reduction in ATP levels after 24 hrs by BacTiter-Glo reagent based bioluminescence assay,,,,NF54,NF54,,NF54,6.17
CHEMBL405110,METHYLENE BLUE ANHYDROUS,4.0,319.86,0.0,2.5,MB,CN(C)c1ccc2nc3ccc(N(C)C)cc3[s+]c2c1.[Cl-],IC50,'=',140.0,nM,6.85,,,UO_0000065,0,CHEMBL3996812,assay format,,CHEMBL3994624,1,Scientific Literature,J Med Chem,,Anti-plasmodial activity against chloroquine-sensitive Plasmodium falciparum NF54 late 4/5 stage gametocytes assessed as reduction in ATP levels after 24 hrs by BacTiter-Glo reagent based bioluminescence assay,,,,NF54,NF54,,NF54,6.85
CHEMBL4228490,,,395.89,0.0,4.73,C-3,CCN(CC)c1ccc2cc(C3=NNC(c4ccc(Cl)cc4)C3)c(=O)oc2c1,IC50,'=',18600.0,nM,4.73,,,UO_0000065,0,CHEMBL4223065,cell-based format,,CHEMBL4219189,1,Scientific Literature,Bioorg Med Chem Lett,,Inhibition of chloroquine sensitive Plasmodium falciparum MRC-02 schizont stage infected in human erythrocytes assessed as reduction in bacterial growth after 24 hrs by Giemsa staining based assay,,,,MRC-02,MRC-02,,MRC-2,4.73
CHEMBL64,ISONIAZID,4.0,137.14,0.0,-0.31,Isoniazid,NNC(=O)c1ccncc1,IC50,'=',1800000.0,nM,,Outside typical range,,UO_0000065,0,CHEMBL936741,organism-based format,,CHEMBL1145507,1,Scientific Literature,J Biol Chem,,Antimalarial activity against Plasmodium falciparum Dd2 with pLN-hrp3-katG-V5 insertion at attB site,,,,Dd2,Dd2,,Dd2,2.74
CHEMBL485982,ISOPINNATAL,,338.36,0.0,2.47,2,C[C@]12CC[C@@H]3[C@H]1C=C1C(=O)c4cc(O)ccc4C(=O)[C@@]1(O2)[C@]3(C)C=O,IC50,'=',1552.0,nM,5.81,,,UO_0000065,0,CHEMBL970002,organism-based format,,CHEMBL1155597,1,Scientific Literature,J Nat Prod,,Antimalarial activity after 48 hrs against chloroquine-resistant Plasmodium falciparum K1 by LDH reporter assay,,,,K1,K1,,K1,5.81
CHEMBL507999,,,616.72,1.0,4.84,NA118,OC[C@H]1O[C@@H](n2cnc3c(NCc4cccc5ccccc45)nc(NCCC(c4ccccc4)c4ccccc4)nc32)[C@H](O)[C@@H]1O,IC50,'=',1760.0,nM,5.75,,,UO_0000065,0,CHEMBL941604,organism-based format,,CHEMBL1137633,1,Scientific Literature,Antimicrob Agents Chemother,,Antiplasmodial activity against chloroquine and pyrimethamine-resistant Plasmodium falciparum K1 infected mice (Mus musculus) macrophage by reporter dye assay,,,,K1,K1,,K1,5.75
CHEMBL497514,,,233.27,0.0,3.57,13,Cc1nc2c(ccc3cccnc32)c2[nH]ccc12,IC50,'=',10600.0,nM,4.97,,,UO_0000065,0,CHEMBL1004793,organism-based format,,CHEMBL1155951,1,Scientific Literature,Bioorg Med Chem Lett,,Antiplasmodial activity against chloroquine-resistant Plasmodium falciparum W2 gametocytes after 48 hrs by microscopy,,,,W2,W2,,W2,4.97
CHEMBL1782202,,,410.37,0.0,3.38,16.19,Cl.NC1=NC(c2ccccc2)NC(NCCCSc2ccc(Cl)cc2)=N1,IC50,'=',1300.0,nM,5.89,,,UO_0000065,0,CHEMBL1785111,cell-based format,,CHEMBL1781907,1,Scientific Literature,Eur J Med Chem,,Antimalarial activity against chloroquine and cycloguanil-resistant Plasmodium falciparum FCR-3/Gambia ring stage infected in human red blood cells assessed as inhibition of [3H]-hypoxanthine incorporation incubated 24 hrs before addition of [3H]-hypoxanthine measured after 24 hrs,,,,FCR-3,FcR3,,FcR3,5.89
CHEMBL3039527,QUISINOSTAT HYDROCHLORIDE,-1.0,430.94,0.0,2.09,1,Cl.Cn1cc(CNCC2CCN(c3ncc(C(=O)NO)cn3)CC2)c2ccccc21,IC50,'=',12.4,nM,7.91,,,UO_0000065,0,CHEMBL4714005,organism-based format,,CHEMBL4706683,1,Scientific Literature,J Med Chem,,Antimalarial activity against synchronized schizont stage transgenic Plasmodium falciparum 3D7 with C-terminal 3xTY1-fused HDAC1 knockdown assessed as parasite growth inhibition pretreated with glucosamine followed by compound treatment and incubated for 4 hrs followed by compound washout for thrice and subsequent culturing for 68 hrs by SYBR Green 1 staining based analysis,,,,3D7,3D7,,3D7,7.91
CHEMBL4749605,,,552.71,2.0,6.09,1b,CCC(=O)Nc1cccc([C@@H](CCc2ccc(OC)c(OC)c2)OC(=O)[C@@H]2CCCCN2C(=O)C(C)(C)CC)c1,IC50,'=',1900.0,nM,5.72,,,UO_0000065,0,CHEMBL4731329,organism-based format,,CHEMBL4725452,1,Scientific Literature,ACS Med Chem Lett,,Antiplasmodial activity against Plasmodium falciparum NF54 assessed as growth inhibition incubated for 72 hrs by renilla luciferase reporter gene assay,,,,NF54,NF54,,NF54,5.72
CHEMBL349609,ARBORININE,,285.3,0.0,2.41,"2, arborinine",COc1cc2c(c(O)c1OC)c(=O)c1ccccc1n2C,IC50,'=',3850.0,nM,5.42,,,UO_0000065,0,CHEMBL1003847,organism-based format,,CHEMBL1150107,1,Scientific Literature,J Nat Prod,,Antiplasmodial activity against chloroquine-sensitive Plasmodium falciparum HB3 after 48 hrs by LDH reporter activity,,,,HB3,HB3,,HB3,5.41
CHEMBL21396,SKIMMIANINE,,259.26,0.0,3.01,6,COc1ccc2c(OC)c3ccoc3nc2c1OC,IC50,'=',47500.0,nM,4.32,,,UO_0000065,0,CHEMBL1003847,organism-based format,,CHEMBL1150107,1,Scientific Literature,J Nat Prod,,Antiplasmodial activity against chloroquine-sensitive Plasmodium falciparum HB3 after 48 hrs by LDH reporter activity,,,,HB3,HB3,,HB3,4.32
CHEMBL522052,,,538.52,2.0,8.54,5a,Clc1ccc(C(Nc2ccnc3cc(Cl)ccc23)(c2ccccc2)c2ccc(CN3CCCC3)cc2)cc1,IC50,'=',40.0,nM,7.4,,,UO_0000065,0,CHEMBL1012851,organism-based format,,CHEMBL1139381,1,Scientific Literature,J Med Chem,,Antimalarial activity after 72 hrs against chloroquine-sensitive Plasmodium falciparum D10 infected human A+ erythrocytes in Makler LDH reporter assay,,,,D10,D10,,D10,7.4
CHEMBL4249272,,,339.3,0.0,3.75,32,Brc1ccc2cc(CNCC3CCNCC3)sc2c1,IC50,'=',1400.0,nM,5.85,,,UO_0000065,0,CHEMBL4231438,organism-based format,,CHEMBL4229360,1,Scientific Literature,Eur J Med Chem,,Gametocytocidal activity against Plasmodium falciparum 3D7 elo1-pfs16-CBG99 late-stage (4 to 5) gametocytes assessed as inhibition of parasite viability after 72 hrs by luciferase reporter assay,,,,3D7,3D7,,3D7,5.85
CHEMBL4245585,,,286.38,0.0,2.74,12,Oc1ccccc1-c1ccc(CNCC2CCNCC2)o1,IC50,'=',8300.0,nM,5.08,,,UO_0000065,0,CHEMBL4231438,organism-based format,,CHEMBL4229360,1,Scientific Literature,Eur J Med Chem,,Gametocytocidal activity against Plasmodium falciparum 3D7 elo1-pfs16-CBG99 late-stage (4 to 5) gametocytes assessed as inhibition of parasite viability after 72 hrs by luciferase reporter assay,,,,3D7,3D7,,3D7,5.08
CHEMBL4063658,,,452.56,0.0,2.96,1h,CN(C)c1ccc(C(=O)N(CC(=O)NC2CCCCC2)Cc2ccc(C(=O)NO)cc2)cc1,IC50,'=',1810.0,nM,5.74,,,UO_0000065,0,CHEMBL4268539,organism-based format,,CHEMBL4265952,1,Scientific Literature,Eur J Med Chem,,Gametocytocidal activity against transgenic GFP-fused Plasmodium falciparum NF54 late stage gametocytes after 72 hrs by Mitotracker Red CMH2XRos staining based imaging method,,,,NF54,NF54,,NF54,5.74
CHEMBL4292530,,,451.57,0.0,4.02,1u,CC(C)c1ccc(C(=O)N(CC(=O)NC2CCCCC2)Cc2ccc(C(=O)NO)cc2)cc1,IC50,'=',7740.0,nM,5.11,,,UO_0000065,0,CHEMBL4268540,organism-based format,,CHEMBL4265952,1,Scientific Literature,Eur J Med Chem,,Gametocytocidal activity against synchronized Plasmodium falciparum NF54 mature stage 5 gametocytes after 48 hrs by ATP bioluminescence assay,,,,NF54,NF54,,NF54,5.11
CHEMBL4085896,,,446.44,1.0,5.35,9,N#Cc1c(-c2ccc(C(F)(F)F)cc2)cc(NCCn2ccnc2)n2c1nc1ccccc12,IC50,'=',1020.0,nM,5.99,,,UO_0000065,0,CHEMBL3996812,assay format,,CHEMBL3994624,1,Scientific Literature,J Med Chem,,Anti-plasmodial activity against chloroquine-sensitive Plasmodium falciparum NF54 late 4/5 stage gametocytes assessed as reduction in ATP levels after 24 hrs by BacTiter-Glo reagent based bioluminescence assay,,,,NF54,NF54,,NF54,5.99
CHEMBL401059,,,489.5,0.0,2.88,15,Cl.Cl.c1cc(N2CCCN(c3ccc(C4=NCCCN4)cc3)CC2)ccc1C1=NCCCN1,IC50,'=',5110.0,nM,5.29,,,UO_0000065,0,CHEMBL926257,organism-based format,,CHEMBL1140635,1,Scientific Literature,Bioorg Med Chem,,Antiplasmodial activity against chloroquine-sensitive Plasmodium falciparum D6 by LDH reporter assay,,,,D6,D6,,D6,5.29
CHEMBL516902,,,446.55,0.0,1.93,NA113,OC[C@H]1O[C@@H](n2cnc3c(NC4CCCCCC4)nc(NC4CCCC4)nc32)[C@H](O)[C@@H]1O,IC50,'=',8950.0,nM,5.05,,,UO_0000065,0,CHEMBL941604,organism-based format,,CHEMBL1137633,1,Scientific Literature,Antimicrob Agents Chemother,,Antiplasmodial activity against chloroquine and pyrimethamine-resistant Plasmodium falciparum K1 infected mice (Mus musculus) macrophage by reporter dye assay,,,,K1,K1,,K1,5.05
CHEMBL4105332,,,572.58,2.0,6.65,34,CCN(CC)Cc1cc(/C=N/N=C(\N)CC(O)c2cc3c(F)cc(F)cc3c3cc(C(F)(F)F)ccc23)ccc1O,IC50,'=',218.0,nM,6.66,,,UO_0000065,0,CHEMBL4013661,assay format,,CHEMBL4011644,1,Scientific Literature,J Med Chem,,Gametocytocidal activity against transgenic GFP-fused Plasmodium falciparum NF54 early stage gametocytes after 72 hrs by Mitotracker Red CMH2XRos staining based confocal microscopic method,,,,NF54,NF54,,NF54,6.66
CHEMBL320497,SUBEROHYDROXAMIC ACID,,204.23,0.0,0.34,SBHA,O=C(CCCCCCC(=O)NO)NO,IC50,'=',1530.0,nM,5.82,,,UO_0000065,0,CHEMBL969265,organism-based format,,CHEMBL1157182,1,Scientific Literature,Bioorg Med Chem,,Antimalarial activity against chloroquine-resistant Plasmodium falciparum W2 after 48 hrs by LDH reporter assay,,,,W2,W2,,W2,5.82
CHEMBL4741532,,,445.54,0.0,4.15,"68-A, Single Enantiomer",O=C(Cc1ccc(O)cc1)N1CC(CNc2ccccc2)C2(C1)CN(c1ccc(F)cc1)C2,IC50,'=',103.0,nM,6.99,,,UO_0000065,0,CHEMBL4737829,organism-based format,Erythrocyte,CHEMBL4732202,1,Scientific Literature,J Med Chem,,Antiplasmodial activity against multidrug-sensitive Plasmodium falciparum NF54 transfected with GFP-Luc infected in human erythrocytes assessed as reduction in [3H]-hypoxanthine incorporation pretreated for 48 hrs followed by [3H]-hypoxanthine addition measured after 24 hrs by liquid scintillation counting method,,,,NF54,NF54,,NF54,6.99
CHEMBL4760020,,,517.5,1.0,4.98,99,O=C(N1CC(CNc2ccc(F)cc2)C2(C1)CN(c1cc(F)cc(F)c1)C2)C(F)(F)c1ccc(O)cc1,IC50,'=',2500.0,nM,5.6,,,UO_0000065,0,CHEMBL4737829,organism-based format,Erythrocyte,CHEMBL4732202,1,Scientific Literature,J Med Chem,,Antiplasmodial activity against multidrug-sensitive Plasmodium falciparum NF54 transfected with GFP-Luc infected in human erythrocytes assessed as reduction in [3H]-hypoxanthine incorporation pretreated for 48 hrs followed by [3H]-hypoxanthine addition measured after 24 hrs by liquid scintillation counting method,,,,NF54,NF54,,NF54,5.6
CHEMBL4166227,,,462.61,0.0,0.45,5c,Clc1cccc2c1-c1ccccc1[I+]2.O=S(=O)([O-])C(F)(F)F,IC50,'=',50.0,nM,7.3,,,UO_0000065,0,CHEMBL4146076,organism-based format,,CHEMBL4145448,1,Scientific Literature,Eur J Med Chem,,Growth inhibition of CQ-sensitive GFP-fused Plasmodium falciparum D10 after 90 hrs by ethidium bromide staining based flow cytometry,,,,D10,D10,,D10,7.3
CHEMBL4173205,,,442.2,0.0,0.1,5j,Cc1ccc2c(c1)[I+]c1ccccc1-2.O=S(=O)([O-])C(F)(F)F,IC50,'=',230.0,nM,6.64,,,UO_0000065,0,CHEMBL4146076,organism-based format,,CHEMBL4145448,1,Scientific Literature,Eur J Med Chem,,Growth inhibition of CQ-sensitive GFP-fused Plasmodium falciparum D10 after 90 hrs by ethidium bromide staining based flow cytometry,,,,D10,D10,,D10,6.64
CHEMBL4171495,,,496.17,0.0,0.81,5q,FC(F)(F)c1cccc2c1-c1ccccc1[I+]2.O=S(=O)([O-])C(F)(F)F,IC50,'=',130.0,nM,6.89,,,UO_0000065,0,CHEMBL4146076,organism-based format,,CHEMBL4145448,1,Scientific Literature,Eur J Med Chem,,Growth inhibition of CQ-sensitive GFP-fused Plasmodium falciparum D10 after 90 hrs by ethidium bromide staining based flow cytometry,,,,D10,D10,,D10,6.89
CHEMBL4174927,,,476.64,0.0,0.76,5s,Cc1ccc(Cl)c2c1[I+]c1ccccc1-2.O=S(=O)([O-])C(F)(F)F,IC50,'=',110.0,nM,6.96,,,UO_0000065,0,CHEMBL4146076,organism-based format,,CHEMBL4145448,1,Scientific Literature,Eur J Med Chem,,Growth inhibition of CQ-sensitive GFP-fused Plasmodium falciparum D10 after 90 hrs by ethidium bromide staining based flow cytometry,,,,D10,D10,,D10,6.96
CHEMBL557745,,,535.61,1.0,5.22,27,CCCCCNC(=N)c1ccc(N2CCN(c3ccc(C(=N)NCCCCC)cc3)CC2)cc1.Cl.Cl,IC50,'=',210.0,nM,6.68,,,UO_0000065,0,CHEMBL926257,organism-based format,,CHEMBL1140635,1,Scientific Literature,Bioorg Med Chem,,Antiplasmodial activity against chloroquine-sensitive Plasmodium falciparum D6 by LDH reporter assay,,,,D6,D6,,D6,6.68
CHEMBL4763061,,,442.95,0.0,2.57,11,Cl.O=C(NO)c1cnc(N2CCC3(CCN(Cc4c[nH]c5ccccc45)C3)CC2)nc1,IC50,'=',32.3,nM,7.49,,,UO_0000065,0,CHEMBL4714005,organism-based format,,CHEMBL4706683,1,Scientific Literature,J Med Chem,,Antimalarial activity against synchronized schizont stage transgenic Plasmodium falciparum 3D7 with C-terminal 3xTY1-fused HDAC1 knockdown assessed as parasite growth inhibition pretreated with glucosamine followed by compound treatment and incubated for 4 hrs followed by compound washout for thrice and subsequent culturing for 68 hrs by SYBR Green 1 staining based analysis,,,,3D7,3D7,,3D7,7.49
CHEMBL4799480,,,828.32,2.0,6.57,3,COc1cc(CCN(C)CCCN(C)C(=O)[C@H](CCN(C)CCc2cc(OC)c(Br)cc2Br)N(C)C)c(Br)cc1Br,IC50,'=',610.0,nM,6.21,,,UO_0000065,0,CHEMBL4704471,organism-based format,,CHEMBL4699594,1,Scientific Literature,J Nat Prod,,Antiplasmodial activity against chloroquine-sensitive Plasmodium falciparum 3D7 ring stage incubated for 72 hrs by DAPI-staining based imaging analysis,,,,3D7,3D7,,3D7,6.21
CHEMBL4791555,,,549.52,2.0,5.45,87,O=C(Cc1ccc(O)c(C(F)(F)F)c1)N1CC(CNc2ccc(F)cc2)C2(C1)CN(c1cc(F)cc(F)c1)C2,IC50,'=',44.0,nM,7.36,,,UO_0000065,0,CHEMBL4737829,organism-based format,Erythrocyte,CHEMBL4732202,1,Scientific Literature,J Med Chem,,Antiplasmodial activity against multidrug-sensitive Plasmodium falciparum NF54 transfected with GFP-Luc infected in human erythrocytes assessed as reduction in [3H]-hypoxanthine incorporation pretreated for 48 hrs followed by [3H]-hypoxanthine addition measured after 24 hrs by liquid scintillation counting method,,,,NF54,NF54,,NF54,7.36
CHEMBL2041980,-390048,1.0,393.39,0.0,3.82,48,CS(=O)(=O)c1ccc(-c2cnc(N)c(-c3ccc(C(F)(F)F)nc3)c2)cc1,IC50,'=',28.0,nM,7.55,,,UO_0000065,0,CHEMBL4737829,organism-based format,Erythrocyte,CHEMBL4732202,1,Scientific Literature,J Med Chem,,Antiplasmodial activity against multidrug-sensitive Plasmodium falciparum NF54 transfected with GFP-Luc infected in human erythrocytes assessed as reduction in [3H]-hypoxanthine incorporation pretreated for 48 hrs followed by [3H]-hypoxanthine addition measured after 24 hrs by liquid scintillation counting method,,,,NF54,NF54,,NF54,7.55
CHEMBL4764956,,,427.55,0.0,4.01,"1-A, Single Enantiomer",O=C(Cc1ccc(O)cc1)N1CC(CNc2ccccc2)C2(C1)CN(c1ccccc1)C2,IC50,'=',614.0,nM,6.21,,,UO_0000065,0,CHEMBL4737839,organism-based format,,CHEMBL4732202,1,Scientific Literature,J Med Chem,,Antiplasmodial activity against asexual stage Plasmodium falciparum NF54 assessed as inhibition of female gamete formation in ookinete medium measured after 24 hrs by fluorescence microscopic analysis,,,,NF54,NF54,,NF54,6.21
CHEMBL249428,,,322.87,0.0,3.13,A131,CN(C)CCCNC(=S)Nc1ccnc2cc(Cl)ccc12,IC50,'=',1200.0,nM,5.92,,,UO_0000065,0,CHEMBL941940,organism-based format,,CHEMBL1139820,1,Scientific Literature,Bioorg Med Chem Lett,,Antiplasmodial activity against chloroquine-sensitive Plasmodium falciparum D10 in LDH reporter assay after 48 hrs,,,,D10,D10,,D10,5.92
CHEMBL50498,MERIDIANIN A,,226.24,0.0,1.91,2,Nc1nccc(-c2c[nH]c3cccc(O)c23)n1,IC50,'=',12000.0,nM,4.92,,,UO_0000065,0,CHEMBL1831569,organism-based format,,CHEMBL1828602,1,Scientific Literature,Bioorg Med Chem,,Antimalarial activity against transgenic Plasmodium falciparum 3D7 infected in human A positive erythrocytes after 72 hrs by luciferase reporter gene assay,,,,3D7,3D7,,3D7,4.92
CHEMBL522052,,,538.52,2.0,8.54,5a,Clc1ccc(C(Nc2ccnc3cc(Cl)ccc23)(c2ccccc2)c2ccc(CN3CCCC3)cc2)cc1,IC50,'=',51.0,nM,7.29,,,UO_0000065,0,CHEMBL1012852,organism-based format,,CHEMBL1139381,1,Scientific Literature,J Med Chem,,Antimalarial activity after 72 hrs against chloroquine-resistant Plasmodium falciparum W2 infected human A+ erythrocytes by Makler LDH reporter assay,,,,W2,W2,,W2,7.29
CHEMBL522731,,,495.98,1.0,7.7,4c,FC(F)(F)c1ccc2c(NC(c3ccc(Cl)cc3)c3ccc(CN4CCCC4)cc3)ccnc2c1,IC50,'=',90.0,nM,7.05,,,UO_0000065,0,CHEMBL1012852,organism-based format,,CHEMBL1139381,1,Scientific Literature,J Med Chem,,Antimalarial activity after 72 hrs against chloroquine-resistant Plasmodium falciparum W2 infected human A+ erythrocytes by Makler LDH reporter assay,,,,W2,W2,,W2,7.05
CHEMBL4070451,,,522.33,2.0,7.27,31,N/C(CC(O)c1cc2c(Cl)cc(Cl)cc2c2cc(C(F)(F)F)ccc12)=N\N=C\c1ccc(F)cc1,IC50,'=',31.0,nM,7.51,,,UO_0000065,0,CHEMBL4013661,assay format,,CHEMBL4011644,1,Scientific Literature,J Med Chem,,Gametocytocidal activity against transgenic GFP-fused Plasmodium falciparum NF54 early stage gametocytes after 72 hrs by Mitotracker Red CMH2XRos staining based confocal microscopic method,,,,NF54,NF54,,NF54,7.51
CHEMBL4170716,,,458.2,0.0,-0.2,5b,COc1cccc2c1-c1ccccc1[I+]2.O=S(=O)([O-])C(F)(F)F,IC50,'=',170.0,nM,6.77,,,UO_0000065,0,CHEMBL4146076,organism-based format,,CHEMBL4145448,1,Scientific Literature,Eur J Med Chem,,Growth inhibition of CQ-sensitive GFP-fused Plasmodium falciparum D10 after 90 hrs by ethidium bromide staining based flow cytometry,,,,D10,D10,,D10,6.77
CHEMBL4174142,,,446.16,0.0,-0.07,5d,Fc1cccc2c1-c1ccccc1[I+]2.O=S(=O)([O-])C(F)(F)F,IC50,'=',50.0,nM,7.3,,,UO_0000065,0,CHEMBL4146076,organism-based format,,CHEMBL4145448,1,Scientific Literature,Eur J Med Chem,,Growth inhibition of CQ-sensitive GFP-fused Plasmodium falciparum D10 after 90 hrs by ethidium bromide staining based flow cytometry,,,,D10,D10,,D10,7.3
CHEMBL500770,,,570.65,3.0,2.45,NA50,OC[C@H]1O[C@@H](n2cnc3c(NCCC(c4ccccc4)c4ccccc4)nc(NCCc4cnc[nH]4)nc32)[C@H](O)[C@@H]1O,IC50,'=',8170.0,nM,5.09,,,UO_0000065,0,CHEMBL941604,organism-based format,,CHEMBL1137633,1,Scientific Literature,Antimicrob Agents Chemother,,Antiplasmodial activity against chloroquine and pyrimethamine-resistant Plasmodium falciparum K1 infected mice (Mus musculus) macrophage by reporter dye assay,,,,K1,K1,,K1,5.09
CHEMBL445822,,,610.72,2.0,3.7,NA49,OC[C@H]1O[C@@H](n2cnc3c(NCCC(c4ccccc4)c4ccccc4)nc(NCCOCc4ccccc4)nc32)[C@H](O)[C@@H]1O,IC50,'=',3060.0,nM,5.51,,,UO_0000065,0,CHEMBL941604,organism-based format,,CHEMBL1137633,1,Scientific Literature,Antimicrob Agents Chemother,,Antiplasmodial activity against chloroquine and pyrimethamine-resistant Plasmodium falciparum K1 infected mice (Mus musculus) macrophage by reporter dye assay,,,,K1,K1,,K1,5.51
CHEMBL495619,,,367.88,1.0,5.07,3d,OC[C@H](OCc1ccccc1)[C@H](Nc1ccccc1)c1ccc(Cl)cc1,IC50,'=',6360.0,nM,5.2,,,UO_0000065,0,CHEMBL1004946,organism-based format,,CHEMBL1136969,1,Scientific Literature,J Med Chem,,Antiplasmodial activity after 48 hrs against chloroquine-sensitive Plasmodium falciparum D10 infected human erythrocytes by LDH reporter assay,,,,D10,D10,,D10,5.2
CHEMBL497840,,,363.43,0.0,4.8,4g,Fc1ccccc1[C@@H]1[C@H](Oc2ccccc2)COCN1Cc1ccccc1,IC50,'=',16810.0,nM,4.77,,,UO_0000065,0,CHEMBL1004946,organism-based format,,CHEMBL1136969,1,Scientific Literature,J Med Chem,,Antiplasmodial activity after 48 hrs against chloroquine-sensitive Plasmodium falciparum D10 infected human erythrocytes by LDH reporter assay,,,,D10,D10,,D10,4.77
CHEMBL525174,,,311.43,0.0,4.18,4i,CCCN1COC[C@@H](Oc2ccccc2)[C@H]1c1ccc(C)cc1,IC50,'=',129020.0,nM,,Outside typical range,,UO_0000065,0,CHEMBL1004946,organism-based format,,CHEMBL1136969,1,Scientific Literature,J Med Chem,,Antiplasmodial activity after 48 hrs against chloroquine-sensitive Plasmodium falciparum D10 infected human erythrocytes by LDH reporter assay,,,,D10,D10,,D10,3.89
CHEMBL496163,,,474.0,1.0,5.93,4j,COc1ccc2nccc(NC(c3ccc(CN4CCOCC4)cc3)c3cccc(Cl)c3)c2c1,IC50,'=',127.0,nM,6.9,,,UO_0000065,0,CHEMBL1012852,organism-based format,,CHEMBL1139381,1,Scientific Literature,J Med Chem,,Antimalarial activity after 72 hrs against chloroquine-resistant Plasmodium falciparum W2 infected human A+ erythrocytes by Makler LDH reporter assay,,,,W2,W2,,W2,6.9
CHEMBL496377,,,542.51,2.0,8.5,4l,COc1ccc2nc3cc(Cl)ccc3c(NC(c3ccc(Cl)cc3)c3ccc(CN4CCCC4)cc3)c2c1,IC50,'=',59.0,nM,7.23,,,UO_0000065,0,CHEMBL1012852,organism-based format,,CHEMBL1139381,1,Scientific Literature,J Med Chem,,Antimalarial activity after 72 hrs against chloroquine-resistant Plasmodium falciparum W2 infected human A+ erythrocytes by Makler LDH reporter assay,,,,W2,W2,,W2,7.23
CHEMBL498011,,,458.01,1.0,6.69,4b,COc1ccc2nccc(NC(c3ccc(Cl)cc3)c3ccc(CN4CCCC4)cc3)c2c1,IC50,'=',82.0,nM,7.09,,,UO_0000065,0,CHEMBL1012852,organism-based format,,CHEMBL1139381,1,Scientific Literature,J Med Chem,,Antimalarial activity after 72 hrs against chloroquine-resistant Plasmodium falciparum W2 infected human A+ erythrocytes by Makler LDH reporter assay,,,,W2,W2,,W2,7.09
CHEMBL524091,,,511.98,2.0,6.94,4k,FC(F)(F)c1ccc2c(NC(c3ccc(CN4CCOCC4)cc3)c3cccc(Cl)c3)ccnc2c1,IC50,'=',234.0,nM,6.63,,,UO_0000065,0,CHEMBL1012851,organism-based format,,CHEMBL1139381,1,Scientific Literature,J Med Chem,,Antimalarial activity after 72 hrs against chloroquine-sensitive Plasmodium falciparum D10 infected human A+ erythrocytes in Makler LDH reporter assay,,,,D10,D10,,D10,6.63
CHEMBL4168818,,,458.2,0.0,-0.2,5f,COc1ccc2c(c1)-c1ccccc1[I+]2.O=S(=O)([O-])C(F)(F)F,IC50,'=',100.0,nM,7.0,,,UO_0000065,0,CHEMBL4146076,organism-based format,,CHEMBL4145448,1,Scientific Literature,Eur J Med Chem,,Growth inhibition of CQ-sensitive GFP-fused Plasmodium falciparum D10 after 90 hrs by ethidium bromide staining based flow cytometry,,,,D10,D10,,D10,7.0
CHEMBL4161048,,,478.23,0.0,0.95,5p,O=S(=O)([O-])C(F)(F)F.c1ccc2c(c1)[I+]c1c-2ccc2ccccc12,IC50,'=',120.0,nM,6.92,,,UO_0000065,0,CHEMBL4146076,organism-based format,,CHEMBL4145448,1,Scientific Literature,Eur J Med Chem,,Growth inhibition of CQ-sensitive GFP-fused Plasmodium falciparum D10 after 90 hrs by ethidium bromide staining based flow cytometry,,,,D10,D10,,D10,6.92
CHEMBL4163592,,,512.17,0.0,0.69,5r,FC(F)(F)Oc1cccc2c1-c1ccccc1[I+]2.O=S(=O)([O-])C(F)(F)F,IC50,'=',130.0,nM,6.89,,,UO_0000065,0,CHEMBL4146076,organism-based format,,CHEMBL4145448,1,Scientific Literature,Eur J Med Chem,,Growth inhibition of CQ-sensitive GFP-fused Plasmodium falciparum D10 after 90 hrs by ethidium bromide staining based flow cytometry,,,,D10,D10,,D10,6.89
CHEMBL4163179,,,476.64,0.0,0.76,5w,Cc1cccc2c1-c1cccc(Cl)c1[I+]2.O=S(=O)([O-])C(F)(F)F,IC50,'=',110.0,nM,6.96,,,UO_0000065,0,CHEMBL4146076,organism-based format,,CHEMBL4145448,1,Scientific Literature,Eur J Med Chem,,Growth inhibition of CQ-sensitive GFP-fused Plasmodium falciparum D10 after 90 hrs by ethidium bromide staining based flow cytometry,,,,D10,D10,,D10,6.96
CHEMBL4165957,,,453.18,0.0,-0.33,5g,N#Cc1ccc2c(c1)-c1ccccc1[I+]2.O=S(=O)([O-])C(F)(F)F,IC50,'=',90.0,nM,7.05,,,UO_0000065,0,CHEMBL4146077,organism-based format,,CHEMBL4145448,1,Scientific Literature,Eur J Med Chem,,Growth inhibition of drug-resistant GFP-fused Plasmodium falciparum D10 after 90 hrs by ethidium bromide staining based flow cytometry,,,,D10,D10,,D10,7.05
CHEMBL4171495,,,496.17,0.0,0.81,5q,FC(F)(F)c1cccc2c1-c1ccccc1[I+]2.O=S(=O)([O-])C(F)(F)F,IC50,'=',140.0,nM,6.85,,,UO_0000065,0,CHEMBL4146077,organism-based format,,CHEMBL4145448,1,Scientific Literature,Eur J Med Chem,,Growth inhibition of drug-resistant GFP-fused Plasmodium falciparum D10 after 90 hrs by ethidium bromide staining based flow cytometry,,,,D10,D10,,D10,6.85
CHEMBL592123,,,425.96,0.0,4.84,787,CCCOCc1cc(CN2CCN(c3cccc(Cl)c3)CC2)c(O)c2ncccc12,IC50,'=',961.0,nM,6.02,,,UO_0000065,0,CHEMBL3392923,organism-based format,,CHEMBL3392922,17,Medicines for Malaria Venture () Malaria Box,,,"MMV: IC50 determined against P. falciparum Dd2-luc strain using a Malaria Sybr Green I Fluorescence assay. Starting conditions were 1% trophozoite synchronised parasites at 2% haematocrit. Fluorescence detection completed after 48hr incubation at 37 degrees C under 1% O2, 3% CO2 and balance N2.",,,,Dd2-luc,Dd2,,Dd2,6.02
CHEMBL592123,,,425.96,0.0,4.84,787,CCCOCc1cc(CN2CCN(c3cccc(Cl)c3)CC2)c(O)c2ncccc12,IC50,'=',3800.97,nM,5.42,,,UO_0000065,0,CHEMBL3301557,organism-based format,,CHEMBL3301555,17,Medicines for Malaria Venture () Malaria Box,,,"MMV: Measure of pLDH activity as indication of parasite viability. Gametocytogenesis of 3D7 Plasmodium falciparum strain was induced in vitro and asexual parasites were depleted with N-acetylglucosamine. Gametocytes were treated with dihydroartemisinin, epoxomicin, methylene blue, primaquine, puromycin or chloroquine in 96-well plates and the pLDH activity was evaluated using a modified Makler protocol. Mosquito infectivity was measured by the standard membrane feeding assay. The IC50 value was extrapolated as the concentration that induced a 50% inhibition of gametocyte viability.",,,,3D7,3D7,,3D7,5.42
CHEMBL106525,,,368.48,0.0,4.88,6172,CN1CCN(c2ccc(Nc3c4ccccc4nc4ccccc34)cc2)CC1,IC50,'=',732.02,nM,6.13,,,UO_0000065,0,CHEMBL3301557,organism-based format,,CHEMBL3301555,17,Medicines for Malaria Venture () Malaria Box,,,"MMV: Measure of pLDH activity as indication of parasite viability. Gametocytogenesis of 3D7 Plasmodium falciparum strain was induced in vitro and asexual parasites were depleted with N-acetylglucosamine. Gametocytes were treated with dihydroartemisinin, epoxomicin, methylene blue, primaquine, puromycin or chloroquine in 96-well plates and the pLDH activity was evaluated using a modified Makler protocol. Mosquito infectivity was measured by the standard membrane feeding assay. The IC50 value was extrapolated as the concentration that induced a 50% inhibition of gametocyte viability.",,,,3D7,3D7,,3D7,6.14
CHEMBL602946,,,450.58,1.0,5.35,634,CC1CCCCN1CCCNC(=O)c1ccc2c(c1)sc1nc(-c3ccc(F)cc3)cn12,IC50,'=',558.9,nM,6.25,,,UO_0000065,0,CHEMBL3392923,organism-based format,,CHEMBL3392922,17,Medicines for Malaria Venture () Malaria Box,,,"MMV: IC50 determined against P. falciparum Dd2-luc strain using a Malaria Sybr Green I Fluorescence assay. Starting conditions were 1% trophozoite synchronised parasites at 2% haematocrit. Fluorescence detection completed after 48hr incubation at 37 degrees C under 1% O2, 3% CO2 and balance N2.",,,,Dd2-luc,Dd2,,Dd2,6.25
CHEMBL4756859,,,414.39,0.0,3.23,9f,Nc1ncc(-c2ccc(C(=O)N3CC(O)C3)cc2)nc1-c1ccc(C(F)(F)F)cc1,IC50,'=',45.0,nM,7.35,,,UO_0000065,0,CHEMBL4719503,organism-based format,,CHEMBL4715789,1,Scientific Literature,J Med Chem,,Antiplasmodial activity against late stage (IV/V) Plasmodium falciparum NF54 gametocytes incubated for 48 hrs by luciferase reporter gene assay,,,,NF54,NF54,,NF54,7.35
CHEMBL602211,,,359.48,0.0,3.73,6706,Cc1cc(N2CCN(C3CCCC3)CC2)n2c(nc3ccccc32)c1C#N,IC50,'=',915.5,nM,6.04,,,UO_0000065,0,CHEMBL3392923,organism-based format,,CHEMBL3392922,17,Medicines for Malaria Venture () Malaria Box,,,"MMV: IC50 determined against P. falciparum Dd2-luc strain using a Malaria Sybr Green I Fluorescence assay. Starting conditions were 1% trophozoite synchronised parasites at 2% haematocrit. Fluorescence detection completed after 48hr incubation at 37 degrees C under 1% O2, 3% CO2 and balance N2.",,,,Dd2-luc,Dd2,,Dd2,6.04
CHEMBL601158,,,245.32,0.0,3.6,6820,CCCCc1c(C)nc2c(OC)cccc2c1O,IC50,'=',1413.0,nM,5.85,,,UO_0000065,0,CHEMBL3392923,organism-based format,,CHEMBL3392922,17,Medicines for Malaria Venture () Malaria Box,,,"MMV: IC50 determined against P. falciparum Dd2-luc strain using a Malaria Sybr Green I Fluorescence assay. Starting conditions were 1% trophozoite synchronised parasites at 2% haematocrit. Fluorescence detection completed after 48hr incubation at 37 degrees C under 1% O2, 3% CO2 and balance N2.",,,,Dd2-luc,Dd2,,Dd2,5.85
CHEMBL578030,,,357.89,0.0,4.75,7020,CCOc1ccc2nc(C)cc(Nc3ccc(N(C)C)cc3)c2c1.Cl,IC50,'=',997.7,nM,6.0,,,UO_0000065,0,CHEMBL3392923,organism-based format,,CHEMBL3392922,17,Medicines for Malaria Venture () Malaria Box,,,"MMV: IC50 determined against P. falciparum Dd2-luc strain using a Malaria Sybr Green I Fluorescence assay. Starting conditions were 1% trophozoite synchronised parasites at 2% haematocrit. Fluorescence detection completed after 48hr incubation at 37 degrees C under 1% O2, 3% CO2 and balance N2.",,,,Dd2-luc,Dd2,,Dd2,6.0
CHEMBL582070,,,274.32,0.0,2.76,7808,COc1nc(Nc2ccc(C(C)C)cc2)nc(OC)n1,IC50,'=',365.1,nM,6.44,,,UO_0000065,0,CHEMBL3392923,organism-based format,,CHEMBL3392922,17,Medicines for Malaria Venture () Malaria Box,,,"MMV: IC50 determined against P. falciparum Dd2-luc strain using a Malaria Sybr Green I Fluorescence assay. Starting conditions were 1% trophozoite synchronised parasites at 2% haematocrit. Fluorescence detection completed after 48hr incubation at 37 degrees C under 1% O2, 3% CO2 and balance N2.",,,,Dd2-luc,Dd2,,Dd2,6.44
CHEMBL602764,,,274.32,0.0,3.41,7906,CCCCOc1ccc(C(=O)Nc2cc(C)on2)cc1,IC50,'=',783.0,nM,6.11,,,UO_0000065,0,CHEMBL3392923,organism-based format,,CHEMBL3392922,17,Medicines for Malaria Venture () Malaria Box,,,"MMV: IC50 determined against P. falciparum Dd2-luc strain using a Malaria Sybr Green I Fluorescence assay. Starting conditions were 1% trophozoite synchronised parasites at 2% haematocrit. Fluorescence detection completed after 48hr incubation at 37 degrees C under 1% O2, 3% CO2 and balance N2.",,,,Dd2-luc,Dd2,,Dd2,6.11
CHEMBL470514,,,267.36,0.0,4.26,7907,Cc1ccc(Nc2nc(-c3ccccn3)cs2)cc1,IC50,'=',479.1,nM,6.32,,,UO_0000065,0,CHEMBL3392923,organism-based format,,CHEMBL3392922,17,Medicines for Malaria Venture () Malaria Box,,,"MMV: IC50 determined against P. falciparum Dd2-luc strain using a Malaria Sybr Green I Fluorescence assay. Starting conditions were 1% trophozoite synchronised parasites at 2% haematocrit. Fluorescence detection completed after 48hr incubation at 37 degrees C under 1% O2, 3% CO2 and balance N2.",,,,Dd2-luc,Dd2,,Dd2,6.32
CHEMBL529984,,,316.79,0.0,4.0,8212,COc1ccc2nc(C)cc(Nc3cccc(O)c3)c2c1.Cl,IC50,'=',941.4,nM,6.03,,,UO_0000065,0,CHEMBL3392923,organism-based format,,CHEMBL3392922,17,Medicines for Malaria Venture () Malaria Box,,,"MMV: IC50 determined against P. falciparum Dd2-luc strain using a Malaria Sybr Green I Fluorescence assay. Starting conditions were 1% trophozoite synchronised parasites at 2% haematocrit. Fluorescence detection completed after 48hr incubation at 37 degrees C under 1% O2, 3% CO2 and balance N2.",,,,Dd2-luc,Dd2,,Dd2,6.03
CHEMBL319952,,,367.49,0.0,3.73,9015,O=C(CCc1ccccc1)c1ccccc1OCC(O)CN1CCCCC1,IC50,'=',1093.0,nM,5.96,,,UO_0000065,0,CHEMBL3392923,organism-based format,,CHEMBL3392922,17,Medicines for Malaria Venture () Malaria Box,,,"MMV: IC50 determined against P. falciparum Dd2-luc strain using a Malaria Sybr Green I Fluorescence assay. Starting conditions were 1% trophozoite synchronised parasites at 2% haematocrit. Fluorescence detection completed after 48hr incubation at 37 degrees C under 1% O2, 3% CO2 and balance N2.",,,,Dd2-luc,Dd2,,Dd2,5.96
CHEMBL536393,,,373.41,0.0,4.5,19124,COc1cc(OC)cc(C(=O)Nc2ccc(-c3nc4ccccc4[nH]3)cc2)c1,IC50,'=',521.0,nM,6.28,,,UO_0000065,0,CHEMBL3392923,organism-based format,,CHEMBL3392922,17,Medicines for Malaria Venture () Malaria Box,,,"MMV: IC50 determined against P. falciparum Dd2-luc strain using a Malaria Sybr Green I Fluorescence assay. Starting conditions were 1% trophozoite synchronised parasites at 2% haematocrit. Fluorescence detection completed after 48hr incubation at 37 degrees C under 1% O2, 3% CO2 and balance N2.",,,,Dd2-luc,Dd2,,Dd2,6.28
CHEMBL530973,,,456.51,0.0,4.03,665977,CCOC(=O)c1cn(CC)c2cc(N(C)CCc3ccc(OC)c(OC)c3)c(F)cc2c1=O,IC50,'=',44.95,nM,7.35,,,UO_0000065,0,CHEMBL3301456,organism-based format,,CHEMBL3301451,17,Medicines for Malaria Venture () Malaria Box,,,MMV: P. falciparum NF54 functionally mature Stage V gametocytes were incubated for 24 hr in the presence of the test compounds. Gamete formation was then triggered by addition of 2uM xantheurenic acid and temperature decrease to ~20C. Male gamete exflagellation was recorded and analysed by automated microscopy after 20 min. All compounds were tested in 4 independent experiments and data presented here is the mean. IC50s determined for selected compounds.,,,,NF54,NF54,,NF54,7.35
CHEMBL592105,METHYLROSANILINE,-1.0,389.54,0.0,4.17,665941,CN(C)c1ccc(C(O)(c2ccc(N(C)C)cc2)c2ccc(N(C)C)cc2)cc1,IC50,'=',977.3,nM,6.01,,,UO_0000065,0,CHEMBL3301456,organism-based format,,CHEMBL3301451,17,Medicines for Malaria Venture () Malaria Box,,,MMV: P. falciparum NF54 functionally mature Stage V gametocytes were incubated for 24 hr in the presence of the test compounds. Gamete formation was then triggered by addition of 2uM xantheurenic acid and temperature decrease to ~20C. Male gamete exflagellation was recorded and analysed by automated microscopy after 20 min. All compounds were tested in 4 independent experiments and data presented here is the mean. IC50s determined for selected compounds.,,,,NF54,NF54,,NF54,6.01
CHEMBL4063658,,,452.56,0.0,2.96,1h,CN(C)c1ccc(C(=O)N(CC(=O)NC2CCCCC2)Cc2ccc(C(=O)NO)cc2)cc1,IC50,'=',2360.0,nM,5.63,,,UO_0000065,0,CHEMBL4268538,organism-based format,,CHEMBL4265952,1,Scientific Literature,Eur J Med Chem,,Gametocytocidal activity against transgenic GFP-fused Plasmodium falciparum NF54 early stage gametocytes after 72 hrs by Mitotracker Red CMH2XRos staining based imaging method,,,,NF54,NF54,,NF54,5.63
CHEMBL238441,,,412.49,0.0,4.75,16,Nc1ccc(-n2nc(-c3ccc(Oc4ccccc4)cc3)cc2N2CCOCC2)cc1,IC50,'=',6500.0,nM,5.19,,,UO_0000065,0,CHEMBL901502,organism-based format,L6,CHEMBL1138251,1,Scientific Literature,J Med Chem,CHEMBL3308469,"Antiparasitic activity against chloroquine, pyrimethamine-resistant Plasmodium falciparum K1 erythrocyte stage infected rat L6 cells",,,,K1,K1,,K1,5.19
CHEMBL477281,,,470.57,0.0,1.42,NA116,OC[C@H]1O[C@@H](n2cnc3c(NC45CC6CC(CC(C6)C4)C5)nc(N4CCCC4)nc32)[C@H](O)[C@@H]1O,IC50,'=',6200.0,nM,5.21,,,UO_0000065,0,CHEMBL941604,organism-based format,,CHEMBL1137633,1,Scientific Literature,Antimicrob Agents Chemother,,Antiplasmodial activity against chloroquine and pyrimethamine-resistant Plasmodium falciparum K1 infected mice (Mus musculus) macrophage by reporter dye assay,,,,K1,K1,,K1,5.21
CHEMBL503217,,,616.72,1.0,4.84,NA117,OC[C@H]1O[C@@H](n2cnc3c(NCCC(c4ccccc4)c4ccccc4)nc(NCc4cccc5ccccc45)nc32)[C@H](O)[C@@H]1O,IC50,'=',1560.0,nM,5.81,,,UO_0000065,0,CHEMBL941604,organism-based format,,CHEMBL1137633,1,Scientific Literature,Antimicrob Agents Chemother,,Antiplasmodial activity against chloroquine and pyrimethamine-resistant Plasmodium falciparum K1 infected mice (Mus musculus) macrophage by reporter dye assay,,,,K1,K1,,K1,5.81
CHEMBL510005,,,572.67,3.0,2.46,NA126,OC[C@H]1O[C@@H](n2cnc3c(NCCC4CNc5ccccc54)nc(NCCC4CNc5ccccc54)nc32)[C@H](O)[C@@H]1O,IC50,'=',2460.0,nM,5.61,,,UO_0000065,0,CHEMBL941604,organism-based format,,CHEMBL1137633,1,Scientific Literature,Antimicrob Agents Chemother,,Antiplasmodial activity against chloroquine and pyrimethamine-resistant Plasmodium falciparum K1 infected mice (Mus musculus) macrophage by reporter dye assay,,,,K1,K1,,K1,5.61
CHEMBL427458,,,715.84,2.0,6.53,Trioxaquine 5,COc1cc(NC(C)CCCNC2CCC3(CC2)OO[C@@]2(C)CCC(C(C)C)=C[C@H]2O3)c2ncccc2c1.O=C(O)CC(O)(CC(=O)O)C(=O)O,IC50,'=',57.0,nM,7.24,,,UO_0000065,0,CHEMBL918322,organism-based format,,CHEMBL1147097,1,Scientific Literature,Antimicrob Agents Chemother,,Antimalarial activity against chloroquine-resistant Plasmodium falciparum W2 gametocytes (stage 2 & 3),,,,W2,W2,,W2,7.24
CHEMBL361497,ARTESUNATE,4.0,384.43,0.0,2.6,artesunate,C[C@H]1[C@H](OC(=O)CCC(=O)O)O[C@@H]2O[C@@]3(C)CC[C@H]4[C@H](C)CC[C@@H]1[C@@]24OO3,IC50,'=',72.0,nM,7.14,,,UO_0000065,0,CHEMBL918322,organism-based format,,CHEMBL1147097,1,Scientific Literature,Antimicrob Agents Chemother,,Antimalarial activity against chloroquine-resistant Plasmodium falciparum W2 gametocytes (stage 2 & 3),,,,W2,W2,,W2,7.14
CHEMBL4792300,,,636.22,0.0,3.65,1,COc1cc(CCN(C)CCCN(C)C)c(Br)cc1Br.O=C(O)C(F)(F)F.O=C(O)C(F)(F)F,IC50,'=',1700.0,nM,5.77,,,UO_0000065,0,CHEMBL4704471,organism-based format,,CHEMBL4699594,1,Scientific Literature,J Nat Prod,,Antiplasmodial activity against chloroquine-sensitive Plasmodium falciparum 3D7 ring stage incubated for 72 hrs by DAPI-staining based imaging analysis,,,,3D7,3D7,,3D7,5.77
CHEMBL463023,VOLKENSIFLAVONE,,540.48,2.0,4.79,9,O=C1c2c(O)cc(O)cc2O[C@@H](c2ccc(O)cc2)[C@@H]1c1c(O)cc(O)c2c(=O)cc(-c3ccc(O)cc3)oc12,IC50,'=',48000.0,nM,4.32,,,UO_0000065,0,CHEMBL980501,organism-based format,,CHEMBL1157289,1,Scientific Literature,J Nat Prod,,Antiplasmodial activity against chloroquine-sensitive Plasmodium falciparum Ghana by LDH reporter assay,,,,Ghana,GHA,,GHA,4.32
CHEMBL495832,,,311.43,0.0,4.01,4a,CC(C)N1COC[C@@H](OCc2ccccc2)[C@H]1c1ccccc1,IC50,'=',66310.0,nM,4.18,,,UO_0000065,0,CHEMBL1004946,organism-based format,,CHEMBL1136969,1,Scientific Literature,J Med Chem,,Antiplasmodial activity after 48 hrs against chloroquine-sensitive Plasmodium falciparum D10 infected human erythrocytes by LDH reporter assay,,,,D10,D10,,D10,4.18
CHEMBL1172730,CRYPTOHEPTINE,,262.31,0.0,2.06,43,CN1C2=CC(O)=c3ccccc3=NC2c2ccccc21,IC50,'=',800.0,nM,6.1,,,UO_0000065,0,CHEMBL1177465,organism-based format,,CHEMBL1177693,1,Scientific Literature,Bioorg Med Chem,,Antimalarial activity against multidrug-resistant Plasmodium falciparum K1,,,,K1,K1,,K1,6.1
CHEMBL497513,,,263.3,0.0,3.58,5,COc1cc2cccnc2c2nc(C)c3cc[nH]c3c12,IC50,'=',9800.0,nM,5.01,,,UO_0000065,0,CHEMBL1004793,organism-based format,,CHEMBL1155951,1,Scientific Literature,Bioorg Med Chem Lett,,Antiplasmodial activity against chloroquine-resistant Plasmodium falciparum W2 gametocytes after 48 hrs by microscopy,,,,W2,W2,,W2,5.01
CHEMBL405110,METHYLENE BLUE ANHYDROUS,4.0,319.86,0.0,2.5,Methylene blue,CN(C)c1ccc2nc3ccc(N(C)C)cc3[s+]c2c1.[Cl-],IC50,'=',95.0,nM,7.02,,,UO_0000065,0,CHEMBL4338838,organism-based format,,CHEMBL4334542,1,Scientific Literature,ACS Med Chem Lett,,Antimalarial activity against Plasmodium falciparum NF54 early gametocytes transfected with luciferase gene incubated for 48 hrs by luciferase reporter gene assay,,,,NF54,NF54,,NF54,7.02
CHEMBL4559191,,,377.28,0.0,2.54,26,CC[n+]1c2c(n(CC(C)C)c1C)C(=O)c1ccccc1C2=O.[Br-],IC50,'=',1019.0,nM,5.99,,,UO_0000065,0,CHEMBL4338839,organism-based format,,CHEMBL4334542,1,Scientific Literature,ACS Med Chem Lett,,Antimalarial activity against Plasmodium falciparum NF54 late gametocytes transfected with luciferase gene incubated for 48 hrs by luciferase reporter gene assay,,,,NF54,NF54,,NF54,5.99
CHEMBL582478,,,420.51,0.0,3.92,704,CCOC(=O)c1cnc2ccc(OC)cc2c1Nc1ccc(N2CCN(C)CC2)cc1,IC50,'=',769.1,nM,6.11,,,UO_0000065,0,CHEMBL3392923,organism-based format,,CHEMBL3392922,17,Medicines for Malaria Venture () Malaria Box,,,"MMV: IC50 determined against P. falciparum Dd2-luc strain using a Malaria Sybr Green I Fluorescence assay. Starting conditions were 1% trophozoite synchronised parasites at 2% haematocrit. Fluorescence detection completed after 48hr incubation at 37 degrees C under 1% O2, 3% CO2 and balance N2.",,,,Dd2-luc,Dd2,,Dd2,6.11
CHEMBL547266,,,447.54,1.0,6.42,720,Cc1ccnc(NC(c2cccc(OCc3ccccc3)c2)c2ccc3cccnc3c2O)c1,IC50,'=',962.8,nM,6.02,,,UO_0000065,0,CHEMBL3392923,organism-based format,,CHEMBL3392922,17,Medicines for Malaria Venture () Malaria Box,,,"MMV: IC50 determined against P. falciparum Dd2-luc strain using a Malaria Sybr Green I Fluorescence assay. Starting conditions were 1% trophozoite synchronised parasites at 2% haematocrit. Fluorescence detection completed after 48hr incubation at 37 degrees C under 1% O2, 3% CO2 and balance N2.",,,,Dd2-luc,Dd2,,Dd2,6.02
CHEMBL581860,,,349.22,0.0,4.08,1041,OCCNc1nc(Nc2ccc(Cl)c(Cl)c2)nc2ccccc12,IC50,'=',418.7,nM,6.38,,,UO_0000065,0,CHEMBL3392923,organism-based format,,CHEMBL3392922,17,Medicines for Malaria Venture () Malaria Box,,,"MMV: IC50 determined against P. falciparum Dd2-luc strain using a Malaria Sybr Green I Fluorescence assay. Starting conditions were 1% trophozoite synchronised parasites at 2% haematocrit. Fluorescence detection completed after 48hr incubation at 37 degrees C under 1% O2, 3% CO2 and balance N2.",,,,Dd2-luc,Dd2,,Dd2,6.38
CHEMBL2419642,,,427.29,0.0,3.9,1b,C[n+]1c(/C=C/c2c[nH]c3ccccc23)cc(N)c2ccccc21.[I-],IC50,'=',300.0,nM,6.52,,,UO_0000065,0,CHEMBL2421230,organism-based format,,CHEMBL2417386,1,Scientific Literature,J Med Chem,,Gametocytocidal activity against synchronous stage 1 to 3 of transgenic Plasmodium falciparum NF54 gametocyte harboring pfs16 promoter assessed as parasite viability after 72 hrs by luciferase reporter gene assay,,,,NF54,NF54,,NF54,6.52
CHEMBL601378,,,420.33,1.0,6.7,7127,OC1=C2C(=Nc3ccccc3SC2c2ccc(Br)cc2)c2ccccc21,IC50,'=',3414.0,nM,5.47,,,UO_0000065,0,CHEMBL3301456,organism-based format,,CHEMBL3301451,17,Medicines for Malaria Venture () Malaria Box,,,MMV: P. falciparum NF54 functionally mature Stage V gametocytes were incubated for 24 hr in the presence of the test compounds. Gamete formation was then triggered by addition of 2uM xantheurenic acid and temperature decrease to ~20C. Male gamete exflagellation was recorded and analysed by automated microscopy after 20 min. All compounds were tested in 4 independent experiments and data presented here is the mean. IC50s determined for selected compounds.,,,,NF54,NF54,,NF54,5.47
CHEMBL4276668,,,445.52,0.0,4.01,1m,Cc1ccc(NC(=O)CN(Cc2ccc(C(=O)NO)cc2)C(=O)c2cc(C)cc(C)c2)cc1,IC50,'=',7280.0,nM,5.14,,,UO_0000065,0,CHEMBL4268539,organism-based format,,CHEMBL4265952,1,Scientific Literature,Eur J Med Chem,,Gametocytocidal activity against transgenic GFP-fused Plasmodium falciparum NF54 late stage gametocytes after 72 hrs by Mitotracker Red CMH2XRos staining based imaging method,,,,NF54,NF54,,NF54,5.14
CHEMBL405110,METHYLENE BLUE ANHYDROUS,4.0,319.86,0.0,2.5,Methylene blue,CN(C)c1ccc2nc3ccc(N(C)C)cc3[s+]c2c1.[Cl-],IC50,'=',480.0,nM,6.32,,,UO_0000065,0,CHEMBL4268540,organism-based format,,CHEMBL4265952,1,Scientific Literature,Eur J Med Chem,,Gametocytocidal activity against synchronized Plasmodium falciparum NF54 mature stage 5 gametocytes after 48 hrs by ATP bioluminescence assay,,,,NF54,NF54,,NF54,6.32
CHEMBL4288073,,,426.52,0.0,2.43,1d,CN(C)c1ccc(C(=O)N(CC(=O)NC(C)(C)C)Cc2ccc(C(=O)NO)cc2)cc1,IC50,'=',4410.0,nM,5.36,,,UO_0000065,0,CHEMBL4268538,organism-based format,,CHEMBL4265952,1,Scientific Literature,Eur J Med Chem,,Gametocytocidal activity against transgenic GFP-fused Plasmodium falciparum NF54 early stage gametocytes after 72 hrs by Mitotracker Red CMH2XRos staining based imaging method,,,,NF54,NF54,,NF54,5.36
CHEMBL4280840,,,459.55,0.0,4.05,1g,O=C(CN(Cc1ccc(C(=O)NO)cc1)C(=O)c1cccc2ccccc12)NC1CCCCC1,IC50,'=',4460.0,nM,5.35,,,UO_0000065,0,CHEMBL4268538,organism-based format,,CHEMBL4265952,1,Scientific Literature,Eur J Med Chem,,Gametocytocidal activity against transgenic GFP-fused Plasmodium falciparum NF54 early stage gametocytes after 72 hrs by Mitotracker Red CMH2XRos staining based imaging method,,,,NF54,NF54,,NF54,5.35
CHEMBL4276668,,,445.52,0.0,4.01,1m,Cc1ccc(NC(=O)CN(Cc2ccc(C(=O)NO)cc2)C(=O)c2cc(C)cc(C)c2)cc1,IC50,'=',7600.0,nM,5.12,,,UO_0000065,0,CHEMBL4268538,organism-based format,,CHEMBL4265952,1,Scientific Literature,Eur J Med Chem,,Gametocytocidal activity against transgenic GFP-fused Plasmodium falciparum NF54 early stage gametocytes after 72 hrs by Mitotracker Red CMH2XRos staining based imaging method,,,,NF54,NF54,,NF54,5.12
CHEMBL4466654,,,425.2,1.0,5.89,47,N#Cc1c(C(F)(F)F)cc(NCc2ccco2)n2c1nc1cc(Cl)c(Cl)cc12,IC50,'=',2000.0,nM,5.7,,,UO_0000065,0,CHEMBL4373129,organism-based format,,CHEMBL4371072,1,Scientific Literature,J Med Chem,,Antiplasmodial activity against chloroquine-sensitive final late stage of Plasmodium falciparum NF54-Mal8p1.16-GFP-Luc gametocytes after 24 hrs by BacTiter-Glo assay,,,,NF54-Mal8p1.16-GFP-Luc,NF54,,NF54,5.7
CHEMBL4576616,,,436.32,1.0,6.02,10,N#Cc1c(C(F)(F)F)cc(Nc2ccc(OC(F)(F)F)cc2)n2c1nc1ccccc12,IC50,'=',3320.0,nM,5.48,,,UO_0000065,0,CHEMBL4373129,organism-based format,,CHEMBL4371072,1,Scientific Literature,J Med Chem,,Antiplasmodial activity against chloroquine-sensitive final late stage of Plasmodium falciparum NF54-Mal8p1.16-GFP-Luc gametocytes after 24 hrs by BacTiter-Glo assay,,,,NF54-Mal8p1.16-GFP-Luc,NF54,,NF54,5.48
CHEMBL4468890,,,453.23,1.0,6.44,50,N#Cc1c(C(F)(F)F)cc(NCc2cccc(F)c2)n2c1nc1cc(Cl)c(Cl)cc12,IC50,'=',270.0,nM,6.57,,,UO_0000065,0,CHEMBL4373129,organism-based format,,CHEMBL4371072,1,Scientific Literature,J Med Chem,,Antiplasmodial activity against chloroquine-sensitive final late stage of Plasmodium falciparum NF54-Mal8p1.16-GFP-Luc gametocytes after 24 hrs by BacTiter-Glo assay,,,,NF54-Mal8p1.16-GFP-Luc,NF54,,NF54,6.57
CHEMBL4246869,,,380.92,1.0,5.36,25,Clc1ccc(-c2ccc(CNCC3CCNCC3)o2)c(-c2ccccc2)c1,IC50,'=',210.0,nM,6.68,,,UO_0000065,0,CHEMBL4231442,organism-based format,,CHEMBL4229360,1,Scientific Literature,Eur J Med Chem,,Antiplasmodial activity against gametocytes of Plasmodium falciparum NF54 infected in Anopheles mosquitoes assessed as decrease in infection intensity measured at baseline infection intensity of 30 oocysts/midgut pre-treated with compound for 24 hrs before feeding and measured 8 days post infection by standard membrane feeding assay,,,,NF54,NF54,,NF54,6.68
CHEMBL4577551,,,351.43,0.0,3.98,2d,O=C(O)c1ccccc1SCc1cn(C/C=C/c2ccccc2)nn1,IC50,'=',65330.0,nM,4.18,,,UO_0000065,0,CHEMBL4312172,organism-based format,,CHEMBL4311937,1,Scientific Literature,Medchemcomm,,Antimalarial activity against synchronized ring stage Plasmodium falciparum 3D7 transfected with nano-luciferase assessed as parasite growth inhibition after 72 hrs by Nano-Glo luciferase assay,,,,3D7,3D7,,3D7,4.18
CHEMBL3596399,,,242.26,0.0,2.36,9c,Cn1cc(-c2cccc(F)c2)c2c(N)ncnc21,IC50,'<',31000.0,nM,,,,UO_0000065,0,CHEMBL3598574,organism-based format,,CHEMBL3596135,1,Scientific Literature,Medchemcomm,,Antimalarial activity against synchronised early trophozoite stage of Plasmodium falciparum 3D7 assessed as parasite growth inhibition measured after two invasion cycles by flow cytometric analysis,,,,3D7,3D7,,3D7,4.51
CHEMBL4097624,,,605.49,2.0,7.68,32,CCN(CC)Cc1cc(/C=N/N=C(\N)CC(O)c2cc3c(Cl)cc(Cl)cc3c3cc(C(F)(F)F)ccc23)ccc1O,IC50,'=',453.0,nM,6.34,,,UO_0000065,0,CHEMBL4013661,assay format,,CHEMBL4011644,1,Scientific Literature,J Med Chem,,Gametocytocidal activity against transgenic GFP-fused Plasmodium falciparum NF54 early stage gametocytes after 72 hrs by Mitotracker Red CMH2XRos staining based confocal microscopic method,,,,NF54,NF54,,NF54,6.34
CHEMBL1083769,,,337.81,0.0,3.55,NITD678,C[C@H]1Cc2c([nH]c3ccccc23)[C@@]2(N1)C(=O)Nc1ccc(Cl)cc12,IC50,'=',62.63,nM,7.2,,,UO_0000065,0,CHEMBL1248671,organism-based format,,CHEMBL1240532,1,Scientific Literature,Science,,Antimalarial activity against Plasmodium falciparum Dd2 containing attB site inserted in parasite genome and using EF1-alpha promoter driven expressing ATP4 D1247Y mutant after 72 hrs by SYBR green based fluorescence assay,,,,Dd2,Dd2,,Dd2,7.2
CHEMBL4787608,,,428.41,0.0,3.62,9i,Nc1ncc(-c2ccc(C(=O)N3CC[C@@H](O)C3)cc2)nc1-c1ccc(C(F)(F)F)cc1,IC50,'=',137.0,nM,6.86,,,UO_0000065,0,CHEMBL4719503,organism-based format,,CHEMBL4715789,1,Scientific Literature,J Med Chem,,Antiplasmodial activity against late stage (IV/V) Plasmodium falciparum NF54 gametocytes incubated for 48 hrs by luciferase reporter gene assay,,,,NF54,NF54,,NF54,6.86
CHEMBL76,CHLOROQUINE,4.0,319.88,0.0,4.81,CQ,CCN(CC)CCCC(C)Nc1ccnc2cc(Cl)ccc12,IC50,'=',20.0,nM,7.7,,,UO_0000065,0,CHEMBL4223065,cell-based format,,CHEMBL4219189,1,Scientific Literature,Bioorg Med Chem Lett,,Inhibition of chloroquine sensitive Plasmodium falciparum MRC-02 schizont stage infected in human erythrocytes assessed as reduction in bacterial growth after 24 hrs by Giemsa staining based assay,,,,MRC-02,MRC-02,,MRC-2,7.7
CHEMBL4283952,,,417.47,0.0,3.4,1j,Cc1ccc(NC(=O)CN(Cc2ccc(C(=O)NO)cc2)C(=O)c2ccccc2)cc1,IC50,'=',9410.0,nM,5.03,,,UO_0000065,0,CHEMBL4268540,organism-based format,,CHEMBL4265952,1,Scientific Literature,Eur J Med Chem,,Gametocytocidal activity against synchronized Plasmodium falciparum NF54 mature stage 5 gametocytes after 48 hrs by ATP bioluminescence assay,,,,NF54,NF54,,NF54,5.03
CHEMBL500482,,,558.54,2.0,4.88,6,COc1ccc([C@@H]2CC(=O)c3c(O)cc(O)c([C@@H]4C(O)c5c(O)cc(O)cc5O[C@H]4c4ccc(O)cc4)c3O2)cc1,IC50,'=',6000.0,nM,5.22,,,UO_0000065,0,CHEMBL980501,organism-based format,,CHEMBL1157289,1,Scientific Literature,J Nat Prod,,Antiplasmodial activity against chloroquine-sensitive Plasmodium falciparum Ghana by LDH reporter assay,,,,Ghana,GHA,,GHA,5.22
CHEMBL4246869,,,380.92,1.0,5.36,25,Clc1ccc(-c2ccc(CNCC3CCNCC3)o2)c(-c2ccccc2)c1,IC50,'=',43.0,nM,7.37,,,UO_0000065,0,CHEMBL4231440,organism-based format,,CHEMBL4229360,1,Scientific Literature,Eur J Med Chem,,Gametocytocidal activity against Plasmodium falciparum NF54 HGL gametocytes assessed as inhibition of parasite viability after 72 hrs by ONE-Glo reagent based luminescence assay,,,,NF54 HGL,NF54 HGL,,NF54-HGL,7.37
CHEMBL1782159,,,307.83,0.0,1.71,16.2,Cl.NC1=NC2(CCCCC2)NC(NCc2ccccc2)=N1,IC50,'=',9890.0,nM,5.0,,,UO_0000065,0,CHEMBL1785111,cell-based format,,CHEMBL1781907,1,Scientific Literature,Eur J Med Chem,,Antimalarial activity against chloroquine and cycloguanil-resistant Plasmodium falciparum FCR-3/Gambia ring stage infected in human red blood cells assessed as inhibition of [3H]-hypoxanthine incorporation incubated 24 hrs before addition of [3H]-hypoxanthine measured after 24 hrs,,,,FCR-3,FcR3,,FcR3,5.0
CHEMBL1782192,,,428.75,0.0,3.32,16.8,Cl.NC1=NC(c2ccccc2)NC(NCCCOc2ccc(Cl)c(Cl)c2)=N1,IC50,'=',6730.0,nM,5.17,,,UO_0000065,0,CHEMBL1785111,cell-based format,,CHEMBL1781907,1,Scientific Literature,Eur J Med Chem,,Antimalarial activity against chloroquine and cycloguanil-resistant Plasmodium falciparum FCR-3/Gambia ring stage infected in human red blood cells assessed as inhibition of [3H]-hypoxanthine incorporation incubated 24 hrs before addition of [3H]-hypoxanthine measured after 24 hrs,,,,FCR-3,FcR3,,FcR3,5.17
CHEMBL1782191,,,462.3,0.0,3.69,16.18,Cl.NC1=NC(c2ccc(C(F)(F)F)cc2)NC(NCCCOc2ccc(Cl)cc2)=N1,IC50,'=',5540.0,nM,5.26,,,UO_0000065,0,CHEMBL1785111,cell-based format,,CHEMBL1781907,1,Scientific Literature,Eur J Med Chem,,Antimalarial activity against chloroquine and cycloguanil-resistant Plasmodium falciparum FCR-3/Gambia ring stage infected in human red blood cells assessed as inhibition of [3H]-hypoxanthine incorporation incubated 24 hrs before addition of [3H]-hypoxanthine measured after 24 hrs,,,,FCR-3,FcR3,,FcR3,5.26
CHEMBL4743418,,,399.54,0.0,4.44,"2-A, Single Enantiomer",Oc1ccc(CN2CC(CNc3ccccc3)C3(C2)CN(c2ccccc2)C3)cc1,IC50,'=',405.0,nM,6.39,,,UO_0000065,0,CHEMBL4737828,organism-based format,,CHEMBL4732202,1,Scientific Literature,J Med Chem,,Antiplasmodial activity against asexual stage Plasmodium falciparum NF54 assessed as inhibition of male gametes formation in ookinete medium observed at day 14 in presence of 10% human serum by haemocytometer based light microscopic analysis,,,,NF54,NF54,,NF54,6.39
CHEMBL4764956,,,427.55,0.0,4.01,"1-A, Single Enantiomer",O=C(Cc1ccc(O)cc1)N1CC(CNc2ccccc2)C2(C1)CN(c1ccccc1)C2,IC50,'=',44.0,nM,7.36,,,UO_0000065,0,CHEMBL4737829,organism-based format,Erythrocyte,CHEMBL4732202,1,Scientific Literature,J Med Chem,,Antiplasmodial activity against multidrug-sensitive Plasmodium falciparum NF54 transfected with GFP-Luc infected in human erythrocytes assessed as reduction in [3H]-hypoxanthine incorporation pretreated for 48 hrs followed by [3H]-hypoxanthine addition measured after 24 hrs by liquid scintillation counting method,,,,NF54,NF54,,NF54,7.36
CHEMBL4756502,,,506.53,1.0,4.3,88,N#Cc1cc(CC(=O)N2CC(CNc3ccc(F)cc3)C3(C2)CN(c2cc(F)cc(F)c2)C3)ccc1O,IC50,'=',3100.0,nM,5.51,,,UO_0000065,0,CHEMBL4737829,organism-based format,Erythrocyte,CHEMBL4732202,1,Scientific Literature,J Med Chem,,Antiplasmodial activity against multidrug-sensitive Plasmodium falciparum NF54 transfected with GFP-Luc infected in human erythrocytes assessed as reduction in [3H]-hypoxanthine incorporation pretreated for 48 hrs followed by [3H]-hypoxanthine addition measured after 24 hrs by liquid scintillation counting method,,,,NF54,NF54,,NF54,5.51
CHEMBL4750683,,,463.53,0.0,4.29,71,O=C(Cc1ccc(O)cc1)N1CC(CNc2ccccc2)C2(C1)CN(c1cc(F)cc(F)c1)C2,IC50,'=',30.0,nM,7.52,,,UO_0000065,0,CHEMBL4737829,organism-based format,Erythrocyte,CHEMBL4732202,1,Scientific Literature,J Med Chem,,Antiplasmodial activity against multidrug-sensitive Plasmodium falciparum NF54 transfected with GFP-Luc infected in human erythrocytes assessed as reduction in [3H]-hypoxanthine incorporation pretreated for 48 hrs followed by [3H]-hypoxanthine addition measured after 24 hrs by liquid scintillation counting method,,,,NF54,NF54,,NF54,7.52
CHEMBL4743418,,,399.54,0.0,4.44,"2-A, Single Enantiomer",Oc1ccc(CN2CC(CNc3ccccc3)C3(C2)CN(c2ccccc2)C3)cc1,IC50,'=',61.0,nM,7.21,,,UO_0000065,0,CHEMBL4737831,organism-based format,Erythrocyte,CHEMBL4732202,1,Scientific Literature,J Med Chem,,Antiplasmodial activity against multidrug-resistant Plasmodium falciparum Dd2 transfected with GFP-Luc infected in human erythrocytes assessed as reduction in [3H]-hypoxanthine incorporation pretreated for 48 hrs followed by [3H]-hypoxanthine addition measured after 24 hrs by liquid scintillation counting method,,,,Dd2,Dd2,,Dd2,7.21
CHEMBL530531,,,347.26,0.0,3.78,20505,CN(C)CCCNCc1ccc(-c2ccc(F)c(Cl)c2)o1.Cl,IC50,'=',2210.72,nM,5.66,,,UO_0000065,0,CHEMBL3301557,organism-based format,,CHEMBL3301555,17,Medicines for Malaria Venture () Malaria Box,,,"MMV: Measure of pLDH activity as indication of parasite viability. Gametocytogenesis of 3D7 Plasmodium falciparum strain was induced in vitro and asexual parasites were depleted with N-acetylglucosamine. Gametocytes were treated with dihydroartemisinin, epoxomicin, methylene blue, primaquine, puromycin or chloroquine in 96-well plates and the pLDH activity was evaluated using a modified Makler protocol. Mosquito infectivity was measured by the standard membrane feeding assay. The IC50 value was extrapolated as the concentration that induced a 50% inhibition of gametocyte viability.",,,,3D7,3D7,,3D7,5.66
CHEMBL590683,,,432.91,1.0,5.43,665969,COc1cccc(C(=O)NC(c2ccc(C)cc2)c2cc(Cl)c3cccnc3c2O)c1,IC50,'=',3085.2,nM,5.51,,,UO_0000065,0,CHEMBL3301557,organism-based format,,CHEMBL3301555,17,Medicines for Malaria Venture () Malaria Box,,,"MMV: Measure of pLDH activity as indication of parasite viability. Gametocytogenesis of 3D7 Plasmodium falciparum strain was induced in vitro and asexual parasites were depleted with N-acetylglucosamine. Gametocytes were treated with dihydroartemisinin, epoxomicin, methylene blue, primaquine, puromycin or chloroquine in 96-well plates and the pLDH activity was evaluated using a modified Makler protocol. Mosquito infectivity was measured by the standard membrane feeding assay. The IC50 value was extrapolated as the concentration that induced a 50% inhibition of gametocyte viability.",,,,3D7,3D7,,3D7,5.51
CHEMBL547825,,,495.07,0.0,4.07,19746,Cc1ccc(Cl)cc1N1CCN(CCCNC(=O)C2CCN(c3nc4ccccc4[nH]3)CC2)CC1,IC50,'=',1299.0,nM,5.89,,,UO_0000065,0,CHEMBL3392923,organism-based format,,CHEMBL3392922,17,Medicines for Malaria Venture () Malaria Box,,,"MMV: IC50 determined against P. falciparum Dd2-luc strain using a Malaria Sybr Green I Fluorescence assay. Starting conditions were 1% trophozoite synchronised parasites at 2% haematocrit. Fluorescence detection completed after 48hr incubation at 37 degrees C under 1% O2, 3% CO2 and balance N2.",,,,Dd2-luc,Dd2,,Dd2,5.89
CHEMBL527620,,,405.5,0.0,4.8,19758,COc1ccc(C(=O)Nc2ccc3nc(N4CCCCC4)cc(C)c3c2)cc1OC,IC50,'=',614.1,nM,6.21,,,UO_0000065,0,CHEMBL3392923,organism-based format,,CHEMBL3392922,17,Medicines for Malaria Venture () Malaria Box,,,"MMV: IC50 determined against P. falciparum Dd2-luc strain using a Malaria Sybr Green I Fluorescence assay. Starting conditions were 1% trophozoite synchronised parasites at 2% haematocrit. Fluorescence detection completed after 48hr incubation at 37 degrees C under 1% O2, 3% CO2 and balance N2.",,,,Dd2-luc,Dd2,,Dd2,6.21
CHEMBL581175,,,459.62,0.0,4.69,20439,CCn1c(CN2CCN(Cc3ccccc3)CC2)nc2cc(NC(=O)c3cccs3)ccc21,IC50,'=',468.1,nM,6.33,,,UO_0000065,0,CHEMBL3392923,organism-based format,,CHEMBL3392922,17,Medicines for Malaria Venture () Malaria Box,,,"MMV: IC50 determined against P. falciparum Dd2-luc strain using a Malaria Sybr Green I Fluorescence assay. Starting conditions were 1% trophozoite synchronised parasites at 2% haematocrit. Fluorescence detection completed after 48hr incubation at 37 degrees C under 1% O2, 3% CO2 and balance N2.",,,,Dd2-luc,Dd2,,Dd2,6.33
CHEMBL587083,,,249.75,0.0,2.91,20500,CNCCCNc1ccnc2cc(Cl)ccc12,IC50,'=',437.0,nM,6.36,,,UO_0000065,0,CHEMBL3392923,organism-based format,,CHEMBL3392922,17,Medicines for Malaria Venture () Malaria Box,,,"MMV: IC50 determined against P. falciparum Dd2-luc strain using a Malaria Sybr Green I Fluorescence assay. Starting conditions were 1% trophozoite synchronised parasites at 2% haematocrit. Fluorescence detection completed after 48hr incubation at 37 degrees C under 1% O2, 3% CO2 and balance N2.",,,,Dd2-luc,Dd2,,Dd2,6.36
CHEMBL4248315,,,304.82,0.0,3.69,22,Clc1ccccc1-c1ccc(CNCC2CCNCC2)o1,IC50,'=',5900.0,nM,5.23,,,UO_0000065,0,CHEMBL4231438,organism-based format,,CHEMBL4229360,1,Scientific Literature,Eur J Med Chem,,Gametocytocidal activity against Plasmodium falciparum 3D7 elo1-pfs16-CBG99 late-stage (4 to 5) gametocytes assessed as inhibition of parasite viability after 72 hrs by luciferase reporter assay,,,,3D7,3D7,,3D7,5.23
CHEMBL495813,,,299.41,0.0,3.3,3a,CC(C)N[C@@H](c1ccccc1)[C@H](CO)OCc1ccccc1,IC50,'=',45890.0,nM,4.34,,,UO_0000065,0,CHEMBL1004946,organism-based format,,CHEMBL1136969,1,Scientific Literature,J Med Chem,,Antiplasmodial activity after 48 hrs against chloroquine-sensitive Plasmodium falciparum D10 infected human erythrocytes by LDH reporter assay,,,,D10,D10,,D10,4.34
CHEMBL42338,,,475.47,0.0,2.49,45,Cl.Cl.c1cc(N2CCN(c3ccc(C4=NCCCN4)cc3)CC2)ccc1C1=NCCCN1,IC50,'=',106.0,nM,6.97,,,UO_0000065,0,CHEMBL926257,organism-based format,,CHEMBL1140635,1,Scientific Literature,Bioorg Med Chem,,Antiplasmodial activity against chloroquine-sensitive Plasmodium falciparum D6 by LDH reporter assay,,,,D6,D6,,D6,6.97
CHEMBL530887,,,309.39,0.0,3.11,19189,Cc1ccc2c(c1C)NC(=O)C21NN=C(c2ccccc2)S1,IC50,'=',900.0,nM,6.05,,,UO_0000065,0,CHEMBL3832784,organism-based format,,CHEMBL3832761,34,Medicines for Malaria Venture () Pathogen Box,,,Antimalarial activity: Gametocytes Plasmodium falciparum NF54 Gametocytes Stage V IC50 (uM),,,,NF54,NF54,,NF54,6.05
CHEMBL4438511,,,433.39,0.0,4.1,32,CCCCCC[n+]1c2c(n(CC(C)C)c1C)C(=O)c1ccccc1C2=O.[Br-],IC50,'=',143.0,nM,6.84,,,UO_0000065,0,CHEMBL4338838,organism-based format,,CHEMBL4334542,1,Scientific Literature,ACS Med Chem Lett,,Antimalarial activity against Plasmodium falciparum NF54 early gametocytes transfected with luciferase gene incubated for 48 hrs by luciferase reporter gene assay,,,,NF54,NF54,,NF54,6.84
CHEMBL4176570,,,462.61,0.0,0.45,5h,Clc1ccc2c(c1)-c1ccccc1[I+]2.O=S(=O)([O-])C(F)(F)F,IC50,'=',80.0,nM,7.1,,,UO_0000065,0,CHEMBL4146076,organism-based format,,CHEMBL4145448,1,Scientific Literature,Eur J Med Chem,,Growth inhibition of CQ-sensitive GFP-fused Plasmodium falciparum D10 after 90 hrs by ethidium bromide staining based flow cytometry,,,,D10,D10,,D10,7.1
CHEMBL537672,,,559.63,1.0,5.51,32,Cl.Cl.N=C(NC1CCCCC1)c1ccc(N2CCN(c3ccc(C(=N)NC4CCCCC4)cc3)CC2)cc1,IC50,'=',36.0,nM,7.44,,,UO_0000065,0,CHEMBL926257,organism-based format,,CHEMBL1140635,1,Scientific Literature,Bioorg Med Chem,,Antiplasmodial activity against chloroquine-sensitive Plasmodium falciparum D6 by LDH reporter assay,,,,D6,D6,,D6,7.44
CHEMBL540889,,,451.45,0.0,2.88,21,CCNC(=N)c1ccc(N2CCN(c3ccc(C(=N)NCC)cc3)CC2)cc1.Cl.Cl,IC50,'=',124.0,nM,6.91,,,UO_0000065,0,CHEMBL926257,organism-based format,,CHEMBL1140635,1,Scientific Literature,Bioorg Med Chem,,Antiplasmodial activity against chloroquine-sensitive Plasmodium falciparum D6 by LDH reporter assay,,,,D6,D6,,D6,6.91
CHEMBL495390,AZELAIC BIS HYDROXAMIC ACID,,218.25,0.0,0.73,ABHA,O=C(CCCCCCCC(=O)NO)NO,IC50,'=',5495.41,nM,5.26,,,UO_0000065,0,CHEMBL969264,organism-based format,,CHEMBL1157182,1,Scientific Literature,Bioorg Med Chem,,Antimalarial activity against chloroquine-sensitive Plasmodium falciparum D6 after 48 hrs by LDH reporter assay,,,,D6,D6,,D6,5.26
CHEMBL1437888,,,440.55,0.0,4.76,667491,COc1ccc(C2c3ccc4ccccc4c3Oc3ncn(CCCN(C)C)c(=N)c32)cc1,IC50,'=',696.44,nM,6.16,,,UO_0000065,0,CHEMBL3301557,organism-based format,,CHEMBL3301555,17,Medicines for Malaria Venture () Malaria Box,,,"MMV: Measure of pLDH activity as indication of parasite viability. Gametocytogenesis of 3D7 Plasmodium falciparum strain was induced in vitro and asexual parasites were depleted with N-acetylglucosamine. Gametocytes were treated with dihydroartemisinin, epoxomicin, methylene blue, primaquine, puromycin or chloroquine in 96-well plates and the pLDH activity was evaluated using a modified Makler protocol. Mosquito infectivity was measured by the standard membrane feeding assay. The IC50 value was extrapolated as the concentration that induced a 50% inhibition of gametocyte viability.",,,,3D7,3D7,,3D7,6.16
CHEMBL4172193,,,476.61,0.0,3.75,13,CN(C)Cc1ccn2c(-c3ccnc(NCC4CC4)n3)c(-c3cccc(S(C)(=O)=O)c3)nc2c1,IC50,'=',102.0,nM,6.99,,,UO_0000065,0,CHEMBL4149580,organism-based format,,CHEMBL4145579,1,Scientific Literature,J Med Chem,,Antiplasmodial activity against mature gametocytes of Plasmodium falciparum 3D7 infected in mouse,,,,3D7,3D7,,3D7,6.99
CHEMBL36,PYRIMETHAMINE,4.0,248.72,0.0,2.52,Pyrimethamine,CCc1nc(N)nc(N)c1-c1ccc(Cl)cc1,IC50,'=',8.0,nM,8.1,,,UO_0000065,0,CHEMBL4150765,organism-based format,,CHEMBL4145643,1,Scientific Literature,J Nat Prod,,Antiplasmodial activity against drug-sensitive Plasmodium falciparum 3D7 ring stage infected in human erythrocytes after 72 hrs by DAPI staining based method,,,,3D7,3D7,,3D7,8.1
CHEMBL4164782,,,520.62,2.0,6.26,5,Cc1c(O)c([C@H](CC(C)C)C2=C(O)C(C)(C)C(=O)C(C)(C)C2=O)c(O)c2c1O[C@H](c1ccccc1)CC2=O,IC50,'=',3200.0,nM,5.5,,,UO_0000065,0,CHEMBL4150765,organism-based format,,CHEMBL4145643,1,Scientific Literature,J Nat Prod,,Antiplasmodial activity against drug-sensitive Plasmodium falciparum 3D7 ring stage infected in human erythrocytes after 72 hrs by DAPI staining based method,,,,3D7,3D7,,3D7,5.49
CHEMBL585243,,,287.79,0.0,4.31,6558,Cc1cc(C)c2c(c1)OCN(Cc1ccccc1Cl)C2,IC50,'=',296.8,nM,6.53,,,UO_0000065,0,CHEMBL3392923,organism-based format,,CHEMBL3392922,17,Medicines for Malaria Venture () Malaria Box,,,"MMV: IC50 determined against P. falciparum Dd2-luc strain using a Malaria Sybr Green I Fluorescence assay. Starting conditions were 1% trophozoite synchronised parasites at 2% haematocrit. Fluorescence detection completed after 48hr incubation at 37 degrees C under 1% O2, 3% CO2 and balance N2.",,,,Dd2-luc,Dd2,,Dd2,6.53
CHEMBL549216,,,431.32,1.0,5.34,20651,O=C(Nc1ccc(CN2CCOCC2)cc1)c1ccc(-c2cc(Cl)ccc2Cl)o1,IC50,'=',1739.0,nM,5.76,,,UO_0000065,0,CHEMBL3392923,organism-based format,,CHEMBL3392922,17,Medicines for Malaria Venture () Malaria Box,,,"MMV: IC50 determined against P. falciparum Dd2-luc strain using a Malaria Sybr Green I Fluorescence assay. Starting conditions were 1% trophozoite synchronised parasites at 2% haematocrit. Fluorescence detection completed after 48hr incubation at 37 degrees C under 1% O2, 3% CO2 and balance N2.",,,,Dd2-luc,Dd2,,Dd2,5.76
CHEMBL2028045,,,519.98,2.0,5.52,396635,O=C(NC1CCN(Cc2ccccc2)CC1)c1cc2nc(-c3ccc(Cl)s3)cc(C(F)(F)F)n2n1,IC50,'=',5173.0,nM,5.29,,,UO_0000065,0,CHEMBL3392923,organism-based format,,CHEMBL3392922,17,Medicines for Malaria Venture () Malaria Box,,,"MMV: IC50 determined against P. falciparum Dd2-luc strain using a Malaria Sybr Green I Fluorescence assay. Starting conditions were 1% trophozoite synchronised parasites at 2% haematocrit. Fluorescence detection completed after 48hr incubation at 37 degrees C under 1% O2, 3% CO2 and balance N2.",,,,Dd2-luc,Dd2,,Dd2,5.29
CHEMBL2028047,,,485.65,1.0,6.65,396663,Cc1sc(NC(=O)c2ccco2)c(C(c2cccnc2)N2CCC(Cc3ccccc3)CC2)c1C,IC50,'=',1335.0,nM,5.88,,,UO_0000065,0,CHEMBL3392923,organism-based format,,CHEMBL3392922,17,Medicines for Malaria Venture () Malaria Box,,,"MMV: IC50 determined against P. falciparum Dd2-luc strain using a Malaria Sybr Green I Fluorescence assay. Starting conditions were 1% trophozoite synchronised parasites at 2% haematocrit. Fluorescence detection completed after 48hr incubation at 37 degrees C under 1% O2, 3% CO2 and balance N2.",,,,Dd2-luc,Dd2,,Dd2,5.87
CHEMBL2028051,,,396.48,1.0,5.11,396672,O=C(NCC(c1ccsc1)N1CCCCCC1)c1ccc(C(F)(F)F)cc1,IC50,'=',466.7,nM,6.33,,,UO_0000065,0,CHEMBL3392923,organism-based format,,CHEMBL3392922,17,Medicines for Malaria Venture () Malaria Box,,,"MMV: IC50 determined against P. falciparum Dd2-luc strain using a Malaria Sybr Green I Fluorescence assay. Starting conditions were 1% trophozoite synchronised parasites at 2% haematocrit. Fluorescence detection completed after 48hr incubation at 37 degrees C under 1% O2, 3% CO2 and balance N2.",,,,Dd2-luc,Dd2,,Dd2,6.33
CHEMBL478169,,,446.55,0.0,1.93,NA121,OC[C@H]1O[C@@H](n2cnc3c(NC4CCCC4)nc(NC4CCCCCC4)nc32)[C@H](O)[C@@H]1O,IC50,'=',6790.0,nM,5.17,,,UO_0000065,0,CHEMBL941604,organism-based format,,CHEMBL1137633,1,Scientific Literature,Antimicrob Agents Chemother,,Antiplasmodial activity against chloroquine and pyrimethamine-resistant Plasmodium falciparum K1 infected mice (Mus musculus) macrophage by reporter dye assay,,,,K1,K1,,K1,5.17
CHEMBL307261,,,284.35,0.0,2.19,Dihydroartemisinin,C[C@H]1[C@@H](O)O[C@@H]2O[C@@]3(C)CC[C@H]4[C@H](C)CC[C@@H]1[C@@]24OO3,IC50,'=',0.43,nM,9.37,,,UO_0000065,0,CHEMBL4150766,organism-based format,,CHEMBL4145643,1,Scientific Literature,J Nat Prod,,Antiplasmodial activity against 4-aminoquinoline/antifolates-resistant Plasmodium falciparum Dd2 ring stage infected in human erythrocytes after 72 hrs by DAPI staining based method,,,,Dd2,Dd2,,Dd2,9.37
CHEMBL3798653,,,420.39,1.0,5.26,18,Cc1ccc(-c2ccc3ncc4[nH]c(=O)n(-c5cccc(C(F)(F)F)c5)c4c3c2)cn1,IC50,'=',320.0,nM,6.5,,,UO_0000065,0,CHEMBL3800921,organism-based format,,CHEMBL3797182,1,Scientific Literature,Bioorg Med Chem Lett,,Gametocytocidal activity against chloroquine-sensitive late gametocytic stage (III to V) of Plasmodium falciparum 3D7 after 72 hrs by Alamar Blue assay,,,,3D7,3D7,,3D7,6.49
CHEMBL3797588,,,477.45,0.0,4.92,23,CC(=O)Nc1ccc(-c2ccc3ncc4c(c3c2)n(-c2cccc(C(F)(F)F)c2)c(=O)n4C)cn1,IC50,'=',42.0,nM,7.38,,,UO_0000065,0,CHEMBL3800921,organism-based format,,CHEMBL3797182,1,Scientific Literature,Bioorg Med Chem Lett,,Gametocytocidal activity against chloroquine-sensitive late gametocytic stage (III to V) of Plasmodium falciparum 3D7 after 72 hrs by Alamar Blue assay,,,,3D7,3D7,,3D7,7.38
CHEMBL3799000,,,422.37,0.0,4.65,24,O=c1[nH]c2cnc3ccc(-c4ccc(O)nc4)cc3c2n1-c1cccc(C(F)(F)F)c1,IC50,'=',4630.0,nM,5.33,,,UO_0000065,0,CHEMBL3800921,organism-based format,,CHEMBL3797182,1,Scientific Literature,Bioorg Med Chem Lett,,Gametocytocidal activity against chloroquine-sensitive late gametocytic stage (III to V) of Plasmodium falciparum 3D7 after 72 hrs by Alamar Blue assay,,,,3D7,3D7,,3D7,5.33
CHEMBL4172678,,,502.61,2.0,6.39,4,Cc1c(O)c2c(c3c1OC1=C(C(=O)C(C)(C)C(=O)C1(C)C)[C@H]3CC(C)C)O[C@H](c1ccccc1)CC2=O,IC50,'=',7200.0,nM,5.14,,,UO_0000065,0,CHEMBL4150765,organism-based format,,CHEMBL4145643,1,Scientific Literature,J Nat Prod,,Antiplasmodial activity against drug-sensitive Plasmodium falciparum 3D7 ring stage infected in human erythrocytes after 72 hrs by DAPI staining based method,,,,3D7,3D7,,3D7,5.14
CHEMBL35228,PYRONARIDINE,3.0,518.06,2.0,6.09,Pyronaridine,COc1ccc2nc3cc(Cl)ccc3c(Nc3cc(CN4CCCC4)c(O)c(CN4CCCC4)c3)c2n1,IC50,'=',18.0,nM,7.75,,,UO_0000065,0,CHEMBL4150766,organism-based format,,CHEMBL4145643,1,Scientific Literature,J Nat Prod,,Antiplasmodial activity against 4-aminoquinoline/antifolates-resistant Plasmodium falciparum Dd2 ring stage infected in human erythrocytes after 72 hrs by DAPI staining based method,,,,Dd2,Dd2,,Dd2,7.74
CHEMBL2086453,,,418.49,0.0,4.26,"153(1S,2S)",C/C=C/c1cc(OC)c(O[C@@H](C)[C@@H](O)c2cc(OC)c(OC)c(OC)c2)c(OC)c1,IC50,'=',3650.0,nM,5.44,,,UO_0000065,0,CHEMBL2090888,organism-based format,HepG2,CHEMBL2086285,1,Scientific Literature,J Med Chem,CHEMBL3307718,Antimalarial activity against liver stages of Plasmodium falciparum NF54 infected in human HepG2 cells after 6 days by fluorescence microscopy,,,,NF54,NF54,,NF54,5.44
CHEMBL584235,,,346.9,0.0,3.79,6787,CC(C)CCNCC(O)Cn1c2ccccc2c2ccccc21.Cl,IC50,'=',2825.82,nM,5.55,,,UO_0000065,0,CHEMBL3301557,organism-based format,,CHEMBL3301555,17,Medicines for Malaria Venture () Malaria Box,,,"MMV: Measure of pLDH activity as indication of parasite viability. Gametocytogenesis of 3D7 Plasmodium falciparum strain was induced in vitro and asexual parasites were depleted with N-acetylglucosamine. Gametocytes were treated with dihydroartemisinin, epoxomicin, methylene blue, primaquine, puromycin or chloroquine in 96-well plates and the pLDH activity was evaluated using a modified Makler protocol. Mosquito infectivity was measured by the standard membrane feeding assay. The IC50 value was extrapolated as the concentration that induced a 50% inhibition of gametocyte viability.",,,,3D7,3D7,,3D7,5.55
CHEMBL584015,,,496.69,1.0,5.56,7591,COc1ccc(C(=O)C(CCC(CNC(C)(C)C)C(=O)c2ccc(OC)cc2)CNC(C)(C)C)cc1,IC50,'=',3220.62,nM,5.49,,,UO_0000065,0,CHEMBL3301557,organism-based format,,CHEMBL3301555,17,Medicines for Malaria Venture () Malaria Box,,,"MMV: Measure of pLDH activity as indication of parasite viability. Gametocytogenesis of 3D7 Plasmodium falciparum strain was induced in vitro and asexual parasites were depleted with N-acetylglucosamine. Gametocytes were treated with dihydroartemisinin, epoxomicin, methylene blue, primaquine, puromycin or chloroquine in 96-well plates and the pLDH activity was evaluated using a modified Makler protocol. Mosquito infectivity was measured by the standard membrane feeding assay. The IC50 value was extrapolated as the concentration that induced a 50% inhibition of gametocyte viability.",,,,3D7,3D7,,3D7,5.49
CHEMBL530223,,,367.41,0.0,2.53,665878,COc1cccc(NC(=O)[C@H](C(C)C)n2c(=O)[nH]c3ccccc3c2=O)c1,IC50,'=',2753.07,nM,5.56,,,UO_0000065,0,CHEMBL3301557,organism-based format,,CHEMBL3301555,17,Medicines for Malaria Venture () Malaria Box,,,"MMV: Measure of pLDH activity as indication of parasite viability. Gametocytogenesis of 3D7 Plasmodium falciparum strain was induced in vitro and asexual parasites were depleted with N-acetylglucosamine. Gametocytes were treated with dihydroartemisinin, epoxomicin, methylene blue, primaquine, puromycin or chloroquine in 96-well plates and the pLDH activity was evaluated using a modified Makler protocol. Mosquito infectivity was measured by the standard membrane feeding assay. The IC50 value was extrapolated as the concentration that induced a 50% inhibition of gametocyte viability.",,,,3D7,3D7,,3D7,5.56
CHEMBL2316802,,,424.89,0.0,4.82,72a Hybrid-10,O=C(/C=C/c1ccc([N+](=O)[O-])cc1)NCCCCNc1ccnc2cc(Cl)ccc12,IC50,'=',11.0,nM,7.96,,,UO_0000065,0,CHEMBL4193441,organism-based format,,CHEMBL4190314,1,Scientific Literature,Eur J Med Chem,,Antimalarial activity against synchronous culture of Plasmodium falciparum W2 ring stage infected in human erythrocytes after 48 hrs by flow cytometry,,,,W2,W2,,W2,7.96
CHEMBL497684,,,234.26,0.0,3.84,14,Cc1nc2c(ccc3cccnc32)c2occc12,IC50,'=',5500.0,nM,5.26,,,UO_0000065,0,CHEMBL1004793,organism-based format,,CHEMBL1155951,1,Scientific Literature,Bioorg Med Chem Lett,,Antiplasmodial activity against chloroquine-resistant Plasmodium falciparum W2 gametocytes after 48 hrs by microscopy,,,,W2,W2,,W2,5.26
CHEMBL3335099,,,335.38,0.0,3.79,10,N/C(CC(O)c1cccc2ccccc12)=N\N=C\c1ccc(F)cc1,IC50,'=',780.0,nM,6.11,,,UO_0000065,0,CHEMBL3389350,organism-based format,,CHEMBL3351566,1,Scientific Literature,J Med Chem,,Gametocytocidal activity against transgenic Plasmodium falciparum NF54-pfs16-GFP late stage gametocytes after 72 hrs by mitotracker red CM-H2XRos dye based confocal imaging assay,,,,NF54,NF54,,NF54,6.11
CHEMBL4246869,,,380.92,1.0,5.36,25,Clc1ccc(-c2ccc(CNCC3CCNCC3)o2)c(-c2ccccc2)c1,IC50,'=',1400.0,nM,5.85,,,UO_0000065,0,CHEMBL4231438,organism-based format,,CHEMBL4229360,1,Scientific Literature,Eur J Med Chem,,Gametocytocidal activity against Plasmodium falciparum 3D7 elo1-pfs16-CBG99 late-stage (4 to 5) gametocytes assessed as inhibition of parasite viability after 72 hrs by luciferase reporter assay,,,,3D7,3D7,,3D7,5.85
CHEMBL4097620,,,373.44,0.0,4.19,42,CCNCCNc1cc(-c2ccc(F)cc2)c(C#N)c2nc3ccccc3n12,IC50,'=',1770.0,nM,5.75,,,UO_0000065,0,CHEMBL3996812,assay format,,CHEMBL3994624,1,Scientific Literature,J Med Chem,,Anti-plasmodial activity against chloroquine-sensitive Plasmodium falciparum NF54 late 4/5 stage gametocytes assessed as reduction in ATP levels after 24 hrs by BacTiter-Glo reagent based bioluminescence assay,,,,NF54,NF54,,NF54,5.75
CHEMBL4794183,,,359.31,0.0,4.11,14,Nc1ncc(-c2ccc(C(=O)O)cc2)nc1-c1ccc(C(F)(F)F)cc1,IC50,'=',649.0,nM,6.19,,,UO_0000065,0,CHEMBL4719504,organism-based format,,CHEMBL4715789,1,Scientific Literature,J Med Chem,,Antiplasmodial activity against early stage (II/III) Plasmodium falciparum NF54 gametocytes incubated for 48 hrs by luciferase reporter gene assay,,,,NF54,NF54,,NF54,6.19
CHEMBL361497,ARTESUNATE,4.0,384.43,0.0,2.6,Artesunate,C[C@H]1[C@H](OC(=O)CCC(=O)O)O[C@@H]2O[C@@]3(C)CC[C@H]4[C@H](C)CC[C@@H]1[C@@]24OO3,IC50,'=',63.0,nM,7.2,,,UO_0000065,0,CHEMBL4338838,organism-based format,,CHEMBL4334542,1,Scientific Literature,ACS Med Chem Lett,,Antimalarial activity against Plasmodium falciparum NF54 early gametocytes transfected with luciferase gene incubated for 48 hrs by luciferase reporter gene assay,,,,NF54,NF54,,NF54,7.2
CHEMBL3798981,,,444.42,1.0,5.43,45,Cn1c(=O)n(-c2cccc(C(F)(F)F)c2)c2c3cc(-c4cccc(C#N)c4)ccc3ncc21,IC50,'=',2160.0,nM,5.67,,,UO_0000065,0,CHEMBL3800921,organism-based format,,CHEMBL3797182,1,Scientific Literature,Bioorg Med Chem Lett,,Gametocytocidal activity against chloroquine-sensitive late gametocytic stage (III to V) of Plasmodium falciparum 3D7 after 72 hrs by Alamar Blue assay,,,,3D7,3D7,,3D7,5.67
CHEMBL3799322,,,439.82,1.0,6.21,50,O=c1[nH]c2cnc3ccc(-c4ccc(Cl)cc4)cc3c2n1-c1cccc(C(F)(F)F)c1,IC50,'=',3560.0,nM,5.45,,,UO_0000065,0,CHEMBL3800921,organism-based format,,CHEMBL3797182,1,Scientific Literature,Bioorg Med Chem Lett,,Gametocytocidal activity against chloroquine-sensitive late gametocytic stage (III to V) of Plasmodium falciparum 3D7 after 72 hrs by Alamar Blue assay,,,,3D7,3D7,,3D7,5.45
CHEMBL4167748,,,523.64,1.0,4.16,14,Cc1cn2c(-c3ccnc(NCC4CC4)n3)c(-c3ccc(F)c(NS(C)(=O)=O)c3)nc2cc1CN(C)C,IC50,'=',2.1,nM,8.68,,,UO_0000065,0,CHEMBL4149580,organism-based format,,CHEMBL4145579,1,Scientific Literature,J Med Chem,,Antiplasmodial activity against mature gametocytes of Plasmodium falciparum 3D7 infected in mouse,,,,3D7,3D7,,3D7,8.68
CHEMBL4746251,,,360.3,0.0,3.5,13,Nc1ncc(-c2ccc(C(=O)O)cc2)nc1-c1ccc(C(F)(F)F)nc1,IC50,'=',845.0,nM,6.07,,,UO_0000065,0,CHEMBL4719503,organism-based format,,CHEMBL4715789,1,Scientific Literature,J Med Chem,,Antiplasmodial activity against late stage (IV/V) Plasmodium falciparum NF54 gametocytes incubated for 48 hrs by luciferase reporter gene assay,,,,NF54,NF54,,NF54,6.07
CHEMBL4079203,,,435.45,1.0,5.21,26,N#Cc1c(-c2ccc(C(F)(F)F)cc2)cc(NC2CCNCC2)n2c1nc1ccccc12,IC50,'=',1160.0,nM,5.94,,,UO_0000065,0,CHEMBL3996812,assay format,,CHEMBL3994624,1,Scientific Literature,J Med Chem,,Anti-plasmodial activity against chloroquine-sensitive Plasmodium falciparum NF54 late 4/5 stage gametocytes assessed as reduction in ATP levels after 24 hrs by BacTiter-Glo reagent based bioluminescence assay,,,,NF54,NF54,,NF54,5.94
CHEMBL4097624,,,605.49,2.0,7.68,32,CCN(CC)Cc1cc(/C=N/N=C(\N)CC(O)c2cc3c(Cl)cc(Cl)cc3c3cc(C(F)(F)F)ccc23)ccc1O,IC50,'=',345.0,nM,6.46,,,UO_0000065,0,CHEMBL4013660,assay format,,CHEMBL4011644,1,Scientific Literature,J Med Chem,,Gametocytocidal activity against transgenic GFP-fused Plasmodium falciparum NF54 ring stage gametocytes after 72 hrs by Mitotracker Red CMH2XRos staining based confocal microscopic method,,,,NF54,NF54,,NF54,6.46
CHEMBL4461205,,,405.34,0.0,3.32,30,CCCC[n+]1c2c(n(CC(C)C)c1C)C(=O)c1ccccc1C2=O.[Br-],IC50,'=',181.0,nM,6.74,,,UO_0000065,0,CHEMBL4338838,organism-based format,,CHEMBL4334542,1,Scientific Literature,ACS Med Chem Lett,,Antimalarial activity against Plasmodium falciparum NF54 early gametocytes transfected with luciferase gene incubated for 48 hrs by luciferase reporter gene assay,,,,NF54,NF54,,NF54,6.74
CHEMBL4437480,,,375.45,0.0,4.47,2p,O=C(O)c1ccccc1SCc1cn(Cc2ccc3ccccc3c2)nn1,IC50,'=',20540.0,nM,4.69,,,UO_0000065,0,CHEMBL4312172,organism-based format,,CHEMBL4311937,1,Scientific Literature,Medchemcomm,,Antimalarial activity against synchronized ring stage Plasmodium falciparum 3D7 transfected with nano-luciferase assessed as parasite growth inhibition after 72 hrs by Nano-Glo luciferase assay,,,,3D7,3D7,,3D7,4.69
CHEMBL4174142,,,446.16,0.0,-0.07,5d,Fc1cccc2c1-c1ccccc1[I+]2.O=S(=O)([O-])C(F)(F)F,IC50,'=',80.0,nM,7.1,,,UO_0000065,0,CHEMBL4146077,organism-based format,,CHEMBL4145448,1,Scientific Literature,Eur J Med Chem,,Growth inhibition of drug-resistant GFP-fused Plasmodium falciparum D10 after 90 hrs by ethidium bromide staining based flow cytometry,,,,D10,D10,,D10,7.1
CHEMBL4070451,,,522.33,2.0,7.27,31,N/C(CC(O)c1cc2c(Cl)cc(Cl)cc2c2cc(C(F)(F)F)ccc12)=N\N=C\c1ccc(F)cc1,IC50,'=',36.0,nM,7.44,,,UO_0000065,0,CHEMBL4013660,assay format,,CHEMBL4011644,1,Scientific Literature,J Med Chem,,Gametocytocidal activity against transgenic GFP-fused Plasmodium falciparum NF54 ring stage gametocytes after 72 hrs by Mitotracker Red CMH2XRos staining based confocal microscopic method,,,,NF54,NF54,,NF54,7.44
CHEMBL249728,,,334.88,0.0,3.22,A122,CCN1CCN(C(=S)Nc2ccnc3cc(Cl)ccc23)CC1,IC50,'=',1800.0,nM,5.75,,,UO_0000065,0,CHEMBL941940,organism-based format,,CHEMBL1139820,1,Scientific Literature,Bioorg Med Chem Lett,,Antiplasmodial activity against chloroquine-sensitive Plasmodium falciparum D10 in LDH reporter assay after 48 hrs,,,,D10,D10,,D10,5.74
CHEMBL3354445,,,504.32,2.0,4.63,5,O=c1c(O)c(-c2ccc(O)c(O)c2)oc2c(CNCCc3ccc(Cl)cc3Cl)c(O)cc(O)c12,IC50,'=',9670.0,nM,5.01,,,UO_0000065,0,CHEMBL3376037,organism-based format,,CHEMBL3351935,1,Scientific Literature,Bioorg Med Chem Lett,,Antigametocytocidal activity against Plasmodium falciparum NF54-pfs16-GPF early (1 to 3) gametocyte assessed as viability after 72 hrs by MitoTracker Red CM-H2XRos/micro-plate confocal imaging system,,,,NF54,NF54,,NF54,5.01
CHEMBL4171560,,,414.63,1.0,6.5,9,CC(C)C[C@@H]1C[C@@]2(CC[C@@]3(C)C[C@]2(C)C3(C)C)OC2=C1C(=O)C(C)(C)C(=O)C2(C)C,IC50,'=',13600.0,nM,4.87,,,UO_0000065,0,CHEMBL4150765,organism-based format,,CHEMBL4145643,1,Scientific Literature,J Nat Prod,,Antiplasmodial activity against drug-sensitive Plasmodium falciparum 3D7 ring stage infected in human erythrocytes after 72 hrs by DAPI staining based method,,,,3D7,3D7,,3D7,4.87
CHEMBL1673094,,,401.53,0.0,1.92,44,C[C@H]1[C@H](N2CCS(=O)(=O)CC2)O[C@@H]2O[C@]3(C)CC[C@H]4[C@H](C)CC[C@@H]1[C@@]24OO3,IC50,'=',42.4,nM,7.37,,,UO_0000065,0,CHEMBL5246817,organism-based format,,CHEMBL5244272,1,Scientific Literature,Eur J Med Chem,,Antimalarial activity against late blood stage Plasmodium falciparum NF54 gametocytes,,,,NF54,NF54,,NF54,7.37
CHEMBL2419642,,,427.29,0.0,3.9,1b,C[n+]1c(/C=C/c2c[nH]c3ccccc23)cc(N)c2ccccc21.[I-],IC50,'=',4000.0,nM,5.4,,,UO_0000065,0,CHEMBL2421229,organism-based format,,CHEMBL2417386,1,Scientific Literature,J Med Chem,,Gametocytocidal activity against synchronous stage 4 to 5 of transgenic Plasmodium falciparum NF54 gametocyte harboring pfs16 promoter assessed as parasite viability after 72 hrs by MitoTracker Red CMXRos-based assay,,,,NF54,NF54,,NF54,5.4
CHEMBL76,CHLOROQUINE,4.0,319.88,0.0,4.81,Chloroquine,CCN(CC)CCCC(C)Nc1ccnc2cc(Cl)ccc12,IC50,'=',130.0,nM,6.89,,,UO_0000065,0,CHEMBL2421230,organism-based format,,CHEMBL2417386,1,Scientific Literature,J Med Chem,,Gametocytocidal activity against synchronous stage 1 to 3 of transgenic Plasmodium falciparum NF54 gametocyte harboring pfs16 promoter assessed as parasite viability after 72 hrs by luciferase reporter gene assay,,,,NF54,NF54,,NF54,6.89
CHEMBL2419450,,,285.35,0.0,4.47,11a,Nc1cc(/C=C/c2c[nH]c3ccccc23)nc2ccccc12,IC50,'=',370.0,nM,6.43,,,UO_0000065,0,CHEMBL2421230,organism-based format,,CHEMBL2417386,1,Scientific Literature,J Med Chem,,Gametocytocidal activity against synchronous stage 1 to 3 of transgenic Plasmodium falciparum NF54 gametocyte harboring pfs16 promoter assessed as parasite viability after 72 hrs by luciferase reporter gene assay,,,,NF54,NF54,,NF54,6.43
CHEMBL254813,,,543.5,1.0,6.1,44,Cl.Cl.c1ccc2[nH]c(-c3ccc(N4CCN(c5ccc(-c6nc7ccccc7[nH]6)cc5)CC4)cc3)nc2c1,IC50,'=',4880.0,nM,5.31,,,UO_0000065,0,CHEMBL926257,organism-based format,,CHEMBL1140635,1,Scientific Literature,Bioorg Med Chem,,Antiplasmodial activity against chloroquine-sensitive Plasmodium falciparum D6 by LDH reporter assay,,,,D6,D6,,D6,5.31
CHEMBL401854,,,458.44,0.0,3.07,12,C(=C1CCN(c2ccc(C3=NCCN3)cc2)CC1)c1ccc(C2=NCCN2)cc1.Cl.Cl,IC50,'=',840.0,nM,6.08,,,UO_0000065,0,CHEMBL926257,organism-based format,,CHEMBL1140635,1,Scientific Literature,Bioorg Med Chem,,Antiplasmodial activity against chloroquine-sensitive Plasmodium falciparum D6 by LDH reporter assay,,,,D6,D6,,D6,6.08
CHEMBL249457,,,460.45,0.0,2.85,11,Cl.Cl.c1cc(C2=NCCN2)ccc1CC1CCN(c2ccc(C3=NCCN3)cc2)CC1,IC50,'=',402.0,nM,6.4,,,UO_0000065,0,CHEMBL926257,organism-based format,,CHEMBL1140635,1,Scientific Literature,Bioorg Med Chem,,Antiplasmodial activity against chloroquine-sensitive Plasmodium falciparum D6 by LDH reporter assay,,,,D6,D6,,D6,6.4
CHEMBL1782158,,,267.76,0.0,0.79,16.1,CC1(C)N=C(N)N=C(NCc2ccccc2)N1.Cl,IC50,'=',49750.0,nM,4.3,,,UO_0000065,0,CHEMBL1785111,cell-based format,,CHEMBL1781907,1,Scientific Literature,Eur J Med Chem,,Antimalarial activity against chloroquine and cycloguanil-resistant Plasmodium falciparum FCR-3/Gambia ring stage infected in human red blood cells assessed as inhibition of [3H]-hypoxanthine incorporation incubated 24 hrs before addition of [3H]-hypoxanthine measured after 24 hrs,,,,FCR-3,FcR3,,FcR3,4.3
CHEMBL537372,,,324.38,0.0,3.01,23985,COc1ccc(-c2cnc3ccc(N4CCCC4)nn23)cc1OC,IC50,'=',410.0,nM,6.39,,,UO_0000065,0,CHEMBL3832784,organism-based format,,CHEMBL3832761,34,Medicines for Malaria Venture () Pathogen Box,,,Antimalarial activity: Gametocytes Plasmodium falciparum NF54 Gametocytes Stage V IC50 (uM),,,,NF54,NF54,,NF54,6.39
CHEMBL4853001,,,490.48,1.0,6.25,39,CCNCc1cc(C)cc(Nc2nc3cc(F)c(F)cc3n2Cc2ccc(C(F)(F)F)cc2)c1O,IC50,'=',2330.0,nM,5.63,,,UO_0000065,0,CHEMBL4835696,organism-based format,,CHEMBL4834426,1,Scientific Literature,J Med Chem,,Antiplasmodial activity against asexual stage (IV/V) Plasmodium falciparum NF54 late gametocytes transfected with GFP-Luc assessed as inhibition of exflagellation of male gametes incubated for 48 hrs by microscopy based luciferase reporter gene assay relative to control,,,,NF54,NF54,,NF54,5.63
CHEMBL535411,,,489.5,0.0,3.56,17,Cl.Cl.N=C(NC1CC1)c1ccc(N2CCCN(c3ccc(C(=N)NC4CC4)cc3)CC2)cc1,IC50,'=',306.0,nM,6.51,,,UO_0000065,0,CHEMBL926257,organism-based format,,CHEMBL1140635,1,Scientific Literature,Bioorg Med Chem,,Antiplasmodial activity against chloroquine-sensitive Plasmodium falciparum D6 by LDH reporter assay,,,,D6,D6,,D6,6.51
CHEMBL249287,,,350.92,0.0,3.91,A121,CCN(CC)CCCNC(=S)Nc1ccnc2cc(Cl)ccc12,IC50,'=',2200.0,nM,5.66,,,UO_0000065,0,CHEMBL941940,organism-based format,,CHEMBL1139820,1,Scientific Literature,Bioorg Med Chem Lett,,Antiplasmodial activity against chloroquine-sensitive Plasmodium falciparum D10 in LDH reporter assay after 48 hrs,,,,D10,D10,,D10,5.66
CHEMBL546531,,,462.43,0.0,3.68,19995,O=C(NCCCN1CCC(N2CCCCC2)CC1)C1=Cc2cc(Br)ccc2OC1,IC50,'=',1436.85,nM,5.84,,,UO_0000065,0,CHEMBL3301557,organism-based format,,CHEMBL3301555,17,Medicines for Malaria Venture () Malaria Box,,,"MMV: Measure of pLDH activity as indication of parasite viability. Gametocytogenesis of 3D7 Plasmodium falciparum strain was induced in vitro and asexual parasites were depleted with N-acetylglucosamine. Gametocytes were treated with dihydroartemisinin, epoxomicin, methylene blue, primaquine, puromycin or chloroquine in 96-well plates and the pLDH activity was evaluated using a modified Makler protocol. Mosquito infectivity was measured by the standard membrane feeding assay. The IC50 value was extrapolated as the concentration that induced a 50% inhibition of gametocyte viability.",,,,3D7,3D7,,3D7,5.84
CHEMBL600488,,,280.17,0.0,3.96,666095,CCCc1c(C)nc2ccc(Br)cc2c1O,IC50,'=',8898.85,nM,5.05,,,UO_0000065,0,CHEMBL3301557,organism-based format,,CHEMBL3301555,17,Medicines for Malaria Venture () Malaria Box,,,"MMV: Measure of pLDH activity as indication of parasite viability. Gametocytogenesis of 3D7 Plasmodium falciparum strain was induced in vitro and asexual parasites were depleted with N-acetylglucosamine. Gametocytes were treated with dihydroartemisinin, epoxomicin, methylene blue, primaquine, puromycin or chloroquine in 96-well plates and the pLDH activity was evaluated using a modified Makler protocol. Mosquito infectivity was measured by the standard membrane feeding assay. The IC50 value was extrapolated as the concentration that induced a 50% inhibition of gametocyte viability.",,,,3D7,3D7,,3D7,5.05
CHEMBL1782208,,,389.89,0.0,2.03,16.25,COc1ccc(OCCCNC2=NC(N)=NC(c3ccccc3)N2)cc1.Cl,IC50,'=',12310.0,nM,4.91,,,UO_0000065,0,CHEMBL1785111,cell-based format,,CHEMBL1781907,1,Scientific Literature,Eur J Med Chem,,Antimalarial activity against chloroquine and cycloguanil-resistant Plasmodium falciparum FCR-3/Gambia ring stage infected in human red blood cells assessed as inhibition of [3H]-hypoxanthine incorporation incubated 24 hrs before addition of [3H]-hypoxanthine measured after 24 hrs,,,,FCR-3,FcR3,,FcR3,4.91
CHEMBL4164515,,,441.43,0.0,4.43,1,O=[N+]([O-])c1ccc(N2CCC(NCCC(O)c3ccc(F)cc3)CC2)c(C(F)(F)F)c1,IC50,'=',1710.0,nM,5.77,,,UO_0000065,0,CHEMBL4154742,organism-based format,,CHEMBL4152256,1,Scientific Literature,Eur J Med Chem,,Antiplasmodial activity against Plasmodium falciparum FCR-3 sporozoites infected in human primary hepatocytes treated simultaneously with infection by DAPI staining based HCS analysis,,,,FCR-3,FcR3,,FcR3,5.77
CHEMBL592105,METHYLROSANILINE,-1.0,389.54,0.0,4.17,665941,CN(C)c1ccc(C(O)(c2ccc(N(C)C)cc2)c2ccc(N(C)C)cc2)cc1,IC50,'=',445.5,nM,6.35,,,UO_0000065,0,CHEMBL3301457,organism-based format,,CHEMBL3301451,17,Medicines for Malaria Venture () Malaria Box,,,MMV: P. falciparum NF54 functionally mature Stage V gametocytes were incubated for 24 hr in the presence of the test compounds. Gamete formation was then triggered by addition of 2uM xantheurenic acid and temperature decrease to ~20C. Female gamete formation was recorded 24 hr later by automated microscopy detection of surface labelling of female gametes with a Cy3-conjugated antibody reactive to Pfs25. All compounds were tested in 4 independent experiments and data presented here is the mean. IC50s determined for selected compounds.,,,,NF54,NF54,,NF54,6.35
CHEMBL249456,,,374.44,0.0,3.41,1,N=C(N)c1ccc(OCc2cccc(COc3ccc(C(=N)N)cc3)c2)cc1,IC50,'=',85.0,nM,7.07,,,UO_0000065,0,CHEMBL926257,organism-based format,,CHEMBL1140635,1,Scientific Literature,Bioorg Med Chem,,Antiplasmodial activity against chloroquine-sensitive Plasmodium falciparum D6 by LDH reporter assay,,,,D6,D6,,D6,7.07
CHEMBL2419641,,,441.32,0.0,4.21,1a,Cc1[nH]c2ccccc2c1/C=C/c1cc(N)c2ccccc2[n+]1C.[I-],IC50,'=',350.0,nM,6.46,,,UO_0000065,0,CHEMBL2421230,organism-based format,,CHEMBL2417386,1,Scientific Literature,J Med Chem,,Gametocytocidal activity against synchronous stage 1 to 3 of transgenic Plasmodium falciparum NF54 gametocyte harboring pfs16 promoter assessed as parasite viability after 72 hrs by luciferase reporter gene assay,,,,NF54,NF54,,NF54,6.46
CHEMBL361497,ARTESUNATE,4.0,384.43,0.0,2.6,Artesunate,C[C@H]1[C@H](OC(=O)CCC(=O)O)O[C@@H]2O[C@@]3(C)CC[C@H]4[C@H](C)CC[C@@H]1[C@@]24OO3,IC50,'=',3.8,nM,8.42,,,UO_0000065,0,CHEMBL3297427,organism-based format,,CHEMBL3286295,1,Scientific Literature,Eur J Med Chem,,Antimalarial activity against late stage gametocyte stage of Plasmodium falciparum NF54 after 72 hrs,,,,NF54,NF54,,NF54,8.42
CHEMBL2316798,,,414.34,1.0,5.56,72a Hybrid-8,O=C(/C=C/c1ccc(Cl)cc1)NCCCCNc1ccnc2cc(Cl)ccc12,IC50,'=',11.0,nM,7.96,,,UO_0000065,0,CHEMBL4193441,organism-based format,,CHEMBL4190314,1,Scientific Literature,Eur J Med Chem,,Antimalarial activity against synchronous culture of Plasmodium falciparum W2 ring stage infected in human erythrocytes after 48 hrs by flow cytometry,,,,W2,W2,,W2,7.96
CHEMBL4228534,,,471.99,1.0,6.65,C-8,CCN(CC)c1ccc2cc(C3=NN(c4ccccc4)C(c4ccc(Cl)cc4)C3)c(=O)oc2c1,IC50,'=',10400.0,nM,4.98,,,UO_0000065,0,CHEMBL4223065,cell-based format,,CHEMBL4219189,1,Scientific Literature,Bioorg Med Chem Lett,,Inhibition of chloroquine sensitive Plasmodium falciparum MRC-02 schizont stage infected in human erythrocytes assessed as reduction in bacterial growth after 24 hrs by Giemsa staining based assay,,,,MRC-02,MRC-02,,MRC-2,4.98
CHEMBL5434251,,,471.49,0.0,4.45,10,Cc1ccc2[nH]c(NC3CCN(CCc4ccc(-c5noc(C(F)(F)F)n5)cc4)CC3)nc2n1,IC50,'=',1620.0,nM,5.79,,,UO_0000065,0,CHEMBL5338529,organism-based format,,CHEMBL5335864,1,Scientific Literature,ACS Med Chem Lett,,Antiplasmodial activity against immature stage gametocytes Plasmodium falciparum NF54 incubated for 48 hrs by luciferase activity assay,,,,NF54,NF54,,NF54,5.79
CHEMBL5289927,,,474.57,0.0,3.79,46b,C[C@H]1[C@H](N2CCN(C(=O)c3ccc(F)cc3)CC2)O[C@@H]2O[C@]3(C)CC[C@H]4[C@H](C)CC[C@@H]1[C@@]24OO3,IC50,'=',0.6,nM,9.22,,,UO_0000065,0,CHEMBL5246817,organism-based format,,CHEMBL5244272,1,Scientific Literature,Eur J Med Chem,,Antimalarial activity against late blood stage Plasmodium falciparum NF54 gametocytes,,,,NF54,NF54,,NF54,9.22
CHEMBL5290917,,,508.64,1.0,2.25,48b,C[C@H]1[C@H](NS(=O)(=O)N2CCN(c3ccccn3)CC2)O[C@@H]2O[C@]3(C)CC[C@H]4[C@H](C)CC[C@@H]1[C@@]24OO3,IC50,'=',0.04,nM,10.4,,,UO_0000065,0,CHEMBL5246817,organism-based format,,CHEMBL5244272,1,Scientific Literature,Eur J Med Chem,,Antimalarial activity against late blood stage Plasmodium falciparum NF54 gametocytes,,,,NF54,NF54,,NF54,10.4
CHEMBL592338,,,416.52,0.0,4.17,665913,CCOc1ccc(-c2nc(NC(=O)c3cccc(S(C)(=O)=O)c3)sc2C)cc1,IC50,'=',1439.0,nM,5.84,,,UO_0000065,0,CHEMBL3392923,organism-based format,,CHEMBL3392922,17,Medicines for Malaria Venture () Malaria Box,,,"MMV: IC50 determined against P. falciparum Dd2-luc strain using a Malaria Sybr Green I Fluorescence assay. Starting conditions were 1% trophozoite synchronised parasites at 2% haematocrit. Fluorescence detection completed after 48hr incubation at 37 degrees C under 1% O2, 3% CO2 and balance N2.",,,,Dd2-luc,Dd2,,Dd2,5.84
CHEMBL600174,,,398.46,1.0,5.24,917,COc1ccc2c(c1OC)C(=O)N1c3ccccc3N=C(c3ccc(C)cc3)CC21,IC50,'=',1693.0,nM,5.77,,,UO_0000065,0,CHEMBL3392923,organism-based format,,CHEMBL3392922,17,Medicines for Malaria Venture () Malaria Box,,,"MMV: IC50 determined against P. falciparum Dd2-luc strain using a Malaria Sybr Green I Fluorescence assay. Starting conditions were 1% trophozoite synchronised parasites at 2% haematocrit. Fluorescence detection completed after 48hr incubation at 37 degrees C under 1% O2, 3% CO2 and balance N2.",,,,Dd2-luc,Dd2,,Dd2,5.77
CHEMBL591890,,,384.5,0.0,3.67,1255,CCCCc1ccc(NS(=O)(=O)c2cc3c4c(c2)CCN4C(=O)CC3)cc1,IC50,'=',3679.0,nM,5.43,,,UO_0000065,0,CHEMBL3392923,organism-based format,,CHEMBL3392922,17,Medicines for Malaria Venture () Malaria Box,,,"MMV: IC50 determined against P. falciparum Dd2-luc strain using a Malaria Sybr Green I Fluorescence assay. Starting conditions were 1% trophozoite synchronised parasites at 2% haematocrit. Fluorescence detection completed after 48hr incubation at 37 degrees C under 1% O2, 3% CO2 and balance N2.",,,,Dd2-luc,Dd2,,Dd2,5.43
CHEMBL588859,,,346.43,0.0,4.2,665939,O=C(Nc1ccsc1C(=O)NC1CCCCC1)c1ccc(F)cc1,IC50,'=',1045.0,nM,5.98,,,UO_0000065,0,CHEMBL3392923,organism-based format,,CHEMBL3392922,17,Medicines for Malaria Venture () Malaria Box,,,"MMV: IC50 determined against P. falciparum Dd2-luc strain using a Malaria Sybr Green I Fluorescence assay. Starting conditions were 1% trophozoite synchronised parasites at 2% haematocrit. Fluorescence detection completed after 48hr incubation at 37 degrees C under 1% O2, 3% CO2 and balance N2.",,,,Dd2-luc,Dd2,,Dd2,5.98
CHEMBL124006,,,279.39,0.0,3.75,448,CN(C)CCCNc1c2ccccc2nc2ccccc12,IC50,'=',236.8,nM,6.63,,,UO_0000065,0,CHEMBL3392923,organism-based format,,CHEMBL3392922,17,Medicines for Malaria Venture () Malaria Box,,,"MMV: IC50 determined against P. falciparum Dd2-luc strain using a Malaria Sybr Green I Fluorescence assay. Starting conditions were 1% trophozoite synchronised parasites at 2% haematocrit. Fluorescence detection completed after 48hr incubation at 37 degrees C under 1% O2, 3% CO2 and balance N2.",,,,Dd2-luc,Dd2,,Dd2,6.63
CHEMBL3335117,,,367.45,0.0,4.81,28,N/C(CC(O)c1cc2ccccc2c2ccccc12)=N\N=C\c1ccccc1,IC50,'=',180.0,nM,6.75,,,UO_0000065,0,CHEMBL3389350,organism-based format,,CHEMBL3351566,1,Scientific Literature,J Med Chem,,Gametocytocidal activity against transgenic Plasmodium falciparum NF54-pfs16-GFP late stage gametocytes after 72 hrs by mitotracker red CM-H2XRos dye based confocal imaging assay,,,,NF54,NF54,,NF54,6.74
CHEMBL581175,,,459.62,0.0,4.69,20439,CCn1c(CN2CCN(Cc3ccccc3)CC2)nc2cc(NC(=O)c3cccs3)ccc21,IC50,'=',288.2,nM,6.54,,,UO_0000065,0,CHEMBL3301456,organism-based format,,CHEMBL3301451,17,Medicines for Malaria Venture () Malaria Box,,,MMV: P. falciparum NF54 functionally mature Stage V gametocytes were incubated for 24 hr in the presence of the test compounds. Gamete formation was then triggered by addition of 2uM xantheurenic acid and temperature decrease to ~20C. Male gamete exflagellation was recorded and analysed by automated microscopy after 20 min. All compounds were tested in 4 independent experiments and data presented here is the mean. IC50s determined for selected compounds.,,,,NF54,NF54,,NF54,6.54
CHEMBL124006,,,279.39,0.0,3.75,448,CN(C)CCCNc1c2ccccc2nc2ccccc12,IC50,'=',1074.0,nM,5.97,,,UO_0000065,0,CHEMBL3301457,organism-based format,,CHEMBL3301451,17,Medicines for Malaria Venture () Malaria Box,,,MMV: P. falciparum NF54 functionally mature Stage V gametocytes were incubated for 24 hr in the presence of the test compounds. Gamete formation was then triggered by addition of 2uM xantheurenic acid and temperature decrease to ~20C. Female gamete formation was recorded 24 hr later by automated microscopy detection of surface labelling of female gametes with a Cy3-conjugated antibody reactive to Pfs25. All compounds were tested in 4 independent experiments and data presented here is the mean. IC50s determined for selected compounds.,,,,NF54,NF54,,NF54,5.97
CHEMBL1437888,,,440.55,0.0,4.76,667491,COc1ccc(C2c3ccc4ccccc4c3Oc3ncn(CCCN(C)C)c(=N)c32)cc1,IC50,'=',473.1,nM,6.33,,,UO_0000065,0,CHEMBL3301457,organism-based format,,CHEMBL3301451,17,Medicines for Malaria Venture () Malaria Box,,,MMV: P. falciparum NF54 functionally mature Stage V gametocytes were incubated for 24 hr in the presence of the test compounds. Gamete formation was then triggered by addition of 2uM xantheurenic acid and temperature decrease to ~20C. Female gamete formation was recorded 24 hr later by automated microscopy detection of surface labelling of female gametes with a Cy3-conjugated antibody reactive to Pfs25. All compounds were tested in 4 independent experiments and data presented here is the mean. IC50s determined for selected compounds.,,,,NF54,NF54,,NF54,6.33
CHEMBL588501,,,497.75,0.0,4.59,19780,Cc1cc(C)c2nc(N3CCC(C(=O)NCCCN4CCC(N5CCCCC5)CC4)CC3)sc2c1,IC50,'=',1927.98,nM,5.71,,,UO_0000065,0,CHEMBL3301557,organism-based format,,CHEMBL3301555,17,Medicines for Malaria Venture () Malaria Box,,,"MMV: Measure of pLDH activity as indication of parasite viability. Gametocytogenesis of 3D7 Plasmodium falciparum strain was induced in vitro and asexual parasites were depleted with N-acetylglucosamine. Gametocytes were treated with dihydroartemisinin, epoxomicin, methylene blue, primaquine, puromycin or chloroquine in 96-well plates and the pLDH activity was evaluated using a modified Makler protocol. Mosquito infectivity was measured by the standard membrane feeding assay. The IC50 value was extrapolated as the concentration that induced a 50% inhibition of gametocyte viability.",,,,3D7,3D7,,3D7,5.71
CHEMBL602580,,,292.51,0.0,4.08,665830,CC1CC2=C(CC1CNCCCN(C)C)C(C)(C)CCC2,IC50,'=',575.7,nM,6.24,,,UO_0000065,0,CHEMBL3301557,organism-based format,,CHEMBL3301555,17,Medicines for Malaria Venture () Malaria Box,,,"MMV: Measure of pLDH activity as indication of parasite viability. Gametocytogenesis of 3D7 Plasmodium falciparum strain was induced in vitro and asexual parasites were depleted with N-acetylglucosamine. Gametocytes were treated with dihydroartemisinin, epoxomicin, methylene blue, primaquine, puromycin or chloroquine in 96-well plates and the pLDH activity was evaluated using a modified Makler protocol. Mosquito infectivity was measured by the standard membrane feeding assay. The IC50 value was extrapolated as the concentration that induced a 50% inhibition of gametocyte viability.",,,,3D7,3D7,,3D7,6.24
CHEMBL533917,,,354.41,0.0,4.46,666080,O=C(NC(c1ccccc1)c1ccc2cccnc2c1O)c1ccccc1,IC50,'=',2648.25,nM,5.58,,,UO_0000065,0,CHEMBL3301557,organism-based format,,CHEMBL3301555,17,Medicines for Malaria Venture () Malaria Box,,,"MMV: Measure of pLDH activity as indication of parasite viability. Gametocytogenesis of 3D7 Plasmodium falciparum strain was induced in vitro and asexual parasites were depleted with N-acetylglucosamine. Gametocytes were treated with dihydroartemisinin, epoxomicin, methylene blue, primaquine, puromycin or chloroquine in 96-well plates and the pLDH activity was evaluated using a modified Makler protocol. Mosquito infectivity was measured by the standard membrane feeding assay. The IC50 value was extrapolated as the concentration that induced a 50% inhibition of gametocyte viability.",,,,3D7,3D7,,3D7,5.58
CHEMBL1437888,,,440.55,0.0,4.76,667491,COc1ccc(C2c3ccc4ccccc4c3Oc3ncn(CCCN(C)C)c(=N)c32)cc1,IC50,'=',182.7,nM,6.74,,,UO_0000065,0,CHEMBL3301456,organism-based format,,CHEMBL3301451,17,Medicines for Malaria Venture () Malaria Box,,,MMV: P. falciparum NF54 functionally mature Stage V gametocytes were incubated for 24 hr in the presence of the test compounds. Gamete formation was then triggered by addition of 2uM xantheurenic acid and temperature decrease to ~20C. Male gamete exflagellation was recorded and analysed by automated microscopy after 20 min. All compounds were tested in 4 independent experiments and data presented here is the mean. IC50s determined for selected compounds.,,,,NF54,NF54,,NF54,6.74
CHEMBL493786,TAZOPSINE,,349.38,0.0,0.07,61,COC1=C2[C@H]3NCC[C@]2(C[C@H](O)[C@@H]1O)c1c(ccc(OC)c1O)[C@H]3O,IC50,'=',4200.0,nM,5.38,,,UO_0000065,0,CHEMBL2090736,organism-based format,Hepatocyte,CHEMBL2086285,1,Scientific Literature,J Med Chem,CHEMBL3308043,Antimalarial activity against liver stages of Plasmodium falciparum NF54 infected in human hepatocytes assessed as growth inhibition of hepatic parasite after 5 days by fluorescence microscopy,,,,NF54,NF54,,NF54,5.38
CHEMBL2086451,,,454.52,0.0,4.9,152,COc1cc([C@H](O)[C@@H](C)Oc2c(OC)cc(-c3ccccc3)cc2OC)cc(OC)c1OC,IC50,'=',7.0,nM,8.15,,,UO_0000065,0,CHEMBL2090888,organism-based format,HepG2,CHEMBL2086285,1,Scientific Literature,J Med Chem,CHEMBL3307718,Antimalarial activity against liver stages of Plasmodium falciparum NF54 infected in human HepG2 cells after 6 days by fluorescence microscopy,,,,NF54,NF54,,NF54,8.15
CHEMBL3289168,,,322.41,0.0,2.76,1r,CCCCc1ccc(C(=O)NOCCCCCC(=O)NO)cc1,IC50,'=',5300.0,nM,5.28,,,UO_0000065,0,CHEMBL3297427,organism-based format,,CHEMBL3286295,1,Scientific Literature,Eur J Med Chem,,Antimalarial activity against late stage gametocyte stage of Plasmodium falciparum NF54 after 72 hrs,,,,NF54,NF54,,NF54,5.28
CHEMBL4227712,,,406.44,0.0,3.99,C-5,CCN(CC)c1ccc2cc(C3=NNC(c4ccc([N+](=O)[O-])cc4)C3)c(=O)oc2c1,IC50,'=',19700.0,nM,4.71,,,UO_0000065,0,CHEMBL4223065,cell-based format,,CHEMBL4219189,1,Scientific Literature,Bioorg Med Chem Lett,,Inhibition of chloroquine sensitive Plasmodium falciparum MRC-02 schizont stage infected in human erythrocytes assessed as reduction in bacterial growth after 24 hrs by Giemsa staining based assay,,,,MRC-02,MRC-02,,MRC-2,4.71
CHEMBL4227123,,,455.53,1.0,6.13,C-9,CCN(CC)c1ccc2cc(C3=NN(c4ccccc4)C(c4ccc(F)cc4)C3)c(=O)oc2c1,IC50,'=',26900.0,nM,4.57,,,UO_0000065,0,CHEMBL4223065,cell-based format,,CHEMBL4219189,1,Scientific Literature,Bioorg Med Chem Lett,,Inhibition of chloroquine sensitive Plasmodium falciparum MRC-02 schizont stage infected in human erythrocytes assessed as reduction in bacterial growth after 24 hrs by Giemsa staining based assay,,,,MRC-02,MRC-02,,MRC-2,4.57
CHEMBL4224976,,,482.54,1.0,5.9,C-10,CCN(CC)c1ccc2cc(C3=NN(c4ccccc4)C(c4ccc([N+](=O)[O-])cc4)C3)c(=O)oc2c1,IC50,'=',20900.0,nM,4.68,,,UO_0000065,0,CHEMBL4223065,cell-based format,,CHEMBL4219189,1,Scientific Literature,Bioorg Med Chem Lett,,Inhibition of chloroquine sensitive Plasmodium falciparum MRC-02 schizont stage infected in human erythrocytes assessed as reduction in bacterial growth after 24 hrs by Giemsa staining based assay,,,,MRC-02,MRC-02,,MRC-2,4.68
CHEMBL4228490,,,395.89,0.0,4.73,C-3,CCN(CC)c1ccc2cc(C3=NNC(c4ccc(Cl)cc4)C3)c(=O)oc2c1,IC50,'=',27100.0,nM,4.57,,,UO_0000065,0,CHEMBL4223066,cell-based format,,CHEMBL4219189,1,Scientific Literature,Bioorg Med Chem Lett,,Inhibition of chloroquine resistant Plasmodium falciparum RKL9 schizont stage infected in human erythrocytes assessed as reduction in bacterial growth after 24 hrs by Giemsa staining based assay,,,,RKL9,RKL9,,RKL9,4.57
CHEMBL81206,,,330.42,0.0,3.78,Am-1,Fc1ccc(C(CCCN2CCNCC2)c2ccc(F)cc2)cc1,IC50,'=',4500.0,nM,5.35,,,UO_0000065,0,CHEMBL1678152,organism-based format,,CHEMBL1671701,1,Scientific Literature,Antimicrob Agents Chemother,,Antiplasmodial activity against Plasmodium falciparum 3D7 infected in RBCs by firefly luciferase reporter gene assay,,,,3D7,3D7,,3D7,5.35
CHEMBL1673248,,,284.2,0.0,3.93,10,Oc1c(Br)cccc1N1CCCCCCC1,IC50,'=',430.0,nM,6.37,,,UO_0000065,0,CHEMBL1678152,organism-based format,,CHEMBL1671701,1,Scientific Literature,Antimicrob Agents Chemother,,Antiplasmodial activity against Plasmodium falciparum 3D7 infected in RBCs by firefly luciferase reporter gene assay,,,,3D7,3D7,,3D7,6.37
CHEMBL1673253,,,329.2,0.0,4.06,15,Cc1cccc(C2=NN=C(c3ccc(Br)cc3)C2)c1O,IC50,'=',4700.0,nM,5.33,,,UO_0000065,0,CHEMBL1678152,organism-based format,,CHEMBL1671701,1,Scientific Literature,Antimicrob Agents Chemother,,Antiplasmodial activity against Plasmodium falciparum 3D7 infected in RBCs by firefly luciferase reporter gene assay,,,,3D7,3D7,,3D7,5.33
CHEMBL1673266,,,376.41,0.0,2.66,35,CC(=O)N(C1=C(N2CCOCC2)C(=O)c2ccccc2C1=O)c1ccccc1,IC50,'=',780.0,nM,6.11,,,UO_0000065,0,CHEMBL1678152,organism-based format,,CHEMBL1671701,1,Scientific Literature,Antimicrob Agents Chemother,,Antiplasmodial activity against Plasmodium falciparum 3D7 infected in RBCs by firefly luciferase reporter gene assay,,,,3D7,3D7,,3D7,6.11
CHEMBL580388,,,340.79,0.0,4.72,665899,O=C(c1ccccc1F)N(Cc1ccc(Cl)cc1)c1ccccn1,IC50,'=',1189.0,nM,5.92,,,UO_0000065,0,CHEMBL3392923,organism-based format,,CHEMBL3392922,17,Medicines for Malaria Venture () Malaria Box,,,"MMV: IC50 determined against P. falciparum Dd2-luc strain using a Malaria Sybr Green I Fluorescence assay. Starting conditions were 1% trophozoite synchronised parasites at 2% haematocrit. Fluorescence detection completed after 48hr incubation at 37 degrees C under 1% O2, 3% CO2 and balance N2.",,,,Dd2-luc,Dd2,,Dd2,5.92
CHEMBL580757,,,218.26,0.0,1.35,665904,COCCn1c(C)nc2ccccc2c1=O,IC50,'=',929.8,nM,6.03,,,UO_0000065,0,CHEMBL3392923,organism-based format,,CHEMBL3392922,17,Medicines for Malaria Venture () Malaria Box,,,"MMV: IC50 determined against P. falciparum Dd2-luc strain using a Malaria Sybr Green I Fluorescence assay. Starting conditions were 1% trophozoite synchronised parasites at 2% haematocrit. Fluorescence detection completed after 48hr incubation at 37 degrees C under 1% O2, 3% CO2 and balance N2.",,,,Dd2-luc,Dd2,,Dd2,6.03
CHEMBL526981,,,420.49,0.0,3.68,665915,COc1ccc(-c2nc(NC(=O)CS(=O)(=O)c3ccc(F)cc3)sc2C)cc1,IC50,'=',514.6,nM,6.29,,,UO_0000065,0,CHEMBL3392923,organism-based format,,CHEMBL3392922,17,Medicines for Malaria Venture () Malaria Box,,,"MMV: IC50 determined against P. falciparum Dd2-luc strain using a Malaria Sybr Green I Fluorescence assay. Starting conditions were 1% trophozoite synchronised parasites at 2% haematocrit. Fluorescence detection completed after 48hr incubation at 37 degrees C under 1% O2, 3% CO2 and balance N2.",,,,Dd2-luc,Dd2,,Dd2,6.29
CHEMBL600356,,,314.43,0.0,4.75,665987,CCCCCCc1cc(O)c2c3c(c(=O)oc2c1)CCC(C)C3,IC50,'=',567.5,nM,6.25,,,UO_0000065,0,CHEMBL3392923,organism-based format,,CHEMBL3392922,17,Medicines for Malaria Venture () Malaria Box,,,"MMV: IC50 determined against P. falciparum Dd2-luc strain using a Malaria Sybr Green I Fluorescence assay. Starting conditions were 1% trophozoite synchronised parasites at 2% haematocrit. Fluorescence detection completed after 48hr incubation at 37 degrees C under 1% O2, 3% CO2 and balance N2.",,,,Dd2-luc,Dd2,,Dd2,6.25
CHEMBL600906,,,201.27,0.0,3.2,666081,CCCc1c(C)nc2ccccc2c1O,IC50,'=',636.8,nM,6.2,,,UO_0000065,0,CHEMBL3392923,organism-based format,,CHEMBL3392922,17,Medicines for Malaria Venture () Malaria Box,,,"MMV: IC50 determined against P. falciparum Dd2-luc strain using a Malaria Sybr Green I Fluorescence assay. Starting conditions were 1% trophozoite synchronised parasites at 2% haematocrit. Fluorescence detection completed after 48hr incubation at 37 degrees C under 1% O2, 3% CO2 and balance N2.",,,,Dd2-luc,Dd2,,Dd2,6.2
CHEMBL1782206,,,377.85,0.0,2.16,16.23,Cl.NC1=NC(c2ccccc2)NC(NCCCOc2ccccc2F)=N1,IC50,'=',10850.0,nM,4.96,,,UO_0000065,0,CHEMBL1785111,cell-based format,,CHEMBL1781907,1,Scientific Literature,Eur J Med Chem,,Antimalarial activity against chloroquine and cycloguanil-resistant Plasmodium falciparum FCR-3/Gambia ring stage infected in human red blood cells assessed as inhibition of [3H]-hypoxanthine incorporation incubated 24 hrs before addition of [3H]-hypoxanthine measured after 24 hrs,,,,FCR-3,FcR3,,FcR3,4.96
CHEMBL4160883,,,442.2,0.0,0.1,5e,Cc1ccc2c(c1)-c1ccccc1[I+]2.O=S(=O)([O-])C(F)(F)F,IC50,'=',80.0,nM,7.1,,,UO_0000065,0,CHEMBL4146076,organism-based format,,CHEMBL4145448,1,Scientific Literature,Eur J Med Chem,,Growth inhibition of CQ-sensitive GFP-fused Plasmodium falciparum D10 after 90 hrs by ethidium bromide staining based flow cytometry,,,,D10,D10,,D10,7.1
CHEMBL4169781,,,453.18,0.0,-0.33,5l,N#Cc1ccc2c(c1)[I+]c1ccccc1-2.O=S(=O)([O-])C(F)(F)F,IC50,'=',50.0,nM,7.3,,,UO_0000065,0,CHEMBL4146076,organism-based format,,CHEMBL4145448,1,Scientific Literature,Eur J Med Chem,,Growth inhibition of CQ-sensitive GFP-fused Plasmodium falciparum D10 after 90 hrs by ethidium bromide staining based flow cytometry,,,,D10,D10,,D10,7.3
CHEMBL4166362,,,446.16,0.0,-0.07,5n,Fc1ccc2c(c1)[I+]c1ccccc1-2.O=S(=O)([O-])C(F)(F)F,IC50,'=',60.0,nM,7.22,,,UO_0000065,0,CHEMBL4146076,organism-based format,,CHEMBL4145448,1,Scientific Literature,Eur J Med Chem,,Growth inhibition of CQ-sensitive GFP-fused Plasmodium falciparum D10 after 90 hrs by ethidium bromide staining based flow cytometry,,,,D10,D10,,D10,7.22
CHEMBL4167328,,,428.17,0.0,-0.2,5o,O=S(=O)([O-])C(F)(F)F.c1ccc2c(c1)[I+]c1ccccc1-2,IC50,'=',40.0,nM,7.4,,,UO_0000065,0,CHEMBL4146130,organism-based format,,CHEMBL4145448,1,Scientific Literature,Eur J Med Chem,,Growth inhibition of CQ-resistant GFP-fused Plasmodium falciparum CS2 after 90 hrs by ethidium bromide staining based flow cytometry,,,,CS2,CS2,,CS2,7.4
CHEMBL3222268,,,448.91,0.0,4.68,15,CC(C)(C)NCc1cc(Nc2ccnc3cc(Cl)ccc23)cc(-c2no[n+]([O-])c2C#N)c1,IC50,'=',630.0,nM,6.2,,,UO_0000065,0,CHEMBL3223115,organism-based format,,CHEMBL3217651,1,Scientific Literature,Medchemcomm,,Antimalarial activity against chloroquine-sensitive Plasmodium falciparum 3D7 infected in human erythrocytes after 96 hrs by luciferase based delayed death assay,,,,3D7,3D7,,3D7,6.2
CHEMBL450960,,,653.05,2.0,10.36,5c,COc1ccc2nc3cc(Cl)ccc3c(NC(c3ccc(Cl)cc3)(c3ccc(Cl)cc3)c3ccc(CN4CCCC4)cc3)c2c1,IC50,'=',149.0,nM,6.83,,,UO_0000065,0,CHEMBL1012852,organism-based format,,CHEMBL1139381,1,Scientific Literature,J Med Chem,,Antimalarial activity after 72 hrs against chloroquine-resistant Plasmodium falciparum W2 infected human A+ erythrocytes by Makler LDH reporter assay,,,,W2,W2,,W2,6.83
CHEMBL4086345,,,481.68,0.0,3.27,18,CCCCCC(=O)N[C@@H](C(=O)N[C@@H](CCCC)C(=O)N[C@@H](CC(C)C)C(=O)[C@@]1(C)CO1)C(C)C,IC50,'=',130.0,nM,6.89,,,UO_0000065,0,CHEMBL4040348,cell-based format,,CHEMBL4038319,1,Scientific Literature,J Med Chem,,Antimalarial activity against stage V gametocytes of Plasmodium falciparum NF54 infected in human erythrocytes after 72 hrs by mitotracker red based bioluminescence assay,,,,NF54,NF54,,NF54,6.89
CHEMBL1594640,,,392.42,0.0,2.28,396705,COc1cccc(Cn2c(Oc3ccccc3)nc3c2c(=O)n(C)c(=O)n3C)c1,IC50,'=',1154.0,nM,5.94,,,UO_0000065,0,CHEMBL3392923,organism-based format,,CHEMBL3392922,17,Medicines for Malaria Venture () Malaria Box,,,"MMV: IC50 determined against P. falciparum Dd2-luc strain using a Malaria Sybr Green I Fluorescence assay. Starting conditions were 1% trophozoite synchronised parasites at 2% haematocrit. Fluorescence detection completed after 48hr incubation at 37 degrees C under 1% O2, 3% CO2 and balance N2.",,,,Dd2-luc,Dd2,,Dd2,5.94
CHEMBL589922,,,291.82,0.0,3.07,665812,CCc1ccc(CNCC(O)c2ccccc2)cc1.Cl,IC50,'=',1866.0,nM,5.73,,,UO_0000065,0,CHEMBL3392923,organism-based format,,CHEMBL3392922,17,Medicines for Malaria Venture () Malaria Box,,,"MMV: IC50 determined against P. falciparum Dd2-luc strain using a Malaria Sybr Green I Fluorescence assay. Starting conditions were 1% trophozoite synchronised parasites at 2% haematocrit. Fluorescence detection completed after 48hr incubation at 37 degrees C under 1% O2, 3% CO2 and balance N2.",,,,Dd2-luc,Dd2,,Dd2,5.73
CHEMBL602366,,,199.25,0.0,2.41,665843,O=c1c2c([nH]c3ccccc13)CCCC2,IC50,'=',876.0,nM,6.06,,,UO_0000065,0,CHEMBL3392923,organism-based format,,CHEMBL3392922,17,Medicines for Malaria Venture () Malaria Box,,,"MMV: IC50 determined against P. falciparum Dd2-luc strain using a Malaria Sybr Green I Fluorescence assay. Starting conditions were 1% trophozoite synchronised parasites at 2% haematocrit. Fluorescence detection completed after 48hr incubation at 37 degrees C under 1% O2, 3% CO2 and balance N2.",,,,Dd2-luc,Dd2,,Dd2,6.06
CHEMBL546168,,,341.72,0.0,4.16,665874,Cc1cc(Nc2ccc(C)c(Cl)c2)n2nc(C(F)(F)F)nc2n1,IC50,'=',1241.0,nM,5.91,,,UO_0000065,0,CHEMBL3392923,organism-based format,,CHEMBL3392922,17,Medicines for Malaria Venture () Malaria Box,,,"MMV: IC50 determined against P. falciparum Dd2-luc strain using a Malaria Sybr Green I Fluorescence assay. Starting conditions were 1% trophozoite synchronised parasites at 2% haematocrit. Fluorescence detection completed after 48hr incubation at 37 degrees C under 1% O2, 3% CO2 and balance N2.",,,,Dd2-luc,Dd2,,Dd2,5.91
CHEMBL534612,,,479.54,0.0,3.31,665881,COc1ccc(CNC(=O)c2cc3c(=O)n4ccccc4nc3n(CCc3ccccc3)c2=N)cc1,IC50,'=',1228.0,nM,5.91,,,UO_0000065,0,CHEMBL3392923,organism-based format,,CHEMBL3392922,17,Medicines for Malaria Venture () Malaria Box,,,"MMV: IC50 determined against P. falciparum Dd2-luc strain using a Malaria Sybr Green I Fluorescence assay. Starting conditions were 1% trophozoite synchronised parasites at 2% haematocrit. Fluorescence detection completed after 48hr incubation at 37 degrees C under 1% O2, 3% CO2 and balance N2.",,,,Dd2-luc,Dd2,,Dd2,5.91
CHEMBL580819,,,422.44,1.0,5.33,665883,O=C(Nc1cccc(-c2nc3ccccc3[nH]2)c1)c1cccc(NC(=O)c2ccco2)c1,IC50,'=',506.3,nM,6.3,,,UO_0000065,0,CHEMBL3392923,organism-based format,,CHEMBL3392922,17,Medicines for Malaria Venture () Malaria Box,,,"MMV: IC50 determined against P. falciparum Dd2-luc strain using a Malaria Sybr Green I Fluorescence assay. Starting conditions were 1% trophozoite synchronised parasites at 2% haematocrit. Fluorescence detection completed after 48hr incubation at 37 degrees C under 1% O2, 3% CO2 and balance N2.",,,,Dd2-luc,Dd2,,Dd2,6.3
CHEMBL526587,,,440.53,0.0,3.52,665906,Cc1ccc(-c2cc(C(=O)Nc3ccc(S(=O)(=O)N4CCCCC4)cc3)[nH]n2)c(O)c1,IC50,'=',2354.0,nM,5.63,,,UO_0000065,0,CHEMBL3392923,organism-based format,,CHEMBL3392922,17,Medicines for Malaria Venture () Malaria Box,,,"MMV: IC50 determined against P. falciparum Dd2-luc strain using a Malaria Sybr Green I Fluorescence assay. Starting conditions were 1% trophozoite synchronised parasites at 2% haematocrit. Fluorescence detection completed after 48hr incubation at 37 degrees C under 1% O2, 3% CO2 and balance N2.",,,,Dd2-luc,Dd2,,Dd2,5.63
CHEMBL537071,,,388.52,0.0,4.85,665946,CC(C)=CCN1CCC(C(=O)Nc2ccc(-c3nc4ccccc4[nH]3)cc2)CC1,IC50,'=',1240.0,nM,5.91,,,UO_0000065,0,CHEMBL3392923,organism-based format,,CHEMBL3392922,17,Medicines for Malaria Venture () Malaria Box,,,"MMV: IC50 determined against P. falciparum Dd2-luc strain using a Malaria Sybr Green I Fluorescence assay. Starting conditions were 1% trophozoite synchronised parasites at 2% haematocrit. Fluorescence detection completed after 48hr incubation at 37 degrees C under 1% O2, 3% CO2 and balance N2.",,,,Dd2-luc,Dd2,,Dd2,5.91
CHEMBL526800,,,484.96,0.0,3.17,665971,CCOC(=O)C1=C(C)N=c2sc(=Cc3cc(Cl)ccc3O)c(=O)n2C1c1ccc(OC)cc1,IC50,'=',527.0,nM,6.28,,,UO_0000065,0,CHEMBL3392923,organism-based format,,CHEMBL3392922,17,Medicines for Malaria Venture () Malaria Box,,,"MMV: IC50 determined against P. falciparum Dd2-luc strain using a Malaria Sybr Green I Fluorescence assay. Starting conditions were 1% trophozoite synchronised parasites at 2% haematocrit. Fluorescence detection completed after 48hr incubation at 37 degrees C under 1% O2, 3% CO2 and balance N2.",,,,Dd2-luc,Dd2,,Dd2,6.28
CHEMBL4288073,,,426.52,0.0,2.43,1d,CN(C)c1ccc(C(=O)N(CC(=O)NC(C)(C)C)Cc2ccc(C(=O)NO)cc2)cc1,IC50,'=',2720.0,nM,5.57,,,UO_0000065,0,CHEMBL4268539,organism-based format,,CHEMBL4265952,1,Scientific Literature,Eur J Med Chem,,Gametocytocidal activity against transgenic GFP-fused Plasmodium falciparum NF54 late stage gametocytes after 72 hrs by Mitotracker Red CMH2XRos staining based imaging method,,,,NF54,NF54,,NF54,5.57
CHEMBL2430992,,,458.05,1.0,7.32,5r,CCN(CC)CCCCn1cc/c(=N\c2ccc(-c3ccccc3)cc2)c2ccc(Cl)cc21,IC50,'=',68.3,nM,7.17,,,UO_0000065,0,CHEMBL2433603,organism-based format,,CHEMBL2429868,1,Scientific Literature,J Med Chem,,Antiplasmodial activity against Plasmodium falciparum 3D7 transfected with yeast GFP-tagged DHODH assessed as parasite growth inhibition,,,,3D7,3D7,,3D7,7.17
CHEMBL1782198,,,386.33,0.0,2.63,16.14,Cl.NC1=NC2(CCCCC2)NC(NCCCOc2ccc(Cl)cc2)=N1,IC50,'=',7940.0,nM,5.1,,,UO_0000065,0,CHEMBL1785111,cell-based format,,CHEMBL1781907,1,Scientific Literature,Eur J Med Chem,,Antimalarial activity against chloroquine and cycloguanil-resistant Plasmodium falciparum FCR-3/Gambia ring stage infected in human red blood cells assessed as inhibition of [3H]-hypoxanthine incorporation incubated 24 hrs before addition of [3H]-hypoxanthine measured after 24 hrs,,,,FCR-3,FcR3,,FcR3,5.1
CHEMBL1782204,,,394.31,0.0,2.67,16.21,Cl.NC1=NC(c2ccccc2)NC(NCCCOc2ccccc2Cl)=N1,IC50,'=',4530.0,nM,5.34,,,UO_0000065,0,CHEMBL1785111,cell-based format,,CHEMBL1781907,1,Scientific Literature,Eur J Med Chem,,Antimalarial activity against chloroquine and cycloguanil-resistant Plasmodium falciparum FCR-3/Gambia ring stage infected in human red blood cells assessed as inhibition of [3H]-hypoxanthine incorporation incubated 24 hrs before addition of [3H]-hypoxanthine measured after 24 hrs,,,,FCR-3,FcR3,,FcR3,5.34
CHEMBL469912,PUROMYCIN,2.0,471.52,1.0,-0.79,Puromycin,COc1ccc(C[C@H](N)C(=O)N[C@H]2[C@@H](O)[C@H](n3cnc4c(N(C)C)ncnc43)O[C@@H]2CO)cc1,IC50,'=',68.0,nM,7.17,,,UO_0000065,0,CHEMBL4704472,organism-based format,,CHEMBL4699594,1,Scientific Literature,J Nat Prod,,Antiplasmodial activity against chloroquine-resistant Plasmodium falciparum Dd2 ring stage incubated for 72 hrs by DAPI-staining based imaging analysis,,,,Dd2,Dd2,,Dd2,7.17
CHEMBL269671,,,282.34,0.0,2.39,artemisinin,C[C@@H]1CC[C@H]2[C@@H](C)C(=O)O[C@@H]3O[C@@]4(C)CC[C@@H]1[C@]32OO4,IC50,'=',10.78,nM,7.97,,,UO_0000065,0,CHEMBL910395,organism-based format,,CHEMBL1142194,1,Scientific Literature,Antimicrob Agents Chemother,,Growth inhibition of Plasmodium falciparum 3D7 ring stage in infected erythrocytes after 72 hrs in DAPI fluorimetry,,,,3D7,3D7,,3D7,7.97
CHEMBL581889,,,368.82,0.0,3.55,31,CC(=O)N(C1=C(N(C)C)C(=O)c2ccccc2C1=O)c1cccc(Cl)c1,IC50,'=',14.0,nM,7.85,,,UO_0000065,0,CHEMBL1678152,organism-based format,,CHEMBL1671701,1,Scientific Literature,Antimicrob Agents Chemother,,Antiplasmodial activity against Plasmodium falciparum 3D7 infected in RBCs by firefly luciferase reporter gene assay,,,,3D7,3D7,,3D7,7.85
CHEMBL590674,,,314.82,0.0,4.55,570,CCc1ccc(Nc2cc(C)c3ccc(O)cc3n2)cc1.Cl,IC50,'=',316.1,nM,6.5,,,UO_0000065,0,CHEMBL3392923,organism-based format,,CHEMBL3392922,17,Medicines for Malaria Venture () Malaria Box,,,"MMV: IC50 determined against P. falciparum Dd2-luc strain using a Malaria Sybr Green I Fluorescence assay. Starting conditions were 1% trophozoite synchronised parasites at 2% haematocrit. Fluorescence detection completed after 48hr incubation at 37 degrees C under 1% O2, 3% CO2 and balance N2.",,,,Dd2-luc,Dd2,,Dd2,6.5
CHEMBL4577940,,,453.23,1.0,6.44,42,N#Cc1c(C(F)(F)F)cc(NCc2ccc(F)cc2)n2c1nc1cc(Cl)c(Cl)cc12,IC50,'=',690.0,nM,6.16,,,UO_0000065,0,CHEMBL4373129,organism-based format,,CHEMBL4371072,1,Scientific Literature,J Med Chem,,Antiplasmodial activity against chloroquine-sensitive final late stage of Plasmodium falciparum NF54-Mal8p1.16-GFP-Luc gametocytes after 24 hrs by BacTiter-Glo assay,,,,NF54-Mal8p1.16-GFP-Luc,NF54,,NF54,6.16
CHEMBL583555,,,287.37,0.0,4.44,666079,Cc1ccc2cc3c(N)c4c(C)ccc(C)c4nc3nc2c1,IC50,'=',1445.0,nM,5.84,,,UO_0000065,0,CHEMBL3392923,organism-based format,,CHEMBL3392922,17,Medicines for Malaria Venture () Malaria Box,,,"MMV: IC50 determined against P. falciparum Dd2-luc strain using a Malaria Sybr Green I Fluorescence assay. Starting conditions were 1% trophozoite synchronised parasites at 2% haematocrit. Fluorescence detection completed after 48hr incubation at 37 degrees C under 1% O2, 3% CO2 and balance N2.",,,,Dd2-luc,Dd2,,Dd2,5.84
CHEMBL549208,,,494.66,0.0,4.96,666105,COCCN(C(=O)Cc1cccs1)C(C(=O)NCc1ccc(OC)cc1)c1ccc(C(C)C)cc1,IC50,'=',975.4,nM,6.01,,,UO_0000065,0,CHEMBL3392923,organism-based format,,CHEMBL3392922,17,Medicines for Malaria Venture () Malaria Box,,,"MMV: IC50 determined against P. falciparum Dd2-luc strain using a Malaria Sybr Green I Fluorescence assay. Starting conditions were 1% trophozoite synchronised parasites at 2% haematocrit. Fluorescence detection completed after 48hr incubation at 37 degrees C under 1% O2, 3% CO2 and balance N2.",,,,Dd2-luc,Dd2,,Dd2,6.01
CHEMBL546994,,,309.32,0.0,3.38,666693,COc1cccc(C=Cc2nc(=O)c3ccccc3o2)c1OC,IC50,'=',426.4,nM,6.37,,,UO_0000065,0,CHEMBL3392923,organism-based format,,CHEMBL3392922,17,Medicines for Malaria Venture () Malaria Box,,,"MMV: IC50 determined against P. falciparum Dd2-luc strain using a Malaria Sybr Green I Fluorescence assay. Starting conditions were 1% trophozoite synchronised parasites at 2% haematocrit. Fluorescence detection completed after 48hr incubation at 37 degrees C under 1% O2, 3% CO2 and balance N2.",,,,Dd2-luc,Dd2,,Dd2,6.37
CHEMBL602234,,,403.95,0.0,3.86,444,CCCCCn1c(=N)n(CC(O)COc2cccc(C)c2)c2ccccc21.Cl,IC50,'=',2346.0,nM,5.63,,,UO_0000065,0,CHEMBL3392923,organism-based format,,CHEMBL3392922,17,Medicines for Malaria Venture () Malaria Box,,,"MMV: IC50 determined against P. falciparum Dd2-luc strain using a Malaria Sybr Green I Fluorescence assay. Starting conditions were 1% trophozoite synchronised parasites at 2% haematocrit. Fluorescence detection completed after 48hr incubation at 37 degrees C under 1% O2, 3% CO2 and balance N2.",,,,Dd2-luc,Dd2,,Dd2,5.63
CHEMBL586704,,,409.51,0.0,4.62,6429,Cc1cc(NC(=O)C2c3ccccc3C(=O)N(CC(C)C)C2c2cccs2)no1,IC50,'=',160.0,nM,6.8,,,UO_0000065,0,CHEMBL3392923,organism-based format,,CHEMBL3392922,17,Medicines for Malaria Venture () Malaria Box,,,"MMV: IC50 determined against P. falciparum Dd2-luc strain using a Malaria Sybr Green I Fluorescence assay. Starting conditions were 1% trophozoite synchronised parasites at 2% haematocrit. Fluorescence detection completed after 48hr incubation at 37 degrees C under 1% O2, 3% CO2 and balance N2.",,,,Dd2-luc,Dd2,,Dd2,6.8
CHEMBL597855,,,293.32,0.0,3.78,6457,CCOC(=O)c1ccc2nc(-c3ccccc3)cc(O)c2c1,IC50,'=',719.8,nM,6.14,,,UO_0000065,0,CHEMBL3392923,organism-based format,,CHEMBL3392922,17,Medicines for Malaria Venture () Malaria Box,,,"MMV: IC50 determined against P. falciparum Dd2-luc strain using a Malaria Sybr Green I Fluorescence assay. Starting conditions were 1% trophozoite synchronised parasites at 2% haematocrit. Fluorescence detection completed after 48hr incubation at 37 degrees C under 1% O2, 3% CO2 and balance N2.",,,,Dd2-luc,Dd2,,Dd2,6.14
CHEMBL601814,,,440.29,0.0,3.0,6764,CCOc1c(Br)cc(C2C(C(=O)OC)=CN(C)C=C2C(=O)OC)cc1OC,IC50,'=',789.1,nM,6.1,,,UO_0000065,0,CHEMBL3392923,organism-based format,,CHEMBL3392922,17,Medicines for Malaria Venture () Malaria Box,,,"MMV: IC50 determined against P. falciparum Dd2-luc strain using a Malaria Sybr Green I Fluorescence assay. Starting conditions were 1% trophozoite synchronised parasites at 2% haematocrit. Fluorescence detection completed after 48hr incubation at 37 degrees C under 1% O2, 3% CO2 and balance N2.",,,,Dd2-luc,Dd2,,Dd2,6.1
CHEMBL2021322,,,358.44,1.0,6.34,7113,c1ccc(/C2=N/c3ccccc3/N=C(/c3ccccc3)c3ccccc32)cc1,IC50,'=',638.0,nM,6.2,,,UO_0000065,0,CHEMBL3392923,organism-based format,,CHEMBL3392922,17,Medicines for Malaria Venture () Malaria Box,,,"MMV: IC50 determined against P. falciparum Dd2-luc strain using a Malaria Sybr Green I Fluorescence assay. Starting conditions were 1% trophozoite synchronised parasites at 2% haematocrit. Fluorescence detection completed after 48hr incubation at 37 degrees C under 1% O2, 3% CO2 and balance N2.",,,,Dd2-luc,Dd2,,Dd2,6.2
CHEMBL577014,,,356.43,1.0,5.57,7181,Cc1cc(Nc2ccc(OCc3ccccc3)cc2)nc2cc(O)ccc12,IC50,'=',296.5,nM,6.53,,,UO_0000065,0,CHEMBL3392923,organism-based format,,CHEMBL3392922,17,Medicines for Malaria Venture () Malaria Box,,,"MMV: IC50 determined against P. falciparum Dd2-luc strain using a Malaria Sybr Green I Fluorescence assay. Starting conditions were 1% trophozoite synchronised parasites at 2% haematocrit. Fluorescence detection completed after 48hr incubation at 37 degrees C under 1% O2, 3% CO2 and balance N2.",,,,Dd2-luc,Dd2,,Dd2,6.53
CHEMBL596652,,,427.32,0.0,2.76,7430,O=C(NCc1ccco1)C1CCN(S(=O)(=O)c2ccc(Br)cc2)CC1,IC50,'=',901.3,nM,6.04,,,UO_0000065,0,CHEMBL3392923,organism-based format,,CHEMBL3392922,17,Medicines for Malaria Venture () Malaria Box,,,"MMV: IC50 determined against P. falciparum Dd2-luc strain using a Malaria Sybr Green I Fluorescence assay. Starting conditions were 1% trophozoite synchronised parasites at 2% haematocrit. Fluorescence detection completed after 48hr incubation at 37 degrees C under 1% O2, 3% CO2 and balance N2.",,,,Dd2-luc,Dd2,,Dd2,6.05
CHEMBL601534,,,645.2,2.0,6.86,7474,COc1cc2c3cc1Oc1c(OC)c(OC)cc4c1C(Cc1ccc(O)c(c1)Oc1ccc(cc1)CC3N(C)CC2)N(C)CC4.Cl,IC50,'=',691.5,nM,6.16,,,UO_0000065,0,CHEMBL3392923,organism-based format,,CHEMBL3392922,17,Medicines for Malaria Venture () Malaria Box,,,"MMV: IC50 determined against P. falciparum Dd2-luc strain using a Malaria Sybr Green I Fluorescence assay. Starting conditions were 1% trophozoite synchronised parasites at 2% haematocrit. Fluorescence detection completed after 48hr incubation at 37 degrees C under 1% O2, 3% CO2 and balance N2.",,,,Dd2-luc,Dd2,,Dd2,6.16
CHEMBL581349,,,335.45,0.0,3.89,7617,CC(=O)NCCc1nc2ccccc2n1Cc1ccc(C(C)C)cc1,IC50,'=',1494.0,nM,5.83,,,UO_0000065,0,CHEMBL3392923,organism-based format,,CHEMBL3392922,17,Medicines for Malaria Venture () Malaria Box,,,"MMV: IC50 determined against P. falciparum Dd2-luc strain using a Malaria Sybr Green I Fluorescence assay. Starting conditions were 1% trophozoite synchronised parasites at 2% haematocrit. Fluorescence detection completed after 48hr incubation at 37 degrees C under 1% O2, 3% CO2 and balance N2.",,,,Dd2-luc,Dd2,,Dd2,5.83
CHEMBL601786,,,389.36,1.0,5.79,7654,Br.Cc1ccc(C)c(-c2csc(Nc3ccc(C)c(C)c3)n2)c1,IC50,'=',1049.0,nM,5.98,,,UO_0000065,0,CHEMBL3392923,organism-based format,,CHEMBL3392922,17,Medicines for Malaria Venture () Malaria Box,,,"MMV: IC50 determined against P. falciparum Dd2-luc strain using a Malaria Sybr Green I Fluorescence assay. Starting conditions were 1% trophozoite synchronised parasites at 2% haematocrit. Fluorescence detection completed after 48hr incubation at 37 degrees C under 1% O2, 3% CO2 and balance N2.",,,,Dd2-luc,Dd2,,Dd2,5.98
CHEMBL611070,,,378.49,0.0,4.12,7881,CCCCN(CCCC)S(=O)(=O)c1ccc(NC(=O)c2ccco2)cc1,IC50,'=',1155.0,nM,5.94,,,UO_0000065,0,CHEMBL3392923,organism-based format,,CHEMBL3392922,17,Medicines for Malaria Venture () Malaria Box,,,"MMV: IC50 determined against P. falciparum Dd2-luc strain using a Malaria Sybr Green I Fluorescence assay. Starting conditions were 1% trophozoite synchronised parasites at 2% haematocrit. Fluorescence detection completed after 48hr incubation at 37 degrees C under 1% O2, 3% CO2 and balance N2.",,,,Dd2-luc,Dd2,,Dd2,5.94
CHEMBL596643,,,283.71,0.0,4.01,7977,O=c1nc(C=Cc2ccc(Cl)cc2)oc2ccccc12,IC50,'=',1186.0,nM,5.93,,,UO_0000065,0,CHEMBL3392923,organism-based format,,CHEMBL3392922,17,Medicines for Malaria Venture () Malaria Box,,,"MMV: IC50 determined against P. falciparum Dd2-luc strain using a Malaria Sybr Green I Fluorescence assay. Starting conditions were 1% trophozoite synchronised parasites at 2% haematocrit. Fluorescence detection completed after 48hr incubation at 37 degrees C under 1% O2, 3% CO2 and balance N2.",,,,Dd2-luc,Dd2,,Dd2,5.93
CHEMBL601825,,,319.43,0.0,3.52,7978,CCOc1ccc(CCNC(=O)c2cccs2)cc1OCC,IC50,'=',2719.0,nM,5.57,,,UO_0000065,0,CHEMBL3392923,organism-based format,,CHEMBL3392922,17,Medicines for Malaria Venture () Malaria Box,,,"MMV: IC50 determined against P. falciparum Dd2-luc strain using a Malaria Sybr Green I Fluorescence assay. Starting conditions were 1% trophozoite synchronised parasites at 2% haematocrit. Fluorescence detection completed after 48hr incubation at 37 degrees C under 1% O2, 3% CO2 and balance N2.",,,,Dd2-luc,Dd2,,Dd2,5.57
CHEMBL580654,,,343.39,0.0,4.49,19762,COc1cccc(C(=O)Nc2ccc(-c3nc4ccccc4[nH]3)cc2)c1,IC50,'=',831.5,nM,6.08,,,UO_0000065,0,CHEMBL3392923,organism-based format,,CHEMBL3392922,17,Medicines for Malaria Venture () Malaria Box,,,"MMV: IC50 determined against P. falciparum Dd2-luc strain using a Malaria Sybr Green I Fluorescence assay. Starting conditions were 1% trophozoite synchronised parasites at 2% haematocrit. Fluorescence detection completed after 48hr incubation at 37 degrees C under 1% O2, 3% CO2 and balance N2.",,,,Dd2-luc,Dd2,,Dd2,6.08
CHEMBL588501,,,497.75,0.0,4.59,19780,Cc1cc(C)c2nc(N3CCC(C(=O)NCCCN4CCC(N5CCCCC5)CC4)CC3)sc2c1,IC50,'=',1281.0,nM,5.89,,,UO_0000065,0,CHEMBL3392923,organism-based format,,CHEMBL3392922,17,Medicines for Malaria Venture () Malaria Box,,,"MMV: IC50 determined against P. falciparum Dd2-luc strain using a Malaria Sybr Green I Fluorescence assay. Starting conditions were 1% trophozoite synchronised parasites at 2% haematocrit. Fluorescence detection completed after 48hr incubation at 37 degrees C under 1% O2, 3% CO2 and balance N2.",,,,Dd2-luc,Dd2,,Dd2,5.89
CHEMBL530149,,,323.35,0.0,3.09,6767,COc1cc2cc(C(=O)Nc3ccccc3)c(N)nc2cc1OC,IC50,'=',883.6,nM,6.05,,,UO_0000065,0,CHEMBL3392923,organism-based format,,CHEMBL3392922,17,Medicines for Malaria Venture () Malaria Box,,,"MMV: IC50 determined against P. falciparum Dd2-luc strain using a Malaria Sybr Green I Fluorescence assay. Starting conditions were 1% trophozoite synchronised parasites at 2% haematocrit. Fluorescence detection completed after 48hr incubation at 37 degrees C under 1% O2, 3% CO2 and balance N2.",,,,Dd2-luc,Dd2,,Dd2,6.05
CHEMBL578294,,,320.4,0.0,4.15,6825,COc1ccc(Nc2cc(C)nc(NCc3ccccc3)n2)cc1,IC50,'=',311.4,nM,6.51,,,UO_0000065,0,CHEMBL3392923,organism-based format,,CHEMBL3392922,17,Medicines for Malaria Venture () Malaria Box,,,"MMV: IC50 determined against P. falciparum Dd2-luc strain using a Malaria Sybr Green I Fluorescence assay. Starting conditions were 1% trophozoite synchronised parasites at 2% haematocrit. Fluorescence detection completed after 48hr incubation at 37 degrees C under 1% O2, 3% CO2 and balance N2.",,,,Dd2-luc,Dd2,,Dd2,6.51
CHEMBL606252,,,405.5,0.0,3.62,8474,CCN1CCN(c2c(C(=O)c3ccccc3)cnc3cc(OC)c(OC)cc23)CC1,IC50,'=',3337.0,nM,5.48,,,UO_0000065,0,CHEMBL3392923,organism-based format,,CHEMBL3392922,17,Medicines for Malaria Venture () Malaria Box,,,"MMV: IC50 determined against P. falciparum Dd2-luc strain using a Malaria Sybr Green I Fluorescence assay. Starting conditions were 1% trophozoite synchronised parasites at 2% haematocrit. Fluorescence detection completed after 48hr incubation at 37 degrees C under 1% O2, 3% CO2 and balance N2.",,,,Dd2-luc,Dd2,,Dd2,5.48
CHEMBL592786,,,321.8,0.0,3.4,128432,COc1cc(CNCCc2ccc(Cl)cc2)cc(OC)c1O,IC50,'=',1867.0,nM,5.73,,,UO_0000065,0,CHEMBL3392923,organism-based format,,CHEMBL3392922,17,Medicines for Malaria Venture () Malaria Box,,,"MMV: IC50 determined against P. falciparum Dd2-luc strain using a Malaria Sybr Green I Fluorescence assay. Starting conditions were 1% trophozoite synchronised parasites at 2% haematocrit. Fluorescence detection completed after 48hr incubation at 37 degrees C under 1% O2, 3% CO2 and balance N2.",,,,Dd2-luc,Dd2,,Dd2,5.73
CHEMBL525106,,,479.85,0.0,3.9,665902,Cl.N=c1n(CCN2CCCCC2)c2ccccc2n1CC(O)c1cccc(Br)c1,IC50,'=',1106.0,nM,5.96,,,UO_0000065,0,CHEMBL3392923,organism-based format,,CHEMBL3392922,17,Medicines for Malaria Venture () Malaria Box,,,"MMV: IC50 determined against P. falciparum Dd2-luc strain using a Malaria Sybr Green I Fluorescence assay. Starting conditions were 1% trophozoite synchronised parasites at 2% haematocrit. Fluorescence detection completed after 48hr incubation at 37 degrees C under 1% O2, 3% CO2 and balance N2.",,,,Dd2-luc,Dd2,,Dd2,5.96
CHEMBL589060,,,420.68,1.0,5.55,666057,O=C(Nc1ccc(Cl)cc1C(=O)Nc1ccncc1)c1ccc(Cl)cc1Cl,IC50,'=',866.2,nM,6.06,,,UO_0000065,0,CHEMBL3392923,organism-based format,,CHEMBL3392922,17,Medicines for Malaria Venture () Malaria Box,,,"MMV: IC50 determined against P. falciparum Dd2-luc strain using a Malaria Sybr Green I Fluorescence assay. Starting conditions were 1% trophozoite synchronised parasites at 2% haematocrit. Fluorescence detection completed after 48hr incubation at 37 degrees C under 1% O2, 3% CO2 and balance N2.",,,,Dd2-luc,Dd2,,Dd2,6.06
CHEMBL528492,,,297.79,0.0,1.27,667486,CCOc1ccc(N2C(N)=NC(N)=NC2(C)C)cc1.Cl,IC50,'=',8132.0,nM,5.09,,,UO_0000065,0,CHEMBL3392923,organism-based format,,CHEMBL3392922,17,Medicines for Malaria Venture () Malaria Box,,,"MMV: IC50 determined against P. falciparum Dd2-luc strain using a Malaria Sybr Green I Fluorescence assay. Starting conditions were 1% trophozoite synchronised parasites at 2% haematocrit. Fluorescence detection completed after 48hr incubation at 37 degrees C under 1% O2, 3% CO2 and balance N2.",,,,Dd2-luc,Dd2,,Dd2,5.09
CHEMBL601041,,,350.85,1.0,5.53,304,CCOc1ccc(Nc2c3ccccc3nc3ccccc23)cc1.Cl,IC50,'=',1668.0,nM,5.78,,,UO_0000065,0,CHEMBL3392923,organism-based format,,CHEMBL3392922,17,Medicines for Malaria Venture () Malaria Box,,,"MMV: IC50 determined against P. falciparum Dd2-luc strain using a Malaria Sybr Green I Fluorescence assay. Starting conditions were 1% trophozoite synchronised parasites at 2% haematocrit. Fluorescence detection completed after 48hr incubation at 37 degrees C under 1% O2, 3% CO2 and balance N2.",,,,Dd2-luc,Dd2,,Dd2,5.78
CHEMBL592808,,,458.86,1.0,5.49,619,CCCCC(O)(c1ccc(Cl)cc1)C(CN1CCOCC1)c1ccc(Cl)cc1.Cl,IC50,'=',3573.0,nM,5.45,,,UO_0000065,0,CHEMBL3392923,organism-based format,,CHEMBL3392922,17,Medicines for Malaria Venture () Malaria Box,,,"MMV: IC50 determined against P. falciparum Dd2-luc strain using a Malaria Sybr Green I Fluorescence assay. Starting conditions were 1% trophozoite synchronised parasites at 2% haematocrit. Fluorescence detection completed after 48hr incubation at 37 degrees C under 1% O2, 3% CO2 and balance N2.",,,,Dd2-luc,Dd2,,Dd2,5.45
CHEMBL589946,,,305.85,0.0,3.63,1049,CC(C)c1ccc(CNCC(O)c2ccccc2)cc1.Cl,IC50,'=',1076.0,nM,5.97,,,UO_0000065,0,CHEMBL3392923,organism-based format,,CHEMBL3392922,17,Medicines for Malaria Venture () Malaria Box,,,"MMV: IC50 determined against P. falciparum Dd2-luc strain using a Malaria Sybr Green I Fluorescence assay. Starting conditions were 1% trophozoite synchronised parasites at 2% haematocrit. Fluorescence detection completed after 48hr incubation at 37 degrees C under 1% O2, 3% CO2 and balance N2.",,,,Dd2-luc,Dd2,,Dd2,5.97
CHEMBL529773,,,328.2,0.0,2.53,6278,CCc1c(C)c(=N)c2ccccc2n1C.I,IC50,'=',2769.0,nM,5.56,,,UO_0000065,0,CHEMBL3392923,organism-based format,,CHEMBL3392922,17,Medicines for Malaria Venture () Malaria Box,,,"MMV: IC50 determined against P. falciparum Dd2-luc strain using a Malaria Sybr Green I Fluorescence assay. Starting conditions were 1% trophozoite synchronised parasites at 2% haematocrit. Fluorescence detection completed after 48hr incubation at 37 degrees C under 1% O2, 3% CO2 and balance N2.",,,,Dd2-luc,Dd2,,Dd2,5.56
CHEMBL537087,,,457.83,0.0,4.3,248,CCN(CC)CCn1c(=N)n(CC(O)c2ccc(Cl)c(Cl)c2)c2ccccc21.Cl,IC50,'=',2079.75,nM,5.68,,,UO_0000065,0,CHEMBL3301557,organism-based format,,CHEMBL3301555,17,Medicines for Malaria Venture () Malaria Box,,,"MMV: Measure of pLDH activity as indication of parasite viability. Gametocytogenesis of 3D7 Plasmodium falciparum strain was induced in vitro and asexual parasites were depleted with N-acetylglucosamine. Gametocytes were treated with dihydroartemisinin, epoxomicin, methylene blue, primaquine, puromycin or chloroquine in 96-well plates and the pLDH activity was evaluated using a modified Makler protocol. Mosquito infectivity was measured by the standard membrane feeding assay. The IC50 value was extrapolated as the concentration that induced a 50% inhibition of gametocyte viability.",,,,3D7,3D7,,3D7,5.68
CHEMBL470514,,,267.36,0.0,4.26,7907,Cc1ccc(Nc2nc(-c3ccccn3)cs2)cc1,IC50,'=',1376.26,nM,5.86,,,UO_0000065,0,CHEMBL3301557,organism-based format,,CHEMBL3301555,17,Medicines for Malaria Venture () Malaria Box,,,"MMV: Measure of pLDH activity as indication of parasite viability. Gametocytogenesis of 3D7 Plasmodium falciparum strain was induced in vitro and asexual parasites were depleted with N-acetylglucosamine. Gametocytes were treated with dihydroartemisinin, epoxomicin, methylene blue, primaquine, puromycin or chloroquine in 96-well plates and the pLDH activity was evaluated using a modified Makler protocol. Mosquito infectivity was measured by the standard membrane feeding assay. The IC50 value was extrapolated as the concentration that induced a 50% inhibition of gametocyte viability.",,,,3D7,3D7,,3D7,5.86
CHEMBL582767,,,420.18,0.0,4.45,19918,Cl.Clc1cc(Br)ccc1-c1ccc(CNCC2CCNCC2)o1,IC50,'=',406.9,nM,6.39,,,UO_0000065,0,CHEMBL3301557,organism-based format,,CHEMBL3301555,17,Medicines for Malaria Venture () Malaria Box,,,"MMV: Measure of pLDH activity as indication of parasite viability. Gametocytogenesis of 3D7 Plasmodium falciparum strain was induced in vitro and asexual parasites were depleted with N-acetylglucosamine. Gametocytes were treated with dihydroartemisinin, epoxomicin, methylene blue, primaquine, puromycin or chloroquine in 96-well plates and the pLDH activity was evaluated using a modified Makler protocol. Mosquito infectivity was measured by the standard membrane feeding assay. The IC50 value was extrapolated as the concentration that induced a 50% inhibition of gametocyte viability.",,,,3D7,3D7,,3D7,6.39
CHEMBL586033,,,419.48,1.0,6.33,665814,Oc1c(C(Nc2ccccn2)c2cccc(Oc3ccccc3)c2)ccc2cccnc12,IC50,'=',3889.65,nM,5.41,,,UO_0000065,0,CHEMBL3301557,organism-based format,,CHEMBL3301555,17,Medicines for Malaria Venture () Malaria Box,,,"MMV: Measure of pLDH activity as indication of parasite viability. Gametocytogenesis of 3D7 Plasmodium falciparum strain was induced in vitro and asexual parasites were depleted with N-acetylglucosamine. Gametocytes were treated with dihydroartemisinin, epoxomicin, methylene blue, primaquine, puromycin or chloroquine in 96-well plates and the pLDH activity was evaluated using a modified Makler protocol. Mosquito infectivity was measured by the standard membrane feeding assay. The IC50 value was extrapolated as the concentration that induced a 50% inhibition of gametocyte viability.",,,,3D7,3D7,,3D7,5.41
CHEMBL584841,,,338.28,0.0,4.62,665929,CCCCNCC(O)(c1ccc(Cl)cc1)c1ccc(Cl)cc1,IC50,'=',420.5,nM,6.38,,,UO_0000065,0,CHEMBL3392923,organism-based format,,CHEMBL3392922,17,Medicines for Malaria Venture () Malaria Box,,,"MMV: IC50 determined against P. falciparum Dd2-luc strain using a Malaria Sybr Green I Fluorescence assay. Starting conditions were 1% trophozoite synchronised parasites at 2% haematocrit. Fluorescence detection completed after 48hr incubation at 37 degrees C under 1% O2, 3% CO2 and balance N2.",,,,Dd2-luc,Dd2,,Dd2,6.38
CHEMBL1782161,,,443.72,0.0,3.01,16.4,Cl.NC1=NC(c2ccc([N+](=O)[O-])cc2)NC(NCCc2ccc(Cl)c(Cl)c2)=N1,IC50,'=',11120.0,nM,4.95,,,UO_0000065,0,CHEMBL1785111,cell-based format,,CHEMBL1781907,1,Scientific Literature,Eur J Med Chem,,Antimalarial activity against chloroquine and cycloguanil-resistant Plasmodium falciparum FCR-3/Gambia ring stage infected in human red blood cells assessed as inhibition of [3H]-hypoxanthine incorporation incubated 24 hrs before addition of [3H]-hypoxanthine measured after 24 hrs,,,,FCR-3,FcR3,,FcR3,4.95
CHEMBL1782211,,,422.36,0.0,3.45,16.28,Cl.NC1=NC(c2ccccc2)NC(NCCCCCOc2ccc(Cl)cc2)=N1,IC50,'=',1360.0,nM,5.87,,,UO_0000065,0,CHEMBL1785111,cell-based format,,CHEMBL1781907,1,Scientific Literature,Eur J Med Chem,,Antimalarial activity against chloroquine and cycloguanil-resistant Plasmodium falciparum FCR-3/Gambia ring stage infected in human red blood cells assessed as inhibition of [3H]-hypoxanthine incorporation incubated 24 hrs before addition of [3H]-hypoxanthine measured after 24 hrs,,,,FCR-3,FcR3,,FcR3,5.87
CHEMBL603943,,,267.34,0.0,3.05,7374,CCc1ccc(Nc2cc(C)nc3nc(C)nn23)cc1,IC50,'=',691.2,nM,6.16,,,UO_0000065,0,CHEMBL3392923,organism-based format,,CHEMBL3392922,17,Medicines for Malaria Venture () Malaria Box,,,"MMV: IC50 determined against P. falciparum Dd2-luc strain using a Malaria Sybr Green I Fluorescence assay. Starting conditions were 1% trophozoite synchronised parasites at 2% haematocrit. Fluorescence detection completed after 48hr incubation at 37 degrees C under 1% O2, 3% CO2 and balance N2.",,,,Dd2-luc,Dd2,,Dd2,6.16
CHEMBL547269,,,434.54,0.0,3.95,19074,CCN1CCN(c2cc(C)c3cc(NC(=O)c4ccc(OC)c(OC)c4)ccc3n2)CC1,IC50,'=',1854.0,nM,5.73,,,UO_0000065,0,CHEMBL3392923,organism-based format,,CHEMBL3392922,17,Medicines for Malaria Venture () Malaria Box,,,"MMV: IC50 determined against P. falciparum Dd2-luc strain using a Malaria Sybr Green I Fluorescence assay. Starting conditions were 1% trophozoite synchronised parasites at 2% haematocrit. Fluorescence detection completed after 48hr incubation at 37 degrees C under 1% O2, 3% CO2 and balance N2.",,,,Dd2-luc,Dd2,,Dd2,5.73
CHEMBL1459149,,,329.84,0.0,3.61,396678,CCN1CCCC1CNc1[nH]cnc2c3cc(Cl)ccc3nc1-2,IC50,'=',1451.0,nM,5.84,,,UO_0000065,0,CHEMBL3392923,organism-based format,,CHEMBL3392922,17,Medicines for Malaria Venture () Malaria Box,,,"MMV: IC50 determined against P. falciparum Dd2-luc strain using a Malaria Sybr Green I Fluorescence assay. Starting conditions were 1% trophozoite synchronised parasites at 2% haematocrit. Fluorescence detection completed after 48hr incubation at 37 degrees C under 1% O2, 3% CO2 and balance N2.",,,,Dd2-luc,Dd2,,Dd2,5.84
CHEMBL529385,,,302.76,0.0,2.96,19199,COc1cccc(Nc2nc(N)c3ccccc3n2)c1.Cl,IC50,'=',3108.0,nM,5.51,,,UO_0000065,0,CHEMBL3392923,organism-based format,,CHEMBL3392922,17,Medicines for Malaria Venture () Malaria Box,,,"MMV: IC50 determined against P. falciparum Dd2-luc strain using a Malaria Sybr Green I Fluorescence assay. Starting conditions were 1% trophozoite synchronised parasites at 2% haematocrit. Fluorescence detection completed after 48hr incubation at 37 degrees C under 1% O2, 3% CO2 and balance N2.",,,,Dd2-luc,Dd2,,Dd2,5.51
CHEMBL582420,,,357.41,0.0,4.88,19202,CCOc1cccc(C(=O)Nc2ccc(-c3nc4ccccc4[nH]3)cc2)c1,IC50,'=',1207.0,nM,5.92,,,UO_0000065,0,CHEMBL3392923,organism-based format,,CHEMBL3392922,17,Medicines for Malaria Venture () Malaria Box,,,"MMV: IC50 determined against P. falciparum Dd2-luc strain using a Malaria Sybr Green I Fluorescence assay. Starting conditions were 1% trophozoite synchronised parasites at 2% haematocrit. Fluorescence detection completed after 48hr incubation at 37 degrees C under 1% O2, 3% CO2 and balance N2.",,,,Dd2-luc,Dd2,,Dd2,5.92
CHEMBL535730,,,367.53,1.0,5.1,19406,CCC1(C)CC(CCNCc2ccccc2O)(c2ccc(C)cc2)CCO1,IC50,'=',141.3,nM,6.85,,,UO_0000065,0,CHEMBL3392923,organism-based format,,CHEMBL3392922,17,Medicines for Malaria Venture () Malaria Box,,,"MMV: IC50 determined against P. falciparum Dd2-luc strain using a Malaria Sybr Green I Fluorescence assay. Starting conditions were 1% trophozoite synchronised parasites at 2% haematocrit. Fluorescence detection completed after 48hr incubation at 37 degrees C under 1% O2, 3% CO2 and balance N2.",,,,Dd2-luc,Dd2,,Dd2,6.85
CHEMBL546531,,,462.43,0.0,3.68,19995,O=C(NCCCN1CCC(N2CCCCC2)CC1)C1=Cc2cc(Br)ccc2OC1,IC50,'=',965.0,nM,6.01,,,UO_0000065,0,CHEMBL3392923,organism-based format,,CHEMBL3392922,17,Medicines for Malaria Venture () Malaria Box,,,"MMV: IC50 determined against P. falciparum Dd2-luc strain using a Malaria Sybr Green I Fluorescence assay. Starting conditions were 1% trophozoite synchronised parasites at 2% haematocrit. Fluorescence detection completed after 48hr incubation at 37 degrees C under 1% O2, 3% CO2 and balance N2.",,,,Dd2-luc,Dd2,,Dd2,6.02
CHEMBL529919,,,368.66,0.0,4.8,20654,CCC(O)c1ccc(Br)cc1NC(=O)c1cccc(Cl)c1,IC50,'=',701.2,nM,6.15,,,UO_0000065,0,CHEMBL3392923,organism-based format,,CHEMBL3392922,17,Medicines for Malaria Venture () Malaria Box,,,"MMV: IC50 determined against P. falciparum Dd2-luc strain using a Malaria Sybr Green I Fluorescence assay. Starting conditions were 1% trophozoite synchronised parasites at 2% haematocrit. Fluorescence detection completed after 48hr incubation at 37 degrees C under 1% O2, 3% CO2 and balance N2.",,,,Dd2-luc,Dd2,,Dd2,6.15
CHEMBL600132,,,287.32,0.0,1.31,84940,COc1cc2c(cc1OC)C1=NNC(=O)C1=NC(C)(C)C2,IC50,'=',732.5,nM,6.13,,,UO_0000065,0,CHEMBL3392923,organism-based format,,CHEMBL3392922,17,Medicines for Malaria Venture () Malaria Box,,,"MMV: IC50 determined against P. falciparum Dd2-luc strain using a Malaria Sybr Green I Fluorescence assay. Starting conditions were 1% trophozoite synchronised parasites at 2% haematocrit. Fluorescence detection completed after 48hr incubation at 37 degrees C under 1% O2, 3% CO2 and balance N2.",,,,Dd2-luc,Dd2,,Dd2,6.14
CHEMBL607975,,,199.25,0.0,2.98,6913,C=CCc1c(C)nc2ccccc2c1O,IC50,'=',1484.0,nM,5.83,,,UO_0000065,0,CHEMBL3392923,organism-based format,,CHEMBL3392922,17,Medicines for Malaria Venture () Malaria Box,,,"MMV: IC50 determined against P. falciparum Dd2-luc strain using a Malaria Sybr Green I Fluorescence assay. Starting conditions were 1% trophozoite synchronised parasites at 2% haematocrit. Fluorescence detection completed after 48hr incubation at 37 degrees C under 1% O2, 3% CO2 and balance N2.",,,,Dd2-luc,Dd2,,Dd2,5.83
CHEMBL599885,,,659.69,2.0,6.64,7228,Cc1cccc(N2C(=O)C3C(C2=O)C2(c4ccccc4)C(=O)C3(c3ccccc3)C(c3ccc4c(c3)OCO4)=C2c2ccc3c(c2)OCO3)c1,IC50,'=',1695.0,nM,5.77,,,UO_0000065,0,CHEMBL3392923,organism-based format,,CHEMBL3392922,17,Medicines for Malaria Venture () Malaria Box,,,"MMV: IC50 determined against P. falciparum Dd2-luc strain using a Malaria Sybr Green I Fluorescence assay. Starting conditions were 1% trophozoite synchronised parasites at 2% haematocrit. Fluorescence detection completed after 48hr incubation at 37 degrees C under 1% O2, 3% CO2 and balance N2.",,,,Dd2-luc,Dd2,,Dd2,5.77
CHEMBL585431,,,357.41,0.0,2.07,7791,CCOc1ccccc1NC(=O)CN1CCN(C(=O)c2ccco2)CC1,IC50,'=',2900.0,nM,5.54,,,UO_0000065,0,CHEMBL3392923,organism-based format,,CHEMBL3392922,17,Medicines for Malaria Venture () Malaria Box,,,"MMV: IC50 determined against P. falciparum Dd2-luc strain using a Malaria Sybr Green I Fluorescence assay. Starting conditions were 1% trophozoite synchronised parasites at 2% haematocrit. Fluorescence detection completed after 48hr incubation at 37 degrees C under 1% O2, 3% CO2 and balance N2.",,,,Dd2-luc,Dd2,,Dd2,5.54
CHEMBL2028042,,,321.31,0.0,3.81,11259,Cc1cc(C)cc(Nc2cc(C)nc3nc(C(F)(F)F)nn23)c1,IC50,'=',136.9,nM,6.86,,,UO_0000065,0,CHEMBL3392923,organism-based format,,CHEMBL3392922,17,Medicines for Malaria Venture () Malaria Box,,,"MMV: IC50 determined against P. falciparum Dd2-luc strain using a Malaria Sybr Green I Fluorescence assay. Starting conditions were 1% trophozoite synchronised parasites at 2% haematocrit. Fluorescence detection completed after 48hr incubation at 37 degrees C under 1% O2, 3% CO2 and balance N2.",,,,Dd2-luc,Dd2,,Dd2,6.86
CHEMBL2028050,,,401.51,0.0,4.7,396669,Cc1cc(N2CCCC2)nc(Nc2ccc(NC(=O)CCc3ccccc3)cc2)n1,IC50,'=',1262.0,nM,5.9,,,UO_0000065,0,CHEMBL3392923,organism-based format,,CHEMBL3392922,17,Medicines for Malaria Venture () Malaria Box,,,"MMV: IC50 determined against P. falciparum Dd2-luc strain using a Malaria Sybr Green I Fluorescence assay. Starting conditions were 1% trophozoite synchronised parasites at 2% haematocrit. Fluorescence detection completed after 48hr incubation at 37 degrees C under 1% O2, 3% CO2 and balance N2.",,,,Dd2-luc,Dd2,,Dd2,5.9
CHEMBL3354446,,,469.88,1.0,3.97,6,O=c1c(O)c(-c2ccc(O)c(O)c2)oc2c(CNCCc3cccc(Cl)c3)c(O)cc(O)c12,IC50,'=',6790.0,nM,5.17,,,UO_0000065,0,CHEMBL3376037,organism-based format,,CHEMBL3351935,1,Scientific Literature,Bioorg Med Chem Lett,,Antigametocytocidal activity against Plasmodium falciparum NF54-pfs16-GPF early (1 to 3) gametocyte assessed as viability after 72 hrs by MitoTracker Red CM-H2XRos/micro-plate confocal imaging system,,,,NF54,NF54,,NF54,5.17
CHEMBL547193,,,366.35,1.0,5.45,665798,FC(F)(F)c1cccc(Nc2nc(-c3ccccc3)nc3ncccc23)c1,IC50,'=',885.1,nM,6.05,,,UO_0000065,0,CHEMBL3392923,organism-based format,,CHEMBL3392922,17,Medicines for Malaria Venture () Malaria Box,,,"MMV: IC50 determined against P. falciparum Dd2-luc strain using a Malaria Sybr Green I Fluorescence assay. Starting conditions were 1% trophozoite synchronised parasites at 2% haematocrit. Fluorescence detection completed after 48hr incubation at 37 degrees C under 1% O2, 3% CO2 and balance N2.",,,,Dd2-luc,Dd2,,Dd2,6.05
CHEMBL580876,,,381.82,0.0,4.25,665799,COc1ccc(C(=O)Nc2ccc(Cl)cc2C(=O)Nc2ccncc2)cc1,IC50,'=',810.5,nM,6.09,,,UO_0000065,0,CHEMBL3392923,organism-based format,,CHEMBL3392922,17,Medicines for Malaria Venture () Malaria Box,,,"MMV: IC50 determined against P. falciparum Dd2-luc strain using a Malaria Sybr Green I Fluorescence assay. Starting conditions were 1% trophozoite synchronised parasites at 2% haematocrit. Fluorescence detection completed after 48hr incubation at 37 degrees C under 1% O2, 3% CO2 and balance N2.",,,,Dd2-luc,Dd2,,Dd2,6.09
CHEMBL602940,,,390.51,0.0,4.42,665954,O=C(NCC1Cc2cccc(-c3ccncc3)c2O1)c1csc2c1CCCC2,IC50,'=',1694.0,nM,5.77,,,UO_0000065,0,CHEMBL3392923,organism-based format,,CHEMBL3392922,17,Medicines for Malaria Venture () Malaria Box,,,"MMV: IC50 determined against P. falciparum Dd2-luc strain using a Malaria Sybr Green I Fluorescence assay. Starting conditions were 1% trophozoite synchronised parasites at 2% haematocrit. Fluorescence detection completed after 48hr incubation at 37 degrees C under 1% O2, 3% CO2 and balance N2.",,,,Dd2-luc,Dd2,,Dd2,5.77
CHEMBL590944,,,278.71,0.0,4.43,911,Cc1ccc(NC(=O)Nc2cccc(Cl)c2)cc1F,IC50,'=',1207.0,nM,5.92,,,UO_0000065,0,CHEMBL3392923,organism-based format,,CHEMBL3392922,17,Medicines for Malaria Venture () Malaria Box,,,"MMV: IC50 determined against P. falciparum Dd2-luc strain using a Malaria Sybr Green I Fluorescence assay. Starting conditions were 1% trophozoite synchronised parasites at 2% haematocrit. Fluorescence detection completed after 48hr incubation at 37 degrees C under 1% O2, 3% CO2 and balance N2.",,,,Dd2-luc,Dd2,,Dd2,5.92
CHEMBL4105332,,,572.58,2.0,6.65,34,CCN(CC)Cc1cc(/C=N/N=C(\N)CC(O)c2cc3c(F)cc(F)cc3c3cc(C(F)(F)F)ccc23)ccc1O,IC50,'=',110.0,nM,6.96,,,UO_0000065,0,CHEMBL4013660,assay format,,CHEMBL4011644,1,Scientific Literature,J Med Chem,,Gametocytocidal activity against transgenic GFP-fused Plasmodium falciparum NF54 ring stage gametocytes after 72 hrs by Mitotracker Red CMH2XRos staining based confocal microscopic method,,,,NF54,NF54,,NF54,6.96
CHEMBL207990,EPOXOMYCIN,,554.73,1.0,1.16,epoxomicin,CC[C@H](C)[C@H](NC(=O)[C@H]([C@@H](C)CC)N(C)C(C)=O)C(=O)N[C@H](C(=O)N[C@@H](CC(C)C)C(=O)[C@@]1(C)CO1)[C@@H](C)O,IC50,'=',54.0,nM,7.27,,,UO_0000065,0,CHEMBL1655055,organism-based format,,CHEMBL1649235,1,Scientific Literature,Antimicrob Agents Chemother,,Antimicrobial activity against gametocyte stage of Plasmodium falciparum 3D7 after 24 hrs,,,,3D7,3D7,,3D7,7.27
CHEMBL1545915,,,368.4,0.0,3.79,396749,COc1ccc2c(c1)C1(Nc3ccccc3-c3nc4ccccc4n31)C(=O)N2,IC50,'=',239.4,nM,6.62,,,UO_0000065,0,CHEMBL3392923,organism-based format,,CHEMBL3392922,17,Medicines for Malaria Venture () Malaria Box,,,"MMV: IC50 determined against P. falciparum Dd2-luc strain using a Malaria Sybr Green I Fluorescence assay. Starting conditions were 1% trophozoite synchronised parasites at 2% haematocrit. Fluorescence detection completed after 48hr incubation at 37 degrees C under 1% O2, 3% CO2 and balance N2.",,,,Dd2-luc,Dd2,,Dd2,6.62
CHEMBL581874,,,500.19,2.0,5.13,666025,OC(Cn1nnc2ccccc21)Cn1c2ccc(Br)cc2c2cc(Br)ccc21,IC50,'=',2028.0,nM,5.69,,,UO_0000065,0,CHEMBL3392923,organism-based format,,CHEMBL3392922,17,Medicines for Malaria Venture () Malaria Box,,,"MMV: IC50 determined against P. falciparum Dd2-luc strain using a Malaria Sybr Green I Fluorescence assay. Starting conditions were 1% trophozoite synchronised parasites at 2% haematocrit. Fluorescence detection completed after 48hr incubation at 37 degrees C under 1% O2, 3% CO2 and balance N2.",,,,Dd2-luc,Dd2,,Dd2,5.69
CHEMBL587923,,,413.52,1.0,5.59,666071,Cc1ccc(CN2CCC(C(=O)Nc3ccc(-c4cc5ccccc5[nH]4)cc3)CC2)o1,IC50,'=',459.0,nM,6.34,,,UO_0000065,0,CHEMBL3392923,organism-based format,,CHEMBL3392922,17,Medicines for Malaria Venture () Malaria Box,,,"MMV: IC50 determined against P. falciparum Dd2-luc strain using a Malaria Sybr Green I Fluorescence assay. Starting conditions were 1% trophozoite synchronised parasites at 2% haematocrit. Fluorescence detection completed after 48hr incubation at 37 degrees C under 1% O2, 3% CO2 and balance N2.",,,,Dd2-luc,Dd2,,Dd2,6.34
CHEMBL592550,,,315.84,0.0,4.99,442,CC(C)(C)c1ccc2c(c1)CN(Cc1ccc(Cl)cc1)CO2,IC50,'=',195.6,nM,6.71,,,UO_0000065,0,CHEMBL3392923,organism-based format,,CHEMBL3392922,17,Medicines for Malaria Venture () Malaria Box,,,"MMV: IC50 determined against P. falciparum Dd2-luc strain using a Malaria Sybr Green I Fluorescence assay. Starting conditions were 1% trophozoite synchronised parasites at 2% haematocrit. Fluorescence detection completed after 48hr incubation at 37 degrees C under 1% O2, 3% CO2 and balance N2.",,,,Dd2-luc,Dd2,,Dd2,6.71
CHEMBL601743,,,436.01,1.0,5.1,621,CCCCCCC(O)(c1ccc(F)cc1)C(CN1CCOCC1)c1ccccc1.Cl,IC50,'=',3419.0,nM,5.47,,,UO_0000065,0,CHEMBL3392923,organism-based format,,CHEMBL3392922,17,Medicines for Malaria Venture () Malaria Box,,,"MMV: IC50 determined against P. falciparum Dd2-luc strain using a Malaria Sybr Green I Fluorescence assay. Starting conditions were 1% trophozoite synchronised parasites at 2% haematocrit. Fluorescence detection completed after 48hr incubation at 37 degrees C under 1% O2, 3% CO2 and balance N2.",,,,Dd2-luc,Dd2,,Dd2,5.47
CHEMBL536421,,,422.32,0.0,4.75,665796,CCOc1cc(Br)c(C(C)NC(=O)c2cccc(OC)c2)cc1OCC,IC50,'=',1445.0,nM,5.84,,,UO_0000065,0,CHEMBL3392923,organism-based format,,CHEMBL3392922,17,Medicines for Malaria Venture () Malaria Box,,,"MMV: IC50 determined against P. falciparum Dd2-luc strain using a Malaria Sybr Green I Fluorescence assay. Starting conditions were 1% trophozoite synchronised parasites at 2% haematocrit. Fluorescence detection completed after 48hr incubation at 37 degrees C under 1% O2, 3% CO2 and balance N2.",,,,Dd2-luc,Dd2,,Dd2,5.84
CHEMBL528734,,,290.25,0.0,3.79,665935,FC(F)(F)c1ccc(Nc2nnnc3ccccc23)cc1,IC50,'=',3991.0,nM,5.4,,,UO_0000065,0,CHEMBL3392923,organism-based format,,CHEMBL3392922,17,Medicines for Malaria Venture () Malaria Box,,,"MMV: IC50 determined against P. falciparum Dd2-luc strain using a Malaria Sybr Green I Fluorescence assay. Starting conditions were 1% trophozoite synchronised parasites at 2% haematocrit. Fluorescence detection completed after 48hr incubation at 37 degrees C under 1% O2, 3% CO2 and balance N2.",,,,Dd2-luc,Dd2,,Dd2,5.4
CHEMBL588481,,,574.24,2.0,5.29,665882,OC(CNC1CCCCC1)Cn1c2ccc(I)cc2c2cc(I)ccc21,IC50,'=',436.4,nM,6.36,,,UO_0000065,0,CHEMBL3392923,organism-based format,,CHEMBL3392922,17,Medicines for Malaria Venture () Malaria Box,,,"MMV: IC50 determined against P. falciparum Dd2-luc strain using a Malaria Sybr Green I Fluorescence assay. Starting conditions were 1% trophozoite synchronised parasites at 2% haematocrit. Fluorescence detection completed after 48hr incubation at 37 degrees C under 1% O2, 3% CO2 and balance N2.",,,,Dd2-luc,Dd2,,Dd2,6.36
CHEMBL525692,,,500.58,1.0,3.67,666604,CCOC(=O)C1=C(C)N=c2sc(=Cc3ccccc3O)c(=O)n2C1c1ccc(OC)c2ccccc12,IC50,'=',1521.0,nM,5.82,,,UO_0000065,0,CHEMBL3392923,organism-based format,,CHEMBL3392922,17,Medicines for Malaria Venture () Malaria Box,,,"MMV: IC50 determined against P. falciparum Dd2-luc strain using a Malaria Sybr Green I Fluorescence assay. Starting conditions were 1% trophozoite synchronised parasites at 2% haematocrit. Fluorescence detection completed after 48hr incubation at 37 degrees C under 1% O2, 3% CO2 and balance N2.",,,,Dd2-luc,Dd2,,Dd2,5.82
CHEMBL537505,,,377.87,0.0,4.64,665803,CCOc1cc(Cl)c(C(C)NC(=O)c2cccc(OC)c2)cc1OCC,IC50,'=',649.4,nM,6.19,,,UO_0000065,0,CHEMBL3392923,organism-based format,,CHEMBL3392922,17,Medicines for Malaria Venture () Malaria Box,,,"MMV: IC50 determined against P. falciparum Dd2-luc strain using a Malaria Sybr Green I Fluorescence assay. Starting conditions were 1% trophozoite synchronised parasites at 2% haematocrit. Fluorescence detection completed after 48hr incubation at 37 degrees C under 1% O2, 3% CO2 and balance N2.",,,,Dd2-luc,Dd2,,Dd2,6.19
CHEMBL548469,,,432.36,0.0,3.28,665875,Cl.Cn1c(=O)n(C)c2cc(CNCCNc3ccnc4cc(Cl)ccc34)ccc21,IC50,'=',196.7,nM,6.71,,,UO_0000065,0,CHEMBL3392923,organism-based format,,CHEMBL3392922,17,Medicines for Malaria Venture () Malaria Box,,,"MMV: IC50 determined against P. falciparum Dd2-luc strain using a Malaria Sybr Green I Fluorescence assay. Starting conditions were 1% trophozoite synchronised parasites at 2% haematocrit. Fluorescence detection completed after 48hr incubation at 37 degrees C under 1% O2, 3% CO2 and balance N2.",,,,Dd2-luc,Dd2,,Dd2,6.71
CHEMBL531060,,,189.22,0.0,1.53,665897,COc1ccc2nc(N)nc(C)c2c1,IC50,'=',1871.0,nM,5.73,,,UO_0000065,0,CHEMBL3392923,organism-based format,,CHEMBL3392922,17,Medicines for Malaria Venture () Malaria Box,,,"MMV: IC50 determined against P. falciparum Dd2-luc strain using a Malaria Sybr Green I Fluorescence assay. Starting conditions were 1% trophozoite synchronised parasites at 2% haematocrit. Fluorescence detection completed after 48hr incubation at 37 degrees C under 1% O2, 3% CO2 and balance N2.",,,,Dd2-luc,Dd2,,Dd2,5.73
CHEMBL548209,,,430.52,1.0,5.53,665943,Nc1ccc(-c2nc3cc(Cc4ccc5[nH]c(-c6ccc(N)cc6)nc5c4)ccc3[nH]2)cc1,IC50,'=',1818.0,nM,5.74,,,UO_0000065,0,CHEMBL3392923,organism-based format,,CHEMBL3392922,17,Medicines for Malaria Venture () Malaria Box,,,"MMV: IC50 determined against P. falciparum Dd2-luc strain using a Malaria Sybr Green I Fluorescence assay. Starting conditions were 1% trophozoite synchronised parasites at 2% haematocrit. Fluorescence detection completed after 48hr incubation at 37 degrees C under 1% O2, 3% CO2 and balance N2.",,,,Dd2-luc,Dd2,,Dd2,5.74
CHEMBL548901,,,480.01,1.0,5.37,666067,COc1ccc(CNC2CCN(c3ccc(NC(=O)c4cccc(Cl)c4)cc3)CC2)cc1OC,IC50,'=',1188.0,nM,5.92,,,UO_0000065,0,CHEMBL3392923,organism-based format,,CHEMBL3392922,17,Medicines for Malaria Venture () Malaria Box,,,"MMV: IC50 determined against P. falciparum Dd2-luc strain using a Malaria Sybr Green I Fluorescence assay. Starting conditions were 1% trophozoite synchronised parasites at 2% haematocrit. Fluorescence detection completed after 48hr incubation at 37 degrees C under 1% O2, 3% CO2 and balance N2.",,,,Dd2-luc,Dd2,,Dd2,5.93
CHEMBL582552,,,252.32,0.0,2.88,666102,CN(C)c1ccc(-c2nc3cc(N)ccc3[nH]2)cc1,IC50,'=',1239.0,nM,5.91,,,UO_0000065,0,CHEMBL3392923,organism-based format,,CHEMBL3392922,17,Medicines for Malaria Venture () Malaria Box,,,"MMV: IC50 determined against P. falciparum Dd2-luc strain using a Malaria Sybr Green I Fluorescence assay. Starting conditions were 1% trophozoite synchronised parasites at 2% haematocrit. Fluorescence detection completed after 48hr incubation at 37 degrees C under 1% O2, 3% CO2 and balance N2.",,,,Dd2-luc,Dd2,,Dd2,5.91
CHEMBL532015,,,403.92,0.0,4.79,666124,CC(=O)c1ccc(NC(=O)CSc2nc(-c3ccccc3Cl)ns2)cc1,IC50,'=',1692.0,nM,5.77,,,UO_0000065,0,CHEMBL3392923,organism-based format,,CHEMBL3392922,17,Medicines for Malaria Venture () Malaria Box,,,"MMV: IC50 determined against P. falciparum Dd2-luc strain using a Malaria Sybr Green I Fluorescence assay. Starting conditions were 1% trophozoite synchronised parasites at 2% haematocrit. Fluorescence detection completed after 48hr incubation at 37 degrees C under 1% O2, 3% CO2 and balance N2.",,,,Dd2-luc,Dd2,,Dd2,5.77
CHEMBL585966,,,394.43,0.0,3.54,666687,COc1cc(C(=O)ON=C(N)Cc2cccc3ccccc23)cc(OC)c1OC,IC50,'=',3945.0,nM,5.4,,,UO_0000065,0,CHEMBL3392923,organism-based format,,CHEMBL3392922,17,Medicines for Malaria Venture () Malaria Box,,,"MMV: IC50 determined against P. falciparum Dd2-luc strain using a Malaria Sybr Green I Fluorescence assay. Starting conditions were 1% trophozoite synchronised parasites at 2% haematocrit. Fluorescence detection completed after 48hr incubation at 37 degrees C under 1% O2, 3% CO2 and balance N2.",,,,Dd2-luc,Dd2,,Dd2,5.4
CHEMBL469912,PUROMYCIN,2.0,471.52,1.0,-0.79,Puromycin,COc1ccc(C[C@H](N)C(=O)N[C@H]2[C@@H](O)[C@H](n3cnc4c(N(C)C)ncnc43)O[C@@H]2CO)cc1,IC50,'=',110.0,nM,6.96,,,UO_0000065,0,CHEMBL4704471,organism-based format,,CHEMBL4699594,1,Scientific Literature,J Nat Prod,,Antiplasmodial activity against chloroquine-sensitive Plasmodium falciparum 3D7 ring stage incubated for 72 hrs by DAPI-staining based imaging analysis,,,,3D7,3D7,,3D7,6.96
CHEMBL4777583,,,482.51,0.0,3.36,95,O=C(Cc1cc[n+]([O-])cc1)N1CC(CNc2ccc(F)cc2)C2(C1)CN(c1cc(F)cc(F)c1)C2,IC50,'=',5100.0,nM,5.29,,,UO_0000065,0,CHEMBL4737829,organism-based format,Erythrocyte,CHEMBL4732202,1,Scientific Literature,J Med Chem,,Antiplasmodial activity against multidrug-sensitive Plasmodium falciparum NF54 transfected with GFP-Luc infected in human erythrocytes assessed as reduction in [3H]-hypoxanthine incorporation pretreated for 48 hrs followed by [3H]-hypoxanthine addition measured after 24 hrs by liquid scintillation counting method,,,,NF54,NF54,,NF54,5.29
CHEMBL4764956,,,427.55,0.0,4.01,"1-A, Single Enantiomer",O=C(Cc1ccc(O)cc1)N1CC(CNc2ccccc2)C2(C1)CN(c1ccccc1)C2,IC50,'=',36.0,nM,7.44,,,UO_0000065,0,CHEMBL4737830,organism-based format,Erythrocyte,CHEMBL4732202,1,Scientific Literature,J Med Chem,,Antiplasmodial activity against multidrug-resistant Plasmodium falciparum K1 transfected with GFP-Luc infected in human erythrocytes assessed as reduction in [3H]-hypoxanthine incorporation pretreated for 48 hrs followed by [3H]-hypoxanthine addition measured after 24 hrs by liquid scintillation counting method,,,,K1,K1,,K1,7.44
CHEMBL4764956,,,427.55,0.0,4.01,"1-A, Single Enantiomer",O=C(Cc1ccc(O)cc1)N1CC(CNc2ccccc2)C2(C1)CN(c1ccccc1)C2,IC50,'=',37.0,nM,7.43,,,UO_0000065,0,CHEMBL4737831,organism-based format,Erythrocyte,CHEMBL4732202,1,Scientific Literature,J Med Chem,,Antiplasmodial activity against multidrug-resistant Plasmodium falciparum Dd2 transfected with GFP-Luc infected in human erythrocytes assessed as reduction in [3H]-hypoxanthine incorporation pretreated for 48 hrs followed by [3H]-hypoxanthine addition measured after 24 hrs by liquid scintillation counting method,,,,Dd2,Dd2,,Dd2,7.43
CHEMBL4743418,,,399.54,0.0,4.44,"2-A, Single Enantiomer",Oc1ccc(CN2CC(CNc3ccccc3)C3(C2)CN(c2ccccc2)C3)cc1,IC50,'=',2800.0,nM,5.55,,,UO_0000065,0,CHEMBL4737839,organism-based format,,CHEMBL4732202,1,Scientific Literature,J Med Chem,,Antiplasmodial activity against asexual stage Plasmodium falciparum NF54 assessed as inhibition of female gamete formation in ookinete medium measured after 24 hrs by fluorescence microscopic analysis,,,,NF54,NF54,,NF54,5.55
CHEMBL591362,,,360.24,0.0,4.22,665909,O=C(Nc1nc(-c2ccccn2)cs1)c1ccccc1Br,IC50,'=',1613.0,nM,5.79,,,UO_0000065,0,CHEMBL3392923,organism-based format,,CHEMBL3392922,17,Medicines for Malaria Venture () Malaria Box,,,"MMV: IC50 determined against P. falciparum Dd2-luc strain using a Malaria Sybr Green I Fluorescence assay. Starting conditions were 1% trophozoite synchronised parasites at 2% haematocrit. Fluorescence detection completed after 48hr incubation at 37 degrees C under 1% O2, 3% CO2 and balance N2.",,,,Dd2-luc,Dd2,,Dd2,5.79
CHEMBL4756800,,,377.37,0.0,3.45,25,NC1CCN(c2nccc3[nH]c(-c4cccc(OC(F)(F)F)c4)nc23)CC1,IC50,'=',2800.0,nM,5.55,,,UO_0000065,0,CHEMBL4704394,organism-based format,,CHEMBL4699593,1,Scientific Literature,J Med Chem,,Antiplasmodial activity against late stage (IV/V) Plasmodium falciparum NF54 gametocytes incubated for 48 hrs under hypoxia condition by luciferase reporter gene assay,,,,NF54,NF54,,NF54,5.55
CHEMBL579105,,,308.36,0.0,4.28,6319,Cc1cc(Nc2cccc(F)c2)nc(NCc2ccccc2)n1,IC50,'=',543.8,nM,6.26,,,UO_0000065,0,CHEMBL3392923,organism-based format,,CHEMBL3392922,17,Medicines for Malaria Venture () Malaria Box,,,"MMV: IC50 determined against P. falciparum Dd2-luc strain using a Malaria Sybr Green I Fluorescence assay. Starting conditions were 1% trophozoite synchronised parasites at 2% haematocrit. Fluorescence detection completed after 48hr incubation at 37 degrees C under 1% O2, 3% CO2 and balance N2.",,,,Dd2-luc,Dd2,,Dd2,6.26
CHEMBL586000,,,359.43,1.0,5.61,6389,O=C1c2ccccc2C2=Nc3ccccc3SC(c3cccc(F)c3)C12,IC50,'=',766.4,nM,6.12,,,UO_0000065,0,CHEMBL3392923,organism-based format,,CHEMBL3392922,17,Medicines for Malaria Venture () Malaria Box,,,"MMV: IC50 determined against P. falciparum Dd2-luc strain using a Malaria Sybr Green I Fluorescence assay. Starting conditions were 1% trophozoite synchronised parasites at 2% haematocrit. Fluorescence detection completed after 48hr incubation at 37 degrees C under 1% O2, 3% CO2 and balance N2.",,,,Dd2-luc,Dd2,,Dd2,6.12
CHEMBL601122,,,357.25,1.0,5.45,6522,CCOc1ccc2nc(C)cc(Nc3ccc(Br)cc3)c2c1,IC50,'=',791.3,nM,6.1,,,UO_0000065,0,CHEMBL3392923,organism-based format,,CHEMBL3392922,17,Medicines for Malaria Venture () Malaria Box,,,"MMV: IC50 determined against P. falciparum Dd2-luc strain using a Malaria Sybr Green I Fluorescence assay. Starting conditions were 1% trophozoite synchronised parasites at 2% haematocrit. Fluorescence detection completed after 48hr incubation at 37 degrees C under 1% O2, 3% CO2 and balance N2.",,,,Dd2-luc,Dd2,,Dd2,6.1
CHEMBL606159,,,468.34,0.0,3.78,6656,CCOC(=O)C1=CN(C)C=C(C(=O)OCC)C1c1cc(Br)c(OCC)c(OC)c1,IC50,'=',458.1,nM,6.34,,,UO_0000065,0,CHEMBL3392923,organism-based format,,CHEMBL3392922,17,Medicines for Malaria Venture () Malaria Box,,,"MMV: IC50 determined against P. falciparum Dd2-luc strain using a Malaria Sybr Green I Fluorescence assay. Starting conditions were 1% trophozoite synchronised parasites at 2% haematocrit. Fluorescence detection completed after 48hr incubation at 37 degrees C under 1% O2, 3% CO2 and balance N2.",,,,Dd2-luc,Dd2,,Dd2,6.34
CHEMBL579459,,,312.19,0.0,2.55,7839,COc1ccc2c(c1)OC(O)(C(F)(F)C(F)(F)F)CC2=O,IC50,'=',369.5,nM,6.43,,,UO_0000065,0,CHEMBL3392923,organism-based format,,CHEMBL3392922,17,Medicines for Malaria Venture () Malaria Box,,,"MMV: IC50 determined against P. falciparum Dd2-luc strain using a Malaria Sybr Green I Fluorescence assay. Starting conditions were 1% trophozoite synchronised parasites at 2% haematocrit. Fluorescence detection completed after 48hr incubation at 37 degrees C under 1% O2, 3% CO2 and balance N2.",,,,Dd2-luc,Dd2,,Dd2,6.43
CHEMBL532987,,,377.87,0.0,4.09,8956,CCOc1cc2c(cc1OCC)C(c1cc(OC)c(O)cc1Cl)NCC2,IC50,'=',120.1,nM,6.92,,,UO_0000065,0,CHEMBL3392923,organism-based format,,CHEMBL3392922,17,Medicines for Malaria Venture () Malaria Box,,,"MMV: IC50 determined against P. falciparum Dd2-luc strain using a Malaria Sybr Green I Fluorescence assay. Starting conditions were 1% trophozoite synchronised parasites at 2% haematocrit. Fluorescence detection completed after 48hr incubation at 37 degrees C under 1% O2, 3% CO2 and balance N2.",,,,Dd2-luc,Dd2,,Dd2,6.92
CHEMBL524784,,,397.5,0.0,4.24,19258,COc1ccc(-n2ccnc2SCC(=O)Nc2cc(C)ccc2C)c(OC)c1,IC50,'=',351.4,nM,6.45,,,UO_0000065,0,CHEMBL3392923,organism-based format,,CHEMBL3392922,17,Medicines for Malaria Venture () Malaria Box,,,"MMV: IC50 determined against P. falciparum Dd2-luc strain using a Malaria Sybr Green I Fluorescence assay. Starting conditions were 1% trophozoite synchronised parasites at 2% haematocrit. Fluorescence detection completed after 48hr incubation at 37 degrees C under 1% O2, 3% CO2 and balance N2.",,,,Dd2-luc,Dd2,,Dd2,6.45
CHEMBL582767,,,420.18,0.0,4.45,19918,Cl.Clc1cc(Br)ccc1-c1ccc(CNCC2CCNCC2)o1,IC50,'=',596.0,nM,6.22,,,UO_0000065,0,CHEMBL3392923,organism-based format,,CHEMBL3392922,17,Medicines for Malaria Venture () Malaria Box,,,"MMV: IC50 determined against P. falciparum Dd2-luc strain using a Malaria Sybr Green I Fluorescence assay. Starting conditions were 1% trophozoite synchronised parasites at 2% haematocrit. Fluorescence detection completed after 48hr incubation at 37 degrees C under 1% O2, 3% CO2 and balance N2.",,,,Dd2-luc,Dd2,,Dd2,6.22
CHEMBL587022,,,307.86,0.0,3.7,20788,Cl.Oc1ccccc1CNCC12CC3CC(CC(C3)C1)C2,IC50,'=',283.1,nM,6.55,,,UO_0000065,0,CHEMBL3392923,organism-based format,,CHEMBL3392922,17,Medicines for Malaria Venture () Malaria Box,,,"MMV: IC50 determined against P. falciparum Dd2-luc strain using a Malaria Sybr Green I Fluorescence assay. Starting conditions were 1% trophozoite synchronised parasites at 2% haematocrit. Fluorescence detection completed after 48hr incubation at 37 degrees C under 1% O2, 3% CO2 and balance N2.",,,,Dd2-luc,Dd2,,Dd2,6.55
CHEMBL1782160,,,316.24,0.0,1.48,16.3,CC1(C)N=C(N)N=C(NCCc2ccc(Cl)cc2)N1.Cl,IC50,'=',16550.0,nM,4.78,,,UO_0000065,0,CHEMBL1785111,cell-based format,,CHEMBL1781907,1,Scientific Literature,Eur J Med Chem,,Antimalarial activity against chloroquine and cycloguanil-resistant Plasmodium falciparum FCR-3/Gambia ring stage infected in human red blood cells assessed as inhibition of [3H]-hypoxanthine incorporation incubated 24 hrs before addition of [3H]-hypoxanthine measured after 24 hrs,,,,FCR-3,FcR3,,FcR3,4.78
CHEMBL1782193,,,463.2,0.0,3.98,16.9,Cl.NC1=NC(c2ccccc2)NC(NCCCOc2c(Cl)cc(Cl)cc2Cl)=N1,IC50,'=',4320.0,nM,5.37,,,UO_0000065,0,CHEMBL1785111,cell-based format,,CHEMBL1781907,1,Scientific Literature,Eur J Med Chem,,Antimalarial activity against chloroquine and cycloguanil-resistant Plasmodium falciparum FCR-3/Gambia ring stage infected in human red blood cells assessed as inhibition of [3H]-hypoxanthine incorporation incubated 24 hrs before addition of [3H]-hypoxanthine measured after 24 hrs,,,,FCR-3,FcR3,,FcR3,5.36
CHEMBL1782195,,,439.3,0.0,2.58,16.11,Cl.NC1=NC(c2ccc([N+](=O)[O-])cc2)NC(NCCCOc2ccc(Cl)cc2)=N1,IC50,'=',7390.0,nM,5.13,,,UO_0000065,0,CHEMBL1785111,cell-based format,,CHEMBL1781907,1,Scientific Literature,Eur J Med Chem,,Antimalarial activity against chloroquine and cycloguanil-resistant Plasmodium falciparum FCR-3/Gambia ring stage infected in human red blood cells assessed as inhibition of [3H]-hypoxanthine incorporation incubated 24 hrs before addition of [3H]-hypoxanthine measured after 24 hrs,,,,FCR-3,FcR3,,FcR3,5.13
CHEMBL1782203,,,362.33,0.0,2.42,16.2,CC1(C)N=C(N)N=C(NCCCSc2ccc(Cl)cc2)N1.Cl,IC50,'=',7840.0,nM,5.11,,,UO_0000065,0,CHEMBL1785111,cell-based format,,CHEMBL1781907,1,Scientific Literature,Eur J Med Chem,,Antimalarial activity against chloroquine and cycloguanil-resistant Plasmodium falciparum FCR-3/Gambia ring stage infected in human red blood cells assessed as inhibition of [3H]-hypoxanthine incorporation incubated 24 hrs before addition of [3H]-hypoxanthine measured after 24 hrs,,,,FCR-3,FcR3,,FcR3,5.11
CHEMBL125044,,,288.31,0.0,3.36,666026,COc1ccc(-c2cc3c(nn2)-c2ccccc2C3=O)cc1,IC50,'=',730.7,nM,6.14,,,UO_0000065,0,CHEMBL3392923,organism-based format,,CHEMBL3392922,17,Medicines for Malaria Venture () Malaria Box,,,"MMV: IC50 determined against P. falciparum Dd2-luc strain using a Malaria Sybr Green I Fluorescence assay. Starting conditions were 1% trophozoite synchronised parasites at 2% haematocrit. Fluorescence detection completed after 48hr incubation at 37 degrees C under 1% O2, 3% CO2 and balance N2.",,,,Dd2-luc,Dd2,,Dd2,6.14
CHEMBL584237,,,376.43,0.0,4.97,8149,Cc1c(C)n(Cc2ccc(F)cc2)c2ccc(C(=O)NCc3ccco3)cc12,IC50,'=',82.67,nM,7.08,,,UO_0000065,0,CHEMBL3392923,organism-based format,,CHEMBL3392922,17,Medicines for Malaria Venture () Malaria Box,,,"MMV: IC50 determined against P. falciparum Dd2-luc strain using a Malaria Sybr Green I Fluorescence assay. Starting conditions were 1% trophozoite synchronised parasites at 2% haematocrit. Fluorescence detection completed after 48hr incubation at 37 degrees C under 1% O2, 3% CO2 and balance N2.",,,,Dd2-luc,Dd2,,Dd2,7.08
CHEMBL584655,,,484.6,1.0,5.96,8455,COc1ccc(C2C(C(=O)Nc3cccc(OC)c3)c3ccccc3C(=O)N2C2CCCCC2)cc1,IC50,'=',2340.0,nM,5.63,,,UO_0000065,0,CHEMBL3392923,organism-based format,,CHEMBL3392922,17,Medicines for Malaria Venture () Malaria Box,,,"MMV: IC50 determined against P. falciparum Dd2-luc strain using a Malaria Sybr Green I Fluorescence assay. Starting conditions were 1% trophozoite synchronised parasites at 2% haematocrit. Fluorescence detection completed after 48hr incubation at 37 degrees C under 1% O2, 3% CO2 and balance N2.",,,,Dd2-luc,Dd2,,Dd2,5.63
CHEMBL601612,,,445.52,0.0,3.51,11576,CCOC(=O)C1CCN(C(=O)CN2C(=O)c3ccccc3C2c2c[nH]c3ccccc23)CC1,IC50,'=',512.0,nM,6.29,,,UO_0000065,0,CHEMBL3392923,organism-based format,,CHEMBL3392922,17,Medicines for Malaria Venture () Malaria Box,,,"MMV: IC50 determined against P. falciparum Dd2-luc strain using a Malaria Sybr Green I Fluorescence assay. Starting conditions were 1% trophozoite synchronised parasites at 2% haematocrit. Fluorescence detection completed after 48hr incubation at 37 degrees C under 1% O2, 3% CO2 and balance N2.",,,,Dd2-luc,Dd2,,Dd2,6.29
CHEMBL586962,,,493.61,0.0,4.0,19064,COc1cccc(-c2nn(C)c3sc(C(=O)NCCN4CCN(c5ccccc5F)CC4)cc23)c1,IC50,'=',1913.0,nM,5.72,,,UO_0000065,0,CHEMBL3392923,organism-based format,,CHEMBL3392922,17,Medicines for Malaria Venture () Malaria Box,,,"MMV: IC50 determined against P. falciparum Dd2-luc strain using a Malaria Sybr Green I Fluorescence assay. Starting conditions were 1% trophozoite synchronised parasites at 2% haematocrit. Fluorescence detection completed after 48hr incubation at 37 degrees C under 1% O2, 3% CO2 and balance N2.",,,,Dd2-luc,Dd2,,Dd2,5.72
CHEMBL534319,,,515.15,1.0,7.63,19555,Cl.c1ccc2c(NCCCCCCNc3c4c(nc5ccccc35)CCCC4)c3c(nc2c1)CCCC3,IC50,'=',545.3,nM,6.26,,,UO_0000065,0,CHEMBL3392923,organism-based format,,CHEMBL3392922,17,Medicines for Malaria Venture () Malaria Box,,,"MMV: IC50 determined against P. falciparum Dd2-luc strain using a Malaria Sybr Green I Fluorescence assay. Starting conditions were 1% trophozoite synchronised parasites at 2% haematocrit. Fluorescence detection completed after 48hr incubation at 37 degrees C under 1% O2, 3% CO2 and balance N2.",,,,Dd2-luc,Dd2,,Dd2,6.26
CHEMBL532560,,,391.49,0.0,4.52,19738,Cc1[nH]c(-c2ccc(F)cc2)cc1C(=O)NC1CCN(Cc2ccccc2)CC1,IC50,'=',1672.0,nM,5.78,,,UO_0000065,0,CHEMBL3392923,organism-based format,,CHEMBL3392922,17,Medicines for Malaria Venture () Malaria Box,,,"MMV: IC50 determined against P. falciparum Dd2-luc strain using a Malaria Sybr Green I Fluorescence assay. Starting conditions were 1% trophozoite synchronised parasites at 2% haematocrit. Fluorescence detection completed after 48hr incubation at 37 degrees C under 1% O2, 3% CO2 and balance N2.",,,,Dd2-luc,Dd2,,Dd2,5.78
CHEMBL533999,,,307.38,0.0,2.49,20942,CCC(=O)Nc1nnc(Cc2ccc(OC)c(OC)c2)s1,IC50,'=',704.5,nM,6.15,,,UO_0000065,0,CHEMBL3392923,organism-based format,,CHEMBL3392922,17,Medicines for Malaria Venture () Malaria Box,,,"MMV: IC50 determined against P. falciparum Dd2-luc strain using a Malaria Sybr Green I Fluorescence assay. Starting conditions were 1% trophozoite synchronised parasites at 2% haematocrit. Fluorescence detection completed after 48hr incubation at 37 degrees C under 1% O2, 3% CO2 and balance N2.",,,,Dd2-luc,Dd2,,Dd2,6.15
CHEMBL1623028,,,254.27,0.0,3.09,80034,Nc1nc(Nc2cccc(F)c2)nc2ccccc12,IC50,'=',2366.0,nM,5.63,,,UO_0000065,0,CHEMBL3392923,organism-based format,,CHEMBL3392922,17,Medicines for Malaria Venture () Malaria Box,,,"MMV: IC50 determined against P. falciparum Dd2-luc strain using a Malaria Sybr Green I Fluorescence assay. Starting conditions were 1% trophozoite synchronised parasites at 2% haematocrit. Fluorescence detection completed after 48hr incubation at 37 degrees C under 1% O2, 3% CO2 and balance N2.",,,,Dd2-luc,Dd2,,Dd2,5.63
CHEMBL1623897,,,335.83,0.0,3.57,396632,CCOc1c(Cl)cc(CNCC(O)c2ccccc2)cc1OC,IC50,'=',1301.0,nM,5.89,,,UO_0000065,0,CHEMBL3392923,organism-based format,,CHEMBL3392922,17,Medicines for Malaria Venture () Malaria Box,,,"MMV: IC50 determined against P. falciparum Dd2-luc strain using a Malaria Sybr Green I Fluorescence assay. Starting conditions were 1% trophozoite synchronised parasites at 2% haematocrit. Fluorescence detection completed after 48hr incubation at 37 degrees C under 1% O2, 3% CO2 and balance N2.",,,,Dd2-luc,Dd2,,Dd2,5.89
CHEMBL1619026,,,363.89,0.0,4.35,396633,CCOc1cc(CNC(C)C(O)c2ccccc2)cc(Cl)c1OCC,IC50,'=',1908.0,nM,5.72,,,UO_0000065,0,CHEMBL3392923,organism-based format,,CHEMBL3392922,17,Medicines for Malaria Venture () Malaria Box,,,"MMV: IC50 determined against P. falciparum Dd2-luc strain using a Malaria Sybr Green I Fluorescence assay. Starting conditions were 1% trophozoite synchronised parasites at 2% haematocrit. Fluorescence detection completed after 48hr incubation at 37 degrees C under 1% O2, 3% CO2 and balance N2.",,,,Dd2-luc,Dd2,,Dd2,5.72
CHEMBL525519,,,384.5,0.0,4.03,666061,COc1cccc(O)c1CN1CCC2(CCCN(Cc3ccc(F)cc3)C2)C1,IC50,'=',501.8,nM,6.3,,,UO_0000065,0,CHEMBL3392923,organism-based format,,CHEMBL3392922,17,Medicines for Malaria Venture () Malaria Box,,,"MMV: IC50 determined against P. falciparum Dd2-luc strain using a Malaria Sybr Green I Fluorescence assay. Starting conditions were 1% trophozoite synchronised parasites at 2% haematocrit. Fluorescence detection completed after 48hr incubation at 37 degrees C under 1% O2, 3% CO2 and balance N2.",,,,Dd2-luc,Dd2,,Dd2,6.3
CHEMBL547443,,,494.56,0.0,3.01,667488,COc1ccc(CCn2c(=N)c(C(=O)NCc3cccnc3)cc3c(=O)n4cccc(C)c4nc32)cc1,IC50,'=',271.7,nM,6.57,,,UO_0000065,0,CHEMBL3392923,organism-based format,,CHEMBL3392922,17,Medicines for Malaria Venture () Malaria Box,,,"MMV: IC50 determined against P. falciparum Dd2-luc strain using a Malaria Sybr Green I Fluorescence assay. Starting conditions were 1% trophozoite synchronised parasites at 2% haematocrit. Fluorescence detection completed after 48hr incubation at 37 degrees C under 1% O2, 3% CO2 and balance N2.",,,,Dd2-luc,Dd2,,Dd2,6.57
CHEMBL591128,,,293.32,0.0,3.76,665940,CCOc1ccc(/C=C/c2nc(=O)c3ccccc3o2)cc1,IC50,'=',739.8,nM,6.13,,,UO_0000065,0,CHEMBL3392923,organism-based format,,CHEMBL3392922,17,Medicines for Malaria Venture () Malaria Box,,,"MMV: IC50 determined against P. falciparum Dd2-luc strain using a Malaria Sybr Green I Fluorescence assay. Starting conditions were 1% trophozoite synchronised parasites at 2% haematocrit. Fluorescence detection completed after 48hr incubation at 37 degrees C under 1% O2, 3% CO2 and balance N2.",,,,Dd2-luc,Dd2,,Dd2,6.13
CHEMBL535556,,,445.53,1.0,5.14,666070,O=C(NC1CCCC1)c1ccc(N2CCC(NCc3cccc(C(F)(F)F)c3)CC2)cc1,IC50,'=',468.0,nM,6.33,,,UO_0000065,0,CHEMBL3392923,organism-based format,,CHEMBL3392922,17,Medicines for Malaria Venture () Malaria Box,,,"MMV: IC50 determined against P. falciparum Dd2-luc strain using a Malaria Sybr Green I Fluorescence assay. Starting conditions were 1% trophozoite synchronised parasites at 2% haematocrit. Fluorescence detection completed after 48hr incubation at 37 degrees C under 1% O2, 3% CO2 and balance N2.",,,,Dd2-luc,Dd2,,Dd2,6.33
CHEMBL527131,,,382.87,0.0,2.65,6188,O=C(NCc1ccco1)C1CCN(S(=O)(=O)c2ccc(Cl)cc2)CC1,IC50,'=',878.1,nM,6.06,,,UO_0000065,0,CHEMBL3392923,organism-based format,,CHEMBL3392922,17,Medicines for Malaria Venture () Malaria Box,,,"MMV: IC50 determined against P. falciparum Dd2-luc strain using a Malaria Sybr Green I Fluorescence assay. Starting conditions were 1% trophozoite synchronised parasites at 2% haematocrit. Fluorescence detection completed after 48hr incubation at 37 degrees C under 1% O2, 3% CO2 and balance N2.",,,,Dd2-luc,Dd2,,Dd2,6.06
CHEMBL581489,,,353.38,0.0,1.4,665916,COc1ccccc1CNC(=O)CCn1c(=O)[nH]c2ccccc2c1=O,IC50,'=',517.6,nM,6.29,,,UO_0000065,0,CHEMBL3392923,organism-based format,,CHEMBL3392922,17,Medicines for Malaria Venture () Malaria Box,,,"MMV: IC50 determined against P. falciparum Dd2-luc strain using a Malaria Sybr Green I Fluorescence assay. Starting conditions were 1% trophozoite synchronised parasites at 2% haematocrit. Fluorescence detection completed after 48hr incubation at 37 degrees C under 1% O2, 3% CO2 and balance N2.",,,,Dd2-luc,Dd2,,Dd2,6.29
CHEMBL3797909,,,420.39,0.0,4.96,17,Cn1c(=O)n(-c2cccc(C(F)(F)F)c2)c2c3cc(-c4ccncc4)ccc3ncc21,IC50,'=',359.0,nM,6.45,,,UO_0000065,0,CHEMBL3800921,organism-based format,,CHEMBL3797182,1,Scientific Literature,Bioorg Med Chem Lett,,Gametocytocidal activity against chloroquine-sensitive late gametocytic stage (III to V) of Plasmodium falciparum 3D7 after 72 hrs by Alamar Blue assay,,,,3D7,3D7,,3D7,6.44
CHEMBL3798898,,,343.31,0.0,3.9,31,Cn1c(=O)n(-c2cccc(C(F)(F)F)c2)c2c3ccccc3ncc21,IC50,'=',3640.0,nM,5.44,,,UO_0000065,0,CHEMBL3800921,organism-based format,,CHEMBL3797182,1,Scientific Literature,Bioorg Med Chem Lett,,Gametocytocidal activity against chloroquine-sensitive late gametocytic stage (III to V) of Plasmodium falciparum 3D7 after 72 hrs by Alamar Blue assay,,,,3D7,3D7,,3D7,5.44
CHEMBL3798009,,,497.5,0.0,4.97,43,Cn1c(=O)n(-c2cccc(C(F)(F)F)c2)c2c3cc(-c4ccc(S(C)(=O)=O)cc4)ccc3ncc21,IC50,'=',855.0,nM,6.07,,,UO_0000065,0,CHEMBL3800921,organism-based format,,CHEMBL3797182,1,Scientific Literature,Bioorg Med Chem Lett,,Gametocytocidal activity against chloroquine-sensitive late gametocytic stage (III to V) of Plasmodium falciparum 3D7 after 72 hrs by Alamar Blue assay,,,,3D7,3D7,,3D7,6.07
CHEMBL3800258,,,397.44,0.0,3.53,61,COc1ccc(-n2c(=O)n(C)c3cnc4ccc(-c5ccc(N)nc5)cc4c32)cc1,IC50,'=',148.0,nM,6.83,,,UO_0000065,0,CHEMBL3800921,organism-based format,,CHEMBL3797182,1,Scientific Literature,Bioorg Med Chem Lett,,Gametocytocidal activity against chloroquine-sensitive late gametocytic stage (III to V) of Plasmodium falciparum 3D7 after 72 hrs by Alamar Blue assay,,,,3D7,3D7,,3D7,6.83
CHEMBL537087,,,457.83,0.0,4.3,248,CCN(CC)CCn1c(=N)n(CC(O)c2ccc(Cl)c(Cl)c2)c2ccccc21.Cl,IC50,'=',403.8,nM,6.39,,,UO_0000065,0,CHEMBL3392923,organism-based format,,CHEMBL3392922,17,Medicines for Malaria Venture () Malaria Box,,,"MMV: IC50 determined against P. falciparum Dd2-luc strain using a Malaria Sybr Green I Fluorescence assay. Starting conditions were 1% trophozoite synchronised parasites at 2% haematocrit. Fluorescence detection completed after 48hr incubation at 37 degrees C under 1% O2, 3% CO2 and balance N2.",,,,Dd2-luc,Dd2,,Dd2,6.39
CHEMBL2028058,,,491.95,1.0,5.68,396717,COc1ccc(CCN2C(=O)c3[nH]nc(-c4cc(Cl)c(C)cc4O)c3C2c2ccccc2F)cc1,IC50,'=',3188.0,nM,5.5,,,UO_0000065,0,CHEMBL3392923,organism-based format,,CHEMBL3392922,17,Medicines for Malaria Venture () Malaria Box,,,"MMV: IC50 determined against P. falciparum Dd2-luc strain using a Malaria Sybr Green I Fluorescence assay. Starting conditions were 1% trophozoite synchronised parasites at 2% haematocrit. Fluorescence detection completed after 48hr incubation at 37 degrees C under 1% O2, 3% CO2 and balance N2.",,,,Dd2-luc,Dd2,,Dd2,5.5
CHEMBL602580,,,292.51,0.0,4.08,665830,CC1CC2=C(CC1CNCCCN(C)C)C(C)(C)CCC2,IC50,'=',475.6,nM,6.32,,,UO_0000065,0,CHEMBL3392923,organism-based format,,CHEMBL3392922,17,Medicines for Malaria Venture () Malaria Box,,,"MMV: IC50 determined against P. falciparum Dd2-luc strain using a Malaria Sybr Green I Fluorescence assay. Starting conditions were 1% trophozoite synchronised parasites at 2% haematocrit. Fluorescence detection completed after 48hr incubation at 37 degrees C under 1% O2, 3% CO2 and balance N2.",,,,Dd2-luc,Dd2,,Dd2,6.32
CHEMBL4797995,,,497.52,0.0,3.92,102,O=C([C@H](O)c1ccc(O)cc1)N1CC(CNc2ccc(F)cc2)C2(C1)CN(c1cc(F)cc(F)c1)C2,IC50,'=',15.0,nM,7.82,,,UO_0000065,0,CHEMBL4737829,organism-based format,Erythrocyte,CHEMBL4732202,1,Scientific Literature,J Med Chem,,Antiplasmodial activity against multidrug-sensitive Plasmodium falciparum NF54 transfected with GFP-Luc infected in human erythrocytes assessed as reduction in [3H]-hypoxanthine incorporation pretreated for 48 hrs followed by [3H]-hypoxanthine addition measured after 24 hrs by liquid scintillation counting method,,,,NF54,NF54,,NF54,7.82
CHEMBL4871841,,,418.52,1.0,5.51,29,CCN(CC)Cc1cccc(Nc2nc3ccccc3n2Cc2ccc(F)cc2)c1O,IC50,'=',2230.0,nM,5.65,,,UO_0000065,0,CHEMBL4835672,organism-based format,,CHEMBL4834426,1,Scientific Literature,J Med Chem,,Antiplasmodial activity against asexual stage (I/III) Plasmodium falciparum NF54 early gametocytes transfected with GFP-Luc assessed as inhibition of exflagellation of male gametes incubated for 48 hrs by microscopy based luciferase reporter gene assay relative to control,,,,NF54,NF54,,NF54,5.65
CHEMBL1255782,EMETINE DIHYDROCHLORIDE HYDRATE,,535.13,0.0,4.94,Emetine dihydrochloride Hydrate,CC[C@H]1CN2CCc3cc(OC)c(OC)cc3[C@@H]2C[C@@H]1C[C@H]1NCCc2cc(OC)c(OC)cc21.Cl.O,IC50,'=',1.0,nM,9.0,,,UO_0000065,0,CHEMBL1678152,organism-based format,,CHEMBL1671701,1,Scientific Literature,Antimicrob Agents Chemother,,Antiplasmodial activity against Plasmodium falciparum 3D7 infected in RBCs by firefly luciferase reporter gene assay,,,,3D7,3D7,,3D7,9.0
CHEMBL1159650,CLOBETASOL PROPIONATE,4.0,466.98,0.0,4.1,Clobetasol propionate,CCC(=O)O[C@]1(C(=O)CCl)[C@@H](C)C[C@H]2[C@@H]3CCC4=CC(=O)C=C[C@]4(C)[C@@]3(F)[C@@H](O)C[C@@]21C,IC50,'=',797.0,nM,6.1,,,UO_0000065,0,CHEMBL1678152,organism-based format,,CHEMBL1671701,1,Scientific Literature,Antimicrob Agents Chemother,,Antiplasmodial activity against Plasmodium falciparum 3D7 infected in RBCs by firefly luciferase reporter gene assay,,,,3D7,3D7,,3D7,6.1
CHEMBL1342996,,,310.44,0.0,3.45,27,COc1ccc(CNC2CCN(Cc3ccccc3)CC2)cc1,IC50,'=',1300.0,nM,5.89,,,UO_0000065,0,CHEMBL1678152,organism-based format,,CHEMBL1671701,1,Scientific Literature,Antimicrob Agents Chemother,,Antiplasmodial activity against Plasmodium falciparum 3D7 infected in RBCs by firefly luciferase reporter gene assay,,,,3D7,3D7,,3D7,5.89
CHEMBL4763061,,,442.95,0.0,2.57,11,Cl.O=C(NO)c1cnc(N2CCC3(CCN(Cc4c[nH]c5ccccc45)C3)CC2)nc1,IC50,'=',52.2,nM,7.28,,,UO_0000065,0,CHEMBL4714007,organism-based format,,CHEMBL4706683,1,Scientific Literature,J Med Chem,,Antimalarial activity against synchronized schizont stage transgenic Plasmodium falciparum 3D7 with C-terminal 3xTY1-fused HDAC2 knockdown assessed as parasite growth inhibition pretreated with glucosamine followed by compound treatment and incubated for 4 hrs followed by compound washout for thrice and subsequent culturing for 68 hrs by SYBR Green 1 staining based analysis,,,,3D7,3D7,,3D7,7.28
CHEMBL307261,,,284.35,0.0,2.19,Dihydroartemisinin,C[C@H]1[C@@H](O)O[C@@H]2O[C@@]3(C)CC[C@H]4[C@H](C)CC[C@@H]1[C@@]24OO3,IC50,'=',2.0,nM,8.7,,,UO_0000065,0,CHEMBL4704472,organism-based format,,CHEMBL4699594,1,Scientific Literature,J Nat Prod,,Antiplasmodial activity against chloroquine-resistant Plasmodium falciparum Dd2 ring stage incubated for 72 hrs by DAPI-staining based imaging analysis,,,,Dd2,Dd2,,Dd2,8.7
CHEMBL4228011,,,377.44,0.0,3.78,C-2,CCN(CC)c1ccc2cc(C3=NNC(c4ccc(O)cc4)C3)c(=O)oc2c1,IC50,'=',26700.0,nM,4.57,,,UO_0000065,0,CHEMBL4223065,cell-based format,,CHEMBL4219189,1,Scientific Literature,Bioorg Med Chem Lett,,Inhibition of chloroquine sensitive Plasmodium falciparum MRC-02 schizont stage infected in human erythrocytes assessed as reduction in bacterial growth after 24 hrs by Giemsa staining based assay,,,,MRC-02,MRC-02,,MRC-2,4.57
CHEMBL4228011,,,377.44,0.0,3.78,C-2,CCN(CC)c1ccc2cc(C3=NNC(c4ccc(O)cc4)C3)c(=O)oc2c1,IC50,'=',29900.0,nM,4.52,,,UO_0000065,0,CHEMBL4223066,cell-based format,,CHEMBL4219189,1,Scientific Literature,Bioorg Med Chem Lett,,Inhibition of chloroquine resistant Plasmodium falciparum RKL9 schizont stage infected in human erythrocytes assessed as reduction in bacterial growth after 24 hrs by Giemsa staining based assay,,,,RKL9,RKL9,,RKL9,4.52
CHEMBL4226443,,,483.54,1.0,5.77,C-14,CCN(CC)c1ccc2cc(C3=NN(C(=O)c4ccccc4)C(c4ccc(F)cc4)C3)c(=O)oc2c1,IC50,'=',1900.0,nM,5.72,,,UO_0000065,0,CHEMBL4223066,cell-based format,,CHEMBL4219189,1,Scientific Literature,Bioorg Med Chem Lett,,Inhibition of chloroquine resistant Plasmodium falciparum RKL9 schizont stage infected in human erythrocytes assessed as reduction in bacterial growth after 24 hrs by Giemsa staining based assay,,,,RKL9,RKL9,,RKL9,5.72
CHEMBL4227918,,,510.55,2.0,5.54,C-15,CCN(CC)c1ccc2cc(C3=NN(C(=O)c4ccccc4)C(c4ccc([N+](=O)[O-])cc4)C3)c(=O)oc2c1,IC50,'=',2100.0,nM,5.68,,,UO_0000065,0,CHEMBL4223066,cell-based format,,CHEMBL4219189,1,Scientific Literature,Bioorg Med Chem Lett,,Inhibition of chloroquine resistant Plasmodium falciparum RKL9 schizont stage infected in human erythrocytes assessed as reduction in bacterial growth after 24 hrs by Giemsa staining based assay,,,,RKL9,RKL9,,RKL9,5.68
CHEMBL485984,ISOKIGELINOL,,308.33,0.0,2.87,4,CC1=C2C=C3C(=O)c4cc(O)ccc4C(=O)C3(O)C(C)=C2CC1,IC50,'=',11930.0,nM,4.92,,,UO_0000065,0,CHEMBL970002,organism-based format,,CHEMBL1155597,1,Scientific Literature,J Nat Prod,,Antimalarial activity after 48 hrs against chloroquine-resistant Plasmodium falciparum K1 by LDH reporter assay,,,,K1,K1,,K1,4.92
CHEMBL251492,,,461.44,0.0,2.1,14,Cl.Cl.c1cc(N2CCCN(c3ccc(C4=NCCN4)cc3)CC2)ccc1C1=NCCN1,IC50,'=',148.0,nM,6.83,,,UO_0000065,0,CHEMBL926257,organism-based format,,CHEMBL1140635,1,Scientific Literature,Bioorg Med Chem,,Antiplasmodial activity against chloroquine-sensitive Plasmodium falciparum D6 by LDH reporter assay,,,,D6,D6,,D6,6.83
CHEMBL602580,,,292.51,0.0,4.08,665830,CC1CC2=C(CC1CNCCCN(C)C)C(C)(C)CCC2,IC50,'=',139.2,nM,6.86,,,UO_0000065,0,CHEMBL3301456,organism-based format,,CHEMBL3301451,17,Medicines for Malaria Venture () Malaria Box,,,MMV: P. falciparum NF54 functionally mature Stage V gametocytes were incubated for 24 hr in the presence of the test compounds. Gamete formation was then triggered by addition of 2uM xantheurenic acid and temperature decrease to ~20C. Male gamete exflagellation was recorded and analysed by automated microscopy after 20 min. All compounds were tested in 4 independent experiments and data presented here is the mean. IC50s determined for selected compounds.,,,,NF54,NF54,,NF54,6.86
CHEMBL4787608,,,428.41,0.0,3.62,9i,Nc1ncc(-c2ccc(C(=O)N3CC[C@@H](O)C3)cc2)nc1-c1ccc(C(F)(F)F)cc1,IC50,'=',323.0,nM,6.49,,,UO_0000065,0,CHEMBL4719504,organism-based format,,CHEMBL4715789,1,Scientific Literature,J Med Chem,,Antiplasmodial activity against early stage (II/III) Plasmodium falciparum NF54 gametocytes incubated for 48 hrs by luciferase reporter gene assay,,,,NF54,NF54,,NF54,6.49
CHEMBL427458,,,715.84,2.0,6.53,Trioxaquine 5,COc1cc(NC(C)CCCNC2CCC3(CC2)OO[C@@]2(C)CCC(C(C)C)=C[C@H]2O3)c2ncccc2c1.O=C(O)CC(O)(CC(=O)O)C(=O)O,IC50,'=',46.0,nM,7.34,,,UO_0000065,0,CHEMBL918323,organism-based format,,CHEMBL1147097,1,Scientific Literature,Antimicrob Agents Chemother,,Antimalarial activity against chloroquine-resistant Plasmodium falciparum W2 gametocytes (stage 4 & 5),,,,W2,W2,,W2,7.34
CHEMBL4073686,,,437.47,1.0,5.37,66,CCNCCNc1c(C)c(-c2ccc(C(F)(F)F)cc2)c(C#N)c2nc3ccccc3n12,IC50,'=',2570.0,nM,5.59,,,UO_0000065,0,CHEMBL3996812,assay format,,CHEMBL3994624,1,Scientific Literature,J Med Chem,,Anti-plasmodial activity against chloroquine-sensitive Plasmodium falciparum NF54 late 4/5 stage gametocytes assessed as reduction in ATP levels after 24 hrs by BacTiter-Glo reagent based bioluminescence assay,,,,NF54,NF54,,NF54,5.59
CHEMBL4095280,,,457.89,1.0,5.72,54,CCNCCNc1cc(-c2ccc(C(F)(F)F)cc2)c(C#N)c2nc3cc(Cl)ccc3n12,IC50,'=',820.0,nM,6.09,,,UO_0000065,0,CHEMBL3996813,assay format,,CHEMBL3994624,1,Scientific Literature,J Med Chem,,Anti-plasmodial activity against chloroquine-sensitive Plasmodium falciparum NF54 late 4/5 stage gametocytes after 48 hrs by luciferin-luciferase reaction based bioluminescence assay,,,,NF54,NF54,,NF54,6.09
CHEMBL4784415,,,509.57,2.0,5.16,S3,CC(C)(C(=O)N1CC(CNc2ccc(F)cc2)C2(C1)CN(c1cc(F)cc(F)c1)C2)c1ccc(O)cc1,IC50,'=',176.0,nM,6.75,,,UO_0000065,0,CHEMBL4737844,organism-based format,,CHEMBL4732202,1,Scientific Literature,J Med Chem,,Antiplasmodial activity against asexual stage (V) Plasmodium falciparum NF54 gametocytes assessed as inhibition of exflagellation of male gametes measured at 15 to 22.5 min by microscopic based analysis,,,,NF54,NF54,,NF54,6.75
CHEMBL2337125,MALLOTOJAPONIN C,,512.6,2.0,5.54,2,COc1c(CC=C(C)C)c(O)c(C(C)=O)c(O)c1Cc1c(O)c(C(C)=O)c(O)c(CC=C(C)C)c1OC,IC50,'=',3600.0,nM,5.44,,,UO_0000065,0,CHEMBL2341432,organism-based format,,CHEMBL2331226,1,Scientific Literature,J Nat Prod,,Gametocytocidal antimalarial activity against chloroquine-sensitive Plasmodium falciparum NF54 late gametocyte stage after 72 hrs by alamar blue assay,,,,NF54,NF54,,NF54,5.44
CHEMBL537152,,,383.72,0.0,4.45,1; 019918,Clc1cc(Br)ccc1-c1ccc(CNCC2CCNCC2)o1,IC50,'=',1200.0,nM,5.92,,,UO_0000065,0,CHEMBL4231438,organism-based format,,CHEMBL4229360,1,Scientific Literature,Eur J Med Chem,,Gametocytocidal activity against Plasmodium falciparum 3D7 elo1-pfs16-CBG99 late-stage (4 to 5) gametocytes assessed as inhibition of parasite viability after 72 hrs by luciferase reporter assay,,,,3D7,3D7,,3D7,5.92
CHEMBL4238529,,,383.72,0.0,4.45,21,Clc1ccc(-c2ccc(CNCC3CCNCC3)o2)c(Br)c1,IC50,'=',1100.0,nM,5.96,,,UO_0000065,0,CHEMBL4231438,organism-based format,,CHEMBL4229360,1,Scientific Literature,Eur J Med Chem,,Gametocytocidal activity against Plasmodium falciparum 3D7 elo1-pfs16-CBG99 late-stage (4 to 5) gametocytes assessed as inhibition of parasite viability after 72 hrs by luciferase reporter assay,,,,3D7,3D7,,3D7,5.96
CHEMBL4761821,,,524.54,1.0,3.53,90,NC(=O)c1cc(CC(=O)N2CC(CNc3ccc(F)cc3)C3(C2)CN(c2cc(F)cc(F)c2)C3)ccc1O,IC50,'=',4600.0,nM,5.34,,,UO_0000065,0,CHEMBL4737829,organism-based format,Erythrocyte,CHEMBL4732202,1,Scientific Literature,J Med Chem,,Antiplasmodial activity against multidrug-sensitive Plasmodium falciparum NF54 transfected with GFP-Luc infected in human erythrocytes assessed as reduction in [3H]-hypoxanthine incorporation pretreated for 48 hrs followed by [3H]-hypoxanthine addition measured after 24 hrs by liquid scintillation counting method,,,,NF54,NF54,,NF54,5.34
CHEMBL4068923,,,492.33,1.0,6.37,60,CCNCCNc1cc(-c2ccc(C(F)(F)F)cc2)c(C#N)c2nc3cc(Cl)cc(Cl)c3n12,IC50,'=',1440.0,nM,5.84,,,UO_0000065,0,CHEMBL3996813,assay format,,CHEMBL3994624,1,Scientific Literature,J Med Chem,,Anti-plasmodial activity against chloroquine-sensitive Plasmodium falciparum NF54 late 4/5 stage gametocytes after 48 hrs by luciferin-luciferase reaction based bioluminescence assay,,,,NF54,NF54,,NF54,5.84
CHEMBL524065,,,462.42,1.0,7.34,4g,Clc1cccc(C(Nc2ccnc3cc(Cl)ccc23)c2ccc(CN3CCCC3)cc2)c1,IC50,'=',22.0,nM,7.66,,,UO_0000065,0,CHEMBL1012852,organism-based format,,CHEMBL1139381,1,Scientific Literature,J Med Chem,,Antimalarial activity after 72 hrs against chloroquine-resistant Plasmodium falciparum W2 infected human A+ erythrocytes by Makler LDH reporter assay,,,,W2,W2,,W2,7.66
CHEMBL496377,,,542.51,2.0,8.5,4l,COc1ccc2nc3cc(Cl)ccc3c(NC(c3ccc(Cl)cc3)c3ccc(CN4CCCC4)cc3)c2c1,IC50,'=',49.0,nM,7.31,,,UO_0000065,0,CHEMBL1012851,organism-based format,,CHEMBL1139381,1,Scientific Literature,J Med Chem,,Antimalarial activity after 72 hrs against chloroquine-sensitive Plasmodium falciparum D10 infected human A+ erythrocytes in Makler LDH reporter assay,,,,D10,D10,,D10,7.31
CHEMBL361497,ARTESUNATE,4.0,384.43,0.0,2.6,artesunate,C[C@H]1[C@H](OC(=O)CCC(=O)O)O[C@@H]2O[C@@]3(C)CC[C@H]4[C@H](C)CC[C@@H]1[C@@]24OO3,IC50,'=',8.0,nM,8.1,,,UO_0000065,0,CHEMBL2421229,organism-based format,,CHEMBL2417386,1,Scientific Literature,J Med Chem,,Gametocytocidal activity against synchronous stage 4 to 5 of transgenic Plasmodium falciparum NF54 gametocyte harboring pfs16 promoter assessed as parasite viability after 72 hrs by MitoTracker Red CMXRos-based assay,,,,NF54,NF54,,NF54,8.1
CHEMBL1673251,,,207.27,0.0,2.39,13,COc1ccc(O)c(N2CCCCC2)c1,IC50,'=',790.0,nM,6.1,,,UO_0000065,0,CHEMBL1678152,organism-based format,,CHEMBL1671701,1,Scientific Literature,Antimicrob Agents Chemother,,Antiplasmodial activity against Plasmodium falciparum 3D7 infected in RBCs by firefly luciferase reporter gene assay,,,,3D7,3D7,,3D7,6.1
CHEMBL4227712,,,406.44,0.0,3.99,C-5,CCN(CC)c1ccc2cc(C3=NNC(c4ccc([N+](=O)[O-])cc4)C3)c(=O)oc2c1,IC50,'=',30400.0,nM,4.52,,,UO_0000065,0,CHEMBL4223066,cell-based format,,CHEMBL4219189,1,Scientific Literature,Bioorg Med Chem Lett,,Inhibition of chloroquine resistant Plasmodium falciparum RKL9 schizont stage infected in human erythrocytes assessed as reduction in bacterial growth after 24 hrs by Giemsa staining based assay,,,,RKL9,RKL9,,RKL9,4.52
CHEMBL4176396,,,497.06,0.0,1.1,5y,Clc1cccc2c1[I+]c1cccc(Cl)c1-2.O=S(=O)([O-])C(F)(F)F,IC50,'=',360.0,nM,6.44,,,UO_0000065,0,CHEMBL4146076,organism-based format,,CHEMBL4145448,1,Scientific Literature,Eur J Med Chem,,Growth inhibition of CQ-sensitive GFP-fused Plasmodium falciparum D10 after 90 hrs by ethidium bromide staining based flow cytometry,,,,D10,D10,,D10,6.44
CHEMBL4172729,,,464.15,0.0,0.07,5aa,Fc1cccc2c1-c1c(F)cccc1[I+]2.O=S(=O)([O-])C(F)(F)F,IC50,'=',840.0,nM,6.08,,,UO_0000065,0,CHEMBL4146076,organism-based format,,CHEMBL4145448,1,Scientific Literature,Eur J Med Chem,,Growth inhibition of CQ-sensitive GFP-fused Plasmodium falciparum D10 after 90 hrs by ethidium bromide staining based flow cytometry,,,,D10,D10,,D10,6.08
CHEMBL76,CHLOROQUINE,4.0,319.88,0.0,4.81,Chloroquine,CCN(CC)CCCC(C)Nc1ccnc2cc(Cl)ccc12,IC50,'=',30.0,nM,7.52,,,UO_0000065,0,CHEMBL4146076,organism-based format,,CHEMBL4145448,1,Scientific Literature,Eur J Med Chem,,Growth inhibition of CQ-sensitive GFP-fused Plasmodium falciparum D10 after 90 hrs by ethidium bromide staining based flow cytometry,,,,D10,D10,,D10,7.52
CHEMBL4226863,,,453.54,1.0,5.7,C-7,CCN(CC)c1ccc2cc(C3=NN(c4ccccc4)C(c4ccc(O)cc4)C3)c(=O)oc2c1,IC50,'=',17500.0,nM,4.76,,,UO_0000065,0,CHEMBL4223065,cell-based format,,CHEMBL4219189,1,Scientific Literature,Bioorg Med Chem Lett,,Inhibition of chloroquine sensitive Plasmodium falciparum MRC-02 schizont stage infected in human erythrocytes assessed as reduction in bacterial growth after 24 hrs by Giemsa staining based assay,,,,MRC-02,MRC-02,,MRC-2,4.76
CHEMBL592332,,,303.79,0.0,4.09,443,CCOc1ccc2c(c1)CN(Cc1ccc(Cl)cc1)CO2,IC50,'=',617.2,nM,6.21,,,UO_0000065,0,CHEMBL3392923,organism-based format,,CHEMBL3392922,17,Medicines for Malaria Venture () Malaria Box,,,"MMV: IC50 determined against P. falciparum Dd2-luc strain using a Malaria Sybr Green I Fluorescence assay. Starting conditions were 1% trophozoite synchronised parasites at 2% haematocrit. Fluorescence detection completed after 48hr incubation at 37 degrees C under 1% O2, 3% CO2 and balance N2.",,,,Dd2-luc,Dd2,,Dd2,6.21
CHEMBL529968,,,393.4,0.0,4.51,666060,COc1ccc(CN2CCCC(C(=O)c3ccc(C(F)(F)F)cc3)C2)c(O)c1,IC50,'=',635.4,nM,6.2,,,UO_0000065,0,CHEMBL3392923,organism-based format,,CHEMBL3392922,17,Medicines for Malaria Venture () Malaria Box,,,"MMV: IC50 determined against P. falciparum Dd2-luc strain using a Malaria Sybr Green I Fluorescence assay. Starting conditions were 1% trophozoite synchronised parasites at 2% haematocrit. Fluorescence detection completed after 48hr incubation at 37 degrees C under 1% O2, 3% CO2 and balance N2.",,,,Dd2-luc,Dd2,,Dd2,6.2
CHEMBL2028057,,,311.39,0.0,4.85,396715,CC1(c2ccccc2)Nc2ccccc2-c2nc3ccccc3n21,IC50,'=',262.8,nM,6.58,,,UO_0000065,0,CHEMBL3392923,organism-based format,,CHEMBL3392922,17,Medicines for Malaria Venture () Malaria Box,,,"MMV: IC50 determined against P. falciparum Dd2-luc strain using a Malaria Sybr Green I Fluorescence assay. Starting conditions were 1% trophozoite synchronised parasites at 2% haematocrit. Fluorescence detection completed after 48hr incubation at 37 degrees C under 1% O2, 3% CO2 and balance N2.",,,,Dd2-luc,Dd2,,Dd2,6.58
CHEMBL531290,,,326.45,0.0,4.46,665876,CCC(c1ccccc1)c1nn2c(-c3cccs3)nnc2s1,IC50,'=',337.7,nM,6.47,,,UO_0000065,0,CHEMBL3392923,organism-based format,,CHEMBL3392922,17,Medicines for Malaria Venture () Malaria Box,,,"MMV: IC50 determined against P. falciparum Dd2-luc strain using a Malaria Sybr Green I Fluorescence assay. Starting conditions were 1% trophozoite synchronised parasites at 2% haematocrit. Fluorescence detection completed after 48hr incubation at 37 degrees C under 1% O2, 3% CO2 and balance N2.",,,,Dd2-luc,Dd2,,Dd2,6.47
CHEMBL589205,,,377.91,0.0,4.04,483,CCOc1cc2c(cc1OCC)C(c1cc(C)c(O)c(C)c1)NCC2.Cl,IC50,'=',653.5,nM,6.18,,,UO_0000065,0,CHEMBL3392923,organism-based format,,CHEMBL3392922,17,Medicines for Malaria Venture () Malaria Box,,,"MMV: IC50 determined against P. falciparum Dd2-luc strain using a Malaria Sybr Green I Fluorescence assay. Starting conditions were 1% trophozoite synchronised parasites at 2% haematocrit. Fluorescence detection completed after 48hr incubation at 37 degrees C under 1% O2, 3% CO2 and balance N2.",,,,Dd2-luc,Dd2,,Dd2,6.18
CHEMBL582767,,,420.18,0.0,4.45,19918,Cl.Clc1cc(Br)ccc1-c1ccc(CNCC2CCNCC2)o1,IC50,'=',25.54,nM,7.59,,,UO_0000065,0,CHEMBL3301456,organism-based format,,CHEMBL3301451,17,Medicines for Malaria Venture () Malaria Box,,,MMV: P. falciparum NF54 functionally mature Stage V gametocytes were incubated for 24 hr in the presence of the test compounds. Gamete formation was then triggered by addition of 2uM xantheurenic acid and temperature decrease to ~20C. Male gamete exflagellation was recorded and analysed by automated microscopy after 20 min. All compounds were tested in 4 independent experiments and data presented here is the mean. IC50s determined for selected compounds.,,,,NF54,NF54,,NF54,7.59
CHEMBL602580,,,292.51,0.0,4.08,665830,CC1CC2=C(CC1CNCCCN(C)C)C(C)(C)CCC2,IC50,'=',188.8,nM,6.72,,,UO_0000065,0,CHEMBL3301457,organism-based format,,CHEMBL3301451,17,Medicines for Malaria Venture () Malaria Box,,,MMV: P. falciparum NF54 functionally mature Stage V gametocytes were incubated for 24 hr in the presence of the test compounds. Gamete formation was then triggered by addition of 2uM xantheurenic acid and temperature decrease to ~20C. Female gamete formation was recorded 24 hr later by automated microscopy detection of surface labelling of female gametes with a Cy3-conjugated antibody reactive to Pfs25. All compounds were tested in 4 independent experiments and data presented here is the mean. IC50s determined for selected compounds.,,,,NF54,NF54,,NF54,6.72
CHEMBL581240,,,493.4,0.0,4.64,19127,CCN(Cc1ccccc1)C1CCN(Cc2cc(Br)ccc2O)CC1.O=C(O)C(=O)O,IC50,'=',603.2,nM,6.22,,,UO_0000065,0,CHEMBL3392923,organism-based format,,CHEMBL3392922,17,Medicines for Malaria Venture () Malaria Box,,,"MMV: IC50 determined against P. falciparum Dd2-luc strain using a Malaria Sybr Green I Fluorescence assay. Starting conditions were 1% trophozoite synchronised parasites at 2% haematocrit. Fluorescence detection completed after 48hr incubation at 37 degrees C under 1% O2, 3% CO2 and balance N2.",,,,Dd2-luc,Dd2,,Dd2,6.22
CHEMBL4167041,,,492.64,0.0,0.46,5t,COc1ccc(Cl)c2c1[I+]c1ccccc1-2.O=S(=O)([O-])C(F)(F)F,IC50,'=',130.0,nM,6.89,,,UO_0000065,0,CHEMBL4146076,organism-based format,,CHEMBL4145448,1,Scientific Literature,Eur J Med Chem,,Growth inhibition of CQ-sensitive GFP-fused Plasmodium falciparum D10 after 90 hrs by ethidium bromide staining based flow cytometry,,,,D10,D10,,D10,6.89
CHEMBL4173885,,,480.6,0.0,0.59,5x,Fc1cccc2c1-c1cccc(Cl)c1[I+]2.O=S(=O)([O-])C(F)(F)F,IC50,'=',190.0,nM,6.72,,,UO_0000065,0,CHEMBL4146076,organism-based format,,CHEMBL4145448,1,Scientific Literature,Eur J Med Chem,,Growth inhibition of CQ-sensitive GFP-fused Plasmodium falciparum D10 after 90 hrs by ethidium bromide staining based flow cytometry,,,,D10,D10,,D10,6.72
CHEMBL4777661,,,515.8,1.0,4.05,11,O=C(Cn1cc(COc2ccc(Br)cc2)nn1)NCCNc1ccnc2cc(Cl)ccc12,IC50,'=',8500.0,nM,5.07,,,UO_0000065,0,CHEMBL4733312,organism-based format,,CHEMBL4732055,1,Scientific Literature,Eur J Med Chem,,Antimalarial activity against Plasmodium falciparum RKL9 gametocytes incubated for 48 hrs by Giemsa staining based assay,,,,RKL9,RKL9,,RKL9,5.07
CHEMBL3335118,,,385.44,0.0,4.95,29,N/C(CC(O)c1cc2ccccc2c2ccccc12)=N\N=C\c1ccc(F)cc1,IC50,'=',370.0,nM,6.43,,,UO_0000065,0,CHEMBL3389350,organism-based format,,CHEMBL3351566,1,Scientific Literature,J Med Chem,,Gametocytocidal activity against transgenic Plasmodium falciparum NF54-pfs16-GFP late stage gametocytes after 72 hrs by mitotracker red CM-H2XRos dye based confocal imaging assay,,,,NF54,NF54,,NF54,6.43
CHEMBL4559191,,,377.28,0.0,2.54,26,CC[n+]1c2c(n(CC(C)C)c1C)C(=O)c1ccccc1C2=O.[Br-],IC50,'=',33.0,nM,7.48,,,UO_0000065,0,CHEMBL4338838,organism-based format,,CHEMBL4334542,1,Scientific Literature,ACS Med Chem Lett,,Antimalarial activity against Plasmodium falciparum NF54 early gametocytes transfected with luciferase gene incubated for 48 hrs by luciferase reporter gene assay,,,,NF54,NF54,,NF54,7.48
CHEMBL4456232,,,489.5,1.0,5.66,34,CCCCCCCCCC[n+]1c2c(n(CC(C)C)c1C)C(=O)c1ccccc1C2=O.[Br-],IC50,'=',370.0,nM,6.43,,,UO_0000065,0,CHEMBL4338838,organism-based format,,CHEMBL4334542,1,Scientific Literature,ACS Med Chem Lett,,Antimalarial activity against Plasmodium falciparum NF54 early gametocytes transfected with luciferase gene incubated for 48 hrs by luciferase reporter gene assay,,,,NF54,NF54,,NF54,6.43
CHEMBL4458561,,,391.31,0.0,3.1,28,Cc1n(CC(C)C)c2c([n+]1C(C)C)C(=O)c1ccccc1C2=O.[Br-],IC50,'=',689.0,nM,6.16,,,UO_0000065,0,CHEMBL4338839,organism-based format,,CHEMBL4334542,1,Scientific Literature,ACS Med Chem Lett,,Antimalarial activity against Plasmodium falciparum NF54 late gametocytes transfected with luciferase gene incubated for 48 hrs by luciferase reporter gene assay,,,,NF54,NF54,,NF54,6.16
CHEMBL4861409,,,468.52,1.0,6.39,24,CCN(CC)Cc1cccc(Nc2nc3ccccc3n2Cc2ccc(C(F)(F)F)cc2)c1O,IC50,'=',1450.0,nM,5.84,,,UO_0000065,0,CHEMBL4835672,organism-based format,,CHEMBL4834426,1,Scientific Literature,J Med Chem,,Antiplasmodial activity against asexual stage (I/III) Plasmodium falciparum NF54 early gametocytes transfected with GFP-Luc assessed as inhibition of exflagellation of male gametes incubated for 48 hrs by microscopy based luciferase reporter gene assay relative to control,,,,NF54,NF54,,NF54,5.84
CHEMBL586000,,,359.43,1.0,5.61,6389,O=C1c2ccccc2C2=Nc3ccccc3SC(c3cccc(F)c3)C12,IC50,'=',2136.0,nM,5.67,,,UO_0000065,0,CHEMBL3301456,organism-based format,,CHEMBL3301451,17,Medicines for Malaria Venture () Malaria Box,,,MMV: P. falciparum NF54 functionally mature Stage V gametocytes were incubated for 24 hr in the presence of the test compounds. Gamete formation was then triggered by addition of 2uM xantheurenic acid and temperature decrease to ~20C. Male gamete exflagellation was recorded and analysed by automated microscopy after 20 min. All compounds were tested in 4 independent experiments and data presented here is the mean. IC50s determined for selected compounds.,,,,NF54,NF54,,NF54,5.67
CHEMBL206540,,,245.28,0.0,2.68,7116,CCOC(=O)c1cnc2ccc(CC)cc2c1O,IC50,'=',569.7,nM,6.24,,,UO_0000065,0,CHEMBL3301456,organism-based format,,CHEMBL3301451,17,Medicines for Malaria Venture () Malaria Box,,,MMV: P. falciparum NF54 functionally mature Stage V gametocytes were incubated for 24 hr in the presence of the test compounds. Gamete formation was then triggered by addition of 2uM xantheurenic acid and temperature decrease to ~20C. Male gamete exflagellation was recorded and analysed by automated microscopy after 20 min. All compounds were tested in 4 independent experiments and data presented here is the mean. IC50s determined for selected compounds.,,,,NF54,NF54,,NF54,6.24
CHEMBL524973,,,341.44,1.0,5.94,645672,OC1=C2C(=Nc3ccccc3SC2c2ccccc2)c2ccccc21,IC50,'=',3241.0,nM,5.49,,,UO_0000065,0,CHEMBL3301456,organism-based format,,CHEMBL3301451,17,Medicines for Malaria Venture () Malaria Box,,,MMV: P. falciparum NF54 functionally mature Stage V gametocytes were incubated for 24 hr in the presence of the test compounds. Gamete formation was then triggered by addition of 2uM xantheurenic acid and temperature decrease to ~20C. Male gamete exflagellation was recorded and analysed by automated microscopy after 20 min. All compounds were tested in 4 independent experiments and data presented here is the mean. IC50s determined for selected compounds.,,,,NF54,NF54,,NF54,5.49
CHEMBL2419641,,,441.32,0.0,4.21,1a,Cc1[nH]c2ccccc2c1/C=C/c1cc(N)c2ccccc2[n+]1C.[I-],IC50,'=',1900.0,nM,5.72,,,UO_0000065,0,CHEMBL2421229,organism-based format,,CHEMBL2417386,1,Scientific Literature,J Med Chem,,Gametocytocidal activity against synchronous stage 4 to 5 of transgenic Plasmodium falciparum NF54 gametocyte harboring pfs16 promoter assessed as parasite viability after 72 hrs by MitoTracker Red CMXRos-based assay,,,,NF54,NF54,,NF54,5.72
CHEMBL590888,,,293.53,0.0,3.63,665820,COc1ccc2c(=O)cc(C(Cl)(Cl)Cl)oc2c1,IC50,'=',958.5,nM,6.02,,,UO_0000065,0,CHEMBL3392923,organism-based format,,CHEMBL3392922,17,Medicines for Malaria Venture () Malaria Box,,,"MMV: IC50 determined against P. falciparum Dd2-luc strain using a Malaria Sybr Green I Fluorescence assay. Starting conditions were 1% trophozoite synchronised parasites at 2% haematocrit. Fluorescence detection completed after 48hr incubation at 37 degrees C under 1% O2, 3% CO2 and balance N2.",,,,Dd2-luc,Dd2,,Dd2,6.02
CHEMBL3637883,,,327.45,0.0,4.52,1088520,Cc1ccc(-c2nc(CN(Cc3ccccn3)C(C)C)cs2)o1,IC50,'=',450.0,nM,6.35,,,UO_0000065,0,CHEMBL3832784,organism-based format,,CHEMBL3832761,34,Medicines for Malaria Venture () Pathogen Box,,,Antimalarial activity: Gametocytes Plasmodium falciparum NF54 Gametocytes Stage V IC50 (uM),,,,NF54,NF54,,NF54,6.35
CHEMBL534319,,,515.15,1.0,7.63,19555,Cl.c1ccc2c(NCCCCCCNc3c4c(nc5ccccc35)CCCC4)c3c(nc2c1)CCCC3,IC50,'=',2388.73,nM,5.62,,,UO_0000065,0,CHEMBL3301557,organism-based format,,CHEMBL3301555,17,Medicines for Malaria Venture () Malaria Box,,,"MMV: Measure of pLDH activity as indication of parasite viability. Gametocytogenesis of 3D7 Plasmodium falciparum strain was induced in vitro and asexual parasites were depleted with N-acetylglucosamine. Gametocytes were treated with dihydroartemisinin, epoxomicin, methylene blue, primaquine, puromycin or chloroquine in 96-well plates and the pLDH activity was evaluated using a modified Makler protocol. Mosquito infectivity was measured by the standard membrane feeding assay. The IC50 value was extrapolated as the concentration that induced a 50% inhibition of gametocyte viability.",,,,3D7,3D7,,3D7,5.62
CHEMBL2028063,,,348.31,0.0,4.54,396794,CC(C)(C)CC(C)(C)NCC(O)COc1ccc(Cl)cc1Cl,IC50,'=',5616.28,nM,5.25,,,UO_0000065,0,CHEMBL3301557,organism-based format,,CHEMBL3301555,17,Medicines for Malaria Venture () Malaria Box,,,"MMV: Measure of pLDH activity as indication of parasite viability. Gametocytogenesis of 3D7 Plasmodium falciparum strain was induced in vitro and asexual parasites were depleted with N-acetylglucosamine. Gametocytes were treated with dihydroartemisinin, epoxomicin, methylene blue, primaquine, puromycin or chloroquine in 96-well plates and the pLDH activity was evaluated using a modified Makler protocol. Mosquito infectivity was measured by the standard membrane feeding assay. The IC50 value was extrapolated as the concentration that induced a 50% inhibition of gametocyte viability.",,,,3D7,3D7,,3D7,5.25
CHEMBL2028064,,,465.47,0.0,4.32,403679,Cc1cccc(-n2ncc3c(O)nc(-n4nc(C)cc4NC(=O)c4cc5ccccc5o4)nc32)c1,IC50,'=',1621.0,nM,5.79,,,UO_0000065,0,CHEMBL3301557,organism-based format,,CHEMBL3301555,17,Medicines for Malaria Venture () Malaria Box,,,"MMV: Measure of pLDH activity as indication of parasite viability. Gametocytogenesis of 3D7 Plasmodium falciparum strain was induced in vitro and asexual parasites were depleted with N-acetylglucosamine. Gametocytes were treated with dihydroartemisinin, epoxomicin, methylene blue, primaquine, puromycin or chloroquine in 96-well plates and the pLDH activity was evaluated using a modified Makler protocol. Mosquito infectivity was measured by the standard membrane feeding assay. The IC50 value was extrapolated as the concentration that induced a 50% inhibition of gametocyte viability.",,,,3D7,3D7,,3D7,5.79
CHEMBL530308,,,546.6,2.0,7.48,11438,COC(=O)c1ccc(C2C3=C(O)CC(c4ccc(F)cc4)CC3=Nc3ccccc3N2C(=O)c2ccccc2)cc1,IC50,'=',6522.6,nM,5.19,,,UO_0000065,0,CHEMBL3301557,organism-based format,,CHEMBL3301555,17,Medicines for Malaria Venture () Malaria Box,,,"MMV: Measure of pLDH activity as indication of parasite viability. Gametocytogenesis of 3D7 Plasmodium falciparum strain was induced in vitro and asexual parasites were depleted with N-acetylglucosamine. Gametocytes were treated with dihydroartemisinin, epoxomicin, methylene blue, primaquine, puromycin or chloroquine in 96-well plates and the pLDH activity was evaluated using a modified Makler protocol. Mosquito infectivity was measured by the standard membrane feeding assay. The IC50 value was extrapolated as the concentration that induced a 50% inhibition of gametocyte viability.",,,,3D7,3D7,,3D7,5.19
CHEMBL580516,,,507.05,0.0,4.87,19690,COc1ccc(C2NCCc3c2[nH]c2ccccc32)cc1CN1CCN(c2ccc(F)cc2)CC1.Cl,IC50,'=',3406.95,nM,5.47,,,UO_0000065,0,CHEMBL3301557,organism-based format,,CHEMBL3301555,17,Medicines for Malaria Venture () Malaria Box,,,"MMV: Measure of pLDH activity as indication of parasite viability. Gametocytogenesis of 3D7 Plasmodium falciparum strain was induced in vitro and asexual parasites were depleted with N-acetylglucosamine. Gametocytes were treated with dihydroartemisinin, epoxomicin, methylene blue, primaquine, puromycin or chloroquine in 96-well plates and the pLDH activity was evaluated using a modified Makler protocol. Mosquito infectivity was measured by the standard membrane feeding assay. The IC50 value was extrapolated as the concentration that induced a 50% inhibition of gametocyte viability.",,,,3D7,3D7,,3D7,5.47
CHEMBL269671,,,282.34,0.0,2.39,ART,C[C@@H]1CC[C@H]2[C@@H](C)C(=O)O[C@@H]3O[C@@]4(C)CC[C@@H]1[C@]32OO4,IC50,'=',17.96,nM,7.75,,,UO_0000065,0,CHEMBL1248674,organism-based format,,CHEMBL1240532,1,Scientific Literature,Science,,Antimalarial activity against Plasmodium falciparum Dd2 containing attB site inserted in parasite genome and using CAM promoter driven expressing ATP4 I398F/P990R mutant after 72 hrs by SYBR green based fluorescence assay,,,,Dd2,Dd2,,Dd2,7.75
CHEMBL269671,,,282.34,0.0,2.39,ART,C[C@@H]1CC[C@H]2[C@@H](C)C(=O)O[C@@H]3O[C@@]4(C)CC[C@@H]1[C@]32OO4,IC50,'=',16.25,nM,7.79,,,UO_0000065,0,CHEMBL1248673,organism-based format,,CHEMBL1240532,1,Scientific Literature,Science,,Antimalarial activity against Plasmodium falciparum Dd2 containing attB site inserted in parasite genome and using CAM promoter driven expressing ATP4 D1247Y mutant after 72 hrs by SYBR green based fluorescence assay,,,,Dd2 ,Dd2,,Dd2,7.79
CHEMBL589920,,,395.53,1.0,5.2,1230,CCOc1cccc2sc(N(Cc3cccnc3)C(=O)C3CCCCC3)nc12,IC50,'=',2701.0,nM,5.57,,,UO_0000065,0,CHEMBL3392923,organism-based format,,CHEMBL3392922,17,Medicines for Malaria Venture () Malaria Box,,,"MMV: IC50 determined against P. falciparum Dd2-luc strain using a Malaria Sybr Green I Fluorescence assay. Starting conditions were 1% trophozoite synchronised parasites at 2% haematocrit. Fluorescence detection completed after 48hr incubation at 37 degrees C under 1% O2, 3% CO2 and balance N2.",,,,Dd2-luc,Dd2,,Dd2,5.57
CHEMBL549210,,,340.4,0.0,3.76,666691,COc1ccc(C=C2SC(=N)N(c3ccccc3OC)C2=O)cc1,IC50,'=',481.1,nM,6.32,,,UO_0000065,0,CHEMBL3301456,organism-based format,,CHEMBL3301451,17,Medicines for Malaria Venture () Malaria Box,,,MMV: P. falciparum NF54 functionally mature Stage V gametocytes were incubated for 24 hr in the presence of the test compounds. Gamete formation was then triggered by addition of 2uM xantheurenic acid and temperature decrease to ~20C. Male gamete exflagellation was recorded and analysed by automated microscopy after 20 min. All compounds were tested in 4 independent experiments and data presented here is the mean. IC50s determined for selected compounds.,,,,NF54,NF54,,NF54,6.32
CHEMBL582767,,,420.18,0.0,4.45,19918,Cl.Clc1cc(Br)ccc1-c1ccc(CNCC2CCNCC2)o1,IC50,'=',159.4,nM,6.8,,,UO_0000065,0,CHEMBL3301457,organism-based format,,CHEMBL3301451,17,Medicines for Malaria Venture () Malaria Box,,,MMV: P. falciparum NF54 functionally mature Stage V gametocytes were incubated for 24 hr in the presence of the test compounds. Gamete formation was then triggered by addition of 2uM xantheurenic acid and temperature decrease to ~20C. Female gamete formation was recorded 24 hr later by automated microscopy detection of surface labelling of female gametes with a Cy3-conjugated antibody reactive to Pfs25. All compounds were tested in 4 independent experiments and data presented here is the mean. IC50s determined for selected compounds.,,,,NF54,NF54,,NF54,6.8
CHEMBL124006,,,279.39,0.0,3.75,448,CN(C)CCCNc1c2ccccc2nc2ccccc12,IC50,'=',3136.6,nM,5.5,,,UO_0000065,0,CHEMBL3301557,organism-based format,,CHEMBL3301555,17,Medicines for Malaria Venture () Malaria Box,,,"MMV: Measure of pLDH activity as indication of parasite viability. Gametocytogenesis of 3D7 Plasmodium falciparum strain was induced in vitro and asexual parasites were depleted with N-acetylglucosamine. Gametocytes were treated with dihydroartemisinin, epoxomicin, methylene blue, primaquine, puromycin or chloroquine in 96-well plates and the pLDH activity was evaluated using a modified Makler protocol. Mosquito infectivity was measured by the standard membrane feeding assay. The IC50 value was extrapolated as the concentration that induced a 50% inhibition of gametocyte viability.",,,,3D7,3D7,,3D7,5.5
CHEMBL2086450,,,454.52,0.0,4.9,151,COc1cc([C@H](O)[C@H](C)Oc2c(OC)cc(-c3ccccc3)cc2OC)cc(OC)c1OC,IC50,'=',20.0,nM,7.7,,,UO_0000065,0,CHEMBL2090888,organism-based format,HepG2,CHEMBL2086285,1,Scientific Literature,J Med Chem,CHEMBL3307718,Antimalarial activity against liver stages of Plasmodium falciparum NF54 infected in human HepG2 cells after 6 days by fluorescence microscopy,,,,NF54,NF54,,NF54,7.7
CHEMBL1082723,CIPARGAMIN,2.0,390.24,0.0,4.34,NITD609,C[C@H]1Cc2c([nH]c3cc(Cl)c(F)cc23)[C@@]2(N1)C(=O)Nc1ccc(Cl)cc12,IC50,'=',1.89,nM,8.72,,,UO_0000065,0,CHEMBL1248672,organism-based format,,CHEMBL1240532,1,Scientific Literature,Science,,Antimalarial activity against Plasmodium falciparum Dd2 containing attB site inserted in parasite genome and using EF1-alpha promoter driven expressing ATP4 I398F/P990R mutant after 72 hrs by SYBR green based fluorescence assay,,,,Dd2,Dd2,,Dd2,8.72
CHEMBL416956,MEFLOQUINE,4.0,378.32,0.0,4.45,MFQ,OC(c1cc(C(F)(F)F)nc2c(C(F)(F)F)cccc12)C1CCCCN1,IC50,'=',11.04,nM,7.96,,,UO_0000065,0,CHEMBL1248673,organism-based format,,CHEMBL1240532,1,Scientific Literature,Science,,Antimalarial activity against Plasmodium falciparum Dd2 containing attB site inserted in parasite genome and using CAM promoter driven expressing ATP4 D1247Y mutant after 72 hrs by SYBR green based fluorescence assay,,,,Dd2,Dd2,,Dd2,7.96
CHEMBL1082723,CIPARGAMIN,2.0,390.24,0.0,4.34,NITD609,C[C@H]1Cc2c([nH]c3cc(Cl)c(F)cc23)[C@@]2(N1)C(=O)Nc1ccc(Cl)cc12,IC50,'=',0.92,nM,9.04,,,UO_0000065,0,CHEMBL1248670,organism-based format,,CHEMBL1240532,1,Scientific Literature,Science,,Antimalarial activity against Plasmodium falciparum Dd2 containing attB site inserted in parasite genome and using EF1-alpha promoter driven expressing wild type ATP4 after 72 hrs by SYBR green based fluorescence assay,,,,Dd2,Dd2,,Dd2,9.04
CHEMBL545853,,,449.62,0.0,4.02,22029,CN1CCC(NCc2cccc(-c3ccc(S(=O)(=O)NCc4ccccc4)cc3)c2)CC1,IC50,'=',1420.0,nM,5.85,,,UO_0000065,0,CHEMBL3832784,organism-based format,,CHEMBL3832761,34,Medicines for Malaria Venture () Pathogen Box,,,Antimalarial activity: Gametocytes Plasmodium falciparum NF54 Gametocytes Stage V IC50 (uM),,,,NF54,NF54,,NF54,5.85
CHEMBL580580,,,286.77,0.0,3.26,19110,Cc1cccc(Nc2nc(N)c3ccccc3n2)c1.Cl,IC50,'=',3500.0,nM,5.46,,,UO_0000065,0,CHEMBL3392923,organism-based format,,CHEMBL3392922,17,Medicines for Malaria Venture () Malaria Box,,,"MMV: IC50 determined against P. falciparum Dd2-luc strain using a Malaria Sybr Green I Fluorescence assay. Starting conditions were 1% trophozoite synchronised parasites at 2% haematocrit. Fluorescence detection completed after 48hr incubation at 37 degrees C under 1% O2, 3% CO2 and balance N2.",,,,Dd2-luc,Dd2,,Dd2,5.46
CHEMBL597855,,,293.32,0.0,3.78,6457,CCOC(=O)c1ccc2nc(-c3ccccc3)cc(O)c2c1,IC50,'=',237.0,nM,6.62,,,UO_0000065,0,CHEMBL3301456,organism-based format,,CHEMBL3301451,17,Medicines for Malaria Venture () Malaria Box,,,MMV: P. falciparum NF54 functionally mature Stage V gametocytes were incubated for 24 hr in the presence of the test compounds. Gamete formation was then triggered by addition of 2uM xantheurenic acid and temperature decrease to ~20C. Male gamete exflagellation was recorded and analysed by automated microscopy after 20 min. All compounds were tested in 4 independent experiments and data presented here is the mean. IC50s determined for selected compounds.,,,,NF54,NF54,,NF54,6.63
CHEMBL506,PRIMAQUINE,4.0,259.35,0.0,2.78,primaquine,COc1cc(NC(C)CCCN)c2ncccc2c1,IC50,'=',4580.0,nM,5.34,,,UO_0000065,0,CHEMBL918322,organism-based format,,CHEMBL1147097,1,Scientific Literature,Antimicrob Agents Chemother,,Antimalarial activity against chloroquine-resistant Plasmodium falciparum W2 gametocytes (stage 2 & 3),,,,W2,W2,,W2,5.34
CHEMBL76,CHLOROQUINE,4.0,319.88,0.0,4.81,chloroquine,CCN(CC)CCCC(C)Nc1ccnc2cc(Cl)ccc12,IC50,'=',300.0,nM,6.52,,,UO_0000065,0,CHEMBL918322,organism-based format,,CHEMBL1147097,1,Scientific Literature,Antimicrob Agents Chemother,,Antimalarial activity against chloroquine-resistant Plasmodium falciparum W2 gametocytes (stage 2 & 3),,,,W2,W2,,W2,6.52
CHEMBL4869087,,,482.55,1.0,6.75,33,Cc1cc(CNC(C)(C)C)c(O)c(Nc2nc3ccccc3n2Cc2ccc(C(F)(F)F)cc2)c1,IC50,'=',920.0,nM,6.04,,,UO_0000065,0,CHEMBL4835672,organism-based format,,CHEMBL4834426,1,Scientific Literature,J Med Chem,,Antiplasmodial activity against asexual stage (I/III) Plasmodium falciparum NF54 early gametocytes transfected with GFP-Luc assessed as inhibition of exflagellation of male gametes incubated for 48 hrs by microscopy based luciferase reporter gene assay relative to control,,,,NF54,NF54,,NF54,6.04
CHEMBL4853530,,,502.97,2.0,7.05,34,CCN(CC)Cc1cc(Cl)cc(Nc2nc3ccccc3n2Cc2ccc(C(F)(F)F)cc2)c1O,IC50,'=',56.0,nM,7.25,,,UO_0000065,0,CHEMBL4835672,organism-based format,,CHEMBL4834426,1,Scientific Literature,J Med Chem,,Antiplasmodial activity against asexual stage (I/III) Plasmodium falciparum NF54 early gametocytes transfected with GFP-Luc assessed as inhibition of exflagellation of male gametes incubated for 48 hrs by microscopy based luciferase reporter gene assay relative to control,,,,NF54,NF54,,NF54,7.25
CHEMBL4853995,,,502.97,2.0,7.05,38,CCN(CC)Cc1c(Cl)ccc(Nc2nc3ccccc3n2Cc2ccc(C(F)(F)F)cc2)c1O,IC50,'=',3060.0,nM,5.51,,,UO_0000065,0,CHEMBL4835672,organism-based format,,CHEMBL4834426,1,Scientific Literature,J Med Chem,,Antiplasmodial activity against asexual stage (I/III) Plasmodium falciparum NF54 early gametocytes transfected with GFP-Luc assessed as inhibition of exflagellation of male gametes incubated for 48 hrs by microscopy based luciferase reporter gene assay relative to control,,,,NF54,NF54,,NF54,5.51
CHEMBL4862272,,,510.89,2.0,6.59,41,CCNCc1cc(Cl)cc(Nc2nc3cc(F)c(F)cc3n2Cc2ccc(C(F)(F)F)cc2)c1O,IC50,'=',460.0,nM,6.34,,,UO_0000065,0,CHEMBL4835672,organism-based format,,CHEMBL4834426,1,Scientific Literature,J Med Chem,,Antiplasmodial activity against asexual stage (I/III) Plasmodium falciparum NF54 early gametocytes transfected with GFP-Luc assessed as inhibition of exflagellation of male gametes incubated for 48 hrs by microscopy based luciferase reporter gene assay relative to control,,,,NF54,NF54,,NF54,6.34
CHEMBL125044,,,288.31,0.0,3.36,666026,COc1ccc(-c2cc3c(nn2)-c2ccccc2C3=O)cc1,IC50,'=',3710.0,nM,5.43,,,UO_0000065,0,CHEMBL3301456,organism-based format,,CHEMBL3301451,17,Medicines for Malaria Venture () Malaria Box,,,MMV: P. falciparum NF54 functionally mature Stage V gametocytes were incubated for 24 hr in the presence of the test compounds. Gamete formation was then triggered by addition of 2uM xantheurenic acid and temperature decrease to ~20C. Male gamete exflagellation was recorded and analysed by automated microscopy after 20 min. All compounds were tested in 4 independent experiments and data presented here is the mean. IC50s determined for selected compounds.,,,,NF54,NF54,,NF54,5.43
CHEMBL524204,,,397.48,0.0,2.01,26356,CCn1ncc2c(NC3CCOCC3)c(CNC(=O)c3ccnn3C)c(C)nc21,IC50,'=',240.0,nM,6.62,,,UO_0000065,0,CHEMBL3832784,organism-based format,,CHEMBL3832761,34,Medicines for Malaria Venture () Pathogen Box,,,Antimalarial activity: Gametocytes Plasmodium falciparum NF54 Gametocytes Stage V IC50 (uM),,,,NF54,NF54,,NF54,6.62
CHEMBL525702,,,381.45,0.0,3.9,20081,COc1cccc(CC(=O)N2CCC(n3c(C)nc4ccc(F)cc43)CC2)c1,IC50,'=',310.0,nM,6.51,,,UO_0000065,0,CHEMBL3832784,organism-based format,,CHEMBL3832761,34,Medicines for Malaria Venture () Pathogen Box,,,Antimalarial activity: Gametocytes Plasmodium falciparum NF54 Gametocytes Stage V IC50 (uM),,,,NF54,NF54,,NF54,6.51
CHEMBL460235,POLYSYPHORIN,,418.49,0.0,4.26,"153(1S,2R)",C/C=C/c1cc(OC)c(O[C@H](C)[C@@H](O)c2cc(OC)c(OC)c(OC)c2)c(OC)c1,IC50,'=',2720.0,nM,5.57,,,UO_0000065,0,CHEMBL2090888,organism-based format,HepG2,CHEMBL2086285,1,Scientific Literature,J Med Chem,CHEMBL3307718,Antimalarial activity against liver stages of Plasmodium falciparum NF54 infected in human HepG2 cells after 6 days by fluorescence microscopy,,,,NF54,NF54,,NF54,5.57
CHEMBL498621,,,474.0,1.0,5.93,4f,COc1ccc2nccc(NC(c3ccc(Cl)cc3)c3ccc(CN4CCOCC4)cc3)c2c1,IC50,'=',67.0,nM,7.17,,,UO_0000065,0,CHEMBL1012851,organism-based format,,CHEMBL1139381,1,Scientific Literature,J Med Chem,,Antimalarial activity after 72 hrs against chloroquine-sensitive Plasmodium falciparum D10 infected human A+ erythrocytes in Makler LDH reporter assay,,,,D10,D10,,D10,7.17
CHEMBL495390,AZELAIC BIS HYDROXAMIC ACID,,218.25,0.0,0.73,ABHA,O=C(CCCCCCCC(=O)NO)NO,IC50,'=',5500.0,nM,5.26,,,UO_0000065,0,CHEMBL969264,organism-based format,,CHEMBL1157182,1,Scientific Literature,Bioorg Med Chem,,Antimalarial activity against chloroquine-sensitive Plasmodium falciparum D6 after 48 hrs by LDH reporter assay,,,,D6,D6,,D6,5.26
CHEMBL500114,,,563.97,2.0,8.72,4d,FC(F)(F)c1cc(NC(c2ccc(Cl)cc2)c2ccc(CN3CCCC3)cc2)c2cccc(C(F)(F)F)c2n1,IC50,'=',1235.0,nM,5.91,,,UO_0000065,0,CHEMBL1012851,organism-based format,,CHEMBL1139381,1,Scientific Literature,J Med Chem,,Antimalarial activity after 72 hrs against chloroquine-sensitive Plasmodium falciparum D10 infected human A+ erythrocytes in Makler LDH reporter assay,,,,D10,D10,,D10,5.91
CHEMBL592105,METHYLROSANILINE,-1.0,389.54,0.0,4.17,665941,CN(C)c1ccc(C(O)(c2ccc(N(C)C)cc2)c2ccc(N(C)C)cc2)cc1,IC50,'=',157.88,nM,6.8,,,UO_0000065,0,CHEMBL3301557,organism-based format,,CHEMBL3301555,17,Medicines for Malaria Venture () Malaria Box,,,"MMV: Measure of pLDH activity as indication of parasite viability. Gametocytogenesis of 3D7 Plasmodium falciparum strain was induced in vitro and asexual parasites were depleted with N-acetylglucosamine. Gametocytes were treated with dihydroartemisinin, epoxomicin, methylene blue, primaquine, puromycin or chloroquine in 96-well plates and the pLDH activity was evaluated using a modified Makler protocol. Mosquito infectivity was measured by the standard membrane feeding assay. The IC50 value was extrapolated as the concentration that induced a 50% inhibition of gametocyte viability.",,,,3D7,3D7,,3D7,6.8
CHEMBL99,TRICHOSTATIN,1.0,302.37,0.0,2.58,TSA,CC(/C=C/C(=O)NO)=C\[C@@H](C)C(=O)c1ccc(N(C)C)cc1,IC50,'=',15.49,nM,7.81,,,UO_0000065,0,CHEMBL969264,organism-based format,,CHEMBL1157182,1,Scientific Literature,Bioorg Med Chem,,Antimalarial activity against chloroquine-sensitive Plasmodium falciparum D6 after 48 hrs by LDH reporter assay,,,,D6,D6,,D6,7.81
CHEMBL1450,ATOVAQUONE,4.0,366.84,1.0,5.51,atovaquone,O=C1C(O)=C([C@H]2CC[C@H](c3ccc(Cl)cc3)CC2)C(=O)c2ccccc21,IC50,'=',50400.0,nM,4.3,,,UO_0000065,0,CHEMBL918323,organism-based format,,CHEMBL1147097,1,Scientific Literature,Antimicrob Agents Chemother,,Antimalarial activity against chloroquine-resistant Plasmodium falciparum W2 gametocytes (stage 4 & 5),,,,W2,W2,,W2,4.3
CHEMBL1782199,,,424.33,0.0,2.68,16.15,COc1ccc(C2N=C(N)N=C(NCCCOc3ccc(Cl)cc3)N2)cc1.Cl,IC50,'=',6660.0,nM,5.18,,,UO_0000065,0,CHEMBL1785111,cell-based format,,CHEMBL1781907,1,Scientific Literature,Eur J Med Chem,,Antimalarial activity against chloroquine and cycloguanil-resistant Plasmodium falciparum FCR-3/Gambia ring stage infected in human red blood cells assessed as inhibition of [3H]-hypoxanthine incorporation incubated 24 hrs before addition of [3H]-hypoxanthine measured after 24 hrs,,,,FCR-3,FcR3,,FcR3,5.18
CHEMBL2316521,,,421.97,1.0,6.03,72a Hybrid-3,CC(C)c1ccc(/C=C/C(=O)NCCCCNc2ccnc3cc(Cl)ccc23)cc1,IC50,'=',11.0,nM,7.96,,,UO_0000065,0,CHEMBL4193441,organism-based format,,CHEMBL4190314,1,Scientific Literature,Eur J Med Chem,,Antimalarial activity against synchronous culture of Plasmodium falciparum W2 ring stage infected in human erythrocytes after 48 hrs by flow cytometry,,,,W2,W2,,W2,7.96
CHEMBL2316795,,,394.91,0.0,4.49,72a Hybrid-5,Nc1ccc(/C=C/C(=O)NCCCCNc2ccnc3cc(Cl)ccc23)cc1,IC50,'=',11.0,nM,7.96,,,UO_0000065,0,CHEMBL4193441,organism-based format,,CHEMBL4190314,1,Scientific Literature,Eur J Med Chem,,Antimalarial activity against synchronous culture of Plasmodium falciparum W2 ring stage infected in human erythrocytes after 48 hrs by flow cytometry,,,,W2,W2,,W2,7.96
CHEMBL1082723,CIPARGAMIN,2.0,390.24,0.0,4.34,NITD609,C[C@H]1Cc2c([nH]c3cc(Cl)c(F)cc23)[C@@]2(N1)C(=O)Nc1ccc(Cl)cc12,IC50,'=',4.25,nM,8.37,,,UO_0000065,0,CHEMBL1248674,organism-based format,,CHEMBL1240532,1,Scientific Literature,Science,,Antimalarial activity against Plasmodium falciparum Dd2 containing attB site inserted in parasite genome and using CAM promoter driven expressing ATP4 I398F/P990R mutant after 72 hrs by SYBR green based fluorescence assay,,,,Dd2,Dd2,,Dd2,8.37
CHEMBL579300,,,396.92,0.0,4.96,665786,O=c1cc(NC2CCN(CCCc3ccccc3)CC2)c2cc(Cl)ccc2o1,IC50,'=',542.8,nM,6.26,,,UO_0000065,0,CHEMBL3392923,organism-based format,,CHEMBL3392922,17,Medicines for Malaria Venture () Malaria Box,,,"MMV: IC50 determined against P. falciparum Dd2-luc strain using a Malaria Sybr Green I Fluorescence assay. Starting conditions were 1% trophozoite synchronised parasites at 2% haematocrit. Fluorescence detection completed after 48hr incubation at 37 degrees C under 1% O2, 3% CO2 and balance N2.",,,,Dd2-luc,Dd2,,Dd2,6.27
CHEMBL2419642,,,427.29,0.0,3.9,1b,C[n+]1c(/C=C/c2c[nH]c3ccccc23)cc(N)c2ccccc21.[I-],IC50,'=',100.0,nM,7.0,,,UO_0000065,0,CHEMBL2423121,organism-based format,,CHEMBL2417386,1,Scientific Literature,J Med Chem,,Gametocytocidal activity against asexual stage of transgenic Plasmodium falciparum NF54 gametocyte harboring pfs16 promoter assessed as parasite viability after 72 hrs by luciferase reporter gene assay,,,,NF54,NF54,,NF54,7.0
CHEMBL4587017,,,439.63,1.0,6.69,2j,CC(C)=CCC/C(C)=C/CC/C(C)=C/Cn1cc(CSc2ccccc2C(=O)O)nn1,IC50,'=',25970.0,nM,4.59,,,UO_0000065,0,CHEMBL4312172,organism-based format,,CHEMBL4311937,1,Scientific Literature,Medchemcomm,,Antimalarial activity against synchronized ring stage Plasmodium falciparum 3D7 transfected with nano-luciferase assessed as parasite growth inhibition after 72 hrs by Nano-Glo luciferase assay,,,,3D7,3D7,,3D7,4.59
CHEMBL1642467,PSAMMAPLYSINS F,,747.07,1.0,3.86,3,CNCCc1cc(Br)c(OCCCNC(=O)C2=NO[C@@]3(C=C(Br)C(OC)C(Br)=CO3)[C@H]2O)c(Br)c1,IC50,'=',1920.0,nM,5.72,,,UO_0000065,0,CHEMBL1648554,organism-based format,,CHEMBL1641471,1,Scientific Literature,Bioorg Med Chem Lett,,Antimalarial activity against chloroquine-sensitive Plasmodium falciparum 3D7 ring-stage infected in human erythrocytes after 48 hrs by [3H]hypoxanthine assay,,,,3D7,3D7,,3D7,5.72
CHEMBL4853001,,,490.48,1.0,6.25,39,CCNCc1cc(C)cc(Nc2nc3cc(F)c(F)cc3n2Cc2ccc(C(F)(F)F)cc2)c1O,IC50,'=',210.0,nM,6.68,,,UO_0000065,0,CHEMBL4835672,organism-based format,,CHEMBL4834426,1,Scientific Literature,J Med Chem,,Antiplasmodial activity against asexual stage (I/III) Plasmodium falciparum NF54 early gametocytes transfected with GFP-Luc assessed as inhibition of exflagellation of male gametes incubated for 48 hrs by microscopy based luciferase reporter gene assay relative to control,,,,NF54,NF54,,NF54,6.68
CHEMBL1673263,,,340.47,0.0,3.82,28,COc1ccc(NC2CCN(CCc3ccccc3)CC2)cc1OC,IC50,'=',1300.0,nM,5.89,,,UO_0000065,0,CHEMBL1678152,organism-based format,,CHEMBL1671701,1,Scientific Literature,Antimicrob Agents Chemother,,Antiplasmodial activity against Plasmodium falciparum 3D7 infected in RBCs by firefly luciferase reporter gene assay,,,,3D7,3D7,,3D7,5.89
CHEMBL1716,CYPROHEPTADINE HYDROCHLORIDE,4.0,323.87,0.0,4.7,NCGC00093708-01,CN1CCC(=C2c3ccccc3C=Cc3ccccc32)CC1.Cl,IC50,'=',10000.0,nM,5.0,,,UO_0000065,0,CHEMBL1267250,organism-based format,,CHEMBL1255382,1,Scientific Literature,Nat Chem Biol,,Antiplasmodial activity against Plasmodium falciparum HB3 after 72 hrs by SYBR green assay,,,,HB3,HB3,,HB3,5.0
CHEMBL586031,,,362.43,0.0,3.88,85203,COc1ccccc1NC1=C(N2CCCCC2)C(=O)c2ccccc2C1=O,IC50,'=',95.96,nM,7.02,,,UO_0000065,0,CHEMBL3301456,organism-based format,,CHEMBL3301451,17,Medicines for Malaria Venture () Malaria Box,,,MMV: P. falciparum NF54 functionally mature Stage V gametocytes were incubated for 24 hr in the presence of the test compounds. Gamete formation was then triggered by addition of 2uM xantheurenic acid and temperature decrease to ~20C. Male gamete exflagellation was recorded and analysed by automated microscopy after 20 min. All compounds were tested in 4 independent experiments and data presented here is the mean. IC50s determined for selected compounds.,,,,NF54,NF54,,NF54,7.02
CHEMBL4764956,,,427.55,0.0,4.01,"1-A, Single Enantiomer",O=C(Cc1ccc(O)cc1)N1CC(CNc2ccccc2)C2(C1)CN(c1ccccc1)C2,IC50,'=',246.0,nM,6.61,,,UO_0000065,0,CHEMBL4737828,organism-based format,,CHEMBL4732202,1,Scientific Literature,J Med Chem,,Antiplasmodial activity against asexual stage Plasmodium falciparum NF54 assessed as inhibition of male gametes formation in ookinete medium observed at day 14 in presence of 10% human serum by haemocytometer based light microscopic analysis,,,,NF54,NF54,,NF54,6.61
CHEMBL4764956,,,427.55,0.0,4.01,"1-A, Single Enantiomer",O=C(Cc1ccc(O)cc1)N1CC(CNc2ccccc2)C2(C1)CN(c1ccccc1)C2,IC50,'=',4400.0,nM,5.36,,,UO_0000065,0,CHEMBL4737829,organism-based format,Erythrocyte,CHEMBL4732202,1,Scientific Literature,J Med Chem,,Antiplasmodial activity against multidrug-sensitive Plasmodium falciparum NF54 transfected with GFP-Luc infected in human erythrocytes assessed as reduction in [3H]-hypoxanthine incorporation pretreated for 48 hrs followed by [3H]-hypoxanthine addition measured after 24 hrs by liquid scintillation counting method,,,,NF54,NF54,,NF54,5.36
CHEMBL4780165,,,497.52,0.0,3.92,103,O=C([C@@H](O)c1ccc(O)cc1)N1CC(CNc2ccc(F)cc2)C2(C1)CN(c1cc(F)cc(F)c1)C2,IC50,'=',45.0,nM,7.35,,,UO_0000065,0,CHEMBL4737829,organism-based format,Erythrocyte,CHEMBL4732202,1,Scientific Literature,J Med Chem,,Antiplasmodial activity against multidrug-sensitive Plasmodium falciparum NF54 transfected with GFP-Luc infected in human erythrocytes assessed as reduction in [3H]-hypoxanthine incorporation pretreated for 48 hrs followed by [3H]-hypoxanthine addition measured after 24 hrs by liquid scintillation counting method,,,,NF54,NF54,,NF54,7.35
CHEMBL4764956,,,427.55,0.0,4.01,"1-A, Single Enantiomer",O=C(Cc1ccc(O)cc1)N1CC(CNc2ccccc2)C2(C1)CN(c1ccccc1)C2,IC50,'=',4502.0,nM,5.35,,,UO_0000065,0,CHEMBL4737832,organism-based format,Erythrocyte,CHEMBL4732202,1,Scientific Literature,J Med Chem,,Antiplasmodial activity against multidrug-resistant Plasmodium falciparum Dd2 KAF156 mutant transfected with Pfs16-GFP-Luc infected in human erythrocytes assessed as reduction in [3H]-hypoxanthine incorporation pretreated for 48 hrs followed by [3H]-hypoxanthine addition measured after 24 hrs by liquid scintillation counting method,,,,Dd2,Dd2,,Dd2,5.35
CHEMBL4789046,,,480.53,0.0,4.18,S15,N[C@@H](C(=O)N1CC(CNc2ccc(F)cc2)C2(C1)CN(c1cc(F)cc(F)c1)C2)c1ccccc1,IC50,'=',143.0,nM,6.84,,,UO_0000065,0,CHEMBL4737844,organism-based format,,CHEMBL4732202,1,Scientific Literature,J Med Chem,,Antiplasmodial activity against asexual stage (V) Plasmodium falciparum NF54 gametocytes assessed as inhibition of exflagellation of male gametes measured at 15 to 22.5 min by microscopic based analysis,,,,NF54,NF54,,NF54,6.84
CHEMBL2058833,GANAPLACIDE,2.0,411.46,0.0,3.61,KAF156,CC1(C)c2nc(-c3ccc(F)cc3)c(Nc3ccc(F)cc3)n2CCN1C(=O)CN,IC50,'=',16.0,nM,7.8,,,UO_0000065,0,CHEMBL4737829,organism-based format,Erythrocyte,CHEMBL4732202,1,Scientific Literature,J Med Chem,,Antiplasmodial activity against multidrug-sensitive Plasmodium falciparum NF54 transfected with GFP-Luc infected in human erythrocytes assessed as reduction in [3H]-hypoxanthine incorporation pretreated for 48 hrs followed by [3H]-hypoxanthine addition measured after 24 hrs by liquid scintillation counting method,,,,NF54,NF54,,NF54,7.8
CHEMBL1256737,METHIOTHEPIN MESYLATE,,452.67,0.0,4.4,NCGC00094137-01,CS(=O)(=O)O.CSc1ccc2c(c1)C(N1CCN(C)CC1)Cc1ccccc1S2,IC50,'=',7943.28,nM,5.1,,,UO_0000065,0,CHEMBL1267248,organism-based format,,CHEMBL1255382,1,Scientific Literature,Nat Chem Biol,,Antiplasmodial activity against Plasmodium falciparum Dd2 after 72 hrs by SYBR green assay,,,,Dd2,Dd2,,Dd2,5.1
CHEMBL269513,,,678.18,1.0,6.01,Trioxaquine 2,CC(C)C1=C[C@H]2OC3(CCC(NCCNc4ccnc5cc(Cl)ccc45)CC3)OO[C@@]2(C)CC1.O=C(O)CC(O)(CC(=O)O)C(=O)O,IC50,'=',69.0,nM,7.16,,,UO_0000065,0,CHEMBL918322,organism-based format,,CHEMBL1147097,1,Scientific Literature,Antimicrob Agents Chemother,,Antimalarial activity against chloroquine-resistant Plasmodium falciparum W2 gametocytes (stage 2 & 3),,,,W2,W2,,W2,7.16
CHEMBL269513,,,678.18,1.0,6.01,Trioxaquine 2,CC(C)C1=C[C@H]2OC3(CCC(NCCNc4ccnc5cc(Cl)ccc45)CC3)OO[C@@]2(C)CC1.O=C(O)CC(O)(CC(=O)O)C(=O)O,IC50,'=',67.0,nM,7.17,,,UO_0000065,0,CHEMBL918323,organism-based format,,CHEMBL1147097,1,Scientific Literature,Antimicrob Agents Chemother,,Antimalarial activity against chloroquine-resistant Plasmodium falciparum W2 gametocytes (stage 4 & 5),,,,W2,W2,,W2,7.17
CHEMBL536769,,,675.88,2.0,9.12,38,CCCCCCCCCCNC(=N)c1ccc(N2CCN(c3ccc(C(=N)NCCCCCCCCCC)cc3)CC2)cc1.Cl.Cl,IC50,'=',75.0,nM,7.12,,,UO_0000065,0,CHEMBL926257,organism-based format,,CHEMBL1140635,1,Scientific Literature,Bioorg Med Chem,,Antiplasmodial activity against chloroquine-sensitive Plasmodium falciparum D6 by LDH reporter assay,,,,D6,D6,,D6,7.12
CHEMBL416956,MEFLOQUINE,4.0,378.32,0.0,4.45,MFQ,OC(c1cc(C(F)(F)F)nc2c(C(F)(F)F)cccc12)C1CCCCN1,IC50,'=',19.85,nM,7.7,,,UO_0000065,0,CHEMBL1248669,organism-based format,,CHEMBL1240532,1,Scientific Literature,Science,,Antimalarial activity against Plasmodium falciparum Dd2 containing attB site inserted in parasite genome and expressing parental ATP4 after 72 hrs by SYBR green based fluorescence assay,,,,Dd2,Dd2,,Dd2,7.7
CHEMBL4097733,,,492.33,1.0,6.37,59,CCNCCNc1cc(-c2ccc(C(F)(F)F)cc2)c(C#N)c2nc3cc(Cl)c(Cl)cc3n12,IC50,'=',720.0,nM,6.14,,,UO_0000065,0,CHEMBL3996812,assay format,,CHEMBL3994624,1,Scientific Literature,J Med Chem,,Anti-plasmodial activity against chloroquine-sensitive Plasmodium falciparum NF54 late 4/5 stage gametocytes assessed as reduction in ATP levels after 24 hrs by BacTiter-Glo reagent based bioluminescence assay,,,,NF54,NF54,,NF54,6.14
CHEMBL4879051,,,474.91,1.0,6.32,35,CCNCc1cc(Cl)cc(Nc2nc3ccccc3n2Cc2ccc(C(F)(F)F)cc2)c1O,IC50,'=',430.0,nM,6.37,,,UO_0000065,0,CHEMBL4835672,organism-based format,,CHEMBL4834426,1,Scientific Literature,J Med Chem,,Antiplasmodial activity against asexual stage (I/III) Plasmodium falciparum NF54 early gametocytes transfected with GFP-Luc assessed as inhibition of exflagellation of male gametes incubated for 48 hrs by microscopy based luciferase reporter gene assay relative to control,,,,NF54,NF54,,NF54,6.37
CHEMBL4873489,,,502.97,2.0,7.09,36,CC(C)(C)NCc1cc(Cl)cc(Nc2nc3ccccc3n2Cc2ccc(C(F)(F)F)cc2)c1O,IC50,'=',59000.0,nM,4.23,,,UO_0000065,0,CHEMBL4835672,organism-based format,,CHEMBL4834426,1,Scientific Literature,J Med Chem,,Antiplasmodial activity against asexual stage (I/III) Plasmodium falciparum NF54 early gametocytes transfected with GFP-Luc assessed as inhibition of exflagellation of male gametes incubated for 48 hrs by microscopy based luciferase reporter gene assay relative to control,,,,NF54,NF54,,NF54,4.23
CHEMBL4870469,,,518.53,2.0,7.03,40,Cc1cc(CNC(C)(C)C)c(O)c(Nc2nc3cc(F)c(F)cc3n2Cc2ccc(C(F)(F)F)cc2)c1,IC50,'=',520.0,nM,6.28,,,UO_0000065,0,CHEMBL4835672,organism-based format,,CHEMBL4834426,1,Scientific Literature,J Med Chem,,Antiplasmodial activity against asexual stage (I/III) Plasmodium falciparum NF54 early gametocytes transfected with GFP-Luc assessed as inhibition of exflagellation of male gametes incubated for 48 hrs by microscopy based luciferase reporter gene assay relative to control,,,,NF54,NF54,,NF54,6.28
CHEMBL76,CHLOROQUINE,4.0,319.88,0.0,4.81,1,CCN(CC)CCCC(C)Nc1ccnc2cc(Cl)ccc12,IC50,'=',280.0,nM,6.55,,,UO_0000065,0,CHEMBL1012852,organism-based format,,CHEMBL1139381,1,Scientific Literature,J Med Chem,,Antimalarial activity after 72 hrs against chloroquine-resistant Plasmodium falciparum W2 infected human A+ erythrocytes by Makler LDH reporter assay,,,,W2,W2,,W2,6.55
CHEMBL104,CLOTRIMAZOLE,4.0,344.85,1.0,5.38,"2, CLT",Clc1ccccc1C(c1ccccc1)(c1ccccc1)n1ccnc1,IC50,'=',550.0,nM,6.26,,,UO_0000065,0,CHEMBL1012851,organism-based format,,CHEMBL1139381,1,Scientific Literature,J Med Chem,,Antimalarial activity after 72 hrs against chloroquine-sensitive Plasmodium falciparum D10 infected human A+ erythrocytes in Makler LDH reporter assay,,,,D10,D10,,D10,6.26
CHEMBL99,TRICHOSTATIN,1.0,302.37,0.0,2.58,TSA,CC(/C=C/C(=O)NO)=C\[C@@H](C)C(=O)c1ccc(N(C)C)cc1,IC50,'=',15.6,nM,7.81,,,UO_0000065,0,CHEMBL969264,organism-based format,,CHEMBL1157182,1,Scientific Literature,Bioorg Med Chem,,Antimalarial activity against chloroquine-sensitive Plasmodium falciparum D6 after 48 hrs by LDH reporter assay,,,,D6,D6,,D6,7.81
CHEMBL269032,,,336.44,0.0,1.97,13,N=C(N)c1ccc(N2CCCN(c3ccc(C(=N)N)cc3)CC2)cc1,IC50,'=',1600.0,nM,5.8,,,UO_0000065,0,CHEMBL926257,organism-based format,,CHEMBL1140635,1,Scientific Literature,Bioorg Med Chem,,Antiplasmodial activity against chloroquine-sensitive Plasmodium falciparum D6 by LDH reporter assay,,,,D6,D6,,D6,5.8
CHEMBL9126,,,322.42,0.0,1.58,19,N=C(N)c1ccc(N2CCN(c3ccc(C(=N)N)cc3)CC2)cc1,IC50,'=',154.0,nM,6.81,,,UO_0000065,0,CHEMBL926257,organism-based format,,CHEMBL1140635,1,Scientific Literature,Bioorg Med Chem,,Antiplasmodial activity against chloroquine-sensitive Plasmodium falciparum D6 by LDH reporter assay,,,,D6,D6,,D6,6.81
CHEMBL602409,,,268.32,0.0,3.0,666009,CN1c2ccccc2N(C)C1c1ccc2c(c1)OCO2,IC50,'=',1146.0,nM,5.94,,,UO_0000065,0,CHEMBL3392923,organism-based format,,CHEMBL3392922,17,Medicines for Malaria Venture () Malaria Box,,,"MMV: IC50 determined against P. falciparum Dd2-luc strain using a Malaria Sybr Green I Fluorescence assay. Starting conditions were 1% trophozoite synchronised parasites at 2% haematocrit. Fluorescence detection completed after 48hr incubation at 37 degrees C under 1% O2, 3% CO2 and balance N2.",,,,Dd2-luc,Dd2,,Dd2,5.94
CHEMBL2316522,,,409.92,0.0,4.92,72a Hybrid-4,COc1ccc(/C=C/C(=O)NCCCCNc2ccnc3cc(Cl)ccc23)cc1,IC50,'=',11.0,nM,7.96,,,UO_0000065,0,CHEMBL4193441,organism-based format,,CHEMBL4190314,1,Scientific Literature,Eur J Med Chem,,Antimalarial activity against synchronous culture of Plasmodium falciparum W2 ring stage infected in human erythrocytes after 48 hrs by flow cytometry,,,,W2,W2,,W2,7.96
CHEMBL294323,,,242.23,0.0,2.11,1,CC(O)c1cc2c(o1)C(=O)c1ccccc1C2=O,IC50,'=',627.0,nM,6.2,,,UO_0000065,0,CHEMBL970001,organism-based format,,CHEMBL1155597,1,Scientific Literature,J Nat Prod,,Antimalarial activity after 48 hrs against chloroquine-sensitive Plasmodium falciparum T9-96 by LDH reporter assay,,,,T9-96,T9/96,,T9/96,6.2
CHEMBL1256737,METHIOTHEPIN MESYLATE,,452.67,0.0,4.4,NCGC00094137-01,CS(=O)(=O)O.CSc1ccc2c(c1)C(N1CCN(C)CC1)Cc1ccccc1S2,IC50,'=',10000.0,nM,5.0,,,UO_0000065,0,CHEMBL1267247,organism-based format,,CHEMBL1255382,1,Scientific Literature,Nat Chem Biol,,Antiplasmodial activity against Plasmodium falciparum D10 after 72 hrs by SYBR green assay,,,,D10,D10,,D10,5.0
CHEMBL58510,CHLOROQUINE PHOSPHATE,4.0,515.87,0.0,4.81,chloroquine diphosphate,CCN(CC)CCCC(C)Nc1ccnc2cc(Cl)ccc12.O=P(O)(O)O.O=P(O)(O)O,IC50,'=',28.0,nM,7.55,,,UO_0000065,0,CHEMBL1003847,organism-based format,,CHEMBL1150107,1,Scientific Literature,J Nat Prod,,Antiplasmodial activity against chloroquine-sensitive Plasmodium falciparum HB3 after 48 hrs by LDH reporter activity,,,,HB3,HB3,,HB3,7.55
CHEMBL23293,SALIRASIB,2.0,358.55,1.0,6.9,1j,CC(C)=CCC/C(C)=C/CC/C(C)=C/CSc1ccccc1C(=O)O,IC50,'=',20340.0,nM,4.69,,,UO_0000065,0,CHEMBL4312172,organism-based format,,CHEMBL4311937,1,Scientific Literature,Medchemcomm,,Antimalarial activity against synchronized ring stage Plasmodium falciparum 3D7 transfected with nano-luciferase assessed as parasite growth inhibition after 72 hrs by Nano-Glo luciferase assay,,,,3D7,3D7,,3D7,4.69
CHEMBL525106,,,479.85,0.0,3.9,665902,Cl.N=c1n(CCN2CCCCC2)c2ccccc2n1CC(O)c1cccc(Br)c1,IC50,'=',3925.45,nM,5.41,,,UO_0000065,0,CHEMBL3301557,organism-based format,,CHEMBL3301555,17,Medicines for Malaria Venture () Malaria Box,,,"MMV: Measure of pLDH activity as indication of parasite viability. Gametocytogenesis of 3D7 Plasmodium falciparum strain was induced in vitro and asexual parasites were depleted with N-acetylglucosamine. Gametocytes were treated with dihydroartemisinin, epoxomicin, methylene blue, primaquine, puromycin or chloroquine in 96-well plates and the pLDH activity was evaluated using a modified Makler protocol. Mosquito infectivity was measured by the standard membrane feeding assay. The IC50 value was extrapolated as the concentration that induced a 50% inhibition of gametocyte viability.",,,,3D7,3D7,,3D7,5.41
CHEMBL125044,,,288.31,0.0,3.36,666026,COc1ccc(-c2cc3c(nn2)-c2ccccc2C3=O)cc1,IC50,'=',5007.65,nM,5.3,,,UO_0000065,0,CHEMBL3301557,organism-based format,,CHEMBL3301555,17,Medicines for Malaria Venture () Malaria Box,,,"MMV: Measure of pLDH activity as indication of parasite viability. Gametocytogenesis of 3D7 Plasmodium falciparum strain was induced in vitro and asexual parasites were depleted with N-acetylglucosamine. Gametocytes were treated with dihydroartemisinin, epoxomicin, methylene blue, primaquine, puromycin or chloroquine in 96-well plates and the pLDH activity was evaluated using a modified Makler protocol. Mosquito infectivity was measured by the standard membrane feeding assay. The IC50 value was extrapolated as the concentration that induced a 50% inhibition of gametocyte viability.",,,,3D7,3D7,,3D7,5.3
CHEMBL1256737,METHIOTHEPIN MESYLATE,,452.67,0.0,4.4,NCGC00094137-01,CS(=O)(=O)O.CSc1ccc2c(c1)C(N1CCN(C)CC1)Cc1ccccc1S2,IC50,'=',6309.57,nM,5.2,,,UO_0000065,0,CHEMBL1267246,organism-based format,,CHEMBL1255382,1,Scientific Literature,Nat Chem Biol,,Antiplasmodial activity against Plasmodium falciparum 7G8 after 72 hrs by SYBR green assay,,,,7G8,7G8,,7G8,5.2
CHEMBL1716,CYPROHEPTADINE HYDROCHLORIDE,4.0,323.87,0.0,4.7,NCGC00093708-01,CN1CCC(=C2c3ccccc3C=Cc3ccccc32)CC1.Cl,IC50,'=',5011.87,nM,5.3,,,UO_0000065,0,CHEMBL1267246,organism-based format,,CHEMBL1255382,1,Scientific Literature,Nat Chem Biol,,Antiplasmodial activity against Plasmodium falciparum 7G8 after 72 hrs by SYBR green assay,,,,7G8,7G8,,7G8,5.3
CHEMBL1450,ATOVAQUONE,4.0,366.84,1.0,5.51,Atovaquone,O=C1C(O)=C([C@H]2CC[C@H](c3ccc(Cl)cc3)CC2)C(=O)c2ccccc21,IC50,'=',3.95,nM,8.4,,,UO_0000065,0,CHEMBL2090731,organism-based format,HepG2-A16,CHEMBL2086285,1,Scientific Literature,J Med Chem,,Antimalarial activity against liver stages of Plasmodium falciparum NF54 infected in human HepG2-A16 cells expressing CD81 assessed as growth inhibition of hepatic parasite after 5 days by fluorescence microscopy,,,,NF54,NF54,,NF54,8.4
CHEMBL76,CHLOROQUINE,4.0,319.88,0.0,4.81,chloroquine,CCN(CC)CCCC(C)Nc1ccnc2cc(Cl)ccc12,IC50,'=',200.0,nM,6.7,,,UO_0000065,0,CHEMBL941604,organism-based format,,CHEMBL1137633,1,Scientific Literature,Antimicrob Agents Chemother,,Antiplasmodial activity against chloroquine and pyrimethamine-resistant Plasmodium falciparum K1 infected mice (Mus musculus) macrophage by reporter dye assay,,,,K1,K1,,K1,6.7
CHEMBL588619,CINCHONINE,-1.0,294.4,0.0,3.16,Cinchonine,C=C[C@H]1CN2CC[C@H]1C[C@@H]2[C@@H](O)c1ccnc2ccccc12,IC50,'=',5.0,nM,8.3,,,UO_0000065,0,CHEMBL1678152,organism-based format,,CHEMBL1671701,1,Scientific Literature,Antimicrob Agents Chemother,,Antiplasmodial activity against Plasmodium falciparum 3D7 infected in RBCs by firefly luciferase reporter gene assay,,,,3D7,3D7,,3D7,8.3
CHEMBL2312168,,,294.35,0.0,2.03,"1a, LMK235",Cc1cc(C)cc(C(=O)NOCCCCCC(=O)NO)c1,IC50,'=',330.0,nM,6.48,,,UO_0000065,0,CHEMBL3297427,organism-based format,,CHEMBL3286295,1,Scientific Literature,Eur J Med Chem,,Antimalarial activity against late stage gametocyte stage of Plasmodium falciparum NF54 after 72 hrs,,,,NF54,NF54,,NF54,6.48
CHEMBL451728,,,343.34,0.0,2.45,5,COc1ccc2c(=O)c3c(OC)c4c(cc3n(C)c2c1OC)OCO4,IC50,'=',32300.0,nM,4.49,,,UO_0000065,0,CHEMBL1003847,organism-based format,,CHEMBL1150107,1,Scientific Literature,J Nat Prod,,Antiplasmodial activity against chloroquine-sensitive Plasmodium falciparum HB3 after 48 hrs by LDH reporter activity,,,,HB3,HB3,,HB3,4.49
CHEMBL2311792,,,331.37,0.0,2.96,31,O=C(CCCCCONC(=O)Nc1cccc2ccccc12)NO,IC50,'=',2120.0,nM,5.67,,,UO_0000065,0,CHEMBL4185209,organism-based format,,CHEMBL4184137,1,Scientific Literature,J Med Chem,,Gametocytocidal activity against transgenic GFP-fused Plasmodium falciparum NF54 ring stage gametocytes after 24 hrs by MitoTracker Red CM-H2XRos late-stage gametocyte imaging-based viability assay,,,,NF54,NF54,,NF54,5.67
CHEMBL4865588,,,538.95,2.0,7.37,42,CC(C)(C)NCc1cc(Cl)cc(Nc2nc3cc(F)c(F)cc3n2Cc2ccc(C(F)(F)F)cc2)c1O,IC50,'=',690.0,nM,6.16,,,UO_0000065,0,CHEMBL4835672,organism-based format,,CHEMBL4834426,1,Scientific Literature,J Med Chem,,Antiplasmodial activity against asexual stage (I/III) Plasmodium falciparum NF54 early gametocytes transfected with GFP-Luc assessed as inhibition of exflagellation of male gametes incubated for 48 hrs by microscopy based luciferase reporter gene assay relative to control,,,,NF54,NF54,,NF54,6.16
CHEMBL76,CHLOROQUINE,4.0,319.88,0.0,4.81,CQ,CCN(CC)CCCC(C)Nc1ccnc2cc(Cl)ccc12,IC50,'=',17.0,nM,7.77,,,UO_0000065,0,CHEMBL1004946,organism-based format,,CHEMBL1136969,1,Scientific Literature,J Med Chem,,Antiplasmodial activity after 48 hrs against chloroquine-sensitive Plasmodium falciparum D10 infected human erythrocytes by LDH reporter assay,,,,D10,D10,,D10,7.77
CHEMBL4853530,,,502.97,2.0,7.05,34,CCN(CC)Cc1cc(Cl)cc(Nc2nc3ccccc3n2Cc2ccc(C(F)(F)F)cc2)c1O,IC50,'=',1900.0,nM,5.72,,,UO_0000065,0,CHEMBL4835696,organism-based format,,CHEMBL4834426,1,Scientific Literature,J Med Chem,,Antiplasmodial activity against asexual stage (IV/V) Plasmodium falciparum NF54 late gametocytes transfected with GFP-Luc assessed as inhibition of exflagellation of male gametes incubated for 48 hrs by microscopy based luciferase reporter gene assay relative to control,,,,NF54,NF54,,NF54,5.72
CHEMBL493248,,,451.4,1.0,6.79,10b,Cc1c(CN2CCCC2)cc(-c2ccc(Cl)cc2)n1Nc1ccnc2cc(Cl)ccc12,IC50,'=',30.7,nM,7.51,,,UO_0000065,0,CHEMBL937848,organism-based format,,CHEMBL1155029,1,Scientific Literature,Bioorg Med Chem,,Antimalarial activity against chloroquine-sensitive Plasmodium falciparum D10 as LDH reporter activity,,,,D10,D10,,D10,7.51
CHEMBL506,PRIMAQUINE,4.0,259.35,0.0,2.78,PMQ,COc1cc(NC(C)CCCN)c2ncccc2c1,IC50,'=',8.9,nM,8.05,,,UO_0000065,0,CHEMBL1653656,organism-based format,,CHEMBL1649241,1,Scientific Literature,Antimicrob Agents Chemother,,Antiplasmodial activity against Plasmodium falciparum W2 gametocytes assessed as suppression of parasitemia after 4 hrs by Giemsa staining,,,,W2,W2,,W2,8.05
CHEMBL76,CHLOROQUINE,4.0,319.88,0.0,4.81,Chloroquine,CCN(CC)CCCC(C)Nc1ccnc2cc(Cl)ccc12,IC50,'=',230.0,nM,6.64,,,UO_0000065,0,CHEMBL901502,organism-based format,L6,CHEMBL1138251,1,Scientific Literature,J Med Chem,CHEMBL3308469,"Antiparasitic activity against chloroquine, pyrimethamine-resistant Plasmodium falciparum K1 erythrocyte stage infected rat L6 cells",,,,K1,K1,,K1,6.64
CHEMBL1716,CYPROHEPTADINE HYDROCHLORIDE,4.0,323.87,0.0,4.7,NCGC00093708-01,CN1CCC(=C2c3ccccc3C=Cc3ccccc32)CC1.Cl,IC50,'=',5011.87,nM,5.3,,,UO_0000065,0,CHEMBL1267248,organism-based format,,CHEMBL1255382,1,Scientific Literature,Nat Chem Biol,,Antiplasmodial activity against Plasmodium falciparum Dd2 after 72 hrs by SYBR green assay,,,,Dd2,Dd2,,Dd2,5.3
CHEMBL361497,ARTESUNATE,4.0,384.43,0.0,2.6,AS,C[C@H]1[C@H](OC(=O)CCC(=O)O)O[C@@H]2O[C@@]3(C)CC[C@H]4[C@H](C)CC[C@@H]1[C@@]24OO3,IC50,'=',3.0,nM,8.52,,,UO_0000065,0,CHEMBL4013660,assay format,,CHEMBL4011644,1,Scientific Literature,J Med Chem,,Gametocytocidal activity against transgenic GFP-fused Plasmodium falciparum NF54 ring stage gametocytes after 72 hrs by Mitotracker Red CMH2XRos staining based confocal microscopic method,,,,NF54,NF54,,NF54,8.52
CHEMBL307261,,,284.35,0.0,2.19,Dihydroartemisinin,C[C@H]1[C@@H](O)O[C@@H]2O[C@@]3(C)CC[C@H]4[C@H](C)CC[C@@H]1[C@@]24OO3,IC50,'=',0.4,nM,9.4,,,UO_0000065,0,CHEMBL4150765,organism-based format,,CHEMBL4145643,1,Scientific Literature,J Nat Prod,,Antiplasmodial activity against drug-sensitive Plasmodium falciparum 3D7 ring stage infected in human erythrocytes after 72 hrs by DAPI staining based method,,,,3D7,3D7,,3D7,9.4
CHEMBL269671,,,282.34,0.0,2.39,ART,C[C@@H]1CC[C@H]2[C@@H](C)C(=O)O[C@@H]3O[C@@]4(C)CC[C@@H]1[C@]32OO4,IC50,'=',17.16,nM,7.76,,,UO_0000065,0,CHEMBL1248670,organism-based format,,CHEMBL1240532,1,Scientific Literature,Science,,Antimalarial activity against Plasmodium falciparum Dd2 containing attB site inserted in parasite genome and using EF1-alpha promoter driven expressing wild type ATP4 after 72 hrs by SYBR green based fluorescence assay,,,,Dd2,Dd2,,Dd2,7.77
CHEMBL1256737,METHIOTHEPIN MESYLATE,,452.67,0.0,4.4,NCGC00094137-01,CS(=O)(=O)O.CSc1ccc2c(c1)C(N1CCN(C)CC1)Cc1ccccc1S2,IC50,'=',10000.0,nM,5.0,,,UO_0000065,0,CHEMBL1267245,organism-based format,,CHEMBL1255382,1,Scientific Literature,Nat Chem Biol,,Antiplasmodial activity against Plasmodium falciparum 3D7 after 72 hrs by SYBR green assay,,,,3D7,3D7,,3D7,5.0
CHEMBL2028056,,,301.78,0.0,2.52,396704,CN1CCN(c2ncnc3c2[nH]c2ccc(Cl)cc23)CC1,IC50,'=',1181.0,nM,5.93,,,UO_0000065,0,CHEMBL3392923,organism-based format,,CHEMBL3392922,17,Medicines for Malaria Venture () Malaria Box,,,"MMV: IC50 determined against P. falciparum Dd2-luc strain using a Malaria Sybr Green I Fluorescence assay. Starting conditions were 1% trophozoite synchronised parasites at 2% haematocrit. Fluorescence detection completed after 48hr incubation at 37 degrees C under 1% O2, 3% CO2 and balance N2.",,,,Dd2-luc,Dd2,,Dd2,5.93
CHEMBL545880,,,400.95,0.0,4.57,666108,O=C(CCc1ccco1)NC1CCN(CC2(c3ccc(Cl)cc3)CCC2)CC1,IC50,'=',1026.0,nM,5.99,,,UO_0000065,0,CHEMBL3392923,organism-based format,,CHEMBL3392922,17,Medicines for Malaria Venture () Malaria Box,,,"MMV: IC50 determined against P. falciparum Dd2-luc strain using a Malaria Sybr Green I Fluorescence assay. Starting conditions were 1% trophozoite synchronised parasites at 2% haematocrit. Fluorescence detection completed after 48hr incubation at 37 degrees C under 1% O2, 3% CO2 and balance N2.",,,,Dd2-luc,Dd2,,Dd2,5.99
CHEMBL601566,,,451.57,1.0,7.35,666597,CCCCCCc1cc2cc(-c3nc4ccccc4[nH]3)c(=Nc3ccccc3C)oc2cc1O,IC50,'=',5723.0,nM,5.24,,,UO_0000065,0,CHEMBL3392923,organism-based format,,CHEMBL3392922,17,Medicines for Malaria Venture () Malaria Box,,,"MMV: IC50 determined against P. falciparum Dd2-luc strain using a Malaria Sybr Green I Fluorescence assay. Starting conditions were 1% trophozoite synchronised parasites at 2% haematocrit. Fluorescence detection completed after 48hr incubation at 37 degrees C under 1% O2, 3% CO2 and balance N2.",,,,Dd2-luc,Dd2,,Dd2,5.24
CHEMBL591395,,,469.31,0.0,3.61,356,O=C(O)C(=O)O.Oc1ccc(Br)cc1CN1CCN(Cc2cccc(F)c2)CC1,IC50,'=',1287.0,nM,5.89,,,UO_0000065,0,CHEMBL3392923,organism-based format,,CHEMBL3392922,17,Medicines for Malaria Venture () Malaria Box,,,"MMV: IC50 determined against P. falciparum Dd2-luc strain using a Malaria Sybr Green I Fluorescence assay. Starting conditions were 1% trophozoite synchronised parasites at 2% haematocrit. Fluorescence detection completed after 48hr incubation at 37 degrees C under 1% O2, 3% CO2 and balance N2.",,,,Dd2-luc,Dd2,,Dd2,5.89
CHEMBL4162282,,,460.53,0.0,3.46,1l,Cc1ccc(NC(=O)CN(Cc2ccc(C(=O)NO)cc2)C(=O)c2ccc(N(C)C)cc2)cc1,IC50,'=',3890.0,nM,5.41,,,UO_0000065,0,CHEMBL4268539,organism-based format,,CHEMBL4265952,1,Scientific Literature,Eur J Med Chem,,Gametocytocidal activity against transgenic GFP-fused Plasmodium falciparum NF54 late stage gametocytes after 72 hrs by Mitotracker Red CMH2XRos staining based imaging method,,,,NF54,NF54,,NF54,5.41
CHEMBL361497,ARTESUNATE,4.0,384.43,0.0,2.6,Artesunate,C[C@H]1[C@H](OC(=O)CCC(=O)O)O[C@@H]2O[C@@]3(C)CC[C@H]4[C@H](C)CC[C@@H]1[C@@]24OO3,IC50,'=',8.0,nM,8.1,,,UO_0000065,0,CHEMBL4268539,organism-based format,,CHEMBL4265952,1,Scientific Literature,Eur J Med Chem,,Gametocytocidal activity against transgenic GFP-fused Plasmodium falciparum NF54 late stage gametocytes after 72 hrs by Mitotracker Red CMH2XRos staining based imaging method,,,,NF54,NF54,,NF54,8.1
CHEMBL207990,EPOXOMYCIN,,554.73,1.0,1.16,Epoxomicin,CC[C@H](C)[C@H](NC(=O)[C@H]([C@@H](C)CC)N(C)C(C)=O)C(=O)N[C@H](C(=O)N[C@@H](CC(C)C)C(=O)[C@@]1(C)CO1)[C@@H](C)O,IC50,'=',7.0,nM,8.15,,,UO_0000065,0,CHEMBL4268540,organism-based format,,CHEMBL4265952,1,Scientific Literature,Eur J Med Chem,,Gametocytocidal activity against synchronized Plasmodium falciparum NF54 mature stage 5 gametocytes after 48 hrs by ATP bioluminescence assay,,,,NF54,NF54,,NF54,8.15
CHEMBL269671,,,282.34,0.0,2.39,Art,C[C@@H]1CC[C@H]2[C@@H](C)C(=O)O[C@@H]3O[C@@]4(C)CC[C@@H]1[C@]32OO4,IC50,'=',9.0,nM,8.05,,,UO_0000065,0,CHEMBL969264,organism-based format,,CHEMBL1157182,1,Scientific Literature,Bioorg Med Chem,,Antimalarial activity against chloroquine-sensitive Plasmodium falciparum D6 after 48 hrs by LDH reporter assay,,,,D6,D6,,D6,8.05
CHEMBL3799272,,,392.42,0.0,3.39,60,Cn1c(=O)n(-c2ccc(C#N)cc2)c2c3cc(-c4ccc(N)nc4)ccc3ncc21,IC50,'=',118.0,nM,6.93,,,UO_0000065,0,CHEMBL3800921,organism-based format,,CHEMBL3797182,1,Scientific Literature,Bioorg Med Chem Lett,,Gametocytocidal activity against chloroquine-sensitive late gametocytic stage (III to V) of Plasmodium falciparum 3D7 after 72 hrs by Alamar Blue assay,,,,3D7,3D7,,3D7,6.93
CHEMBL585264,,,463.96,0.0,4.65,6427,COc1cc(OC)c(N(C)C(=O)c2cc3c(s2)-c2ccccc2S(=O)(=O)C3)cc1Cl,IC50,'=',298.3,nM,6.53,,,UO_0000065,0,CHEMBL3392923,organism-based format,,CHEMBL3392922,17,Medicines for Malaria Venture () Malaria Box,,,"MMV: IC50 determined against P. falciparum Dd2-luc strain using a Malaria Sybr Green I Fluorescence assay. Starting conditions were 1% trophozoite synchronised parasites at 2% haematocrit. Fluorescence detection completed after 48hr incubation at 37 degrees C under 1% O2, 3% CO2 and balance N2.",,,,Dd2-luc,Dd2,,Dd2,6.53
CHEMBL597444,,,298.77,1.0,5.03,7285,CCOc1ccc(Nc2ccnc3cc(Cl)ccc23)cc1,IC50,'=',768.3,nM,6.11,,,UO_0000065,0,CHEMBL3392923,organism-based format,,CHEMBL3392922,17,Medicines for Malaria Venture () Malaria Box,,,"MMV: IC50 determined against P. falciparum Dd2-luc strain using a Malaria Sybr Green I Fluorescence assay. Starting conditions were 1% trophozoite synchronised parasites at 2% haematocrit. Fluorescence detection completed after 48hr incubation at 37 degrees C under 1% O2, 3% CO2 and balance N2.",,,,Dd2-luc,Dd2,,Dd2,6.11
CHEMBL584015,,,496.69,1.0,5.56,7591,COc1ccc(C(=O)C(CCC(CNC(C)(C)C)C(=O)c2ccc(OC)cc2)CNC(C)(C)C)cc1,IC50,'=',1598.0,nM,5.8,,,UO_0000065,0,CHEMBL3392923,organism-based format,,CHEMBL3392922,17,Medicines for Malaria Venture () Malaria Box,,,"MMV: IC50 determined against P. falciparum Dd2-luc strain using a Malaria Sybr Green I Fluorescence assay. Starting conditions were 1% trophozoite synchronised parasites at 2% haematocrit. Fluorescence detection completed after 48hr incubation at 37 degrees C under 1% O2, 3% CO2 and balance N2.",,,,Dd2-luc,Dd2,,Dd2,5.8
CHEMBL604982,,,393.49,0.0,2.91,8829,CCCn1c(=N)c(C(=O)NC2CCCCC2)cc2c(=O)n3cccc(C)c3nc21,IC50,'=',1637.0,nM,5.79,,,UO_0000065,0,CHEMBL3392923,organism-based format,,CHEMBL3392922,17,Medicines for Malaria Venture () Malaria Box,,,"MMV: IC50 determined against P. falciparum Dd2-luc strain using a Malaria Sybr Green I Fluorescence assay. Starting conditions were 1% trophozoite synchronised parasites at 2% haematocrit. Fluorescence detection completed after 48hr incubation at 37 degrees C under 1% O2, 3% CO2 and balance N2.",,,,Dd2-luc,Dd2,,Dd2,5.79
CHEMBL4459380,,,453.23,1.0,6.44,49,N#Cc1c(C(F)(F)F)cc(NCc2ccccc2F)n2c1nc1cc(Cl)c(Cl)cc12,IC50,'=',370.0,nM,6.43,,,UO_0000065,0,CHEMBL4373129,organism-based format,,CHEMBL4371072,1,Scientific Literature,J Med Chem,,Antiplasmodial activity against chloroquine-sensitive final late stage of Plasmodium falciparum NF54-Mal8p1.16-GFP-Luc gametocytes after 24 hrs by BacTiter-Glo assay,,,,NF54-Mal8p1.16-GFP-Luc,NF54,,NF54,6.43
CHEMBL361497,ARTESUNATE,4.0,384.43,0.0,2.6,ART,C[C@H]1[C@H](OC(=O)CCC(=O)O)O[C@@H]2O[C@@]3(C)CC[C@H]4[C@H](C)CC[C@@H]1[C@@]24OO3,IC50,'=',1.64,nM,8.79,,,UO_0000065,0,CHEMBL4312173,organism-based format,,CHEMBL4311937,1,Scientific Literature,Medchemcomm,,Antimalarial activity against synchronized ring stage Plasmodium falciparum 3D7 transfected with nano-luciferase assessed as parasite growth inhibition after 48 hrs by Nano-Glo luciferase assay,,,,3D7,3D7,,3D7,8.79
CHEMBL4226443,,,483.54,1.0,5.77,C-14,CCN(CC)c1ccc2cc(C3=NN(C(=O)c4ccccc4)C(c4ccc(F)cc4)C3)c(=O)oc2c1,IC50,'=',4200.0,nM,5.38,,,UO_0000065,0,CHEMBL4223065,cell-based format,,CHEMBL4219189,1,Scientific Literature,Bioorg Med Chem Lett,,Inhibition of chloroquine sensitive Plasmodium falciparum MRC-02 schizont stage infected in human erythrocytes assessed as reduction in bacterial growth after 24 hrs by Giemsa staining based assay,,,,MRC-02,MRC-02,,MRC-2,5.38
CHEMBL580381,,,279.34,0.0,3.29,6937,Cc1ccc(-c2cc3nc4c(c(O)n3n2)CCCC4)cc1,IC50,'=',1780.0,nM,5.75,,,UO_0000065,0,CHEMBL3392923,organism-based format,,CHEMBL3392922,17,Medicines for Malaria Venture () Malaria Box,,,"MMV: IC50 determined against P. falciparum Dd2-luc strain using a Malaria Sybr Green I Fluorescence assay. Starting conditions were 1% trophozoite synchronised parasites at 2% haematocrit. Fluorescence detection completed after 48hr incubation at 37 degrees C under 1% O2, 3% CO2 and balance N2.",,,,Dd2-luc,Dd2,,Dd2,5.75
CHEMBL578933,,,480.59,1.0,7.28,7273,COc1cc(-c2nc(-c3ccc(Sc4ccccc4)cc3)c(-c3ccccc3)[nH]2)cc(OC)c1O,IC50,'=',734.5,nM,6.13,,,UO_0000065,0,CHEMBL3392923,organism-based format,,CHEMBL3392922,17,Medicines for Malaria Venture () Malaria Box,,,"MMV: IC50 determined against P. falciparum Dd2-luc strain using a Malaria Sybr Green I Fluorescence assay. Starting conditions were 1% trophozoite synchronised parasites at 2% haematocrit. Fluorescence detection completed after 48hr incubation at 37 degrees C under 1% O2, 3% CO2 and balance N2.",,,,Dd2-luc,Dd2,,Dd2,6.13
CHEMBL582547,,,362.44,0.0,4.24,20243,Cc1cc(N(C)C)nc(Nc2ccc(NC(=O)Nc3ccccc3)cc2)n1,IC50,'=',972.9,nM,6.01,,,UO_0000065,0,CHEMBL3392923,organism-based format,,CHEMBL3392922,17,Medicines for Malaria Venture () Malaria Box,,,"MMV: IC50 determined against P. falciparum Dd2-luc strain using a Malaria Sybr Green I Fluorescence assay. Starting conditions were 1% trophozoite synchronised parasites at 2% haematocrit. Fluorescence detection completed after 48hr incubation at 37 degrees C under 1% O2, 3% CO2 and balance N2.",,,,Dd2-luc,Dd2,,Dd2,6.01
CHEMBL4563054,,,417.62,1.0,6.58,2n,CCCCCCCCCCCCCn1cc(CSc2ccccc2C(=O)O)nn1,IC50,'=',19830.0,nM,4.7,,,UO_0000065,0,CHEMBL4312172,organism-based format,,CHEMBL4311937,1,Scientific Literature,Medchemcomm,,Antimalarial activity against synchronized ring stage Plasmodium falciparum 3D7 transfected with nano-luciferase assessed as parasite growth inhibition after 72 hrs by Nano-Glo luciferase assay,,,,3D7,3D7,,3D7,4.7
CHEMBL5410878,,,491.91,0.0,4.8,12,FC(F)(F)c1nc(-c2ccc(CCN3CCC(Nc4nc5cnc(Cl)cc5[nH]4)CC3)cc2)no1,IC50,'=',5850.0,nM,5.23,,,UO_0000065,0,CHEMBL5338529,organism-based format,,CHEMBL5335864,1,Scientific Literature,ACS Med Chem Lett,,Antiplasmodial activity against immature stage gametocytes Plasmodium falciparum NF54 incubated for 48 hrs by luciferase activity assay,,,,NF54,NF54,,NF54,5.23
CHEMBL76,CHLOROQUINE,4.0,319.88,0.0,4.81,CQ,CCN(CC)CCCC(C)Nc1ccnc2cc(Cl)ccc12,IC50,'=',6.0,nM,8.22,,,UO_0000065,0,CHEMBL1831569,organism-based format,,CHEMBL1828602,1,Scientific Literature,Bioorg Med Chem,,Antimalarial activity against transgenic Plasmodium falciparum 3D7 infected in human A positive erythrocytes after 72 hrs by luciferase reporter gene assay,,,,3D7,3D7,,3D7,8.22
CHEMBL76,CHLOROQUINE,4.0,319.88,0.0,4.81,chloroquine,CCN(CC)CCCC(C)Nc1ccnc2cc(Cl)ccc12,IC50,'=',12.63,nM,7.9,,,UO_0000065,0,CHEMBL910395,organism-based format,,CHEMBL1142194,1,Scientific Literature,Antimicrob Agents Chemother,,Growth inhibition of Plasmodium falciparum 3D7 ring stage in infected erythrocytes after 72 hrs in DAPI fluorimetry,,,,3D7,3D7,,3D7,7.9
CHEMBL76,CHLOROQUINE,4.0,319.88,0.0,4.81,chloroquine,CCN(CC)CCCC(C)Nc1ccnc2cc(Cl)ccc12,IC50,'=',9.47,nM,8.02,,,UO_0000065,0,CHEMBL910396,organism-based format,,CHEMBL1142194,1,Scientific Literature,Antimicrob Agents Chemother,,Growth inhibition of Plasmodium falciparum HB3 ring stage in infected erythrocytes after 72 hrs in DAPI fluorimetry,,,,HB3,HB3,,HB3,8.02
CHEMBL478911,,,474.61,0.0,2.71,NA124,OC[C@H]1O[C@@H](n2cnc3c(NC4CCCCCC4)nc(NC4CCCCCC4)nc32)[C@H](O)[C@@H]1O,IC50,'=',4910.0,nM,5.31,,,UO_0000065,0,CHEMBL941604,organism-based format,,CHEMBL1137633,1,Scientific Literature,Antimicrob Agents Chemother,,Antiplasmodial activity against chloroquine and pyrimethamine-resistant Plasmodium falciparum K1 infected mice (Mus musculus) macrophage by reporter dye assay,,,,K1,K1,,K1,5.31
CHEMBL531326,,,315.34,0.0,2.36,85499,N#Cc1ccc(-c2cnc(N)c(-c3ccc(C(N)=O)cc3)n2)cc1,IC50,'=',140.0,nM,6.85,,,UO_0000065,0,CHEMBL3832784,organism-based format,,CHEMBL3832761,34,Medicines for Malaria Venture () Pathogen Box,,,Antimalarial activity: Gametocytes Plasmodium falciparum NF54 Gametocytes Stage V IC50 (uM),,,,NF54,NF54,,NF54,6.85
CHEMBL3637882,,,328.46,0.0,2.57,1019989,CCc1ccc(C(NCc2nc(N)nc(N(C)C)n2)C(C)C)cc1,IC50,'=',80.0,nM,7.1,,,UO_0000065,0,CHEMBL3832784,organism-based format,,CHEMBL3832761,34,Medicines for Malaria Venture () Pathogen Box,,,Antimalarial activity: Gametocytes Plasmodium falciparum NF54 Gametocytes Stage V IC50 (uM),,,,NF54,NF54,,NF54,7.1
CHEMBL1782210,,,408.33,0.0,3.06,16.27,Cl.NC1=NC(c2ccccc2)NC(NCCCCOc2ccc(Cl)cc2)=N1,IC50,'=',2710.0,nM,5.57,,,UO_0000065,0,CHEMBL1785111,cell-based format,,CHEMBL1781907,1,Scientific Literature,Eur J Med Chem,,Antimalarial activity against chloroquine and cycloguanil-resistant Plasmodium falciparum FCR-3/Gambia ring stage infected in human red blood cells assessed as inhibition of [3H]-hypoxanthine incorporation incubated 24 hrs before addition of [3H]-hypoxanthine measured after 24 hrs,,,,FCR-3,FcR3,,FcR3,5.57
CHEMBL586888,,,412.49,1.0,5.47,665879,CC(C)(C)C(=O)Nc1ccc(C(=O)Nc2cccc(-c3nc4ccccc4[nH]3)c2)cc1,IC50,'=',752.8,nM,6.12,,,UO_0000065,0,CHEMBL3392923,organism-based format,,CHEMBL3392922,17,Medicines for Malaria Venture () Malaria Box,,,"MMV: IC50 determined against P. falciparum Dd2-luc strain using a Malaria Sybr Green I Fluorescence assay. Starting conditions were 1% trophozoite synchronised parasites at 2% haematocrit. Fluorescence detection completed after 48hr incubation at 37 degrees C under 1% O2, 3% CO2 and balance N2.",,,,Dd2-luc,Dd2,,Dd2,6.12
CHEMBL290441,,,327.43,1.0,5.19,4,CN(C)Cc1ccc(Nc2c3ccccc3nc3ccccc23)cc1,IC50,'=',600.0,nM,6.22,,,UO_0000065,0,CHEMBL2184950,organism-based format,,CHEMBL2177023,1,Scientific Literature,J Med Chem,,Antimalarial activity against Plasmodium falciparum KT1 gametocytes,,,,KT1,KT1,,KT1,6.22
CHEMBL4245471,,,399.79,0.0,4.92,29,Clc1cc(Br)ccc1-c1ccc(CNCC2CCNCC2)s1,IC50,'=',20.0,nM,7.7,,,UO_0000065,0,CHEMBL4231440,organism-based format,,CHEMBL4229360,1,Scientific Literature,Eur J Med Chem,,Gametocytocidal activity against Plasmodium falciparum NF54 HGL gametocytes assessed as inhibition of parasite viability after 72 hrs by ONE-Glo reagent based luminescence assay,,,,NF54 HGL,NF54 HGL,,NF54-HGL,7.7
CHEMBL4246869,,,380.92,1.0,5.36,25,Clc1ccc(-c2ccc(CNCC3CCNCC3)o2)c(-c2ccccc2)c1,IC50,'=',830.0,nM,6.08,,,UO_0000065,0,CHEMBL4231443,organism-based format,,CHEMBL4229360,1,Scientific Literature,Eur J Med Chem,,Antiplasmodial activity against gametocytes of Plasmodium falciparum NF54 infected in Anopheles mosquitoes assessed as decrease in infection prevalance measured at baseline infection intensity of 30 oocysts/midgut pre-treated with compound for 24 hrs before feeding and measured 8 days post infection by standard membrane feeding assay,,,,NF54,NF54,,NF54,6.08
CHEMBL3798241,,,406.37,0.0,4.95,16,O=c1[nH]c2cnc3ccc(-c4ccncc4)cc3c2n1-c1cccc(C(F)(F)F)c1,IC50,'=',1140.0,nM,5.94,,,UO_0000065,0,CHEMBL3800921,organism-based format,,CHEMBL3797182,1,Scientific Literature,Bioorg Med Chem Lett,,Gametocytocidal activity against chloroquine-sensitive late gametocytic stage (III to V) of Plasmodium falciparum 3D7 after 72 hrs by Alamar Blue assay,,,,3D7,3D7,,3D7,5.94
CHEMBL3800229,,,419.41,1.0,5.56,33,Cn1c(=O)n(-c2cccc(C(F)(F)F)c2)c2c3cc(-c4ccccc4)ccc3ncc21,IC50,'=',4710.0,nM,5.33,,,UO_0000065,0,CHEMBL3800921,organism-based format,,CHEMBL3797182,1,Scientific Literature,Bioorg Med Chem Lett,,Gametocytocidal activity against chloroquine-sensitive late gametocytic stage (III to V) of Plasmodium falciparum 3D7 after 72 hrs by Alamar Blue assay,,,,3D7,3D7,,3D7,5.33
CHEMBL533855,,,662.87,1.0,3.6,7092,CCOc1ccc(CN2CCN(CC(O)COc3ccc(OCC(O)CN4CCN(Cc5ccc(OCC)cc5)CC4)cc3)CC2)cc1,IC50,'=',948.3,nM,6.02,,,UO_0000065,0,CHEMBL3392923,organism-based format,,CHEMBL3392922,17,Medicines for Malaria Venture () Malaria Box,,,"MMV: IC50 determined against P. falciparum Dd2-luc strain using a Malaria Sybr Green I Fluorescence assay. Starting conditions were 1% trophozoite synchronised parasites at 2% haematocrit. Fluorescence detection completed after 48hr incubation at 37 degrees C under 1% O2, 3% CO2 and balance N2.",,,,Dd2-luc,Dd2,,Dd2,6.02
CHEMBL598369,,,327.7,0.0,3.85,11256,Cc1cc(Nc2ccc(Cl)cc2)n2nc(C(F)(F)F)nc2n1,IC50,'=',302.4,nM,6.52,,,UO_0000065,0,CHEMBL3392923,organism-based format,,CHEMBL3392922,17,Medicines for Malaria Venture () Malaria Box,,,"MMV: IC50 determined against P. falciparum Dd2-luc strain using a Malaria Sybr Green I Fluorescence assay. Starting conditions were 1% trophozoite synchronised parasites at 2% haematocrit. Fluorescence detection completed after 48hr incubation at 37 degrees C under 1% O2, 3% CO2 and balance N2.",,,,Dd2-luc,Dd2,,Dd2,6.52
CHEMBL3039527,QUISINOSTAT HYDROCHLORIDE,-1.0,430.94,0.0,2.09,1,Cl.Cn1cc(CNCC2CCN(c3ncc(C(=O)NO)cn3)CC2)c2ccccc21,IC50,'=',17.2,nM,7.76,,,UO_0000065,0,CHEMBL4714007,organism-based format,,CHEMBL4706683,1,Scientific Literature,J Med Chem,,Antimalarial activity against synchronized schizont stage transgenic Plasmodium falciparum 3D7 with C-terminal 3xTY1-fused HDAC2 knockdown assessed as parasite growth inhibition pretreated with glucosamine followed by compound treatment and incubated for 4 hrs followed by compound washout for thrice and subsequent culturing for 68 hrs by SYBR Green 1 staining based analysis,,,,3D7,3D7,,3D7,7.76
CHEMBL76,CHLOROQUINE,4.0,319.88,0.0,4.81,Chloroquine,CCN(CC)CCCC(C)Nc1ccnc2cc(Cl)ccc12,IC50,'=',200.0,nM,6.7,,,UO_0000065,0,CHEMBL4223066,cell-based format,,CHEMBL4219189,1,Scientific Literature,Bioorg Med Chem Lett,,Inhibition of chloroquine resistant Plasmodium falciparum RKL9 schizont stage infected in human erythrocytes assessed as reduction in bacterial growth after 24 hrs by Giemsa staining based assay,,,,RKL9,RKL9,,RKL9,6.7
CHEMBL76,CHLOROQUINE,4.0,319.88,0.0,4.81,Chloroquine,CCN(CC)CCCC(C)Nc1ccnc2cc(Cl)ccc12,IC50,'=',124.61,nM,6.9,,,UO_0000065,0,CHEMBL910397,organism-based format,,CHEMBL1142194,1,Scientific Literature,Antimicrob Agents Chemother,,Growth inhibition of Plasmodium falciparum Dd2 ring stage infected erythrocytes after 72 hrs by DAPI fluorimetry,,,,Dd2,Dd2,,Dd2,6.9
CHEMBL124006,,,279.39,0.0,3.75,448,CN(C)CCCNc1c2ccccc2nc2ccccc12,IC50,'=',130.3,nM,6.88,,,UO_0000065,0,CHEMBL3301456,organism-based format,,CHEMBL3301451,17,Medicines for Malaria Venture () Malaria Box,,,MMV: P. falciparum NF54 functionally mature Stage V gametocytes were incubated for 24 hr in the presence of the test compounds. Gamete formation was then triggered by addition of 2uM xantheurenic acid and temperature decrease to ~20C. Male gamete exflagellation was recorded and analysed by automated microscopy after 20 min. All compounds were tested in 4 independent experiments and data presented here is the mean. IC50s determined for selected compounds.,,,,NF54,NF54,,NF54,6.89
CHEMBL454538,GARCILIVIN A,,620.61,3.0,6.98,4,CC1=C[C@H](c2cc(O)c3c(=O)c4cccc(O)c4oc3c2O)[C@](C)(/C=C/c2cc(O)c3c(=O)c4cccc(O)c4oc3c2O)CC1,IC50,'=',6700.0,nM,5.17,,,UO_0000065,0,CHEMBL980501,organism-based format,,CHEMBL1157289,1,Scientific Literature,J Nat Prod,,Antiplasmodial activity against chloroquine-sensitive Plasmodium falciparum Ghana by LDH reporter assay,,,,Ghana,GHA,,GHA,5.17
CHEMBL4533385,,,517.55,1.0,6.44,35,CCCCCCCCCCCC[n+]1c2c(n(CC(C)C)c1C)C(=O)c1ccccc1C2=O.[Br-],IC50,'=',361.0,nM,6.44,,,UO_0000065,0,CHEMBL4338838,organism-based format,,CHEMBL4334542,1,Scientific Literature,ACS Med Chem Lett,,Antimalarial activity against Plasmodium falciparum NF54 early gametocytes transfected with luciferase gene incubated for 48 hrs by luciferase reporter gene assay,,,,NF54,NF54,,NF54,6.44
CHEMBL309339,SALICYLHYDROXAMIC ACID,,153.14,0.0,0.51,SHA,O=C(NO)c1ccccc1O,IC50,'=',35481.34,nM,4.45,,,UO_0000065,0,CHEMBL969264,organism-based format,,CHEMBL1157182,1,Scientific Literature,Bioorg Med Chem,,Antimalarial activity against chloroquine-sensitive Plasmodium falciparum D6 after 48 hrs by LDH reporter assay,,,,D6,D6,,D6,4.45
CHEMBL3799922,,,449.44,1.0,5.02,13,CCn1c(=O)n(-c2cccc(C(F)(F)F)c2)c2c3cc(-c4ccc(N)nc4)ccc3ncc21,IC50,'=',205.0,nM,6.69,,,UO_0000065,0,CHEMBL3800921,organism-based format,,CHEMBL3797182,1,Scientific Literature,Bioorg Med Chem Lett,,Gametocytocidal activity against chloroquine-sensitive late gametocytic stage (III to V) of Plasmodium falciparum 3D7 after 72 hrs by Alamar Blue assay,,,,3D7,3D7,,3D7,6.69
CHEMBL3798678,,,434.42,1.0,5.15,35,Cn1c(=O)n(-c2cccc(C(F)(F)F)c2)c2c3cc(-c4ccc(N)cc4)ccc3ncc21,IC50,'=',87.0,nM,7.06,,,UO_0000065,0,CHEMBL3800921,organism-based format,,CHEMBL3797182,1,Scientific Literature,Bioorg Med Chem Lett,,Gametocytocidal activity against chloroquine-sensitive late gametocytic stage (III to V) of Plasmodium falciparum 3D7 after 72 hrs by Alamar Blue assay,,,,3D7,3D7,,3D7,7.06
CHEMBL3799717,,,430.39,1.0,5.42,44,N#Cc1cccc(-c2ccc3ncc4[nH]c(=O)n(-c5cccc(C(F)(F)F)c5)c4c3c2)c1,IC50,'=',2790.0,nM,5.55,,,UO_0000065,0,CHEMBL3800921,organism-based format,,CHEMBL3797182,1,Scientific Literature,Bioorg Med Chem Lett,,Gametocytocidal activity against chloroquine-sensitive late gametocytic stage (III to V) of Plasmodium falciparum 3D7 after 72 hrs by Alamar Blue assay,,,,3D7,3D7,,3D7,5.55
CHEMBL3799974,,,484.46,0.0,4.2,48,NS(=O)(=O)c1ccc(-c2ccc3ncc4[nH]c(=O)n(-c5cccc(C(F)(F)F)c5)c4c3c2)cc1,IC50,'=',2330.0,nM,5.63,,,UO_0000065,0,CHEMBL3800921,organism-based format,,CHEMBL3797182,1,Scientific Literature,Bioorg Med Chem Lett,,Gametocytocidal activity against chloroquine-sensitive late gametocytic stage (III to V) of Plasmodium falciparum 3D7 after 72 hrs by Alamar Blue assay,,,,3D7,3D7,,3D7,5.63
CHEMBL3799911,,,421.38,0.0,4.53,57,Nc1ccc(-c2ccc3ncc4[nH]c(=O)n(-c5ccc(C(F)(F)F)cc5)c4c3c2)cn1,IC50,'=',576.0,nM,6.24,,,UO_0000065,0,CHEMBL3800921,organism-based format,,CHEMBL3797182,1,Scientific Literature,Bioorg Med Chem Lett,,Gametocytocidal activity against chloroquine-sensitive late gametocytic stage (III to V) of Plasmodium falciparum 3D7 after 72 hrs by Alamar Blue assay,,,,3D7,3D7,,3D7,6.24
CHEMBL3798946,,,331.38,0.0,2.87,66,Cn1c(=O)n(C2CC2)c2c3cc(-c4ccc(N)nc4)ccc3ncc21,IC50,'=',865.0,nM,6.06,,,UO_0000065,0,CHEMBL3800921,organism-based format,,CHEMBL3797182,1,Scientific Literature,Bioorg Med Chem Lett,,Gametocytocidal activity against chloroquine-sensitive late gametocytic stage (III to V) of Plasmodium falciparum 3D7 after 72 hrs by Alamar Blue assay,,,,3D7,3D7,,3D7,6.06
CHEMBL3814302,,,252.28,0.0,1.81,6g,Cn1ccnc1/C=N/Nc1nncc2ccccc12,IC50,'=',3495.0,nM,5.46,,,UO_0000065,0,CHEMBL3817535,organism-based format,,CHEMBL3813669,1,Scientific Literature,Bioorg Med Chem Lett,,Antiplasmodial activity against Plasmodium falciparum 3D7 trophozoite stage infected in human RBCs assessed as reduction in parasitemia after 48 hrs by Hoechst-3342 staining based flow cytometric analysis,,,,3D7,3D7,,3D7,5.46
CHEMBL601567,,,349.86,0.0,3.96,665857,CCOc1c(Cl)cc(CNC(C)C(O)c2ccccc2)cc1OC,IC50,'=',1362.0,nM,5.87,,,UO_0000065,0,CHEMBL3392923,organism-based format,,CHEMBL3392922,17,Medicines for Malaria Venture () Malaria Box,,,"MMV: IC50 determined against P. falciparum Dd2-luc strain using a Malaria Sybr Green I Fluorescence assay. Starting conditions were 1% trophozoite synchronised parasites at 2% haematocrit. Fluorescence detection completed after 48hr incubation at 37 degrees C under 1% O2, 3% CO2 and balance N2.",,,,Dd2-luc,Dd2,,Dd2,5.87
CHEMBL590683,,,432.91,1.0,5.43,665969,COc1cccc(C(=O)NC(c2ccc(C)cc2)c2cc(Cl)c3cccnc3c2O)c1,IC50,'=',939.5,nM,6.03,,,UO_0000065,0,CHEMBL3392923,organism-based format,,CHEMBL3392922,17,Medicines for Malaria Venture () Malaria Box,,,"MMV: IC50 determined against P. falciparum Dd2-luc strain using a Malaria Sybr Green I Fluorescence assay. Starting conditions were 1% trophozoite synchronised parasites at 2% haematocrit. Fluorescence detection completed after 48hr incubation at 37 degrees C under 1% O2, 3% CO2 and balance N2.",,,,Dd2-luc,Dd2,,Dd2,6.03
CHEMBL533917,,,354.41,0.0,4.46,666080,O=C(NC(c1ccccc1)c1ccc2cccnc2c1O)c1ccccc1,IC50,'=',426.3,nM,6.37,,,UO_0000065,0,CHEMBL3392923,organism-based format,,CHEMBL3392922,17,Medicines for Malaria Venture () Malaria Box,,,"MMV: IC50 determined against P. falciparum Dd2-luc strain using a Malaria Sybr Green I Fluorescence assay. Starting conditions were 1% trophozoite synchronised parasites at 2% haematocrit. Fluorescence detection completed after 48hr incubation at 37 degrees C under 1% O2, 3% CO2 and balance N2.",,,,Dd2-luc,Dd2,,Dd2,6.37
CHEMBL607308,,,411.63,0.0,4.27,666110,C=C(C)CCC(C)N1CCC(N2CCC(C(=O)NCCc3ccccc3)CC2)CC1,IC50,'=',1462.0,nM,5.83,,,UO_0000065,0,CHEMBL3392923,organism-based format,,CHEMBL3392922,17,Medicines for Malaria Venture () Malaria Box,,,"MMV: IC50 determined against P. falciparum Dd2-luc strain using a Malaria Sybr Green I Fluorescence assay. Starting conditions were 1% trophozoite synchronised parasites at 2% haematocrit. Fluorescence detection completed after 48hr incubation at 37 degrees C under 1% O2, 3% CO2 and balance N2.",,,,Dd2-luc,Dd2,,Dd2,5.84
CHEMBL1237255,,,472.47,1.0,4.43,666689,COc1ccc(Nc2nc(N/N=C/c3ccc(O)cc3)nc(Nc3ccc([N+](=O)[O-])cc3)n2)cc1,IC50,'=',1533.0,nM,5.81,,,UO_0000065,0,CHEMBL3392923,organism-based format,,CHEMBL3392922,17,Medicines for Malaria Venture () Malaria Box,,,"MMV: IC50 determined against P. falciparum Dd2-luc strain using a Malaria Sybr Green I Fluorescence assay. Starting conditions were 1% trophozoite synchronised parasites at 2% haematocrit. Fluorescence detection completed after 48hr incubation at 37 degrees C under 1% O2, 3% CO2 and balance N2.",,,,Dd2-luc,Dd2,,Dd2,5.81
CHEMBL1545915,,,368.4,0.0,3.79,396749,COc1ccc2c(c1)C1(Nc3ccccc3-c3nc4ccccc4n31)C(=O)N2,IC50,'=',6452.0,nM,5.19,,,UO_0000065,0,CHEMBL3301457,organism-based format,,CHEMBL3301451,17,Medicines for Malaria Venture () Malaria Box,,,MMV: P. falciparum NF54 functionally mature Stage V gametocytes were incubated for 24 hr in the presence of the test compounds. Gamete formation was then triggered by addition of 2uM xantheurenic acid and temperature decrease to ~20C. Female gamete formation was recorded 24 hr later by automated microscopy detection of surface labelling of female gametes with a Cy3-conjugated antibody reactive to Pfs25. All compounds were tested in 4 independent experiments and data presented here is the mean. IC50s determined for selected compounds.,,,,NF54,NF54,,NF54,5.19
CHEMBL76,CHLOROQUINE,4.0,319.88,0.0,4.81,Chloroquine,CCN(CC)CCCC(C)Nc1ccnc2cc(Cl)ccc12,IC50,'=',27.2,nM,7.57,,,UO_0000065,0,CHEMBL937848,organism-based format,,CHEMBL1155029,1,Scientific Literature,Bioorg Med Chem,,Antimalarial activity against chloroquine-sensitive Plasmodium falciparum D10 as LDH reporter activity,,,,D10,D10,,D10,7.57
CHEMBL172,"(S,R)-MEFLOQUINE",,378.32,0.0,4.45,MQ,O[C@@H](c1cc(C(F)(F)F)nc2c(C(F)(F)F)cccc12)[C@H]1CCCCN1,IC50,'=',100.0,nM,7.0,,,UO_0000065,0,CHEMBL3389350,organism-based format,,CHEMBL3351566,1,Scientific Literature,J Med Chem,,Gametocytocidal activity against transgenic Plasmodium falciparum NF54-pfs16-GFP late stage gametocytes after 72 hrs by mitotracker red CM-H2XRos dye based confocal imaging assay,,,,NF54,NF54,,NF54,7.0
CHEMBL590212,,,308.43,0.0,3.69,848,OC(CNC1CCCC1)Cn1c2ccccc2c2ccccc21,IC50,'=',452.7,nM,6.34,,,UO_0000065,0,CHEMBL3392923,organism-based format,,CHEMBL3392922,17,Medicines for Malaria Venture () Malaria Box,,,"MMV: IC50 determined against P. falciparum Dd2-luc strain using a Malaria Sybr Green I Fluorescence assay. Starting conditions were 1% trophozoite synchronised parasites at 2% haematocrit. Fluorescence detection completed after 48hr incubation at 37 degrees C under 1% O2, 3% CO2 and balance N2.",,,,Dd2-luc,Dd2,,Dd2,6.34
CHEMBL2430908,,,456.03,1.0,7.07,5c,Clc1ccc2/c(=N/c3ccc(-c4ccccc4)cc3)ccn(CCCN3CCCCC3)c2c1,IC50,'=',52.3,nM,7.28,,,UO_0000065,0,CHEMBL2433603,organism-based format,,CHEMBL2429868,1,Scientific Literature,J Med Chem,,Antiplasmodial activity against Plasmodium falciparum 3D7 transfected with yeast GFP-tagged DHODH assessed as parasite growth inhibition,,,,3D7,3D7,,3D7,7.28
CHEMBL2028054,,,472.45,1.0,5.3,396681,Cc1cc(NC(=O)c2cccc(C(F)(F)F)c2)n(-c2nc(-c3ccc4c(c3)OCO4)cs2)n1,IC50,'=',2181.0,nM,5.66,,,UO_0000065,0,CHEMBL3392923,organism-based format,,CHEMBL3392922,17,Medicines for Malaria Venture () Malaria Box,,,"MMV: IC50 determined against P. falciparum Dd2-luc strain using a Malaria Sybr Green I Fluorescence assay. Starting conditions were 1% trophozoite synchronised parasites at 2% haematocrit. Fluorescence detection completed after 48hr incubation at 37 degrees C under 1% O2, 3% CO2 and balance N2.",,,,Dd2-luc,Dd2,,Dd2,5.66
CHEMBL600706,,,354.81,1.0,5.78,7275,Cc1ccc(F)cc1NC(=O)c1cc(Cl)ccc1Nc1ccccc1,IC50,'=',558.0,nM,6.25,,,UO_0000065,0,CHEMBL3392923,organism-based format,,CHEMBL3392922,17,Medicines for Malaria Venture () Malaria Box,,,"MMV: IC50 determined against P. falciparum Dd2-luc strain using a Malaria Sybr Green I Fluorescence assay. Starting conditions were 1% trophozoite synchronised parasites at 2% haematocrit. Fluorescence detection completed after 48hr incubation at 37 degrees C under 1% O2, 3% CO2 and balance N2.",,,,Dd2-luc,Dd2,,Dd2,6.25
CHEMBL528533,,,298.77,0.0,4.95,7875,COc1ccc2nc(C)cc(Nc3ccc(Cl)cc3)c2c1,IC50,'=',1181.0,nM,5.93,,,UO_0000065,0,CHEMBL3392923,organism-based format,,CHEMBL3392922,17,Medicines for Malaria Venture () Malaria Box,,,"MMV: IC50 determined against P. falciparum Dd2-luc strain using a Malaria Sybr Green I Fluorescence assay. Starting conditions were 1% trophozoite synchronised parasites at 2% haematocrit. Fluorescence detection completed after 48hr incubation at 37 degrees C under 1% O2, 3% CO2 and balance N2.",,,,Dd2-luc,Dd2,,Dd2,5.93
CHEMBL4755921,,,585.5,2.0,6.0,104,O=C(N1CC(CNc2ccc(F)cc2)C2(C1)CN(c1cc(F)cc(F)c1)C2)C(F)(F)c1ccc(O)c(C(F)(F)F)c1,IC50,'=',4200.0,nM,5.38,,,UO_0000065,0,CHEMBL4737829,organism-based format,Erythrocyte,CHEMBL4732202,1,Scientific Literature,J Med Chem,,Antiplasmodial activity against multidrug-sensitive Plasmodium falciparum NF54 transfected with GFP-Luc infected in human erythrocytes assessed as reduction in [3H]-hypoxanthine incorporation pretreated for 48 hrs followed by [3H]-hypoxanthine addition measured after 24 hrs by liquid scintillation counting method,,,,NF54,NF54,,NF54,5.38
CHEMBL4743418,,,399.54,0.0,4.44,"2-A, Single Enantiomer",Oc1ccc(CN2CC(CNc3ccccc3)C3(C2)CN(c2ccccc2)C3)cc1,IC50,'=',57.0,nM,7.24,,,UO_0000065,0,CHEMBL4737829,organism-based format,Erythrocyte,CHEMBL4732202,1,Scientific Literature,J Med Chem,,Antiplasmodial activity against multidrug-sensitive Plasmodium falciparum NF54 transfected with GFP-Luc infected in human erythrocytes assessed as reduction in [3H]-hypoxanthine incorporation pretreated for 48 hrs followed by [3H]-hypoxanthine addition measured after 24 hrs by liquid scintillation counting method,,,,NF54,NF54,,NF54,7.24
CHEMBL4743418,,,399.54,0.0,4.44,"2-A, Single Enantiomer",Oc1ccc(CN2CC(CNc3ccccc3)C3(C2)CN(c2ccccc2)C3)cc1,IC50,'=',66.0,nM,7.18,,,UO_0000065,0,CHEMBL4737830,organism-based format,Erythrocyte,CHEMBL4732202,1,Scientific Literature,J Med Chem,,Antiplasmodial activity against multidrug-resistant Plasmodium falciparum K1 transfected with GFP-Luc infected in human erythrocytes assessed as reduction in [3H]-hypoxanthine incorporation pretreated for 48 hrs followed by [3H]-hypoxanthine addition measured after 24 hrs by liquid scintillation counting method,,,,K1,K1,,K1,7.18
CHEMBL4443956,,,436.22,1.0,5.69,44,N#Cc1c(C(F)(F)F)cc(NCc2ccccn2)n2c1nc1cc(Cl)c(Cl)cc12,IC50,'=',2480.0,nM,5.61,,,UO_0000065,0,CHEMBL4373129,organism-based format,,CHEMBL4371072,1,Scientific Literature,J Med Chem,,Antiplasmodial activity against chloroquine-sensitive final late stage of Plasmodium falciparum NF54-Mal8p1.16-GFP-Luc gametocytes after 24 hrs by BacTiter-Glo assay,,,,NF54-Mal8p1.16-GFP-Luc,NF54,,NF54,5.61
CHEMBL3797218,,,436.4,0.0,3.94,21,Cn1c(=O)n(-c2cccc(C(F)(F)F)c2)c2c3cc(-c4cnc(N)nc4)ccc3ncc21,IC50,'=',52.0,nM,7.28,,,UO_0000065,0,CHEMBL3800921,organism-based format,,CHEMBL3797182,1,Scientific Literature,Bioorg Med Chem Lett,,Gametocytocidal activity against chloroquine-sensitive late gametocytic stage (III to V) of Plasmodium falciparum 3D7 after 72 hrs by Alamar Blue assay,,,,3D7,3D7,,3D7,7.28
CHEMBL3797742,,,445.4,1.0,5.43,28,O=c1[nH]c2cnc3ccc(-c4ccc5[nH]cnc5c4)cc3c2n1-c1cccc(C(F)(F)F)c1,IC50,'=',347.0,nM,6.46,,,UO_0000065,0,CHEMBL3800921,organism-based format,,CHEMBL3797182,1,Scientific Literature,Bioorg Med Chem Lett,,Gametocytocidal activity against chloroquine-sensitive late gametocytic stage (III to V) of Plasmodium falciparum 3D7 after 72 hrs by Alamar Blue assay,,,,3D7,3D7,,3D7,6.46
CHEMBL3798904,,,329.28,0.0,3.89,30,O=c1[nH]c2cnc3ccccc3c2n1-c1cccc(C(F)(F)F)c1,IC50,'=',7460.0,nM,5.13,,,UO_0000065,0,CHEMBL3800921,organism-based format,,CHEMBL3797182,1,Scientific Literature,Bioorg Med Chem Lett,,Gametocytocidal activity against chloroquine-sensitive late gametocytic stage (III to V) of Plasmodium falciparum 3D7 after 72 hrs by Alamar Blue assay,,,,3D7,3D7,,3D7,5.13
CHEMBL3799688,,,405.38,1.0,5.55,32,O=c1[nH]c2cnc3ccc(-c4ccccc4)cc3c2n1-c1cccc(C(F)(F)F)c1,IC50,'=',18400.0,nM,4.74,,,UO_0000065,0,CHEMBL3800921,organism-based format,,CHEMBL3797182,1,Scientific Literature,Bioorg Med Chem Lett,,Gametocytocidal activity against chloroquine-sensitive late gametocytic stage (III to V) of Plasmodium falciparum 3D7 after 72 hrs by Alamar Blue assay,,,,3D7,3D7,,3D7,4.74
CHEMBL3797730,,,421.38,1.0,5.26,38,O=c1[nH]c2cnc3ccc(-c4ccc(O)cc4)cc3c2n1-c1cccc(C(F)(F)F)c1,IC50,'=',1470.0,nM,5.83,,,UO_0000065,0,CHEMBL3800921,organism-based format,,CHEMBL3797182,1,Scientific Literature,Bioorg Med Chem Lett,,Gametocytocidal activity against chloroquine-sensitive late gametocytic stage (III to V) of Plasmodium falciparum 3D7 after 72 hrs by Alamar Blue assay,,,,3D7,3D7,,3D7,5.83
CHEMBL3798893,,,448.4,0.0,4.65,40,NC(=O)c1ccc(-c2ccc3ncc4[nH]c(=O)n(-c5cccc(C(F)(F)F)c5)c4c3c2)cc1,IC50,'=',294.0,nM,6.53,,,UO_0000065,0,CHEMBL3800921,organism-based format,,CHEMBL3797182,1,Scientific Literature,Bioorg Med Chem Lett,,Gametocytocidal activity against chloroquine-sensitive late gametocytic stage (III to V) of Plasmodium falciparum 3D7 after 72 hrs by Alamar Blue assay,,,,3D7,3D7,,3D7,6.53
CHEMBL3799566,,,462.43,0.0,4.66,41,Cn1c(=O)n(-c2cccc(C(F)(F)F)c2)c2c3cc(-c4ccc(C(N)=O)cc4)ccc3ncc21,IC50,'=',497.0,nM,6.3,,,UO_0000065,0,CHEMBL3800921,organism-based format,,CHEMBL3797182,1,Scientific Literature,Bioorg Med Chem Lett,,Gametocytocidal activity against chloroquine-sensitive late gametocytic stage (III to V) of Plasmodium falciparum 3D7 after 72 hrs by Alamar Blue assay,,,,3D7,3D7,,3D7,6.3
CHEMBL3800319,,,453.85,1.0,6.22,51,Cn1c(=O)n(-c2cccc(C(F)(F)F)c2)c2c3cc(-c4ccc(Cl)cc4)ccc3ncc21,IC50,'=',1860.0,nM,5.73,,,UO_0000065,0,CHEMBL3800921,organism-based format,,CHEMBL3797182,1,Scientific Literature,Bioorg Med Chem Lett,,Gametocytocidal activity against chloroquine-sensitive late gametocytic stage (III to V) of Plasmodium falciparum 3D7 after 72 hrs by Alamar Blue assay,,,,3D7,3D7,,3D7,5.73
CHEMBL3799901,,,423.37,1.0,5.69,53,O=c1[nH]c2cnc3ccc(-c4ccc(F)cc4)cc3c2n1-c1cccc(C(F)(F)F)c1,IC50,'=',1830.0,nM,5.74,,,UO_0000065,0,CHEMBL3800921,organism-based format,,CHEMBL3797182,1,Scientific Literature,Bioorg Med Chem Lett,,Gametocytocidal activity against chloroquine-sensitive late gametocytic stage (III to V) of Plasmodium falciparum 3D7 after 72 hrs by Alamar Blue assay,,,,3D7,3D7,,3D7,5.74
CHEMBL3797301,,,433.43,1.0,5.87,56,Cc1ccc(-c2ccc3ncc4c(c3c2)n(-c2cccc(C(F)(F)F)c2)c(=O)n4C)cc1,IC50,'=',524.0,nM,6.28,,,UO_0000065,0,CHEMBL3800921,organism-based format,,CHEMBL3797182,1,Scientific Literature,Bioorg Med Chem Lett,,Gametocytocidal activity against chloroquine-sensitive late gametocytic stage (III to V) of Plasmodium falciparum 3D7 after 72 hrs by Alamar Blue assay,,,,3D7,3D7,,3D7,6.28
CHEMBL589224,,,282.16,0.0,2.54,972,O=C1CC(O)(C(F)(F)C(F)(F)F)Oc2ccccc21,IC50,'=',1027.0,nM,5.99,,,UO_0000065,0,CHEMBL3392923,organism-based format,,CHEMBL3392922,17,Medicines for Malaria Venture () Malaria Box,,,"MMV: IC50 determined against P. falciparum Dd2-luc strain using a Malaria Sybr Green I Fluorescence assay. Starting conditions were 1% trophozoite synchronised parasites at 2% haematocrit. Fluorescence detection completed after 48hr incubation at 37 degrees C under 1% O2, 3% CO2 and balance N2.",,,,Dd2-luc,Dd2,,Dd2,5.99
CHEMBL2028055,,,317.82,0.0,3.52,396703,CCN(CC)CCNc1ncnc2c1[nH]c1ccc(Cl)cc12,IC50,'=',373.0,nM,6.43,,,UO_0000065,0,CHEMBL3392923,organism-based format,,CHEMBL3392922,17,Medicines for Malaria Venture () Malaria Box,,,"MMV: IC50 determined against P. falciparum Dd2-luc strain using a Malaria Sybr Green I Fluorescence assay. Starting conditions were 1% trophozoite synchronised parasites at 2% haematocrit. Fluorescence detection completed after 48hr incubation at 37 degrees C under 1% O2, 3% CO2 and balance N2.",,,,Dd2-luc,Dd2,,Dd2,6.43
CHEMBL2028059,,,341.41,0.0,4.86,396719,COc1cccc(C2(C)Nc3ccccc3-c3nc4ccccc4n32)c1,IC50,'=',1406.0,nM,5.85,,,UO_0000065,0,CHEMBL3392923,organism-based format,,CHEMBL3392922,17,Medicines for Malaria Venture () Malaria Box,,,"MMV: IC50 determined against P. falciparum Dd2-luc strain using a Malaria Sybr Green I Fluorescence assay. Starting conditions were 1% trophozoite synchronised parasites at 2% haematocrit. Fluorescence detection completed after 48hr incubation at 37 degrees C under 1% O2, 3% CO2 and balance N2.",,,,Dd2-luc,Dd2,,Dd2,5.85
CHEMBL1460047,,,309.33,0.0,2.18,396797,COc1ccc(-c2c(C)nn3c(N)c(C#N)cnc23)cc1OC,IC50,'=',304.7,nM,6.52,,,UO_0000065,0,CHEMBL3392923,organism-based format,,CHEMBL3392922,17,Medicines for Malaria Venture () Malaria Box,,,"MMV: IC50 determined against P. falciparum Dd2-luc strain using a Malaria Sybr Green I Fluorescence assay. Starting conditions were 1% trophozoite synchronised parasites at 2% haematocrit. Fluorescence detection completed after 48hr incubation at 37 degrees C under 1% O2, 3% CO2 and balance N2.",,,,Dd2-luc,Dd2,,Dd2,6.52
CHEMBL577012,,,261.75,0.0,3.9,665789,CC(NCc1ccccc1)c1cc(Cl)ccc1O,IC50,'=',498.3,nM,6.3,,,UO_0000065,0,CHEMBL3392923,organism-based format,,CHEMBL3392922,17,Medicines for Malaria Venture () Malaria Box,,,"MMV: IC50 determined against P. falciparum Dd2-luc strain using a Malaria Sybr Green I Fluorescence assay. Starting conditions were 1% trophozoite synchronised parasites at 2% haematocrit. Fluorescence detection completed after 48hr incubation at 37 degrees C under 1% O2, 3% CO2 and balance N2.",,,,Dd2-luc,Dd2,,Dd2,6.3
CHEMBL606531,,,314.47,0.0,3.79,665806,Cc1c(C)n(CC(O)CNC2CCCCC2C)c2ccccc12,IC50,'=',483.5,nM,6.32,,,UO_0000065,0,CHEMBL3392923,organism-based format,,CHEMBL3392922,17,Medicines for Malaria Venture () Malaria Box,,,"MMV: IC50 determined against P. falciparum Dd2-luc strain using a Malaria Sybr Green I Fluorescence assay. Starting conditions were 1% trophozoite synchronised parasites at 2% haematocrit. Fluorescence detection completed after 48hr incubation at 37 degrees C under 1% O2, 3% CO2 and balance N2.",,,,Dd2-luc,Dd2,,Dd2,6.32
CHEMBL3222266,,,495.93,1.0,5.01,13,CC(C)(C)N(Cc1cc(Nc2ccnc3cc(Cl)ccc23)cc(-c2no[n+]([O-])c2/C=N/O)c1)N=O,IC50,'=',1070.0,nM,5.97,,,UO_0000065,0,CHEMBL3223115,organism-based format,,CHEMBL3217651,1,Scientific Literature,Medchemcomm,,Antimalarial activity against chloroquine-sensitive Plasmodium falciparum 3D7 infected in human erythrocytes after 96 hrs by luciferase based delayed death assay,,,,3D7,3D7,,3D7,5.97
CHEMBL531222,,,319.36,0.0,3.47,665826,COc1cccc(NC(=O)Cn2c(C)c(C#N)c3ccccc32)c1,IC50,'=',1266.0,nM,5.9,,,UO_0000065,0,CHEMBL3392923,organism-based format,,CHEMBL3392922,17,Medicines for Malaria Venture () Malaria Box,,,"MMV: IC50 determined against P. falciparum Dd2-luc strain using a Malaria Sybr Green I Fluorescence assay. Starting conditions were 1% trophozoite synchronised parasites at 2% haematocrit. Fluorescence detection completed after 48hr incubation at 37 degrees C under 1% O2, 3% CO2 and balance N2.",,,,Dd2-luc,Dd2,,Dd2,5.9
CHEMBL4242704,,,498.29,1.0,6.12,48,C[N+](C)(CCCNCc1ccc(-c2ccc(Cl)cc2Br)o1)Cc1ccccc1.[Cl-],IC50,'=',4800.0,nM,5.32,,,UO_0000065,0,CHEMBL4231438,organism-based format,,CHEMBL4229360,1,Scientific Literature,Eur J Med Chem,,Gametocytocidal activity against Plasmodium falciparum 3D7 elo1-pfs16-CBG99 late-stage (4 to 5) gametocytes assessed as inhibition of parasite viability after 72 hrs by luciferase reporter assay,,,,3D7,3D7,,3D7,5.32
CHEMBL529348,,,456.98,1.0,5.34,20275,O=C(NC1CCN(Cc2ccccc2)CC1)c1cc(-c2ccncc2)nc2ccc(Cl)cc12,IC50,'=',1480.0,nM,5.83,,,UO_0000065,0,CHEMBL3392923,organism-based format,,CHEMBL3392922,17,Medicines for Malaria Venture () Malaria Box,,,"MMV: IC50 determined against P. falciparum Dd2-luc strain using a Malaria Sybr Green I Fluorescence assay. Starting conditions were 1% trophozoite synchronised parasites at 2% haematocrit. Fluorescence detection completed after 48hr incubation at 37 degrees C under 1% O2, 3% CO2 and balance N2.",,,,Dd2-luc,Dd2,,Dd2,5.83
CHEMBL525486,,,413.53,0.0,4.11,20548,CCN1CCN(Cc2ccc(NC(=O)c3cc4ccc5cccnc5c4[nH]3)cc2)CC1,IC50,'=',664.9,nM,6.18,,,UO_0000065,0,CHEMBL3392923,organism-based format,,CHEMBL3392922,17,Medicines for Malaria Venture () Malaria Box,,,"MMV: IC50 determined against P. falciparum Dd2-luc strain using a Malaria Sybr Green I Fluorescence assay. Starting conditions were 1% trophozoite synchronised parasites at 2% haematocrit. Fluorescence detection completed after 48hr incubation at 37 degrees C under 1% O2, 3% CO2 and balance N2.",,,,Dd2-luc,Dd2,,Dd2,6.18
CHEMBL1740701,,,280.33,0.0,4.0,274073,COc1ccc2nc(C)cc(Nc3ccccc3O)c2c1,IC50,'=',1099.0,nM,5.96,,,UO_0000065,0,CHEMBL3392923,organism-based format,,CHEMBL3392922,17,Medicines for Malaria Venture () Malaria Box,,,"MMV: IC50 determined against P. falciparum Dd2-luc strain using a Malaria Sybr Green I Fluorescence assay. Starting conditions were 1% trophozoite synchronised parasites at 2% haematocrit. Fluorescence detection completed after 48hr incubation at 37 degrees C under 1% O2, 3% CO2 and balance N2.",,,,Dd2-luc,Dd2,,Dd2,5.96
CHEMBL3187985,APOMORPHINE HYDROCHLORIDE,4.0,625.59,0.0,2.85,Apomorphine hydrochloride,CN1CCc2cccc3c2[C@H]1Cc1ccc(O)c(O)c1-3.CN1CCc2cccc3c2[C@H]1Cc1ccc(O)c(O)c1-3.Cl.Cl.O,IC50,'=',373.0,nM,6.43,,,UO_0000065,0,CHEMBL1678152,organism-based format,,CHEMBL1671701,1,Scientific Literature,Antimicrob Agents Chemother,,Antiplasmodial activity against Plasmodium falciparum 3D7 infected in RBCs by firefly luciferase reporter gene assay,,,,3D7,3D7,,3D7,6.43
CHEMBL4756496,,,413.47,0.0,3.45,24,Fc1ccc(-c2nc3c(N4CCC(CN5CCOCC5)CC4)nccc3[nH]2)cc1F,IC50,'=',1300.0,nM,5.89,,,UO_0000065,0,CHEMBL4704393,organism-based format,,CHEMBL4699593,1,Scientific Literature,J Med Chem,,Antiplasmodial activity against early stage (I to III) Plasmodium falciparum NF54 gametocytes incubated for 48 hrs under hypoxia condition by luciferase reporter gene assay,,,,NF54,NF54,,NF54,5.89
CHEMBL4756800,,,377.37,0.0,3.45,25,NC1CCN(c2nccc3[nH]c(-c4cccc(OC(F)(F)F)c4)nc23)CC1,IC50,'=',780.0,nM,6.11,,,UO_0000065,0,CHEMBL4704393,organism-based format,,CHEMBL4699593,1,Scientific Literature,J Med Chem,,Antiplasmodial activity against early stage (I to III) Plasmodium falciparum NF54 gametocytes incubated for 48 hrs under hypoxia condition by luciferase reporter gene assay,,,,NF54,NF54,,NF54,6.11
CHEMBL4799480,,,828.32,2.0,6.57,3,COc1cc(CCN(C)CCCN(C)C(=O)[C@H](CCN(C)CCc2cc(OC)c(Br)cc2Br)N(C)C)c(Br)cc1Br,IC50,'=',750.0,nM,6.12,,,UO_0000065,0,CHEMBL4704472,organism-based format,,CHEMBL4699594,1,Scientific Literature,J Nat Prod,,Antiplasmodial activity against chloroquine-resistant Plasmodium falciparum Dd2 ring stage incubated for 72 hrs by DAPI-staining based imaging analysis,,,,Dd2,Dd2,,Dd2,6.12
CHEMBL4791133,,,800.27,2.0,5.89,5,CN[C@@H](CCN(C)CCc1cc(OC)c(Br)cc1Br)C(=O)NCCCN(C)CCc1cc(OC)c(Br)cc1Br,IC50,'=',1900.0,nM,5.72,,,UO_0000065,0,CHEMBL4704472,organism-based format,,CHEMBL4699594,1,Scientific Literature,J Nat Prod,,Antiplasmodial activity against chloroquine-resistant Plasmodium falciparum Dd2 ring stage incubated for 72 hrs by DAPI-staining based imaging analysis,,,,Dd2,Dd2,,Dd2,5.72
CHEMBL590159,,,286.2,0.0,4.11,1344,CC1CC(C)CN(C(=O)c2ccc(Cl)cc2Cl)C1,IC50,'=',1883.0,nM,5.72,,,UO_0000065,0,CHEMBL3392923,organism-based format,,CHEMBL3392922,17,Medicines for Malaria Venture () Malaria Box,,,"MMV: IC50 determined against P. falciparum Dd2-luc strain using a Malaria Sybr Green I Fluorescence assay. Starting conditions were 1% trophozoite synchronised parasites at 2% haematocrit. Fluorescence detection completed after 48hr incubation at 37 degrees C under 1% O2, 3% CO2 and balance N2.",,,,Dd2-luc,Dd2,,Dd2,5.73
CHEMBL207990,EPOXOMYCIN,,554.73,1.0,1.16,Epoxomicin,CC[C@H](C)[C@H](NC(=O)[C@H]([C@@H](C)CC)N(C)C(C)=O)C(=O)N[C@H](C(=O)N[C@@H](CC(C)C)C(=O)[C@@]1(C)CO1)[C@@H](C)O,IC50,'=',0.7,nM,9.15,,,UO_0000065,0,CHEMBL4231440,organism-based format,,CHEMBL4229360,1,Scientific Literature,Eur J Med Chem,,Gametocytocidal activity against Plasmodium falciparum NF54 HGL gametocytes assessed as inhibition of parasite viability after 72 hrs by ONE-Glo reagent based luminescence assay,,,,NF54 HGL,NF54 HGL,,NF54-HGL,9.15
CHEMBL218577,,,427.98,1.0,5.97,3,Clc1ccc(C(c2ccccc2)(c2ccc(CN3CCCC3)cc2)n2ccnc2)cc1,IC50,'=',130.0,nM,6.89,,,UO_0000065,0,CHEMBL1012851,organism-based format,,CHEMBL1139381,1,Scientific Literature,J Med Chem,,Antimalarial activity after 72 hrs against chloroquine-sensitive Plasmodium falciparum D10 infected human A+ erythrocytes in Makler LDH reporter assay,,,,D10,D10,,D10,6.89
CHEMBL747,CYCLOGUANIL,-1.0,251.72,0.0,1.53,4,CC1(C)N=C(N)N=C(N)N1c1ccc(Cl)cc1,IC50,'=',4995.0,nM,5.3,,,UO_0000065,0,CHEMBL1785111,cell-based format,,CHEMBL1781907,1,Scientific Literature,Eur J Med Chem,,Antimalarial activity against chloroquine and cycloguanil-resistant Plasmodium falciparum FCR-3/Gambia ring stage infected in human red blood cells assessed as inhibition of [3H]-hypoxanthine incorporation incubated 24 hrs before addition of [3H]-hypoxanthine measured after 24 hrs,,,,FCR-3,FcR3,,FcR3,5.3
CHEMBL3797894,,,359.43,0.0,4.03,64,Nc1ccc(-c2ccc3ncc4[nH]c(=O)n(C5CCCCC5)c4c3c2)cn1,IC50,'=',2870.0,nM,5.54,,,UO_0000065,0,CHEMBL3800921,organism-based format,,CHEMBL3797182,1,Scientific Literature,Bioorg Med Chem Lett,,Gametocytocidal activity against chloroquine-sensitive late gametocytic stage (III to V) of Plasmodium falciparum 3D7 after 72 hrs by Alamar Blue assay,,,,3D7,3D7,,3D7,5.54
CHEMBL522350,,,514.12,2.0,6.89,9f,Cc1c(CNC[C@@H]2CCCN3CCCC[C@H]23)cc(-c2ccccc2)n1Nc1ccnc2cc(Cl)ccc12,IC50,'=',36.5,nM,7.44,,,UO_0000065,0,CHEMBL937848,organism-based format,,CHEMBL1155029,1,Scientific Literature,Bioorg Med Chem,,Antimalarial activity against chloroquine-sensitive Plasmodium falciparum D10 as LDH reporter activity,,,,D10,D10,,D10,7.44
CHEMBL405862,NIGERICIN,,724.97,2.0,5.71,Nigericin,CO[C@@H]1C[C@@H](C[C@H]2CC[C@H](C)[C@H]([C@@H](C)C(=O)O)O2)O[C@]2(O[C@](C)([C@H]3CC[C@@](C)([C@@H]4O[C@@H]([C@H]5O[C@@](O)(CO)[C@H](C)C[C@@H]5C)C[C@@H]4C)O3)C[C@H]2C)[C@@H]1C,IC50,'<',0.001,nM,,Outside typical range,,UO_0000065,0,CHEMBL1262117,organism-based format,Hepatocyte,CHEMBL1255292,1,Scientific Literature,Antimicrob Agents Chemother,CHEMBL3308022,Antimicrobial activity against Plasmodium falciparum NF54 schizonts in mammalian hepatocytes after 96 hrs,,,,NF54,NF54,,NF54,12.0
CHEMBL190228,,,335.43,0.0,4.69,15,CN1CCC(c2cc(-c3ccncc3)c(-c3ccc(F)cc3)[nH]2)CC1,IC50,'=',490.0,nM,6.31,,,UO_0000065,0,CHEMBL4149585,organism-based format,,CHEMBL4145579,1,Scientific Literature,J Med Chem,,Antiplasmodial activity against Plasmodium falciparum NF54 gametocyte form infected in human erythrocytes by scintillation counting-based [3H]-hypoxanthine incorporation assay,,,,NF54,NF54,,NF54,6.31
CHEMBL147587,ISOQUINE,,355.87,1.0,5.18,isoquine,CCN(CC)Cc1ccc(Nc2ccnc3cc(Cl)ccc23)cc1O,IC50,'=',23.7,nM,7.62,,,UO_0000065,0,CHEMBL937848,organism-based format,,CHEMBL1155029,1,Scientific Literature,Bioorg Med Chem,,Antimalarial activity against chloroquine-sensitive Plasmodium falciparum D10 as LDH reporter activity,,,,D10,D10,,D10,7.63
CHEMBL2316520,,,393.92,1.0,5.22,72a Hybrid-2,Cc1ccc(/C=C/C(=O)NCCCCNc2ccnc3cc(Cl)ccc23)cc1,IC50,'=',11.0,nM,7.96,,,UO_0000065,0,CHEMBL4193441,organism-based format,,CHEMBL4190314,1,Scientific Literature,Eur J Med Chem,,Antimalarial activity against synchronous culture of Plasmodium falciparum W2 ring stage infected in human erythrocytes after 48 hrs by flow cytometry,,,,W2,W2,,W2,7.96
CHEMBL496028,,,379.89,1.0,5.46,4d,Clc1ccc([C@@H]2[C@H](OCc3ccccc3)COCN2c2ccccc2)cc1,IC50,'=',19350.0,nM,4.71,,,UO_0000065,0,CHEMBL1004946,organism-based format,,CHEMBL1136969,1,Scientific Literature,J Med Chem,,Antiplasmodial activity after 48 hrs against chloroquine-sensitive Plasmodium falciparum D10 infected human erythrocytes by LDH reporter assay,,,,D10,D10,,D10,4.71
CHEMBL3354990,,,386.58,1.0,5.72,8,CC(C)C[C@H]1C[C@@]2(CC[C@H]3C[C@@H]2C3(C)C)OC2=C1C(=O)C(C)(C)C(=O)C2(C)C,IC50,'=',16600.0,nM,4.78,,,UO_0000065,0,CHEMBL4150765,organism-based format,,CHEMBL4145643,1,Scientific Literature,J Nat Prod,,Antiplasmodial activity against drug-sensitive Plasmodium falciparum 3D7 ring stage infected in human erythrocytes after 72 hrs by DAPI staining based method,,,,3D7,3D7,,3D7,4.78
CHEMBL589733,,,315.68,0.0,4.32,665807,O=C(Nc1cccc(C(F)(F)F)c1)c1cc(Cl)ccc1O,IC50,'=',1088.0,nM,5.96,,,UO_0000065,0,CHEMBL3392923,organism-based format,,CHEMBL3392922,17,Medicines for Malaria Venture () Malaria Box,,,"MMV: IC50 determined against P. falciparum Dd2-luc strain using a Malaria Sybr Green I Fluorescence assay. Starting conditions were 1% trophozoite synchronised parasites at 2% haematocrit. Fluorescence detection completed after 48hr incubation at 37 degrees C under 1% O2, 3% CO2 and balance N2.",,,,Dd2-luc,Dd2,,Dd2,5.96
CHEMBL584676,,,274.39,0.0,3.85,9060,CCN(CC)c1ccc(NC(=O)c2cccs2)cc1,IC50,'=',513.9,nM,6.29,,,UO_0000065,0,CHEMBL3392923,organism-based format,,CHEMBL3392922,17,Medicines for Malaria Venture () Malaria Box,,,"MMV: IC50 determined against P. falciparum Dd2-luc strain using a Malaria Sybr Green I Fluorescence assay. Starting conditions were 1% trophozoite synchronised parasites at 2% haematocrit. Fluorescence detection completed after 48hr incubation at 37 degrees C under 1% O2, 3% CO2 and balance N2.",,,,Dd2-luc,Dd2,,Dd2,6.29
CHEMBL5271689,,,419.49,0.0,2.3,17c,COc1ccc(-c2cn(CCCCc3cn(Cc4cnc(C)nc4N)nn3)nn2)cc1,IC50,'=',44000.0,nM,4.36,,,UO_0000065,0,CHEMBL5260407,organism-based format,Erythrocyte,CHEMBL5257137,1,Scientific Literature,ACS Med Chem Lett,,Antiplasmodial activity against chloroquine-sensitive Plasmodium falciparum 3D7 expressing extra copies of GFP-tagged TPK plasmid infected in human erythrocyte assessed as inhibition of parasite proliferation in thiamine free medium by SYBR-Safe assay,,,,3D7,3D7,,3D7,4.36
CHEMBL5268763,,,291.31,0.0,-0.16,24b,Cc1ncc(Cn2cc(CCCC(=O)NO)nn2)c(N)n1,IC50,'=',2000.0,nM,5.7,,,UO_0000065,0,CHEMBL5260407,organism-based format,Erythrocyte,CHEMBL5257137,1,Scientific Literature,ACS Med Chem Lett,,Antiplasmodial activity against chloroquine-sensitive Plasmodium falciparum 3D7 expressing extra copies of GFP-tagged TPK plasmid infected in human erythrocyte assessed as inhibition of parasite proliferation in thiamine free medium by SYBR-Safe assay,,,,3D7,3D7,,3D7,5.7
CHEMBL4756181,,,442.44,0.0,4.01,9l2,Nc1ncc(-c2ccc(C(=O)N3CCC(O)CC3)cc2)nc1-c1ccc(C(F)(F)F)cc1,IC50,'=',179.0,nM,6.75,,,UO_0000065,0,CHEMBL4719503,organism-based format,,CHEMBL4715789,1,Scientific Literature,J Med Chem,,Antiplasmodial activity against late stage (IV/V) Plasmodium falciparum NF54 gametocytes incubated for 48 hrs by luciferase reporter gene assay,,,,NF54,NF54,,NF54,6.75
CHEMBL4756859,,,414.39,0.0,3.23,9f,Nc1ncc(-c2ccc(C(=O)N3CC(O)C3)cc2)nc1-c1ccc(C(F)(F)F)cc1,IC50,'=',415.0,nM,6.38,,,UO_0000065,0,CHEMBL4719504,organism-based format,,CHEMBL4715789,1,Scientific Literature,J Med Chem,,Antiplasmodial activity against early stage (II/III) Plasmodium falciparum NF54 gametocytes incubated for 48 hrs by luciferase reporter gene assay,,,,NF54,NF54,,NF54,6.38
CHEMBL4873869,,,432.54,1.0,5.82,30,CCN(CC)Cc1cc(C)cc(Nc2nc3ccccc3n2Cc2ccc(F)cc2)c1O,IC50,'=',880.0,nM,6.06,,,UO_0000065,0,CHEMBL4835672,organism-based format,,CHEMBL4834426,1,Scientific Literature,J Med Chem,,Antiplasmodial activity against asexual stage (I/III) Plasmodium falciparum NF54 early gametocytes transfected with GFP-Luc assessed as inhibition of exflagellation of male gametes incubated for 48 hrs by microscopy based luciferase reporter gene assay relative to control,,,,NF54,NF54,,NF54,6.06
CHEMBL4872706,,,454.5,1.0,5.97,32,CCNCc1cc(C)cc(Nc2nc3ccccc3n2Cc2ccc(C(F)(F)F)cc2)c1O,IC50,'=',990.0,nM,6.0,,,UO_0000065,0,CHEMBL4835672,organism-based format,,CHEMBL4834426,1,Scientific Literature,J Med Chem,,Antiplasmodial activity against asexual stage (I/III) Plasmodium falciparum NF54 early gametocytes transfected with GFP-Luc assessed as inhibition of exflagellation of male gametes incubated for 48 hrs by microscopy based luciferase reporter gene assay relative to control,,,,NF54,NF54,,NF54,6.0
CHEMBL256105,MONENSIN,2.0,670.88,1.0,4.27,Monensin,CC[C@@]1([C@@H]2O[C@@H]([C@H]3O[C@@](O)(CO)[C@H](C)C[C@@H]3C)C[C@@H]2C)CC[C@H]([C@]2(C)CC[C@]3(C[C@H](O)[C@@H](C)[C@@H]([C@@H](C)[C@@H](OC)[C@H](C)C(=O)O)O3)O2)O1,IC50,'<',0.001,nM,,Outside typical range,,UO_0000065,0,CHEMBL1262117,organism-based format,Hepatocyte,CHEMBL1255292,1,Scientific Literature,Antimicrob Agents Chemother,CHEMBL3308022,Antimicrobial activity against Plasmodium falciparum NF54 schizonts in mammalian hepatocytes after 96 hrs,,,,NF54,NF54,,NF54,12.0
CHEMBL580249,,,347.84,0.0,4.63,665800,CCOc1cc(Cl)c(C(C)NC(=O)c2ccccc2)cc1OCC,IC50,'=',827.8,nM,6.08,,,UO_0000065,0,CHEMBL3392923,organism-based format,,CHEMBL3392922,17,Medicines for Malaria Venture () Malaria Box,,,"MMV: IC50 determined against P. falciparum Dd2-luc strain using a Malaria Sybr Green I Fluorescence assay. Starting conditions were 1% trophozoite synchronised parasites at 2% haematocrit. Fluorescence detection completed after 48hr incubation at 37 degrees C under 1% O2, 3% CO2 and balance N2.",,,,Dd2-luc,Dd2,,Dd2,6.08
CHEMBL586933,,,339.35,0.0,3.31,665890,COc1ccc(-c2nonc2NC(=O)c2cccc(C)c2)cc1OC,IC50,'=',903.8,nM,6.04,,,UO_0000065,0,CHEMBL3392923,organism-based format,,CHEMBL3392922,17,Medicines for Malaria Venture () Malaria Box,,,"MMV: IC50 determined against P. falciparum Dd2-luc strain using a Malaria Sybr Green I Fluorescence assay. Starting conditions were 1% trophozoite synchronised parasites at 2% haematocrit. Fluorescence detection completed after 48hr incubation at 37 degrees C under 1% O2, 3% CO2 and balance N2.",,,,Dd2-luc,Dd2,,Dd2,6.04
CHEMBL600439,,,487.03,0.0,3.59,665914,COc1ccccc1N1CCN(C(CNS(=O)(=O)c2ccc(Cl)cc2)c2cccnc2)CC1,IC50,'=',913.0,nM,6.04,,,UO_0000065,0,CHEMBL3392923,organism-based format,,CHEMBL3392922,17,Medicines for Malaria Venture () Malaria Box,,,"MMV: IC50 determined against P. falciparum Dd2-luc strain using a Malaria Sybr Green I Fluorescence assay. Starting conditions were 1% trophozoite synchronised parasites at 2% haematocrit. Fluorescence detection completed after 48hr incubation at 37 degrees C under 1% O2, 3% CO2 and balance N2.",,,,Dd2-luc,Dd2,,Dd2,6.04
CHEMBL583844,,,423.43,0.0,3.39,665918,O=C(CSc1ccc2nnc(-c3cccc(F)c3)n2n1)Nc1ccc2c(c1)OCO2,IC50,'=',541.2,nM,6.27,,,UO_0000065,0,CHEMBL3392923,organism-based format,,CHEMBL3392922,17,Medicines for Malaria Venture () Malaria Box,,,"MMV: IC50 determined against P. falciparum Dd2-luc strain using a Malaria Sybr Green I Fluorescence assay. Starting conditions were 1% trophozoite synchronised parasites at 2% haematocrit. Fluorescence detection completed after 48hr incubation at 37 degrees C under 1% O2, 3% CO2 and balance N2.",,,,Dd2-luc,Dd2,,Dd2,6.27
CHEMBL602179,,,286.76,0.0,4.34,665924,COc1ccc(C(=O)C2CC2c2ccc(Cl)cc2)cc1,IC50,'=',3291.0,nM,5.48,,,UO_0000065,0,CHEMBL3392923,organism-based format,,CHEMBL3392922,17,Medicines for Malaria Venture () Malaria Box,,,"MMV: IC50 determined against P. falciparum Dd2-luc strain using a Malaria Sybr Green I Fluorescence assay. Starting conditions were 1% trophozoite synchronised parasites at 2% haematocrit. Fluorescence detection completed after 48hr incubation at 37 degrees C under 1% O2, 3% CO2 and balance N2.",,,,Dd2-luc,Dd2,,Dd2,5.48
CHEMBL416956,MEFLOQUINE,4.0,378.32,0.0,4.45,MFQ,OC(c1cc(C(F)(F)F)nc2c(C(F)(F)F)cccc12)C1CCCCN1,IC50,'=',13.15,nM,7.88,,,UO_0000065,0,CHEMBL1248670,organism-based format,,CHEMBL1240532,1,Scientific Literature,Science,,Antimalarial activity against Plasmodium falciparum Dd2 containing attB site inserted in parasite genome and using EF1-alpha promoter driven expressing wild type ATP4 after 72 hrs by SYBR green based fluorescence assay,,,,Dd2,Dd2,,Dd2,7.88
CHEMBL1256737,METHIOTHEPIN MESYLATE,,452.67,0.0,4.4,NCGC00094137-01,CS(=O)(=O)O.CSc1ccc2c(c1)C(N1CCN(C)CC1)Cc1ccccc1S2,IC50,'=',12589.25,nM,4.9,,,UO_0000065,0,CHEMBL1267249,organism-based format,,CHEMBL1255382,1,Scientific Literature,Nat Chem Biol,,Antiplasmodial activity against Plasmodium falciparum GB4 after 72 hrs by SYBR green assay,,,,GB4,GB4,,GB4,4.9
CHEMBL22077,HYCANTHONE,2.0,356.49,0.0,3.66,Hycanthone,CCN(CC)CCNc1ccc(CO)c2sc3ccccc3c(=O)c12,IC50,'=',3024.0,nM,5.52,,,UO_0000065,0,CHEMBL1678152,organism-based format,,CHEMBL1671701,1,Scientific Literature,Antimicrob Agents Chemother,,Antiplasmodial activity against Plasmodium falciparum 3D7 infected in RBCs by firefly luciferase reporter gene assay,,,,3D7,3D7,,3D7,5.52
CHEMBL261693,,,272.31,0.0,3.66,666021,Cc1ccc(-c2cc3c(nn2)-c2ccccc2C3=O)cc1,IC50,'=',1259.0,nM,5.9,,,UO_0000065,0,CHEMBL3392923,organism-based format,,CHEMBL3392922,17,Medicines for Malaria Venture () Malaria Box,,,"MMV: IC50 determined against P. falciparum Dd2-luc strain using a Malaria Sybr Green I Fluorescence assay. Starting conditions were 1% trophozoite synchronised parasites at 2% haematocrit. Fluorescence detection completed after 48hr incubation at 37 degrees C under 1% O2, 3% CO2 and balance N2.",,,,Dd2-luc,Dd2,,Dd2,5.9
CHEMBL585686,,,422.96,0.0,3.07,666093,CCCC(c1nnnn1C1CCCCC1)N1CCN(C(=O)c2ccco2)CC1.Cl,IC50,'=',518.3,nM,6.29,,,UO_0000065,0,CHEMBL3392923,organism-based format,,CHEMBL3392922,17,Medicines for Malaria Venture () Malaria Box,,,"MMV: IC50 determined against P. falciparum Dd2-luc strain using a Malaria Sybr Green I Fluorescence assay. Starting conditions were 1% trophozoite synchronised parasites at 2% haematocrit. Fluorescence detection completed after 48hr incubation at 37 degrees C under 1% O2, 3% CO2 and balance N2.",,,,Dd2-luc,Dd2,,Dd2,6.29
CHEMBL5275788,,,539.6,2.0,5.06,47a,C[C@H]1[C@H](N2CCN(C(=O)Nc3ccc(C(F)(F)F)cc3)CC2)O[C@@H]2O[C@]3(C)CC[C@H]4[C@H](C)CC[C@@H]1[C@@]24OO3,IC50,'=',0.6,nM,9.22,,,UO_0000065,0,CHEMBL5246817,organism-based format,,CHEMBL5244272,1,Scientific Literature,Eur J Med Chem,,Antimalarial activity against late blood stage Plasmodium falciparum NF54 gametocytes,,,,NF54,NF54,,NF54,9.22
CHEMBL170724,,,308.39,0.0,3.8,"5c, NCGC00262650",COc1ccc(-c2cn(C3CCCC3)c3ncnc(N)c23)cc1,IC50,'=',9800.0,nM,5.01,,,UO_0000065,0,CHEMBL3598565,organism-based format,,CHEMBL3596135,1,Scientific Literature,Medchemcomm,,Antimalarial activity against Plasmodium falciparum FVO schizont infected in RBC assessed as inhibition of merozoite invasion after 3 to 4 hrs by flow cytometric analysis,,,,FVO,FVO,,FVO,5.01
CHEMBL4798032,,,427.43,0.0,3.46,3,Nc1ncc(-c2ccc(C(=O)N3CCNCC3)cc2)nc1-c1ccc(C(F)(F)F)cc1,IC50,'=',66.0,nM,7.18,,,UO_0000065,0,CHEMBL4719503,organism-based format,,CHEMBL4715789,1,Scientific Literature,J Med Chem,,Antiplasmodial activity against late stage (IV/V) Plasmodium falciparum NF54 gametocytes incubated for 48 hrs by luciferase reporter gene assay,,,,NF54,NF54,,NF54,7.18
CHEMBL47940,,,370.46,1.0,5.59,"5b, NCGC00015280",Nc1ncnc2c1c(-c1ccc(Oc3ccccc3)cc1)cn2C1CCCC1,IC50,'=',30000.0,nM,4.52,,,UO_0000065,0,CHEMBL3598565,organism-based format,,CHEMBL3596135,1,Scientific Literature,Medchemcomm,,Antimalarial activity against Plasmodium falciparum FVO schizont infected in RBC assessed as inhibition of merozoite invasion after 3 to 4 hrs by flow cytometric analysis,,,,FVO,FVO,,FVO,4.52
CHEMBL3798291,,,421.38,0.0,4.53,11,Nc1ccc(-c2ccc3ncc4[nH]c(=O)n(-c5cccc(C(F)(F)F)c5)c4c3c2)cn1,IC50,'=',97.0,nM,7.01,,,UO_0000065,0,CHEMBL3800921,organism-based format,,CHEMBL3797182,1,Scientific Literature,Bioorg Med Chem Lett,,Gametocytocidal activity against chloroquine-sensitive late gametocytic stage (III to V) of Plasmodium falciparum 3D7 after 72 hrs by Alamar Blue assay,,,,3D7,3D7,,3D7,7.01
CHEMBL4070434,,,361.49,0.0,4.43,52,CCNCCNc1cc(C2CCCCC2)c(C#N)c2nc3ccccc3n12,IC50,'=',460.0,nM,6.34,,,UO_0000065,0,CHEMBL3996812,assay format,,CHEMBL3994624,1,Scientific Literature,J Med Chem,,Anti-plasmodial activity against chloroquine-sensitive Plasmodium falciparum NF54 late 4/5 stage gametocytes assessed as reduction in ATP levels after 24 hrs by BacTiter-Glo reagent based bioluminescence assay,,,,NF54,NF54,,NF54,6.34
CHEMBL3039527,QUISINOSTAT HYDROCHLORIDE,-1.0,430.94,0.0,2.09,1,Cl.Cn1cc(CNCC2CCN(c3ncc(C(=O)NO)cn3)CC2)c2ccccc21,IC50,'=',23.7,nM,7.62,,,UO_0000065,0,CHEMBL4714008,organism-based format,,CHEMBL4706683,1,Scientific Literature,J Med Chem,,Antimalarial activity against synchronized schizont stage transgenic Plasmodium falciparum 3D7 with C-terminal glmS-fused HDAC2 knockdown assessed as parasite growth inhibition pretreated with glucosamine followed by compound treatment and incubated for 4 hrs followed by compound washout for thrice and subsequent culturing for 68 hrs by SYBR Green 1 staining based analysis,,,,3D7,3D7,,3D7,7.63
CHEMBL4763061,,,442.95,0.0,2.57,11,Cl.O=C(NO)c1cnc(N2CCC3(CCN(Cc4c[nH]c5ccccc45)C3)CC2)nc1,IC50,'=',69.5,nM,7.16,,,UO_0000065,0,CHEMBL4714008,organism-based format,,CHEMBL4706683,1,Scientific Literature,J Med Chem,,Antimalarial activity against synchronized schizont stage transgenic Plasmodium falciparum 3D7 with C-terminal glmS-fused HDAC2 knockdown assessed as parasite growth inhibition pretreated with glucosamine followed by compound treatment and incubated for 4 hrs followed by compound washout for thrice and subsequent culturing for 68 hrs by SYBR Green 1 staining based analysis,,,,3D7,3D7,,3D7,7.16
CHEMBL4162282,,,460.53,0.0,3.46,1l,Cc1ccc(NC(=O)CN(Cc2ccc(C(=O)NO)cc2)C(=O)c2ccc(N(C)C)cc2)cc1,IC50,'=',5900.0,nM,5.23,,,UO_0000065,0,CHEMBL4268538,organism-based format,,CHEMBL4265952,1,Scientific Literature,Eur J Med Chem,,Gametocytocidal activity against transgenic GFP-fused Plasmodium falciparum NF54 early stage gametocytes after 72 hrs by Mitotracker Red CMH2XRos staining based imaging method,,,,NF54,NF54,,NF54,5.23
CHEMBL4453808,,,432.71,1.0,8.86,1k,C/C(=C\CSc1ccccc1C(=O)O)CCCC(C)CCCC(C)CCCC(C)C,IC50,'=',13400.0,nM,4.87,,,UO_0000065,0,CHEMBL4312172,organism-based format,,CHEMBL4311937,1,Scientific Literature,Medchemcomm,,Antimalarial activity against synchronized ring stage Plasmodium falciparum 3D7 transfected with nano-luciferase assessed as parasite growth inhibition after 72 hrs by Nano-Glo luciferase assay,,,,3D7,3D7,,3D7,4.87
CHEMBL591623,,,417.44,0.0,4.96,604,COc1ccc(-c2cc(=O)oc3c4c(ccc23)OCN(Cc2ccc(F)cc2)C4)cc1,IC50,'=',850.7,nM,6.07,,,UO_0000065,0,CHEMBL3392923,organism-based format,,CHEMBL3392922,17,Medicines for Malaria Venture () Malaria Box,,,"MMV: IC50 determined against P. falciparum Dd2-luc strain using a Malaria Sybr Green I Fluorescence assay. Starting conditions were 1% trophozoite synchronised parasites at 2% haematocrit. Fluorescence detection completed after 48hr incubation at 37 degrees C under 1% O2, 3% CO2 and balance N2.",,,,Dd2-luc,Dd2,,Dd2,6.07
CHEMBL494669,,,319.45,0.0,4.59,"Table 2, R2C2",Cc1cc(NCCN2CCCCC2)c2ccc3ccccc3c2n1,IC50,'=',308.9,nM,6.51,,,UO_0000065,0,CHEMBL3392923,organism-based format,,CHEMBL3392922,17,Medicines for Malaria Venture () Malaria Box,,,"MMV: IC50 determined against P. falciparum Dd2-luc strain using a Malaria Sybr Green I Fluorescence assay. Starting conditions were 1% trophozoite synchronised parasites at 2% haematocrit. Fluorescence detection completed after 48hr incubation at 37 degrees C under 1% O2, 3% CO2 and balance N2.",,,,Dd2-luc,Dd2,,Dd2,6.51
CHEMBL1800559,,,423.44,1.0,5.07,8,CCNCCNc1cc(-c2ccc(C(F)(F)F)cc2)c(C#N)c2nc3ccccc3n12,IC50,'=',620.0,nM,6.21,,,UO_0000065,0,CHEMBL3996813,assay format,,CHEMBL3994624,1,Scientific Literature,J Med Chem,,Anti-plasmodial activity against chloroquine-sensitive Plasmodium falciparum NF54 late 4/5 stage gametocytes after 48 hrs by luciferin-luciferase reaction based bioluminescence assay,,,,NF54,NF54,,NF54,6.21
CHEMBL554190,QUINACRINE DIHYDROCHLORIDE,,472.89,1.0,5.97,Quinacrine Hydrochloride,CCN(CC)CCCC(C)Nc1c2ccc(Cl)cc2nc2ccc(OC)cc12.Cl.Cl,IC50,'=',1.0,nM,9.0,,,UO_0000065,0,CHEMBL1678152,organism-based format,,CHEMBL1671701,1,Scientific Literature,Antimicrob Agents Chemother,,Antiplasmodial activity against Plasmodium falciparum 3D7 infected in RBCs by firefly luciferase reporter gene assay,,,,3D7,3D7,,3D7,9.0
CHEMBL1256647,,,386.03,,,Hexahydro-sila-difenidol hydrochloride,Cl.O[Si](CCCN1CCCCC1)(c1ccc(F)cc1)C1CCCCC1,IC50,'=',4.0,nM,8.4,,,UO_0000065,0,CHEMBL1678152,organism-based format,,CHEMBL1671701,1,Scientific Literature,Antimicrob Agents Chemother,,Antiplasmodial activity against Plasmodium falciparum 3D7 infected in RBCs by firefly luciferase reporter gene assay,,,,3D7,3D7,,3D7,8.4
CHEMBL1256788,,,301.83,0.0,3.51,S(-)-UH-301 Hydrochloride,CCCN(CCC)[C@H]1CCc2c(F)ccc(O)c2C1.Cl,IC50,'=',5.0,nM,8.3,,,UO_0000065,0,CHEMBL1678152,organism-based format,,CHEMBL1671701,1,Scientific Literature,Antimicrob Agents Chemother,,Antiplasmodial activity against Plasmodium falciparum 3D7 infected in RBCs by firefly luciferase reporter gene assay,,,,3D7,3D7,,3D7,8.3
CHEMBL1017,TELMISARTAN,4.0,514.63,2.0,7.26,Telmisartan,CCCc1nc2c(C)cc(-c3nc4ccccc4n3C)cc2n1Cc1ccc(-c2ccccc2C(=O)O)cc1,IC50,'=',1612.0,nM,5.79,,,UO_0000065,0,CHEMBL1678152,organism-based format,,CHEMBL1671701,1,Scientific Literature,Antimicrob Agents Chemother,,Antiplasmodial activity against Plasmodium falciparum 3D7 infected in RBCs by firefly luciferase reporter gene assay,,,,3D7,3D7,,3D7,5.79
CHEMBL72844,AMINOPOTENTIDINE,,477.61,0.0,2.47,Aminopotentidine,N#CN/C(=N\CCNC(=O)c1ccc(N)cc1)NCCCOc1cccc(CN2CCCCC2)c1,IC50,'=',14700.0,nM,4.83,,,UO_0000065,0,CHEMBL1678152,organism-based format,,CHEMBL1671701,1,Scientific Literature,Antimicrob Agents Chemother,,Antiplasmodial activity against Plasmodium falciparum 3D7 infected in RBCs by firefly luciferase reporter gene assay,,,,3D7,3D7,,3D7,4.83
CHEMBL416956,MEFLOQUINE,4.0,378.32,0.0,4.45,MFQ,OC(c1cc(C(F)(F)F)nc2c(C(F)(F)F)cccc12)C1CCCCN1,IC50,'=',12.5,nM,7.9,,,UO_0000065,0,CHEMBL1248671,organism-based format,,CHEMBL1240532,1,Scientific Literature,Science,,Antimalarial activity against Plasmodium falciparum Dd2 containing attB site inserted in parasite genome and using EF1-alpha promoter driven expressing ATP4 D1247Y mutant after 72 hrs by SYBR green based fluorescence assay,,,,Dd2,Dd2,,Dd2,7.9
CHEMBL269671,,,282.34,0.0,2.39,Artemisinin,C[C@@H]1CC[C@H]2[C@@H](C)C(=O)O[C@@H]3O[C@@]4(C)CC[C@@H]1[C@]32OO4,IC50,'=',200.0,nM,6.7,,,UO_0000065,0,CHEMBL941604,organism-based format,,CHEMBL1137633,1,Scientific Literature,Antimicrob Agents Chemother,,Antiplasmodial activity against chloroquine and pyrimethamine-resistant Plasmodium falciparum K1 infected mice (Mus musculus) macrophage by reporter dye assay,,,,K1,K1,,K1,6.7
CHEMBL307261,,,284.35,0.0,2.19,Dihydroartemisinin,C[C@H]1[C@@H](O)O[C@@H]2O[C@@]3(C)CC[C@H]4[C@H](C)CC[C@@H]1[C@@]24OO3,IC50,'=',0.6,nM,9.22,,,UO_0000065,0,CHEMBL1678152,organism-based format,,CHEMBL1671701,1,Scientific Literature,Antimicrob Agents Chemother,,Antiplasmodial activity against Plasmodium falciparum 3D7 infected in RBCs by firefly luciferase reporter gene assay,,,,3D7,3D7,,3D7,9.22
CHEMBL1450,ATOVAQUONE,4.0,366.84,1.0,5.51,Atovaquone,O=C1C(O)=C([C@H]2CC[C@H](c3ccc(Cl)cc3)CC2)C(=O)c2ccccc21,IC50,'=',0.41,nM,9.39,,,UO_0000065,0,CHEMBL1678152,organism-based format,,CHEMBL1671701,1,Scientific Literature,Antimicrob Agents Chemother,,Antiplasmodial activity against Plasmodium falciparum 3D7 infected in RBCs by firefly luciferase reporter gene assay,,,,3D7,3D7,,3D7,9.39
CHEMBL1257106,AMPEROZIDE HYDROCHLORIDE,,437.96,0.0,4.22,Amperozide Hydrochloride,CCNC(=O)N1CCN(CCCC(c2ccc(F)cc2)c2ccc(F)cc2)CC1.Cl,IC50,'=',35.0,nM,7.46,,,UO_0000065,0,CHEMBL1678152,organism-based format,,CHEMBL1671701,1,Scientific Literature,Antimicrob Agents Chemother,,Antiplasmodial activity against Plasmodium falciparum 3D7 infected in RBCs by firefly luciferase reporter gene assay,,,,3D7,3D7,,3D7,7.46
CHEMBL5434807,,,457.46,0.0,4.15,11,FC(F)(F)c1nc(-c2ccc(CCN3CCC(Nc4nc5cnccc5[nH]4)CC3)cc2)no1,IC50,'=',1240.0,nM,5.91,,,UO_0000065,0,CHEMBL5338529,organism-based format,,CHEMBL5335864,1,Scientific Literature,ACS Med Chem Lett,,Antiplasmodial activity against immature stage gametocytes Plasmodium falciparum NF54 incubated for 48 hrs by luciferase activity assay,,,,NF54,NF54,,NF54,5.91
CHEMBL3797306,,,422.37,0.0,3.93,20,Nc1ncc(-c2ccc3ncc4[nH]c(=O)n(-c5cccc(C(F)(F)F)c5)c4c3c2)cn1,IC50,'=',450.0,nM,6.35,,,UO_0000065,0,CHEMBL3800921,organism-based format,,CHEMBL3797182,1,Scientific Literature,Bioorg Med Chem Lett,,Gametocytocidal activity against chloroquine-sensitive late gametocytic stage (III to V) of Plasmodium falciparum 3D7 after 72 hrs by Alamar Blue assay,,,,3D7,3D7,,3D7,6.35
CHEMBL587104,,,372.42,1.0,5.13,20750,COc1cc(-c2nc(-c3ccccc3)c(-c3ccccc3)[nH]2)cc(OC)c1O,IC50,'=',1544.0,nM,5.81,,,UO_0000065,0,CHEMBL3392923,organism-based format,,CHEMBL3392922,17,Medicines for Malaria Venture () Malaria Box,,,"MMV: IC50 determined against P. falciparum Dd2-luc strain using a Malaria Sybr Green I Fluorescence assay. Starting conditions were 1% trophozoite synchronised parasites at 2% haematocrit. Fluorescence detection completed after 48hr incubation at 37 degrees C under 1% O2, 3% CO2 and balance N2.",,,,Dd2-luc,Dd2,,Dd2,5.81
CHEMBL591887,,,383.49,0.0,3.79,666109,CCOC(=O)C1(Cc2ccccc2)CCN(Cc2cccc(OC)c2O)CC1,IC50,'=',2199.0,nM,5.66,,,UO_0000065,0,CHEMBL3392923,organism-based format,,CHEMBL3392922,17,Medicines for Malaria Venture () Malaria Box,,,"MMV: IC50 determined against P. falciparum Dd2-luc strain using a Malaria Sybr Green I Fluorescence assay. Starting conditions were 1% trophozoite synchronised parasites at 2% haematocrit. Fluorescence detection completed after 48hr incubation at 37 degrees C under 1% O2, 3% CO2 and balance N2.",,,,Dd2-luc,Dd2,,Dd2,5.66
CHEMBL597262,,,260.35,0.0,0.94,667487,CN(C)c1ccc(N2C(N)=NC(N)=NC2(C)C)cc1,IC50,'=',158.3,nM,6.8,,,UO_0000065,0,CHEMBL3392923,organism-based format,,CHEMBL3392922,17,Medicines for Malaria Venture () Malaria Box,,,"MMV: IC50 determined against P. falciparum Dd2-luc strain using a Malaria Sybr Green I Fluorescence assay. Starting conditions were 1% trophozoite synchronised parasites at 2% haematocrit. Fluorescence detection completed after 48hr incubation at 37 degrees C under 1% O2, 3% CO2 and balance N2.",,,,Dd2-luc,Dd2,,Dd2,6.8
CHEMBL529603,,,270.33,0.0,4.9,665891,c1ccc(-c2ccc(-c3nc4ccccc4[nH]3)cc2)cc1,IC50,'=',2001.0,nM,5.7,,,UO_0000065,0,CHEMBL3392923,organism-based format,,CHEMBL3392922,17,Medicines for Malaria Venture () Malaria Box,,,"MMV: IC50 determined against P. falciparum Dd2-luc strain using a Malaria Sybr Green I Fluorescence assay. Starting conditions were 1% trophozoite synchronised parasites at 2% haematocrit. Fluorescence detection completed after 48hr incubation at 37 degrees C under 1% O2, 3% CO2 and balance N2.",,,,Dd2-luc,Dd2,,Dd2,5.7
CHEMBL580140,,,362.44,0.0,4.5,665979,FC(F)(F)c1cccc(CNC2CCN(CCc3ccccc3)CC2)c1,IC50,'=',490.3,nM,6.31,,,UO_0000065,0,CHEMBL3392923,organism-based format,,CHEMBL3392922,17,Medicines for Malaria Venture () Malaria Box,,,"MMV: IC50 determined against P. falciparum Dd2-luc strain using a Malaria Sybr Green I Fluorescence assay. Starting conditions were 1% trophozoite synchronised parasites at 2% haematocrit. Fluorescence detection completed after 48hr incubation at 37 degrees C under 1% O2, 3% CO2 and balance N2.",,,,Dd2-luc,Dd2,,Dd2,6.31
CHEMBL602127,,,458.63,0.0,4.56,561,CCCN(CCC)CCCNC(=O)c1cc2c(-c3ccc(OC)c(OC)c3)nn(C)c2s1,IC50,'=',1159.0,nM,5.94,,,UO_0000065,0,CHEMBL3392923,organism-based format,,CHEMBL3392922,17,Medicines for Malaria Venture () Malaria Box,,,"MMV: IC50 determined against P. falciparum Dd2-luc strain using a Malaria Sybr Green I Fluorescence assay. Starting conditions were 1% trophozoite synchronised parasites at 2% haematocrit. Fluorescence detection completed after 48hr incubation at 37 degrees C under 1% O2, 3% CO2 and balance N2.",,,,Dd2-luc,Dd2,,Dd2,5.94
CHEMBL76,CHLOROQUINE,4.0,319.88,0.0,4.81,Chloroquine,CCN(CC)CCCC(C)Nc1ccnc2cc(Cl)ccc12,IC50,'=',22.0,nM,7.66,,,UO_0000065,0,CHEMBL1678152,organism-based format,,CHEMBL1671701,1,Scientific Literature,Antimicrob Agents Chemother,,Antiplasmodial activity against Plasmodium falciparum 3D7 infected in RBCs by firefly luciferase reporter gene assay,,,,3D7,3D7,,3D7,7.66
CHEMBL4754520,,,814.3,2.0,6.23,4,CN[C@@H](CCN(C)CCc1cc(OC)c(Br)cc1Br)C(=O)N(C)CCCN(C)CCc1cc(OC)c(Br)cc1Br,IC50,'=',570.0,nM,6.24,,,UO_0000065,0,CHEMBL4704471,organism-based format,,CHEMBL4699594,1,Scientific Literature,J Nat Prod,,Antiplasmodial activity against chloroquine-sensitive Plasmodium falciparum 3D7 ring stage incubated for 72 hrs by DAPI-staining based imaging analysis,,,,3D7,3D7,,3D7,6.24
CHEMBL4238087,,,295.39,0.0,2.91,24,N#Cc1ccc(-c2ccc(CNCC3CCNCC3)o2)cc1,IC50,'=',18400.0,nM,4.74,,,UO_0000065,0,CHEMBL4231438,organism-based format,,CHEMBL4229360,1,Scientific Literature,Eur J Med Chem,,Gametocytocidal activity against Plasmodium falciparum 3D7 elo1-pfs16-CBG99 late-stage (4 to 5) gametocytes assessed as inhibition of parasite viability after 72 hrs by luciferase reporter assay,,,,3D7,3D7,,3D7,4.74
CHEMBL4246056,,,349.27,0.0,3.8,9,Brc1ccc(-c2ccc(CNCC3CCNCC3)o2)cc1,IC50,'=',4400.0,nM,5.36,,,UO_0000065,0,CHEMBL4231438,organism-based format,,CHEMBL4229360,1,Scientific Literature,Eur J Med Chem,,Gametocytocidal activity against Plasmodium falciparum 3D7 elo1-pfs16-CBG99 late-stage (4 to 5) gametocytes assessed as inhibition of parasite viability after 72 hrs by luciferase reporter assay,,,,3D7,3D7,,3D7,5.36
CHEMBL4245585,,,286.38,0.0,2.74,12,Oc1ccccc1-c1ccc(CNCC2CCNCC2)o1,IC50,'=',290.0,nM,6.54,,,UO_0000065,0,CHEMBL4231440,organism-based format,,CHEMBL4229360,1,Scientific Literature,Eur J Med Chem,,Gametocytocidal activity against Plasmodium falciparum NF54 HGL gametocytes assessed as inhibition of parasite viability after 72 hrs by ONE-Glo reagent based luminescence assay,,,,NF54 HGL,NF54 HGL,,NF54-HGL,6.54
CHEMBL4245012,,,399.79,0.0,4.92,30,Clc1ccc(-c2ccc(CNCC3CCNCC3)s2)c(Br)c1,IC50,'=',28.0,nM,7.55,,,UO_0000065,0,CHEMBL4231440,organism-based format,,CHEMBL4229360,1,Scientific Literature,Eur J Med Chem,,Gametocytocidal activity against Plasmodium falciparum NF54 HGL gametocytes assessed as inhibition of parasite viability after 72 hrs by ONE-Glo reagent based luminescence assay,,,,NF54 HGL,NF54 HGL,,NF54-HGL,7.55
CHEMBL4240668,,,371.71,0.0,4.4,45,CN(C)CCCNCc1ccc(-c2ccc(Br)cc2Cl)o1,IC50,'=',1100.0,nM,5.96,,,UO_0000065,0,CHEMBL4231438,organism-based format,,CHEMBL4229360,1,Scientific Literature,Eur J Med Chem,,Gametocytocidal activity against Plasmodium falciparum 3D7 elo1-pfs16-CBG99 late-stage (4 to 5) gametocytes assessed as inhibition of parasite viability after 72 hrs by luciferase reporter assay,,,,3D7,3D7,,3D7,5.96
CHEMBL207990,EPOXOMYCIN,,554.73,1.0,1.16,Epoxomicin,CC[C@H](C)[C@H](NC(=O)[C@H]([C@@H](C)CC)N(C)C(C)=O)C(=O)N[C@H](C(=O)N[C@@H](CC(C)C)C(=O)[C@@]1(C)CO1)[C@@H](C)O,IC50,'=',7.0,nM,8.15,,,UO_0000065,0,CHEMBL4231438,organism-based format,,CHEMBL4229360,1,Scientific Literature,Eur J Med Chem,,Gametocytocidal activity against Plasmodium falciparum 3D7 elo1-pfs16-CBG99 late-stage (4 to 5) gametocytes assessed as inhibition of parasite viability after 72 hrs by luciferase reporter assay,,,,3D7,3D7,,3D7,8.15
CHEMBL4582800,,,391.31,0.0,2.93,27,CCC[n+]1c2c(n(CC(C)C)c1C)C(=O)c1ccccc1C2=O.[Br-],IC50,'=',842.0,nM,6.08,,,UO_0000065,0,CHEMBL4338839,organism-based format,,CHEMBL4334542,1,Scientific Literature,ACS Med Chem Lett,,Antimalarial activity against Plasmodium falciparum NF54 late gametocytes transfected with luciferase gene incubated for 48 hrs by luciferase reporter gene assay,,,,NF54,NF54,,NF54,6.07
CHEMBL4745404,,,496.53,0.0,3.89,98,N[C@H](C(=O)N1CC(CNc2ccc(F)cc2)C2(C1)CN(c1cc(F)cc(F)c1)C2)c1ccc(O)cc1,IC50,'=',27.0,nM,7.57,,,UO_0000065,0,CHEMBL4737844,organism-based format,,CHEMBL4732202,1,Scientific Literature,J Med Chem,,Antiplasmodial activity against asexual stage (V) Plasmodium falciparum NF54 gametocytes assessed as inhibition of exflagellation of male gametes measured at 15 to 22.5 min by microscopic based analysis,,,,NF54,NF54,,NF54,7.57
CHEMBL600319,,,410.86,0.0,3.32,36,CC(=O)N(C1=C(N2CCOCC2)C(=O)c2ccccc2C1=O)c1cccc(Cl)c1,IC50,'=',790.0,nM,6.1,,,UO_0000065,0,CHEMBL1678152,organism-based format,,CHEMBL1671701,1,Scientific Literature,Antimicrob Agents Chemother,,Antiplasmodial activity against Plasmodium falciparum 3D7 infected in RBCs by firefly luciferase reporter gene assay,,,,3D7,3D7,,3D7,6.1
CHEMBL935,PENTAMIDINE ISETHIONATE,,466.56,0.0,2.88,Pentamidine Isethionate,N=C(N)c1ccc(OCCCCCOc2ccc(C(=N)N)cc2)cc1.O=S(=O)(O)CCO,IC50,'=',42.0,nM,7.38,,,UO_0000065,0,CHEMBL1678152,organism-based format,,CHEMBL1671701,1,Scientific Literature,Antimicrob Agents Chemother,,Antiplasmodial activity against Plasmodium falciparum 3D7 infected in RBCs by firefly luciferase reporter gene assay,,,,3D7,3D7,,3D7,7.38
CHEMBL416956,MEFLOQUINE,4.0,378.32,0.0,4.45,MFQ,OC(c1cc(C(F)(F)F)nc2c(C(F)(F)F)cccc12)C1CCCCN1,IC50,'=',14.07,nM,7.85,,,UO_0000065,0,CHEMBL1248672,organism-based format,,CHEMBL1240532,1,Scientific Literature,Science,,Antimalarial activity against Plasmodium falciparum Dd2 containing attB site inserted in parasite genome and using EF1-alpha promoter driven expressing ATP4 I398F/P990R mutant after 72 hrs by SYBR green based fluorescence assay,,,,Dd2,Dd2,,Dd2,7.85
CHEMBL4449624,,,459.7,1.0,7.75,2m,CCCCCCCCCCCCCCCCn1cc(CSc2ccccc2C(=O)O)nn1,IC50,'=',14440.0,nM,4.84,,,UO_0000065,0,CHEMBL4312172,organism-based format,,CHEMBL4311937,1,Scientific Literature,Medchemcomm,,Antimalarial activity against synchronized ring stage Plasmodium falciparum 3D7 transfected with nano-luciferase assessed as parasite growth inhibition after 72 hrs by Nano-Glo luciferase assay,,,,3D7,3D7,,3D7,4.84
CHEMBL3797847,,,470.45,1.0,6.11,27,Cn1c(=O)n(-c2cccc(C(F)(F)F)c2)c2c3cc(-c4cnc5ccccc5c4)ccc3ncc21,IC50,'=',5270.0,nM,5.28,,,UO_0000065,0,CHEMBL3800921,organism-based format,,CHEMBL3797182,1,Scientific Literature,Bioorg Med Chem Lett,,Gametocytocidal activity against chloroquine-sensitive late gametocytic stage (III to V) of Plasmodium falciparum 3D7 after 72 hrs by Alamar Blue assay,,,,3D7,3D7,,3D7,5.28
CHEMBL3799273,,,483.47,0.0,4.96,42,CS(=O)(=O)c1ccc(-c2ccc3ncc4[nH]c(=O)n(-c5cccc(C(F)(F)F)c5)c4c3c2)cc1,IC50,'=',1110.0,nM,5.96,,,UO_0000065,0,CHEMBL3800921,organism-based format,,CHEMBL3797182,1,Scientific Literature,Bioorg Med Chem Lett,,Gametocytocidal activity against chloroquine-sensitive late gametocytic stage (III to V) of Plasmodium falciparum 3D7 after 72 hrs by Alamar Blue assay,,,,3D7,3D7,,3D7,5.95
CHEMBL3800536,,,437.4,1.0,5.7,54,Cn1c(=O)n(-c2cccc(C(F)(F)F)c2)c2c3cc(-c4ccc(F)cc4)ccc3ncc21,IC50,'=',5590.0,nM,5.25,,,UO_0000065,0,CHEMBL3800921,organism-based format,,CHEMBL3797182,1,Scientific Literature,Bioorg Med Chem Lett,,Gametocytocidal activity against chloroquine-sensitive late gametocytic stage (III to V) of Plasmodium falciparum 3D7 after 72 hrs by Alamar Blue assay,,,,3D7,3D7,,3D7,5.25
CHEMBL3797697,,,378.4,0.0,3.38,59,N#Cc1ccc(-n2c(=O)[nH]c3cnc4ccc(-c5ccc(N)nc5)cc4c32)cc1,IC50,'=',482.0,nM,6.32,,,UO_0000065,0,CHEMBL3800921,organism-based format,,CHEMBL3797182,1,Scientific Literature,Bioorg Med Chem Lett,,Gametocytocidal activity against chloroquine-sensitive late gametocytic stage (III to V) of Plasmodium falciparum 3D7 after 72 hrs by Alamar Blue assay,,,,3D7,3D7,,3D7,6.32
CHEMBL3799445,,,367.41,0.0,3.52,63,Cn1c(=O)n(-c2ccccc2)c2c3cc(-c4ccc(N)nc4)ccc3ncc21,IC50,'=',219.0,nM,6.66,,,UO_0000065,0,CHEMBL3800921,organism-based format,,CHEMBL3797182,1,Scientific Literature,Bioorg Med Chem Lett,,Gametocytocidal activity against chloroquine-sensitive late gametocytic stage (III to V) of Plasmodium falciparum 3D7 after 72 hrs by Alamar Blue assay,,,,3D7,3D7,,3D7,6.66
CHEMBL269671,,,282.34,0.0,2.39,Artemisinin,C[C@@H]1CC[C@H]2[C@@H](C)C(=O)O[C@@H]3O[C@@]4(C)CC[C@@H]1[C@]32OO4,IC50,'=',12.0,nM,7.92,,,UO_0000065,0,CHEMBL3223115,organism-based format,,CHEMBL3217651,1,Scientific Literature,Medchemcomm,,Antimalarial activity against chloroquine-sensitive Plasmodium falciparum 3D7 infected in human erythrocytes after 96 hrs by luciferase based delayed death assay,,,,3D7,3D7,,3D7,7.92
CHEMBL3797643,,,420.39,0.0,4.96,15,Cn1c(=O)n(-c2cccc(C(F)(F)F)c2)c2c3cc(-c4cccnc4)ccc3ncc21,IC50,'=',236.0,nM,6.63,,,UO_0000065,0,CHEMBL3800921,organism-based format,,CHEMBL3797182,1,Scientific Literature,Bioorg Med Chem Lett,,Gametocytocidal activity against chloroquine-sensitive late gametocytic stage (III to V) of Plasmodium falciparum 3D7 after 72 hrs by Alamar Blue assay,,,,3D7,3D7,,3D7,6.63
CHEMBL4458088,,,363.26,0.0,2.05,25,Cc1n(CC(C)C)c2c([n+]1C)C(=O)c1ccccc1C2=O.[Br-],IC50,'=',41.0,nM,7.39,,,UO_0000065,0,CHEMBL4338838,organism-based format,,CHEMBL4334542,1,Scientific Literature,ACS Med Chem Lett,,Antimalarial activity against Plasmodium falciparum NF54 early gametocytes transfected with luciferase gene incubated for 48 hrs by luciferase reporter gene assay,,,,NF54,NF54,,NF54,7.39
CHEMBL4754520,,,814.3,2.0,6.23,4,CN[C@@H](CCN(C)CCc1cc(OC)c(Br)cc1Br)C(=O)N(C)CCCN(C)CCc1cc(OC)c(Br)cc1Br,IC50,'=',850.0,nM,6.07,,,UO_0000065,0,CHEMBL4704472,organism-based format,,CHEMBL4699594,1,Scientific Literature,J Nat Prod,,Antiplasmodial activity against chloroquine-resistant Plasmodium falciparum Dd2 ring stage incubated for 72 hrs by DAPI-staining based imaging analysis,,,,Dd2,Dd2,,Dd2,6.07
CHEMBL4753689,,,481.52,0.0,4.43,84,O=C(Cc1ccc(O)c(F)c1)N1CC(CNc2ccc(F)cc2)C2(C1)CN(c1ccc(F)cc1)C2,IC50,'=',360.0,nM,6.44,,,UO_0000065,0,CHEMBL4737829,organism-based format,Erythrocyte,CHEMBL4732202,1,Scientific Literature,J Med Chem,,Antiplasmodial activity against multidrug-sensitive Plasmodium falciparum NF54 transfected with GFP-Luc infected in human erythrocytes assessed as reduction in [3H]-hypoxanthine incorporation pretreated for 48 hrs followed by [3H]-hypoxanthine addition measured after 24 hrs by liquid scintillation counting method,,,,NF54,NF54,,NF54,6.44
CHEMBL90,HISTAMINE,4.0,111.15,0.0,-0.09,Histamine,NCCc1c[nH]cn1,IC50,'=',660.0,nM,6.18,,,UO_0000065,0,CHEMBL1678152,organism-based format,,CHEMBL1671701,1,Scientific Literature,Antimicrob Agents Chemother,,Antiplasmodial activity against Plasmodium falciparum 3D7 infected in RBCs by firefly luciferase reporter gene assay,,,,3D7,3D7,,3D7,6.18
CHEMBL36,PYRIMETHAMINE,4.0,248.72,0.0,2.52,pyrimethamine,CCc1nc(N)nc(N)c1-c1ccc(Cl)cc1,IC50,'=',44.1,nM,7.36,,,UO_0000065,0,CHEMBL910397,organism-based format,,CHEMBL1142194,1,Scientific Literature,Antimicrob Agents Chemother,,Growth inhibition of Plasmodium falciparum Dd2 ring stage infected erythrocytes after 72 hrs by DAPI fluorimetry,,,,Dd2,Dd2,,Dd2,7.36
CHEMBL181480,,,374.44,0.0,3.41,3,N=C(N)c1ccc(OCc2ccccc2COc2ccc(C(=N)N)cc2)cc1,IC50,'=',313.0,nM,6.5,,,UO_0000065,0,CHEMBL926257,organism-based format,,CHEMBL1140635,1,Scientific Literature,Bioorg Med Chem,,Antiplasmodial activity against chloroquine-sensitive Plasmodium falciparum D6 by LDH reporter assay,,,,D6,D6,,D6,6.5
CHEMBL427342,IMIDOCARB,-1.0,348.41,0.0,2.03,665810,O=C(Nc1cccc(C2=NCCN2)c1)Nc1cccc(C2=NCCN2)c1,IC50,'=',332.2,nM,6.48,,,UO_0000065,0,CHEMBL3392923,organism-based format,,CHEMBL3392922,17,Medicines for Malaria Venture () Malaria Box,,,"MMV: IC50 determined against P. falciparum Dd2-luc strain using a Malaria Sybr Green I Fluorescence assay. Starting conditions were 1% trophozoite synchronised parasites at 2% haematocrit. Fluorescence detection completed after 48hr incubation at 37 degrees C under 1% O2, 3% CO2 and balance N2.",,,,Dd2-luc,Dd2,,Dd2,6.48
CHEMBL532879,,,281.28,0.0,2.92,666607,O=[N+]([O-])c1ccc(C=NNc2nc3ccccc3[nH]2)cc1,IC50,'=',241.6,nM,6.62,,,UO_0000065,0,CHEMBL3392923,organism-based format,,CHEMBL3392922,17,Medicines for Malaria Venture () Malaria Box,,,"MMV: IC50 determined against P. falciparum Dd2-luc strain using a Malaria Sybr Green I Fluorescence assay. Starting conditions were 1% trophozoite synchronised parasites at 2% haematocrit. Fluorescence detection completed after 48hr incubation at 37 degrees C under 1% O2, 3% CO2 and balance N2.",,,,Dd2-luc,Dd2,,Dd2,6.62
CHEMBL361497,ARTESUNATE,4.0,384.43,0.0,2.6,Artesunate,C[C@H]1[C@H](OC(=O)CCC(=O)O)O[C@@H]2O[C@@]3(C)CC[C@H]4[C@H](C)CC[C@@H]1[C@@]24OO3,IC50,'=',3.0,nM,8.52,,,UO_0000065,0,CHEMBL3376037,organism-based format,,CHEMBL3351935,1,Scientific Literature,Bioorg Med Chem Lett,,Antigametocytocidal activity against Plasmodium falciparum NF54-pfs16-GPF early (1 to 3) gametocyte assessed as viability after 72 hrs by MitoTracker Red CM-H2XRos/micro-plate confocal imaging system,,,,NF54,NF54,,NF54,8.52
CHEMBL361497,ARTESUNATE,4.0,384.43,0.0,2.6,artesunate,C[C@H]1[C@H](OC(=O)CCC(=O)O)O[C@@H]2O[C@@]3(C)CC[C@H]4[C@H](C)CC[C@@H]1[C@@]24OO3,IC50,'=',108.0,nM,6.97,,,UO_0000065,0,CHEMBL918323,organism-based format,,CHEMBL1147097,1,Scientific Literature,Antimicrob Agents Chemother,,Antimalarial activity against chloroquine-resistant Plasmodium falciparum W2 gametocytes (stage 4 & 5),,,,W2,W2,,W2,6.97
CHEMBL1256737,METHIOTHEPIN MESYLATE,,452.67,0.0,4.4,NCGC00094137-01,CS(=O)(=O)O.CSc1ccc2c(c1)C(N1CCN(C)CC1)Cc1ccccc1S2,IC50,'=',10000.0,nM,5.0,,,UO_0000065,0,CHEMBL1267250,organism-based format,,CHEMBL1255382,1,Scientific Literature,Nat Chem Biol,,Antiplasmodial activity against Plasmodium falciparum HB3 after 72 hrs by SYBR green assay,,,,HB3,HB3,,HB3,5.0
CHEMBL4571751,,,519.23,2.0,7.2,43,N#Cc1c(C(F)(F)F)cc(NCc2ccc(OC(F)(F)F)cc2)n2c1nc1cc(Cl)c(Cl)cc12,IC50,'=',210.0,nM,6.68,,,UO_0000065,0,CHEMBL4373129,organism-based format,,CHEMBL4371072,1,Scientific Literature,J Med Chem,,Antiplasmodial activity against chloroquine-sensitive final late stage of Plasmodium falciparum NF54-Mal8p1.16-GFP-Luc gametocytes after 24 hrs by BacTiter-Glo assay,,,,NF54-Mal8p1.16-GFP-Luc,NF54,,NF54,6.68
CHEMBL4438511,,,433.39,0.0,4.1,32,CCCCCC[n+]1c2c(n(CC(C)C)c1C)C(=O)c1ccccc1C2=O.[Br-],IC50,'=',551.0,nM,6.26,,,UO_0000065,0,CHEMBL4338839,organism-based format,,CHEMBL4334542,1,Scientific Literature,ACS Med Chem Lett,,Antimalarial activity against Plasmodium falciparum NF54 late gametocytes transfected with luciferase gene incubated for 48 hrs by luciferase reporter gene assay,,,,NF54,NF54,,NF54,6.26
CHEMBL537778,,,470.17,1.0,6.64,7224,Brc1ccc(Nc2nc3ccccc3nc2Nc2ccc(Br)cc2)cc1,IC50,'=',1511.0,nM,5.82,,,UO_0000065,0,CHEMBL3392923,organism-based format,,CHEMBL3392922,17,Medicines for Malaria Venture () Malaria Box,,,"MMV: IC50 determined against P. falciparum Dd2-luc strain using a Malaria Sybr Green I Fluorescence assay. Starting conditions were 1% trophozoite synchronised parasites at 2% haematocrit. Fluorescence detection completed after 48hr incubation at 37 degrees C under 1% O2, 3% CO2 and balance N2.",,,,Dd2-luc,Dd2,,Dd2,5.82
CHEMBL1082723,CIPARGAMIN,2.0,390.24,0.0,4.34,NITD609,C[C@H]1Cc2c([nH]c3cc(Cl)c(F)cc23)[C@@]2(N1)C(=O)Nc1ccc(Cl)cc12,IC50,'=',0.85,nM,9.07,,,UO_0000065,0,CHEMBL1248669,organism-based format,,CHEMBL1240532,1,Scientific Literature,Science,,Antimalarial activity against Plasmodium falciparum Dd2 containing attB site inserted in parasite genome and expressing parental ATP4 after 72 hrs by SYBR green based fluorescence assay,,,,Dd2,Dd2,,Dd2,9.07
CHEMBL4241797,,,288.37,0.0,3.17,10,Fc1ccc(-c2ccc(CNCC3CCNCC3)o2)cc1,IC50,'=',6000.0,nM,5.22,,,UO_0000065,0,CHEMBL4231438,organism-based format,,CHEMBL4229360,1,Scientific Literature,Eur J Med Chem,,Gametocytocidal activity against Plasmodium falciparum 3D7 elo1-pfs16-CBG99 late-stage (4 to 5) gametocytes assessed as inhibition of parasite viability after 72 hrs by luciferase reporter assay,,,,3D7,3D7,,3D7,5.22
CHEMBL4745404,,,496.53,0.0,3.89,98,N[C@H](C(=O)N1CC(CNc2ccc(F)cc2)C2(C1)CN(c1cc(F)cc(F)c1)C2)c1ccc(O)cc1,IC50,'=',471.0,nM,6.33,,,UO_0000065,0,CHEMBL4737844,organism-based format,,CHEMBL4732202,1,Scientific Literature,J Med Chem,,Antiplasmodial activity against asexual stage (V) Plasmodium falciparum NF54 gametocytes assessed as inhibition of exflagellation of male gametes measured at 15 to 22.5 min by microscopic based analysis,,,,NF54,NF54,,NF54,6.33
CHEMBL2316796,,,397.88,1.0,5.05,72a Hybrid-7,O=C(/C=C/c1cccc(F)c1)NCCCCNc1ccnc2cc(Cl)ccc12,IC50,'=',11.0,nM,7.96,,,UO_0000065,0,CHEMBL4193441,organism-based format,,CHEMBL4190314,1,Scientific Literature,Eur J Med Chem,,Antimalarial activity against synchronous culture of Plasmodium falciparum W2 ring stage infected in human erythrocytes after 48 hrs by flow cytometry,,,,W2,W2,,W2,7.96
CHEMBL4173361,,,437.54,0.0,3.51,1i,Cc1cc(C)cc(C(=O)N(CC(=O)NC2CCCCC2)Cc2ccc(C(=O)NO)cc2)c1,IC50,'=',15700.0,nM,4.8,,,UO_0000065,0,CHEMBL4268540,organism-based format,,CHEMBL4265952,1,Scientific Literature,Eur J Med Chem,,Gametocytocidal activity against synchronized Plasmodium falciparum NF54 mature stage 5 gametocytes after 48 hrs by ATP bioluminescence assay,,,,NF54,NF54,,NF54,4.8
CHEMBL3797448,,,498.49,0.0,4.21,49,Cn1c(=O)n(-c2cccc(C(F)(F)F)c2)c2c3cc(-c4ccc(S(N)(=O)=O)cc4)ccc3ncc21,IC50,'=',816.0,nM,6.09,,,UO_0000065,0,CHEMBL3800921,organism-based format,,CHEMBL3797182,1,Scientific Literature,Bioorg Med Chem Lett,,Gametocytocidal activity against chloroquine-sensitive late gametocytic stage (III to V) of Plasmodium falciparum 3D7 after 72 hrs by Alamar Blue assay,,,,3D7,3D7,,3D7,6.09
CHEMBL3797970,,,434.42,1.0,5.15,37,Cn1c(=O)n(-c2cccc(C(F)(F)F)c2)c2c3cc(-c4cccc(N)c4)ccc3ncc21,IC50,'=',145.0,nM,6.84,,,UO_0000065,0,CHEMBL3800921,organism-based format,,CHEMBL3797182,1,Scientific Literature,Bioorg Med Chem Lett,,Gametocytocidal activity against chloroquine-sensitive late gametocytic stage (III to V) of Plasmodium falciparum 3D7 after 72 hrs by Alamar Blue assay,,,,3D7,3D7,,3D7,6.84
CHEMBL506,PRIMAQUINE,4.0,259.35,0.0,2.78,"PQ, primaquine",COc1cc(NC(C)CCCN)c2ncccc2c1,IC50,'=',9650.0,nM,5.01,,,UO_0000065,0,CHEMBL1004793,organism-based format,,CHEMBL1155951,1,Scientific Literature,Bioorg Med Chem Lett,,Antiplasmodial activity against chloroquine-resistant Plasmodium falciparum W2 gametocytes after 48 hrs by microscopy,,,,W2,W2,,W2,5.02
CHEMBL506,PRIMAQUINE,4.0,259.35,0.0,2.78,primaquine,COc1cc(NC(C)CCCN)c2ncccc2c1,IC50,'=',1320.0,nM,5.88,,,UO_0000065,0,CHEMBL918324,organism-based format,,CHEMBL1147097,1,Scientific Literature,Antimicrob Agents Chemother,,Antimalarial activity against chloroquine-resistant Plasmodium falciparum W2 asexual gametocytes,,,,W2,W2,,W2,5.88
CHEMBL4444243,,,300.44,0.0,4.34,2,C1C2CC3CC1CC(C2)C31OOC12C1CC3CC(C1)CC2C3,IC50,'=',0.19,nM,9.72,,,UO_0000065,0,CHEMBL4430743,organism-based format,,CHEMBL4428111,1,Scientific Literature,Bioorg Med Chem Lett,,Antiplasmodial activity against chloroquine-resistant/mefloquine-sensitive Plasmodium falciparum W2 schizonts infected in human erythrocytes assessed as inhibition of parasite invasion after 24 hrs by Diff-Quick staining based microscopic analysis,,,,W2,W2,,W2,9.72
CHEMBL506,PRIMAQUINE,4.0,259.35,0.0,2.78,PQ,COc1cc(NC(C)CCCN)c2ncccc2c1,IC50,'=',800.0,nM,6.1,,,UO_0000065,0,CHEMBL2184950,organism-based format,,CHEMBL2177023,1,Scientific Literature,J Med Chem,,Antimalarial activity against Plasmodium falciparum KT1 gametocytes,,,,KT1,KT1,,KT1,6.1
CHEMBL583,GREPAFLOXACIN,4.0,359.4,0.0,2.28,91,Cc1c(F)c(N2CCNC(C)C2)cc2c1c(=O)c(C(=O)O)cn2C1CC1,IC50,'=',10000.0,nM,5.0,,,UO_0000065,0,CHEMBL2090748,organism-based format,,CHEMBL2086285,1,Scientific Literature,J Med Chem,,Antimalarial activity against liver stages of Plasmodium falciparum NF54 in mouse after 72 to 120 hrs by immunofluorescence assay,,,,NF54,NF54,,NF54,5.0
CHEMBL4761531,,,550.7,2.0,5.86,1a,C=CC(=O)Nc1cccc([C@@H](CCc2ccc(OC)c(OC)c2)OC(=O)[C@@H]2CCCCN2C(=O)C(C)(C)CC)c1,IC50,'=',1400.0,nM,5.85,,,UO_0000065,0,CHEMBL4731329,organism-based format,,CHEMBL4725452,1,Scientific Literature,ACS Med Chem Lett,,Antiplasmodial activity against Plasmodium falciparum NF54 assessed as growth inhibition incubated for 72 hrs by renilla luciferase reporter gene assay,,,,NF54,NF54,,NF54,5.85
CHEMBL4792523,,,537.65,2.0,5.06,2c,C=CC(=O)OCC(C)(C)C(=O)N1CCCC[C@H]1C(=O)O[C@H](CCc1ccc(OC)c(OC)c1)c1ccccc1,IC50,'=',13000.0,nM,4.89,,,UO_0000065,0,CHEMBL4731329,organism-based format,,CHEMBL4725452,1,Scientific Literature,ACS Med Chem Lett,,Antiplasmodial activity against Plasmodium falciparum NF54 assessed as growth inhibition incubated for 72 hrs by renilla luciferase reporter gene assay,,,,NF54,NF54,,NF54,4.89
CHEMBL365916,,,374.44,0.0,3.41,2,N=C(N)c1ccc(OCc2ccc(COc3ccc(C(=N)N)cc3)cc2)cc1,IC50,'=',114.0,nM,6.94,,,UO_0000065,0,CHEMBL926257,organism-based format,,CHEMBL1140635,1,Scientific Literature,Bioorg Med Chem,,Antiplasmodial activity against chloroquine-sensitive Plasmodium falciparum D6 by LDH reporter assay,,,,D6,D6,,D6,6.94
CHEMBL76,CHLOROQUINE,4.0,319.88,0.0,4.81,Chloroquine,CCN(CC)CCCC(C)Nc1ccnc2cc(Cl)ccc12,IC50,'=',17.0,nM,7.77,,,UO_0000065,0,CHEMBL4013660,assay format,,CHEMBL4011644,1,Scientific Literature,J Med Chem,,Gametocytocidal activity against transgenic GFP-fused Plasmodium falciparum NF54 ring stage gametocytes after 72 hrs by Mitotracker Red CMH2XRos staining based confocal microscopic method,,,,NF54,NF54,,NF54,7.77
CHEMBL506,PRIMAQUINE,4.0,259.35,0.0,2.78,PQ,COc1cc(NC(C)CCCN)c2ncccc2c1,IC50,'=',1540.0,nM,5.81,,,UO_0000065,0,CHEMBL918323,organism-based format,,CHEMBL1147097,1,Scientific Literature,Antimicrob Agents Chemother,,Antimalarial activity against chloroquine-resistant Plasmodium falciparum W2 gametocytes (stage 4 & 5),,,,W2,W2,,W2,5.81
CHEMBL76,CHLOROQUINE,4.0,319.88,0.0,4.81,chloroquine,CCN(CC)CCCC(C)Nc1ccnc2cc(Cl)ccc12,IC50,'=',560.0,nM,6.25,,,UO_0000065,0,CHEMBL918324,organism-based format,,CHEMBL1147097,1,Scientific Literature,Antimicrob Agents Chemother,,Antimalarial activity against chloroquine-resistant Plasmodium falciparum W2 asexual gametocytes,,,,W2,W2,,W2,6.25
CHEMBL590435,,,367.41,0.0,4.09,665805,CCOc1ccc(-c2nonc2NC(=O)c2cccc(C)c2)cc1OCC,IC50,'=',153.8,nM,6.81,,,UO_0000065,0,CHEMBL3392923,organism-based format,,CHEMBL3392922,17,Medicines for Malaria Venture () Malaria Box,,,"MMV: IC50 determined against P. falciparum Dd2-luc strain using a Malaria Sybr Green I Fluorescence assay. Starting conditions were 1% trophozoite synchronised parasites at 2% haematocrit. Fluorescence detection completed after 48hr incubation at 37 degrees C under 1% O2, 3% CO2 and balance N2.",,,,Dd2-luc,Dd2,,Dd2,6.81
CHEMBL3814290,,,287.33,0.0,3.56,6c,C(=N/Nc1nncc2ccccc12)\c1c[nH]c2ccccc12,IC50,'=',13740.0,nM,4.86,,,UO_0000065,0,CHEMBL3817535,organism-based format,,CHEMBL3813669,1,Scientific Literature,Bioorg Med Chem Lett,,Antiplasmodial activity against Plasmodium falciparum 3D7 trophozoite stage infected in human RBCs assessed as reduction in parasitemia after 48 hrs by Hoechst-3342 staining based flow cytometric analysis,,,,3D7,3D7,,3D7,4.86
CHEMBL3815037,,,301.35,0.0,3.87,6d,Cc1[nH]c2ccccc2c1/C=N/Nc1nncc2ccccc12,IC50,'=',12180.0,nM,4.91,,,UO_0000065,0,CHEMBL3817535,organism-based format,,CHEMBL3813669,1,Scientific Literature,Bioorg Med Chem Lett,,Antiplasmodial activity against Plasmodium falciparum 3D7 trophozoite stage infected in human RBCs assessed as reduction in parasitemia after 48 hrs by Hoechst-3342 staining based flow cytometric analysis,,,,3D7,3D7,,3D7,4.91
CHEMBL4249272,,,339.3,0.0,3.75,32,Brc1ccc2cc(CNCC3CCNCC3)sc2c1,IC50,'=',53.0,nM,7.28,,,UO_0000065,0,CHEMBL4231440,organism-based format,,CHEMBL4229360,1,Scientific Literature,Eur J Med Chem,,Gametocytocidal activity against Plasmodium falciparum NF54 HGL gametocytes assessed as inhibition of parasite viability after 72 hrs by ONE-Glo reagent based luminescence assay,,,,NF54 HGL,NF54 HGL,,NF54-HGL,7.28
CHEMBL269671,,,282.34,0.0,2.39,1,C[C@@H]1CC[C@H]2[C@@H](C)C(=O)O[C@@H]3O[C@@]4(C)CC[C@@H]1[C@]32OO4,IC50,'=',10.0,nM,8.0,,,UO_0000065,0,CHEMBL4430743,organism-based format,,CHEMBL4428111,1,Scientific Literature,Bioorg Med Chem Lett,,Antiplasmodial activity against chloroquine-resistant/mefloquine-sensitive Plasmodium falciparum W2 schizonts infected in human erythrocytes assessed as inhibition of parasite invasion after 24 hrs by Diff-Quick staining based microscopic analysis,,,,W2,W2,,W2,8.0
CHEMBL1161,MOMETASONE FUROATE,4.0,521.44,1.0,4.87,Mometasone furoate,C[C@@H]1C[C@H]2[C@@H]3CCC4=CC(=O)C=C[C@]4(C)[C@@]3(Cl)[C@@H](O)C[C@]2(C)[C@@]1(OC(=O)c1ccco1)C(=O)CCl,IC50,'=',1514.0,nM,5.82,,,UO_0000065,0,CHEMBL1678152,organism-based format,,CHEMBL1671701,1,Scientific Literature,Antimicrob Agents Chemother,,Antiplasmodial activity against Plasmodium falciparum 3D7 infected in RBCs by firefly luciferase reporter gene assay,,,,3D7,3D7,,3D7,5.82
CHEMBL5093798,,,453.93,0.0,1.67,JX35,Cl.Cn1cc(CN2CC3(CCN(c4ncc(C(=O)NO)cn4)C3)C2)c2ccc(C#N)cc21,IC50,'=',12.42,nM,7.91,,,UO_0000065,0,CHEMBL5048718,organism-based format,,CHEMBL5046276,1,Scientific Literature,J Med Chem,,Antimalarial activity against late stage (IV) Plasmodium falciparum NF54 gametocytes transfected with p230p-Luc assessed as reduction in gametocyte viability incubated for 48 hrs by luciferase reporter gene based bioluminescence assay,,,,NF54,NF54,,NF54,7.91
CHEMBL588732,,,444.6,0.0,4.99,7564,Cc1ccc(Cn2c(N3CCC(C(=O)NCc4cccs4)CC3)nc3ccccc32)cc1,IC50,'=',825.6,nM,6.08,,,UO_0000065,0,CHEMBL3392923,organism-based format,,CHEMBL3392922,17,Medicines for Malaria Venture () Malaria Box,,,"MMV: IC50 determined against P. falciparum Dd2-luc strain using a Malaria Sybr Green I Fluorescence assay. Starting conditions were 1% trophozoite synchronised parasites at 2% haematocrit. Fluorescence detection completed after 48hr incubation at 37 degrees C under 1% O2, 3% CO2 and balance N2.",,,,Dd2-luc,Dd2,,Dd2,6.08
CHEMBL1082723,CIPARGAMIN,2.0,390.24,0.0,4.34,NITD609,C[C@H]1Cc2c([nH]c3cc(Cl)c(F)cc23)[C@@]2(N1)C(=O)Nc1ccc(Cl)cc12,IC50,'=',3.9,nM,8.41,,,UO_0000065,0,CHEMBL1248673,organism-based format,,CHEMBL1240532,1,Scientific Literature,Science,,Antimalarial activity against Plasmodium falciparum Dd2 containing attB site inserted in parasite genome and using CAM promoter driven expressing ATP4 D1247Y mutant after 72 hrs by SYBR green based fluorescence assay,,,,Dd2,Dd2,,Dd2,8.41
CHEMBL269671,,,282.34,0.0,2.39,ART,C[C@@H]1CC[C@H]2[C@@H](C)C(=O)O[C@@H]3O[C@@]4(C)CC[C@@H]1[C@]32OO4,IC50,'=',17.34,nM,7.76,,,UO_0000065,0,CHEMBL1248672,organism-based format,,CHEMBL1240532,1,Scientific Literature,Science,,Antimalarial activity against Plasmodium falciparum Dd2 containing attB site inserted in parasite genome and using EF1-alpha promoter driven expressing ATP4 I398F/P990R mutant after 72 hrs by SYBR green based fluorescence assay,,,,Dd2,Dd2,,Dd2,7.76
CHEMBL4764956,,,427.55,0.0,4.01,"1-A, Single Enantiomer",O=C(Cc1ccc(O)cc1)N1CC(CNc2ccccc2)C2(C1)CN(c1ccccc1)C2,IC50,'=',244.0,nM,6.61,,,UO_0000065,0,CHEMBL4737844,organism-based format,,CHEMBL4732202,1,Scientific Literature,J Med Chem,,Antiplasmodial activity against asexual stage (V) Plasmodium falciparum NF54 gametocytes assessed as inhibition of exflagellation of male gametes measured at 15 to 22.5 min by microscopic based analysis,,,,NF54,NF54,,NF54,6.61
CHEMBL4763437,,,495.55,0.0,4.99,100,C[C@@H](C(=O)N1CC(CNc2ccc(F)cc2)C2(C1)CN(c1cc(F)cc(F)c1)C2)c1ccc(O)cc1,IC50,'=',17.0,nM,7.77,,,UO_0000065,0,CHEMBL4737829,organism-based format,Erythrocyte,CHEMBL4732202,1,Scientific Literature,J Med Chem,,Antiplasmodial activity against multidrug-sensitive Plasmodium falciparum NF54 transfected with GFP-Luc infected in human erythrocytes assessed as reduction in [3H]-hypoxanthine incorporation pretreated for 48 hrs followed by [3H]-hypoxanthine addition measured after 24 hrs by liquid scintillation counting method,,,,NF54,NF54,,NF54,7.77
CHEMBL361497,ARTESUNATE,4.0,384.43,0.0,2.6,artesunate,C[C@H]1[C@H](OC(=O)CCC(=O)O)O[C@@H]2O[C@@]3(C)CC[C@H]4[C@H](C)CC[C@@H]1[C@@]24OO3,IC50,'=',2300.0,nM,5.64,,,UO_0000065,0,CHEMBL2341432,organism-based format,,CHEMBL2331226,1,Scientific Literature,J Nat Prod,,Gametocytocidal antimalarial activity against chloroquine-sensitive Plasmodium falciparum NF54 late gametocyte stage after 72 hrs by alamar blue assay,,,,NF54,NF54,,NF54,5.64
CHEMBL104,CLOTRIMAZOLE,4.0,344.85,1.0,5.38,Clotrimazole,Clc1ccccc1C(c1ccccc1)(c1ccccc1)n1ccnc1,IC50,'=',490.0,nM,6.31,,,UO_0000065,0,CHEMBL1012852,organism-based format,,CHEMBL1139381,1,Scientific Literature,J Med Chem,,Antimalarial activity after 72 hrs against chloroquine-resistant Plasmodium falciparum W2 infected human A+ erythrocytes by Makler LDH reporter assay,,,,W2,W2,,W2,6.31
CHEMBL1450,ATOVAQUONE,4.0,366.84,1.0,5.51,atovaquone,O=C1C(O)=C([C@H]2CC[C@H](c3ccc(Cl)cc3)CC2)C(=O)c2ccccc21,IC50,'=',24000.0,nM,4.62,,,UO_0000065,0,CHEMBL918322,organism-based format,,CHEMBL1147097,1,Scientific Literature,Antimicrob Agents Chemother,,Antimalarial activity against chloroquine-resistant Plasmodium falciparum W2 gametocytes (stage 2 & 3),,,,W2,W2,,W2,4.62
CHEMBL590914,,,468.47,1.0,5.09,617,COc1ccc(C(O)(CCC(C)C)C(CN2CCOCC2)c2ccc(Cl)cc2)cc1.Cl,IC50,'=',3553.0,nM,5.45,,,UO_0000065,0,CHEMBL3392923,organism-based format,,CHEMBL3392922,17,Medicines for Malaria Venture () Malaria Box,,,"MMV: IC50 determined against P. falciparum Dd2-luc strain using a Malaria Sybr Green I Fluorescence assay. Starting conditions were 1% trophozoite synchronised parasites at 2% haematocrit. Fluorescence detection completed after 48hr incubation at 37 degrees C under 1% O2, 3% CO2 and balance N2.",,,,Dd2-luc,Dd2,,Dd2,5.45
CHEMBL1782194,,,384.27,0.0,2.26,16.1,Cl.NC1=NC(c2ccco2)NC(NCCCOc2ccc(Cl)cc2)=N1,IC50,'=',990.0,nM,6.0,,,UO_0000065,0,CHEMBL1785111,cell-based format,,CHEMBL1781907,1,Scientific Literature,Eur J Med Chem,,Antimalarial activity against chloroquine and cycloguanil-resistant Plasmodium falciparum FCR-3/Gambia ring stage infected in human red blood cells assessed as inhibition of [3H]-hypoxanthine incorporation incubated 24 hrs before addition of [3H]-hypoxanthine measured after 24 hrs,,,,FCR-3,FcR3,,FcR3,6.0
CHEMBL5289506,,,560.64,1.0,4.22,48a,C[C@H]1[C@H](N2CCN(S(=O)(=O)c3cccc(C(F)(F)F)c3)CC2)O[C@@H]2O[C@]3(C)CC[C@H]4[C@H](C)CC[C@@H]1[C@@]24OO3,IC50,'=',0.4,nM,9.4,,,UO_0000065,0,CHEMBL5246817,organism-based format,,CHEMBL5244272,1,Scientific Literature,Eur J Med Chem,,Antimalarial activity against late blood stage Plasmodium falciparum NF54 gametocytes,,,,NF54,NF54,,NF54,9.4
CHEMBL4244830,,,270.38,0.0,3.04,8,c1ccc(-c2ccc(CNCC3CCNCC3)o2)cc1,IC50,'=',8600.0,nM,5.07,,,UO_0000065,0,CHEMBL4231438,organism-based format,,CHEMBL4229360,1,Scientific Literature,Eur J Med Chem,,Gametocytocidal activity against Plasmodium falciparum 3D7 elo1-pfs16-CBG99 late-stage (4 to 5) gametocytes assessed as inhibition of parasite viability after 72 hrs by luciferase reporter assay,,,,3D7,3D7,,3D7,5.07
CHEMBL591637,,,327.43,0.0,4.18,1246,CSc1ccccc1C(=O)Nc1nc(-c2ccccn2)cs1,IC50,'=',4607.6,nM,5.34,,,UO_0000065,0,CHEMBL3301557,organism-based format,,CHEMBL3301555,17,Medicines for Malaria Venture () Malaria Box,,,"MMV: Measure of pLDH activity as indication of parasite viability. Gametocytogenesis of 3D7 Plasmodium falciparum strain was induced in vitro and asexual parasites were depleted with N-acetylglucosamine. Gametocytes were treated with dihydroartemisinin, epoxomicin, methylene blue, primaquine, puromycin or chloroquine in 96-well plates and the pLDH activity was evaluated using a modified Makler protocol. Mosquito infectivity was measured by the standard membrane feeding assay. The IC50 value was extrapolated as the concentration that induced a 50% inhibition of gametocyte viability.",,,,3D7,3D7,,3D7,5.34
CHEMBL361497,ARTESUNATE,4.0,384.43,0.0,2.6,AS,C[C@H]1[C@H](OC(=O)CCC(=O)O)O[C@@H]2O[C@@]3(C)CC[C@H]4[C@H](C)CC[C@@H]1[C@@]24OO3,IC50,'=',44.0,nM,7.36,,,UO_0000065,0,CHEMBL3389350,organism-based format,,CHEMBL3351566,1,Scientific Literature,J Med Chem,,Gametocytocidal activity against transgenic Plasmodium falciparum NF54-pfs16-GFP late stage gametocytes after 72 hrs by mitotracker red CM-H2XRos dye based confocal imaging assay,,,,NF54,NF54,,NF54,7.36
CHEMBL416956,MEFLOQUINE,4.0,378.32,0.0,4.45,MFQ,OC(c1cc(C(F)(F)F)nc2c(C(F)(F)F)cccc12)C1CCCCN1,IC50,'=',12.87,nM,7.89,,,UO_0000065,0,CHEMBL1248674,organism-based format,,CHEMBL1240532,1,Scientific Literature,Science,,Antimalarial activity against Plasmodium falciparum Dd2 containing attB site inserted in parasite genome and using CAM promoter driven expressing ATP4 I398F/P990R mutant after 72 hrs by SYBR green based fluorescence assay,,,,Dd2,Dd2,,Dd2,7.89
CHEMBL361497,ARTESUNATE,4.0,384.43,0.0,2.6,AS,C[C@H]1[C@H](OC(=O)CCC(=O)O)O[C@@H]2O[C@@]3(C)CC[C@H]4[C@H](C)CC[C@@H]1[C@@]24OO3,IC50,'=',3.0,nM,8.52,,,UO_0000065,0,CHEMBL4013661,assay format,,CHEMBL4011644,1,Scientific Literature,J Med Chem,,Gametocytocidal activity against transgenic GFP-fused Plasmodium falciparum NF54 early stage gametocytes after 72 hrs by Mitotracker Red CMH2XRos staining based confocal microscopic method,,,,NF54,NF54,,NF54,8.52
CHEMBL1716,CYPROHEPTADINE HYDROCHLORIDE,4.0,323.87,0.0,4.7,NCGC00093708-01,CN1CCC(=C2c3ccccc3C=Cc3ccccc32)CC1.Cl,IC50,'=',7943.28,nM,5.1,,,UO_0000065,0,CHEMBL1267249,organism-based format,,CHEMBL1255382,1,Scientific Literature,Nat Chem Biol,,Antiplasmodial activity against Plasmodium falciparum GB4 after 72 hrs by SYBR green assay,,,,GB4,GB4,,GB4,5.1
CHEMBL58510,CHLOROQUINE PHOSPHATE,4.0,515.87,0.0,4.81,CQ,CCN(CC)CCCC(C)Nc1ccnc2cc(Cl)ccc12.O=P(O)(O)O.O=P(O)(O)O,IC50,'=',51.0,nM,7.29,,,UO_0000065,0,CHEMBL970002,organism-based format,,CHEMBL1155597,1,Scientific Literature,J Nat Prod,,Antimalarial activity after 48 hrs against chloroquine-resistant Plasmodium falciparum K1 by LDH reporter assay,,,,K1,K1,,K1,7.29
CHEMBL36,PYRIMETHAMINE,4.0,248.72,0.0,2.52,pyrimethamine,CCc1nc(N)nc(N)c1-c1ccc(Cl)cc1,IC50,'=',10.01,nM,8.0,,,UO_0000065,0,CHEMBL910395,organism-based format,,CHEMBL1142194,1,Scientific Literature,Antimicrob Agents Chemother,,Growth inhibition of Plasmodium falciparum 3D7 ring stage in infected erythrocytes after 72 hrs in DAPI fluorimetry,,,,3D7,3D7,,3D7,8.0
CHEMBL36,PYRIMETHAMINE,4.0,248.72,0.0,2.52,pyrimethamine,CCc1nc(N)nc(N)c1-c1ccc(Cl)cc1,IC50,'=',49.88,nM,7.3,,,UO_0000065,0,CHEMBL910396,organism-based format,,CHEMBL1142194,1,Scientific Literature,Antimicrob Agents Chemother,,Growth inhibition of Plasmodium falciparum HB3 ring stage in infected erythrocytes after 72 hrs in DAPI fluorimetry,,,,HB3,HB3,,HB3,7.3
CHEMBL76,CHLOROQUINE,4.0,319.88,0.0,4.81,CQ,CCN(CC)CCCC(C)Nc1ccnc2cc(Cl)ccc12,IC50,'=',9.0,nM,8.05,,,UO_0000065,0,CHEMBL4150765,organism-based format,,CHEMBL4145643,1,Scientific Literature,J Nat Prod,,Antiplasmodial activity against drug-sensitive Plasmodium falciparum 3D7 ring stage infected in human erythrocytes after 72 hrs by DAPI staining based method,,,,3D7,3D7,,3D7,8.05
CHEMBL269671,,,282.34,0.0,2.39,artemisinin,C[C@@H]1CC[C@H]2[C@@H](C)C(=O)O[C@@H]3O[C@@]4(C)CC[C@@H]1[C@]32OO4,IC50,'=',9.7,nM,8.01,,,UO_0000065,0,CHEMBL910396,organism-based format,,CHEMBL1142194,1,Scientific Literature,Antimicrob Agents Chemother,,Growth inhibition of Plasmodium falciparum HB3 ring stage in infected erythrocytes after 72 hrs in DAPI fluorimetry,,,,HB3,HB3,,HB3,8.01
CHEMBL317364,,,277.8,0.0,3.64,6087,CCN(CC)CCNc1ccnc2cc(Cl)ccc12,IC50,'=',44.01,nM,7.36,,,UO_0000065,0,CHEMBL3392923,organism-based format,,CHEMBL3392922,17,Medicines for Malaria Venture () Malaria Box,,,"MMV: IC50 determined against P. falciparum Dd2-luc strain using a Malaria Sybr Green I Fluorescence assay. Starting conditions were 1% trophozoite synchronised parasites at 2% haematocrit. Fluorescence detection completed after 48hr incubation at 37 degrees C under 1% O2, 3% CO2 and balance N2.",,,,Dd2-luc,Dd2,,Dd2,7.36
CHEMBL1256878,BENZAMIL HYDROCHLORIDE,,356.22,0.0,0.54,Benzamil hydrochloride,Cl.N/C(=N\C(=O)c1nc(Cl)c(N)nc1N)NCc1ccccc1,IC50,'=',217.0,nM,6.66,,,UO_0000065,0,CHEMBL1678152,organism-based format,,CHEMBL1671701,1,Scientific Literature,Antimicrob Agents Chemother,,Antiplasmodial activity against Plasmodium falciparum 3D7 infected in RBCs by firefly luciferase reporter gene assay,,,,3D7,3D7,,3D7,6.66
CHEMBL2359966,QUININE SULFATE,4.0,782.96,0.0,3.17,Quinine Sulfate,C=C[C@H]1CN2CC[C@H]1C[C@H]2[C@H](O)c1ccnc2ccc(OC)cc12.C=C[C@H]1CN2CC[C@H]1C[C@H]2[C@H](O)c1ccnc2ccc(OC)cc12.O.O.O=S(=O)(O)O,IC50,'=',280.0,nM,6.55,,,UO_0000065,0,CHEMBL1678152,organism-based format,,CHEMBL1671701,1,Scientific Literature,Antimicrob Agents Chemother,,Antiplasmodial activity against Plasmodium falciparum 3D7 infected in RBCs by firefly luciferase reporter gene assay,,,,3D7,3D7,,3D7,6.55
CHEMBL98,VORINOSTAT,4.0,264.32,0.0,2.47,4; SAHA,O=C(CCCCCCC(=O)Nc1ccccc1)NO,IC50,'=',1680.0,nM,5.78,,,UO_0000065,0,CHEMBL4185242,organism-based format,,CHEMBL4184137,1,Scientific Literature,J Med Chem,,Gametocytocidal activity against transgenic GFP-fused Plasmodium falciparum NF54 early stage gametocytes after 72 hrs by Mitotracker Red CMH2XRos staining based microscopic method,,,,NF54,NF54,,NF54,5.77
CHEMBL548334,,,303.39,0.0,3.91,TCMDC-124895,CC(=O)c1sc(NC(=O)Nc2ccc(C)cc2C)nc1C,IC50,'=',1973.0,nM,5.71,,,UO_0000065,0,CHEMBL3392923,organism-based format,,CHEMBL3392922,17,Medicines for Malaria Venture () Malaria Box,,,"MMV: IC50 determined against P. falciparum Dd2-luc strain using a Malaria Sybr Green I Fluorescence assay. Starting conditions were 1% trophozoite synchronised parasites at 2% haematocrit. Fluorescence detection completed after 48hr incubation at 37 degrees C under 1% O2, 3% CO2 and balance N2.",,,,Dd2-luc,Dd2,,Dd2,5.7
CHEMBL581194,,,441.33,0.0,4.79,665901,O=C(Nc1ccc(CN2CCOCC2)cc1)c1ccc(-c2ccc(Br)cc2)o1,IC50,'=',957.5,nM,6.02,,,UO_0000065,0,CHEMBL3392923,organism-based format,,CHEMBL3392922,17,Medicines for Malaria Venture () Malaria Box,,,"MMV: IC50 determined against P. falciparum Dd2-luc strain using a Malaria Sybr Green I Fluorescence assay. Starting conditions were 1% trophozoite synchronised parasites at 2% haematocrit. Fluorescence detection completed after 48hr incubation at 37 degrees C under 1% O2, 3% CO2 and balance N2.",,,,Dd2-luc,Dd2,,Dd2,6.02
CHEMBL361497,ARTESUNATE,4.0,384.43,0.0,2.6,Artesunate,C[C@H]1[C@H](OC(=O)CCC(=O)O)O[C@@H]2O[C@@]3(C)CC[C@H]4[C@H](C)CC[C@@H]1[C@@]24OO3,IC50,'=',3.3,nM,8.48,,,UO_0000065,0,CHEMBL1678152,organism-based format,,CHEMBL1671701,1,Scientific Literature,Antimicrob Agents Chemother,,Antiplasmodial activity against Plasmodium falciparum 3D7 infected in RBCs by firefly luciferase reporter gene assay,,,,3D7,3D7,,3D7,8.48
CHEMBL64,ISONIAZID,4.0,137.14,0.0,-0.31,isoniazid,NNC(=O)c1ccncc1,IC50,'=',1200000.0,nM,,Outside typical range,,UO_0000065,0,CHEMBL936744,organism-based format,,CHEMBL1145507,1,Scientific Literature,J Biol Chem,,Antimalarial activity against Plasmodium falciparum 3D7 with pLN-hrp3-katG-V5 insertion at attB site,,,,3D7,3D7,,3D7,2.92
CHEMBL506,PRIMAQUINE,4.0,259.35,0.0,2.78,PQ,COc1cc(NC(C)CCCN)c2ncccc2c1,IC50,'=',2100.0,nM,5.68,,,UO_0000065,0,CHEMBL2184949,organism-based format,,CHEMBL2177023,1,Scientific Literature,J Med Chem,,Antimalarial activity against Plasmodium falciparum KT3 gametocytes,,,,KT3,KT3,,KT3,5.68
CHEMBL475813,,,275.31,0.0,3.33,11099,Cc1cc(Nc2ccc3ccccc3c2)n2ncnc2n1,IC50,'=',156.2,nM,6.81,,,UO_0000065,0,CHEMBL3392923,organism-based format,,CHEMBL3392922,17,Medicines for Malaria Venture () Malaria Box,,,"MMV: IC50 determined against P. falciparum Dd2-luc strain using a Malaria Sybr Green I Fluorescence assay. Starting conditions were 1% trophozoite synchronised parasites at 2% haematocrit. Fluorescence detection completed after 48hr incubation at 37 degrees C under 1% O2, 3% CO2 and balance N2.",,,,Dd2-luc,Dd2,,Dd2,6.81
CHEMBL361497,ARTESUNATE,4.0,384.43,0.0,2.6,Artesunate,C[C@H]1[C@H](OC(=O)CCC(=O)O)O[C@@H]2O[C@@]3(C)CC[C@H]4[C@H](C)CC[C@@H]1[C@@]24OO3,IC50,'=',0.67,nM,9.17,,,UO_0000065,0,CHEMBL4150766,organism-based format,,CHEMBL4145643,1,Scientific Literature,J Nat Prod,,Antiplasmodial activity against 4-aminoquinoline/antifolates-resistant Plasmodium falciparum Dd2 ring stage infected in human erythrocytes after 72 hrs by DAPI staining based method,,,,Dd2,Dd2,,Dd2,9.17
CHEMBL469912,PUROMYCIN,2.0,471.52,1.0,-0.79,Puromycin,COc1ccc(C[C@H](N)C(=O)N[C@H]2[C@@H](O)[C@H](n3cnc4c(N(C)C)ncnc43)O[C@@H]2CO)cc1,IC50,'=',61.0,nM,7.21,,,UO_0000065,0,CHEMBL4150766,organism-based format,,CHEMBL4145643,1,Scientific Literature,J Nat Prod,,Antiplasmodial activity against 4-aminoquinoline/antifolates-resistant Plasmodium falciparum Dd2 ring stage infected in human erythrocytes after 72 hrs by DAPI staining based method,,,,Dd2,Dd2,,Dd2,7.21
CHEMBL1082723,CIPARGAMIN,2.0,390.24,0.0,4.34,NITD609,C[C@H]1Cc2c([nH]c3cc(Cl)c(F)cc23)[C@@]2(N1)C(=O)Nc1ccc(Cl)cc12,IC50,'=',1.57,nM,8.8,,,UO_0000065,0,CHEMBL1248671,organism-based format,,CHEMBL1240532,1,Scientific Literature,Science,,Antimalarial activity against Plasmodium falciparum Dd2 containing attB site inserted in parasite genome and using EF1-alpha promoter driven expressing ATP4 D1247Y mutant after 72 hrs by SYBR green based fluorescence assay,,,,Dd2,Dd2,,Dd2,8.8
CHEMBL269671,,,282.34,0.0,2.39,ART,C[C@@H]1CC[C@H]2[C@@H](C)C(=O)O[C@@H]3O[C@@]4(C)CC[C@@H]1[C@]32OO4,IC50,'=',19.78,nM,7.7,,,UO_0000065,0,CHEMBL1248671,organism-based format,,CHEMBL1240532,1,Scientific Literature,Science,,Antimalarial activity against Plasmodium falciparum Dd2 containing attB site inserted in parasite genome and using EF1-alpha promoter driven expressing ATP4 D1247Y mutant after 72 hrs by SYBR green based fluorescence assay,,,,Dd2,Dd2,,Dd2,7.7
CHEMBL99,TRICHOSTATIN,1.0,302.37,0.0,2.58,TSA,CC(/C=C/C(=O)NO)=C\[C@@H](C)C(=O)c1ccc(N(C)C)cc1,IC50,'=',9.772,nM,8.01,,,UO_0000065,0,CHEMBL969265,organism-based format,,CHEMBL1157182,1,Scientific Literature,Bioorg Med Chem,,Antimalarial activity against chloroquine-resistant Plasmodium falciparum W2 after 48 hrs by LDH reporter assay,,,,W2,W2,,W2,8.01
CHEMBL309339,SALICYLHYDROXAMIC ACID,,153.14,0.0,0.51,SHA,O=C(NO)c1ccccc1O,IC50,'=',35700.0,nM,4.45,,,UO_0000065,0,CHEMBL969264,organism-based format,,CHEMBL1157182,1,Scientific Literature,Bioorg Med Chem,,Antimalarial activity against chloroquine-sensitive Plasmodium falciparum D6 after 48 hrs by LDH reporter assay,,,,D6,D6,,D6,4.45
CHEMBL320497,SUBEROHYDROXAMIC ACID,,204.23,0.0,0.34,SBHA,O=C(CCCCCCC(=O)NO)NO,IC50,'=',2230.0,nM,5.65,,,UO_0000065,0,CHEMBL969264,organism-based format,,CHEMBL1157182,1,Scientific Literature,Bioorg Med Chem,,Antimalarial activity against chloroquine-sensitive Plasmodium falciparum D6 after 48 hrs by LDH reporter assay,,,,D6,D6,,D6,5.65
CHEMBL416956,MEFLOQUINE,4.0,378.32,0.0,4.45,mefloquine,OC(c1cc(C(F)(F)F)nc2c(C(F)(F)F)cccc12)C1CCCCN1,IC50,'=',25.99,nM,7.58,,,UO_0000065,0,CHEMBL910397,organism-based format,,CHEMBL1142194,1,Scientific Literature,Antimicrob Agents Chemother,,Growth inhibition of Plasmodium falciparum Dd2 ring stage infected erythrocytes after 72 hrs by DAPI fluorimetry,,,,Dd2,Dd2,,Dd2,7.59
CHEMBL269671,,,282.34,0.0,2.39,ART,C[C@@H]1CC[C@H]2[C@@H](C)C(=O)O[C@@H]3O[C@@]4(C)CC[C@@H]1[C@]32OO4,IC50,'=',12.35,nM,7.91,,,UO_0000065,0,CHEMBL910397,organism-based format,,CHEMBL1142194,1,Scientific Literature,Antimicrob Agents Chemother,,Growth inhibition of Plasmodium falciparum Dd2 ring stage infected erythrocytes after 72 hrs by DAPI fluorimetry,,,,Dd2,Dd2,,Dd2,7.91
CHEMBL76,CHLOROQUINE,4.0,319.88,0.0,4.81,Chloroquine,CCN(CC)CCCC(C)Nc1ccnc2cc(Cl)ccc12,IC50,'=',25.0,nM,7.6,,,UO_0000065,0,CHEMBL4704471,organism-based format,,CHEMBL4699594,1,Scientific Literature,J Nat Prod,,Antiplasmodial activity against chloroquine-sensitive Plasmodium falciparum 3D7 ring stage incubated for 72 hrs by DAPI-staining based imaging analysis,,,,3D7,3D7,,3D7,7.6
CHEMBL4582800,,,391.31,0.0,2.93,27,CCC[n+]1c2c(n(CC(C)C)c1C)C(=O)c1ccccc1C2=O.[Br-],IC50,'=',269.0,nM,6.57,,,UO_0000065,0,CHEMBL4338838,organism-based format,,CHEMBL4334542,1,Scientific Literature,ACS Med Chem Lett,,Antimalarial activity against Plasmodium falciparum NF54 early gametocytes transfected with luciferase gene incubated for 48 hrs by luciferase reporter gene assay,,,,NF54,NF54,,NF54,6.57
CHEMBL4543126,,,389.29,0.0,2.85,29,Cc1n(CC(C)C)c2c([n+]1C1CC1)C(=O)c1ccccc1C2=O.[Br-],IC50,'=',139.0,nM,6.86,,,UO_0000065,0,CHEMBL4338838,organism-based format,,CHEMBL4334542,1,Scientific Literature,ACS Med Chem Lett,,Antimalarial activity against Plasmodium falciparum NF54 early gametocytes transfected with luciferase gene incubated for 48 hrs by luciferase reporter gene assay,,,,NF54,NF54,,NF54,6.86
CHEMBL4461205,,,405.34,0.0,3.32,30,CCCC[n+]1c2c(n(CC(C)C)c1C)C(=O)c1ccccc1C2=O.[Br-],IC50,'=',275.0,nM,6.56,,,UO_0000065,0,CHEMBL4338839,organism-based format,,CHEMBL4334542,1,Scientific Literature,ACS Med Chem Lett,,Antimalarial activity against Plasmodium falciparum NF54 late gametocytes transfected with luciferase gene incubated for 48 hrs by luciferase reporter gene assay,,,,NF54,NF54,,NF54,6.56
CHEMBL4556018,,,405.34,0.0,3.17,31,Cc1n(CC(C)C)c2c([n+]1CC(C)C)C(=O)c1ccccc1C2=O.[Br-],IC50,'=',812.0,nM,6.09,,,UO_0000065,0,CHEMBL4338839,organism-based format,,CHEMBL4334542,1,Scientific Literature,ACS Med Chem Lett,,Antimalarial activity against Plasmodium falciparum NF54 late gametocytes transfected with luciferase gene incubated for 48 hrs by luciferase reporter gene assay,,,,NF54,NF54,,NF54,6.09
CHEMBL438,SULFAMERAZINE,4.0,264.31,0.0,1.17,Sulfamerazine,Cc1ccnc(NS(=O)(=O)c2ccc(N)cc2)n1,IC50,'=',6.0,nM,8.22,,,UO_0000065,0,CHEMBL1678152,organism-based format,,CHEMBL1671701,1,Scientific Literature,Antimicrob Agents Chemother,,Antiplasmodial activity against Plasmodium falciparum 3D7 infected in RBCs by firefly luciferase reporter gene assay,,,,3D7,3D7,,3D7,8.22
CHEMBL1083769,,,337.81,0.0,3.55,NITD678,C[C@H]1Cc2c([nH]c3ccccc23)[C@@]2(N1)C(=O)Nc1ccc(Cl)cc12,IC50,'=',39.2,nM,7.41,,,UO_0000065,0,CHEMBL1248669,organism-based format,,CHEMBL1240532,1,Scientific Literature,Science,,Antimalarial activity against Plasmodium falciparum Dd2 containing attB site inserted in parasite genome and expressing parental ATP4 after 72 hrs by SYBR green based fluorescence assay,,,,Dd2,Dd2,,Dd2,7.41
CHEMBL1083769,,,337.81,0.0,3.55,NITD678,C[C@H]1Cc2c([nH]c3ccccc23)[C@@]2(N1)C(=O)Nc1ccc(Cl)cc12,IC50,'=',109.9,nM,6.96,,,UO_0000065,0,CHEMBL1248674,organism-based format,,CHEMBL1240532,1,Scientific Literature,Science,,Antimalarial activity against Plasmodium falciparum Dd2 containing attB site inserted in parasite genome and using CAM promoter driven expressing ATP4 I398F/P990R mutant after 72 hrs by SYBR green based fluorescence assay,,,,Dd2,Dd2 ,,Dd2,6.96
CHEMBL5273140,,,456.47,0.0,4.75,1,FC(F)(F)c1noc(-c2ccc(CCN3CCC(Nc4nc5ccccc5[nH]4)CC3)cc2)n1,IC50,'=',1520.0,nM,5.82,,,UO_0000065,0,CHEMBL5338529,organism-based format,,CHEMBL5335864,1,Scientific Literature,ACS Med Chem Lett,,Antiplasmodial activity against immature stage gametocytes Plasmodium falciparum NF54 incubated for 48 hrs by luciferase activity assay,,,,NF54,NF54,,NF54,5.82
CHEMBL590919,,,355.95,0.0,3.72,665817,CC(C)(C)CC(C)(C)NCC(O)COc1ccc2c(c1)CCC2.Cl,IC50,'=',1756.0,nM,5.75,,,UO_0000065,0,CHEMBL3392923,organism-based format,,CHEMBL3392922,17,Medicines for Malaria Venture () Malaria Box,,,"MMV: IC50 determined against P. falciparum Dd2-luc strain using a Malaria Sybr Green I Fluorescence assay. Starting conditions were 1% trophozoite synchronised parasites at 2% haematocrit. Fluorescence detection completed after 48hr incubation at 37 degrees C under 1% O2, 3% CO2 and balance N2.",,,,Dd2-luc,Dd2,,Dd2,5.76
CHEMBL190228,,,335.43,0.0,4.69,15,CN1CCC(c2cc(-c3ccncc3)c(-c3ccc(F)cc3)[nH]2)CC1,IC50,'=',490.0,nM,6.31,,,UO_0000065,0,CHEMBL4149580,organism-based format,,CHEMBL4145579,1,Scientific Literature,J Med Chem,,Antiplasmodial activity against mature gametocytes of Plasmodium falciparum 3D7 infected in mouse,,,,3D7,3D7,,3D7,6.31
CHEMBL309339,SALICYLHYDROXAMIC ACID,,153.14,0.0,0.51,SHA,O=C(NO)c1ccccc1O,IC50,'=',51300.0,nM,4.29,,,UO_0000065,0,CHEMBL969265,organism-based format,,CHEMBL1157182,1,Scientific Literature,Bioorg Med Chem,,Antimalarial activity against chloroquine-resistant Plasmodium falciparum W2 after 48 hrs by LDH reporter assay,,,,W2,W2,,W2,4.29
CHEMBL524175,,,453.42,1.0,7.04,10a,CCN(CC)Cc1cc(-c2ccc(Cl)cc2)n(Nc2ccnc3cc(Cl)ccc23)c1C,IC50,'=',26.1,nM,7.58,,,UO_0000065,0,CHEMBL937848,organism-based format,,CHEMBL1155029,1,Scientific Literature,Bioorg Med Chem,,Antimalarial activity against chloroquine-sensitive Plasmodium falciparum D10 as LDH reporter activity,,,,D10,D10,,D10,7.58
CHEMBL58510,CHLOROQUINE PHOSPHATE,4.0,515.87,0.0,4.81,Chloroquine diphosphate,CCN(CC)CCCC(C)Nc1ccnc2cc(Cl)ccc12.O=P(O)(O)O.O=P(O)(O)O,IC50,'=',228.0,nM,6.64,,,UO_0000065,0,CHEMBL970001,organism-based format,,CHEMBL1155597,1,Scientific Literature,J Nat Prod,,Antimalarial activity after 48 hrs against chloroquine-sensitive Plasmodium falciparum T9-96 by LDH reporter assay,,,,T9-96,T9/96,,T9/96,6.64
CHEMBL218577,,,427.98,1.0,5.97,3,Clc1ccc(C(c2ccccc2)(c2ccc(CN3CCCC3)cc2)n2ccnc2)cc1,IC50,'=',59.0,nM,7.23,,,UO_0000065,0,CHEMBL1012852,organism-based format,,CHEMBL1139381,1,Scientific Literature,J Med Chem,,Antimalarial activity after 72 hrs against chloroquine-resistant Plasmodium falciparum W2 infected human A+ erythrocytes by Makler LDH reporter assay,,,,W2,W2,,W2,7.23
CHEMBL4465998,,,377.28,0.0,3.02,19,Cc1n(C(C)C)c2c([n+]1C(C)C)C(=O)c1ccccc1C2=O.[Br-],IC50,'=',653.0,nM,6.18,,,UO_0000065,0,CHEMBL4338839,organism-based format,,CHEMBL4334542,1,Scientific Literature,ACS Med Chem Lett,,Antimalarial activity against Plasmodium falciparum NF54 late gametocytes transfected with luciferase gene incubated for 48 hrs by luciferase reporter gene assay,,,,NF54,NF54,,NF54,6.19
CHEMBL4745404,,,496.53,0.0,3.89,98,N[C@H](C(=O)N1CC(CNc2ccc(F)cc2)C2(C1)CN(c1cc(F)cc(F)c1)C2)c1ccc(O)cc1,IC50,'=',75.0,nM,7.12,,,UO_0000065,0,CHEMBL4737829,organism-based format,Erythrocyte,CHEMBL4732202,1,Scientific Literature,J Med Chem,,Antiplasmodial activity against multidrug-sensitive Plasmodium falciparum NF54 transfected with GFP-Luc infected in human erythrocytes assessed as reduction in [3H]-hypoxanthine incorporation pretreated for 48 hrs followed by [3H]-hypoxanthine addition measured after 24 hrs by liquid scintillation counting method,,,,NF54,NF54,,NF54,7.12
CHEMBL405110,METHYLENE BLUE ANHYDROUS,4.0,319.86,0.0,2.5,methylene blue,CN(C)c1ccc2nc3ccc(N(C)C)cc3[s+]c2c1.[Cl-],IC50,'=',140.0,nM,6.85,,,UO_0000065,0,CHEMBL4835696,organism-based format,,CHEMBL4834426,1,Scientific Literature,J Med Chem,,Antiplasmodial activity against asexual stage (IV/V) Plasmodium falciparum NF54 late gametocytes transfected with GFP-Luc assessed as inhibition of exflagellation of male gametes incubated for 48 hrs by microscopy based luciferase reporter gene assay relative to control,,,,NF54,NF54,,NF54,6.85
CHEMBL251940,PERICIAZINE,4.0,365.5,0.0,4.01,Periciazine,N#Cc1ccc2c(c1)N(CCCN1CCC(O)CC1)c1ccccc1S2,IC50,'=',6562.0,nM,5.18,,,UO_0000065,0,CHEMBL1678152,organism-based format,,CHEMBL1671701,1,Scientific Literature,Antimicrob Agents Chemother,,Antiplasmodial activity against Plasmodium falciparum 3D7 infected in RBCs by firefly luciferase reporter gene assay,,,,3D7,3D7,,3D7,5.18
CHEMBL1716,CYPROHEPTADINE HYDROCHLORIDE,4.0,323.87,0.0,4.7,NCGC00093708-01,CN1CCC(=C2c3ccccc3C=Cc3ccccc32)CC1.Cl,IC50,'=',3162.28,nM,5.5,,,UO_0000065,0,CHEMBL1267251,organism-based format,,CHEMBL1255382,1,Scientific Literature,Nat Chem Biol,,Antiplasmodial activity against Plasmodium falciparum W2 after 72 hrs by SYBR green assay,,,,W2,W2,,W2,5.5
CHEMBL361497,ARTESUNATE,4.0,384.43,0.0,2.6,artesunate,C[C@H]1[C@H](OC(=O)CCC(=O)O)O[C@@H]2O[C@@]3(C)CC[C@H]4[C@H](C)CC[C@@H]1[C@@]24OO3,IC50,'=',6.0,nM,8.22,,,UO_0000065,0,CHEMBL918324,organism-based format,,CHEMBL1147097,1,Scientific Literature,Antimicrob Agents Chemother,,Antimalarial activity against chloroquine-resistant Plasmodium falciparum W2 asexual gametocytes,,,,W2,W2,,W2,8.22
CHEMBL98,VORINOSTAT,4.0,264.32,0.0,2.47,SAHA; 1,O=C(CCCCCCC(=O)Nc1ccccc1)NO,IC50,'=',1410.0,nM,5.85,,,UO_0000065,0,CHEMBL4268538,organism-based format,,CHEMBL4265952,1,Scientific Literature,Eur J Med Chem,,Gametocytocidal activity against transgenic GFP-fused Plasmodium falciparum NF54 early stage gametocytes after 72 hrs by Mitotracker Red CMH2XRos staining based imaging method,,,,NF54,NF54,,NF54,5.85
CHEMBL4173361,,,437.54,0.0,3.51,1i,Cc1cc(C)cc(C(=O)N(CC(=O)NC2CCCCC2)Cc2ccc(C(=O)NO)cc2)c1,IC50,'=',8370.0,nM,5.08,,,UO_0000065,0,CHEMBL4268538,organism-based format,,CHEMBL4265952,1,Scientific Literature,Eur J Med Chem,,Gametocytocidal activity against transgenic GFP-fused Plasmodium falciparum NF54 early stage gametocytes after 72 hrs by Mitotracker Red CMH2XRos staining based imaging method,,,,NF54,NF54,,NF54,5.08
CHEMBL76,CHLOROQUINE,4.0,319.88,0.0,4.81,CQ,CCN(CC)CCCC(C)Nc1ccnc2cc(Cl)ccc12,IC50,'=',60000.0,nM,4.22,,,UO_0000065,0,CHEMBL2421229,organism-based format,,CHEMBL2417386,1,Scientific Literature,J Med Chem,,Gametocytocidal activity against synchronous stage 4 to 5 of transgenic Plasmodium falciparum NF54 gametocyte harboring pfs16 promoter assessed as parasite viability after 72 hrs by MitoTracker Red CMXRos-based assay,,,,NF54,NF54,,NF54,4.22
CHEMBL1716,CYPROHEPTADINE HYDROCHLORIDE,4.0,323.87,0.0,4.7,NCGC00093708-01,CN1CCC(=C2c3ccccc3C=Cc3ccccc32)CC1.Cl,IC50,'=',12589.25,nM,4.9,,,UO_0000065,0,CHEMBL1267247,organism-based format,,CHEMBL1255382,1,Scientific Literature,Nat Chem Biol,,Antiplasmodial activity against Plasmodium falciparum D10 after 72 hrs by SYBR green assay,,,,D10,D10,,D10,4.9
CHEMBL1716,CYPROHEPTADINE HYDROCHLORIDE,4.0,323.87,0.0,4.7,NCGC00093708-01,CN1CCC(=C2c3ccccc3C=Cc3ccccc32)CC1.Cl,IC50,'=',10000.0,nM,5.0,,,UO_0000065,0,CHEMBL1267245,organism-based format,,CHEMBL1255382,1,Scientific Literature,Nat Chem Biol,,Antiplasmodial activity against Plasmodium falciparum 3D7 after 72 hrs by SYBR green assay,,,,3D7,3D7,,3D7,5.0
CHEMBL269671,,,282.34,0.0,2.39,ART,C[C@@H]1CC[C@H]2[C@@H](C)C(=O)O[C@@H]3O[C@@]4(C)CC[C@@H]1[C@]32OO4,IC50,'=',15.36,nM,7.81,,,UO_0000065,0,CHEMBL1248669,organism-based format,,CHEMBL1240532,1,Scientific Literature,Science,,Antimalarial activity against Plasmodium falciparum Dd2 containing attB site inserted in parasite genome and expressing parental ATP4 after 72 hrs by SYBR green based fluorescence assay,,,,Dd2,Dd2,,Dd2,7.81
CHEMBL76,CHLOROQUINE,4.0,319.88,0.0,4.81,chloroquine,CCN(CC)CCCC(C)Nc1ccnc2cc(Cl)ccc12,IC50,'=',23.0,nM,7.64,,,UO_0000065,0,CHEMBL941940,organism-based format,,CHEMBL1139820,1,Scientific Literature,Bioorg Med Chem Lett,,Antiplasmodial activity against chloroquine-sensitive Plasmodium falciparum D10 in LDH reporter assay after 48 hrs,,,,D10,D10,,D10,7.64
CHEMBL586344,,,273.33,0.0,2.44,665841,CCCc1cc(O)c2c3c(c(=O)oc2c1)CN(C)CC3,IC50,'=',2573.0,nM,5.59,,,UO_0000065,0,CHEMBL3392923,organism-based format,,CHEMBL3392922,17,Medicines for Malaria Venture () Malaria Box,,,"MMV: IC50 determined against P. falciparum Dd2-luc strain using a Malaria Sybr Green I Fluorescence assay. Starting conditions were 1% trophozoite synchronised parasites at 2% haematocrit. Fluorescence detection completed after 48hr incubation at 37 degrees C under 1% O2, 3% CO2 and balance N2.",,,,Dd2-luc,Dd2,,Dd2,5.59
CHEMBL534797,,,432.92,0.0,3.71,22478,O=C(Nc1ccc(N2CCNCC2)cc1)c1ccn2ncc(-c3cccc(Cl)c3)c2n1,IC50,'=',620.0,nM,6.21,,,UO_0000065,0,CHEMBL3832784,organism-based format,,CHEMBL3832761,34,Medicines for Malaria Venture () Pathogen Box,,,Antimalarial activity: Gametocytes Plasmodium falciparum NF54 Gametocytes Stage V IC50 (uM),,,,NF54,NF54,,NF54,6.21
CHEMBL3637885,,,330.39,0.0,4.25,1030799,CCCn1c(NC(=O)c2ccc3ccccc3n2)nc2ccccc21,IC50,'=',560.0,nM,6.25,,,UO_0000065,0,CHEMBL3832784,organism-based format,,CHEMBL3832761,34,Medicines for Malaria Venture () Pathogen Box,,,Antimalarial activity: Gametocytes Plasmodium falciparum NF54 Gametocytes Stage V IC50 (uM),,,,NF54,NF54,,NF54,6.25
CHEMBL4167748,,,523.64,1.0,4.16,14,Cc1cn2c(-c3ccnc(NCC4CC4)n3)c(-c3ccc(F)c(NS(C)(=O)=O)c3)nc2cc1CN(C)C,IC50,'=',41.0,nM,7.39,,,UO_0000065,0,CHEMBL4149582,organism-based format,,CHEMBL4145579,1,Scientific Literature,J Med Chem,,Antiplasmodial activity against mature gametocytes of Plasmodium falciparum NF54 infected in mouse by standard membrane feeding assay,,,,NF54,NF54,,NF54,7.39
CHEMBL2316797,,,397.88,1.0,5.05,72a Hybrid-6,O=C(/C=C/c1ccc(F)cc1)NCCCCNc1ccnc2cc(Cl)ccc12,IC50,'=',11.0,nM,7.96,,,UO_0000065,0,CHEMBL4193441,organism-based format,,CHEMBL4190314,1,Scientific Literature,Eur J Med Chem,,Antimalarial activity against synchronous culture of Plasmodium falciparum W2 ring stage infected in human erythrocytes after 48 hrs by flow cytometry,,,,W2,W2,,W2,7.96
CHEMBL2316800,,,424.89,0.0,4.82,72a Hybrid-12,O=C(/C=C/c1ccccc1[N+](=O)[O-])NCCCCNc1ccnc2cc(Cl)ccc12,IC50,'=',11.0,nM,7.96,,,UO_0000065,0,CHEMBL4193441,organism-based format,,CHEMBL4190314,1,Scientific Literature,Eur J Med Chem,,Antimalarial activity against synchronous culture of Plasmodium falciparum W2 ring stage infected in human erythrocytes after 48 hrs by flow cytometry,,,,W2,W2,,W2,7.96
CHEMBL3303517,,,568.12,2.0,7.26,15; DU-1102,Clc1ccc2c(NCCNC3CCC4(CC3)OOC3(c5ccccc5)CC(c5ccccc5)=CC3O4)ccnc2c1,IC50,'=',21.0,nM,7.68,,,UO_0000065,0,CHEMBL5128538,organism-based format,Red blood cell,CHEMBL5126551,1,Scientific Literature,Eur J Med Chem,,Antimalarial activity against chloroquine resistant Plasmodium falciparum FcB1 infected in human red blood cells assessed as inhibition of liberation and reinvasion steps of the erythrocytes by parasites measured after 72 hrs by titrated hypoxanthine incorporation assay,,,,FcB1,FcB1,,FcB1,7.68
CHEMBL4592955,,,377.28,0.0,2.85,16,CCCn1c2c([n+](C(C)C)c1C)C(=O)c1ccccc1C2=O.[Br-],IC50,'=',567.0,nM,6.25,,,UO_0000065,0,CHEMBL4338839,organism-based format,,CHEMBL4334542,1,Scientific Literature,ACS Med Chem Lett,,Antimalarial activity against Plasmodium falciparum NF54 late gametocytes transfected with luciferase gene incubated for 48 hrs by luciferase reporter gene assay,,,,NF54,NF54,,NF54,6.25
CHEMBL1256020,"5-(N,N-DIMETHYL)AMILORIDE HYDROCHLORIDE",,294.15,0.0,-0.6,"5-(N,N-dimethyl)amiloride hydrochloride",CN(C)c1nc(N)c(C(=O)NC(=N)N)nc1Cl.Cl,IC50,'=',1095.0,nM,5.96,,,UO_0000065,0,CHEMBL1678152,organism-based format,,CHEMBL1671701,1,Scientific Literature,Antimicrob Agents Chemother,,Antiplasmodial activity against Plasmodium falciparum 3D7 infected in RBCs by firefly luciferase reporter gene assay,,,,3D7,3D7,,3D7,5.96
CHEMBL1256737,METHIOTHEPIN MESYLATE,,452.67,0.0,4.4,NCGC00094137-01,CS(=O)(=O)O.CSc1ccc2c(c1)C(N1CCN(C)CC1)Cc1ccccc1S2,IC50,'=',5011.87,nM,5.3,,,UO_0000065,0,CHEMBL1267251,organism-based format,,CHEMBL1255382,1,Scientific Literature,Nat Chem Biol,,Antiplasmodial activity against Plasmodium falciparum W2 after 72 hrs by SYBR green assay,,,,W2,W2,,W2,5.3
CHEMBL4439519,,,377.28,0.0,2.68,14,CCCCn1c2c([n+](CC)c1C)C(=O)c1ccccc1C2=O.[Br-],IC50,'=',320.0,nM,6.5,,,UO_0000065,0,CHEMBL4338839,organism-based format,,CHEMBL4334542,1,Scientific Literature,ACS Med Chem Lett,,Antimalarial activity against Plasmodium falciparum NF54 late gametocytes transfected with luciferase gene incubated for 48 hrs by luciferase reporter gene assay,,,,NF54,NF54,,NF54,6.49
CHEMBL2316801,,,424.89,0.0,4.82,72a Hybrid-11,O=C(/C=C/c1cccc([N+](=O)[O-])c1)NCCCCNc1ccnc2cc(Cl)ccc12,IC50,'=',11.0,nM,7.96,,,UO_0000065,0,CHEMBL4193441,organism-based format,,CHEMBL4190314,1,Scientific Literature,Eur J Med Chem,,Antimalarial activity against synchronous culture of Plasmodium falciparum W2 ring stage infected in human erythrocytes after 48 hrs by flow cytometry,,,,W2,W2,,W2,7.96
CHEMBL185175,,,380.45,1.0,2.39,8,N=C(N)c1ccc(NC(=O)CCCCC(=O)Nc2ccc(C(=N)N)cc2)cc1,IC50,'=',640.0,nM,6.19,,,UO_0000065,0,CHEMBL926257,organism-based format,,CHEMBL1140635,1,Scientific Literature,Bioorg Med Chem,,Antiplasmodial activity against chloroquine-sensitive Plasmodium falciparum D6 by LDH reporter assay,,,,D6,D6,,D6,6.19
CHEMBL2316519,,,379.89,0.0,4.91,72a Hybrid-1,O=C(/C=C/c1ccccc1)NCCCCNc1ccnc2cc(Cl)ccc12,IC50,'=',11.0,nM,7.96,,,UO_0000065,0,CHEMBL4193441,organism-based format,,CHEMBL4190314,1,Scientific Literature,Eur J Med Chem,,Antimalarial activity against synchronous culture of Plasmodium falciparum W2 ring stage infected in human erythrocytes after 48 hrs by flow cytometry,,,,W2,W2,,W2,7.96
CHEMBL35228,PYRONARIDINE,3.0,518.06,2.0,6.09,Pyronaridine,COc1ccc2nc3cc(Cl)ccc3c(Nc3cc(CN4CCCC4)c(O)c(CN4CCCC4)c3)c2n1,IC50,'=',29.0,nM,7.54,,,UO_0000065,0,CHEMBL4268538,organism-based format,,CHEMBL4265952,1,Scientific Literature,Eur J Med Chem,,Gametocytocidal activity against transgenic GFP-fused Plasmodium falciparum NF54 early stage gametocytes after 72 hrs by Mitotracker Red CMH2XRos staining based imaging method,,,,NF54,NF54,,NF54,7.54
CHEMBL4173361,,,437.54,0.0,3.51,1i,Cc1cc(C)cc(C(=O)N(CC(=O)NC2CCCCC2)Cc2ccc(C(=O)NO)cc2)c1,IC50,'=',5250.0,nM,5.28,,,UO_0000065,0,CHEMBL4268539,organism-based format,,CHEMBL4265952,1,Scientific Literature,Eur J Med Chem,,Gametocytocidal activity against transgenic GFP-fused Plasmodium falciparum NF54 late stage gametocytes after 72 hrs by Mitotracker Red CMH2XRos staining based imaging method,,,,NF54,NF54,,NF54,5.28
CHEMBL98,VORINOSTAT,4.0,264.32,0.0,2.47,SAHA; 112,O=C(CCCCCCC(=O)Nc1ccccc1)NO,IC50,'=',810.0,nM,6.09,,,UO_0000065,0,CHEMBL4268539,organism-based format,,CHEMBL4265952,1,Scientific Literature,Eur J Med Chem,,Gametocytocidal activity against transgenic GFP-fused Plasmodium falciparum NF54 late stage gametocytes after 72 hrs by Mitotracker Red CMH2XRos staining based imaging method,,,,NF54,NF54,,NF54,6.09
CHEMBL361497,ARTESUNATE,4.0,384.43,0.0,2.6,Artesunate,C[C@H]1[C@H](OC(=O)CCC(=O)O)O[C@@H]2O[C@@]3(C)CC[C@H]4[C@H](C)CC[C@@H]1[C@@]24OO3,IC50,'=',259.0,nM,6.59,,,UO_0000065,0,CHEMBL4338839,organism-based format,,CHEMBL4334542,1,Scientific Literature,ACS Med Chem Lett,,Antimalarial activity against Plasmodium falciparum NF54 late gametocytes transfected with luciferase gene incubated for 48 hrs by luciferase reporter gene assay,,,,NF54,NF54,,NF54,6.59
CHEMBL139814,,,306.37,0.0,3.94,6901,CN(C)c1cc(NC(=O)Nc2ccccc2)c2ccccc2n1,IC50,'=',3130.0,nM,5.5,,,UO_0000065,0,CHEMBL3832784,organism-based format,,CHEMBL3832761,34,Medicines for Malaria Venture () Pathogen Box,,,Antimalarial activity: Gametocytes Plasmodium falciparum NF54 Gametocytes Stage V IC50 (uM),,,,NF54,NF54,,NF54,5.5
CHEMBL4465998,,,377.28,0.0,3.02,19,Cc1n(C(C)C)c2c([n+]1C(C)C)C(=O)c1ccccc1C2=O.[Br-],IC50,'=',72.0,nM,7.14,,,UO_0000065,0,CHEMBL4338838,organism-based format,,CHEMBL4334542,1,Scientific Literature,ACS Med Chem Lett,,Antimalarial activity against Plasmodium falciparum NF54 early gametocytes transfected with luciferase gene incubated for 48 hrs by luciferase reporter gene assay,,,,NF54,NF54,,NF54,7.14
CHEMBL309339,SALICYLHYDROXAMIC ACID,,153.14,0.0,0.51,SHA,O=C(NO)c1ccccc1O,IC50,'=',51286.14,nM,4.29,,,UO_0000065,0,CHEMBL969265,organism-based format,,CHEMBL1157182,1,Scientific Literature,Bioorg Med Chem,,Antimalarial activity against chloroquine-resistant Plasmodium falciparum W2 after 48 hrs by LDH reporter assay,,,,W2,W2,,W2,4.29
CHEMBL98,VORINOSTAT,4.0,264.32,0.0,2.47,12; SAHA,O=C(CCCCCCC(=O)Nc1ccccc1)NO,IC50,'=',1680.0,nM,5.78,,,UO_0000065,0,CHEMBL4185243,organism-based format,,CHEMBL4184137,1,Scientific Literature,J Med Chem,,Gametocytocidal activity against transgenic GFP-fused Plasmodium falciparum NF54 late stage gametocytes after 72 hrs by Mitotracker Red CMH2XRos staining based microscopic method,,,,NF54,NF54,,NF54,5.77
CHEMBL5081190,,,387.43,0.0,1.81,Demethyllucilactaene,C/C=C(\C=C(C)\C=C\C=C\C=C(/C)C(=O)[C@H]1C(=O)N[C@]2(O)CCO[C@H]12)C(=O)O,IC50,'=',43900.0,nM,4.36,,,UO_0000065,0,CHEMBL5041377,organism-based format,,CHEMBL5038636,1,Scientific Literature,J Nat Prod,,Antimalarial activity against wild-type Plasmodium falcipuram 3D7 assessed as growth inhibition,,,,3D7,3D7,,3D7,4.36
CHEMBL2311795,,,337.42,0.0,3.1,30,CC(C)(C)c1ccc(NC(=O)NOCCCCCC(=O)NO)cc1,IC50,'=',3450.0,nM,5.46,,,UO_0000065,0,CHEMBL4185207,organism-based format,,CHEMBL4184137,1,Scientific Literature,J Med Chem,,Gametocytocidal activity against transgenic GFP-fused Plasmodium falciparum NF54 ring stage gametocytes after 72 hrs by Mitotracker Red CMH2XRos staining-based confocal microscopic method,,,,NF54,NF54,,NF54,5.46
CHEMBL35228,PYRONARIDINE,3.0,518.06,2.0,6.09,Pyronaridine,COc1ccc2nc3cc(Cl)ccc3c(Nc3cc(CN4CCCC4)c(O)c(CN4CCCC4)c3)c2n1,IC50,'=',1710.0,nM,5.77,,,UO_0000065,0,CHEMBL4268539,organism-based format,,CHEMBL4265952,1,Scientific Literature,Eur J Med Chem,,Gametocytocidal activity against transgenic GFP-fused Plasmodium falciparum NF54 late stage gametocytes after 72 hrs by Mitotracker Red CMH2XRos staining based imaging method,,,,NF54,NF54,,NF54,5.77
CHEMBL98,VORINOSTAT,4.0,264.32,0.0,2.47,4,O=C(CCCCCCC(=O)Nc1ccccc1)NO,IC50,'=',2800.0,nM,5.55,,,UO_0000065,0,CHEMBL4268540,organism-based format,,CHEMBL4265952,1,Scientific Literature,Eur J Med Chem,,Gametocytocidal activity against synchronized Plasmodium falciparum NF54 mature stage 5 gametocytes after 48 hrs by ATP bioluminescence assay,,,,NF54,NF54,,NF54,5.55
CHEMBL4559067,,,461.44,0.0,4.88,33,CCCCCCCC[n+]1c2c(n(CC(C)C)c1C)C(=O)c1ccccc1C2=O.[Br-],IC50,'=',39.0,nM,7.41,,,UO_0000065,0,CHEMBL4338838,organism-based format,,CHEMBL4334542,1,Scientific Literature,ACS Med Chem Lett,,Antimalarial activity against Plasmodium falciparum NF54 early gametocytes transfected with luciferase gene incubated for 48 hrs by luciferase reporter gene assay,,,,NF54,NF54,,NF54,7.41
CHEMBL4559067,,,461.44,0.0,4.88,33,CCCCCCCC[n+]1c2c(n(CC(C)C)c1C)C(=O)c1ccccc1C2=O.[Br-],IC50,'=',164.0,nM,6.79,,,UO_0000065,0,CHEMBL4338839,organism-based format,,CHEMBL4334542,1,Scientific Literature,ACS Med Chem Lett,,Antimalarial activity against Plasmodium falciparum NF54 late gametocytes transfected with luciferase gene incubated for 48 hrs by luciferase reporter gene assay,,,,NF54,NF54,,NF54,6.79
CHEMBL327844,,,361.38,0.0,3.12,hPheP[CH2] Phe,NC(CCc1ccccc1)P(=O)(O)CC(Cc1ccccc1)C(=O)O,IC50,'=',24.0,nM,7.62,,,UO_0000065,0,CHEMBL2185055,organism-based format,,CHEMBL2176899,1,Scientific Literature,J Med Chem,,Antimalarial activity against Plasmodium falciparum 3D7 infected in human O positive erythrocytes under low oxygen atmosphere after 72 hrs by spectrophotometric analysis,,,,3D7,3D7,,3D7,7.62
CHEMBL4167328,,,428.17,0.0,-0.2,5o,O=S(=O)([O-])C(F)(F)F.c1ccc2c(c1)[I+]c1ccccc1-2,IC50,'=',130.0,nM,6.89,,,UO_0000065,0,CHEMBL4146076,organism-based format,,CHEMBL4145448,1,Scientific Literature,Eur J Med Chem,,Growth inhibition of CQ-sensitive GFP-fused Plasmodium falciparum D10 after 90 hrs by ethidium bromide staining based flow cytometry,,,,D10,D10,,D10,6.89
CHEMBL4442146,,,363.26,0.0,2.29,11,CCCn1c2c([n+](CC)c1C)C(=O)c1ccccc1C2=O.[Br-],IC50,'=',709.0,nM,6.15,,,UO_0000065,0,CHEMBL4338839,organism-based format,,CHEMBL4334542,1,Scientific Literature,ACS Med Chem Lett,,Antimalarial activity against Plasmodium falciparum NF54 late gametocytes transfected with luciferase gene incubated for 48 hrs by luciferase reporter gene assay,,,,NF54,NF54,,NF54,6.15
CHEMBL190228,,,335.43,0.0,4.69,15,CN1CCC(c2cc(-c3ccncc3)c(-c3ccc(F)cc3)[nH]2)CC1,IC50,'=',1300.0,nM,5.89,,,UO_0000065,0,CHEMBL4149586,organism-based format,,CHEMBL4145579,1,Scientific Literature,J Med Chem,,Antiplasmodial activity against chloroquine-sensitive Plasmodium falciparum Dd2 gametocyte form infected in human erythrocytes by scintillation counting-based [3H]-hypoxanthine incorporation assay,,,,Dd2,Dd2,,Dd2,5.89
CHEMBL307261,,,284.35,0.0,2.19,Dihydroartemisinin,C[C@H]1[C@@H](O)O[C@@H]2O[C@@]3(C)CC[C@H]4[C@H](C)CC[C@@H]1[C@@]24OO3,IC50,'=',2.0,nM,8.7,,,UO_0000065,0,CHEMBL4704471,organism-based format,,CHEMBL4699594,1,Scientific Literature,J Nat Prod,,Antiplasmodial activity against chloroquine-sensitive Plasmodium falciparum 3D7 ring stage incubated for 72 hrs by DAPI-staining based imaging analysis,,,,3D7,3D7,,3D7,8.7
CHEMBL4166728,,,491.49,1.0,5.59,8,O=[N+]([O-])c1ccc(N2CCC(NCCC(O)c3ccc(F)c4ccccc34)CC2)c(C(F)(F)F)c1,IC50,'=',1790.0,nM,5.75,,,UO_0000065,0,CHEMBL4154742,organism-based format,,CHEMBL4152256,1,Scientific Literature,Eur J Med Chem,,Antiplasmodial activity against Plasmodium falciparum FCR-3 sporozoites infected in human primary hepatocytes treated simultaneously with infection by DAPI staining based HCS analysis,,,,FCR-3,FcR3,,FcR3,5.75
CHEMBL506,PRIMAQUINE,4.0,259.35,0.0,2.78,PQ,COc1cc(NC(C)CCCN)c2ncccc2c1,IC50,'=',400.0,nM,6.4,,,UO_0000065,0,CHEMBL4154742,organism-based format,,CHEMBL4152256,1,Scientific Literature,Eur J Med Chem,,Antiplasmodial activity against Plasmodium falciparum FCR-3 sporozoites infected in human primary hepatocytes treated simultaneously with infection by DAPI staining based HCS analysis,,,,FCR-3,FcR3,,FcR3,6.4
CHEMBL546162,,,322.45,0.0,4.08,9063,OC(CNC1CCCCC1)Cn1c2ccccc2c2ccccc21,IC50,'=',277.9,nM,6.56,,,UO_0000065,0,CHEMBL3392923,organism-based format,,CHEMBL3392922,17,Medicines for Malaria Venture () Malaria Box,,,"MMV: IC50 determined against P. falciparum Dd2-luc strain using a Malaria Sybr Green I Fluorescence assay. Starting conditions were 1% trophozoite synchronised parasites at 2% haematocrit. Fluorescence detection completed after 48hr incubation at 37 degrees C under 1% O2, 3% CO2 and balance N2.",,,,Dd2-luc,Dd2,,Dd2,6.56
CHEMBL76,CHLOROQUINE,4.0,319.88,0.0,4.81,Chloroquine,CCN(CC)CCCC(C)Nc1ccnc2cc(Cl)ccc12,IC50,'=',194.0,nM,6.71,,,UO_0000065,0,CHEMBL4150766,organism-based format,,CHEMBL4145643,1,Scientific Literature,J Nat Prod,,Antiplasmodial activity against 4-aminoquinoline/antifolates-resistant Plasmodium falciparum Dd2 ring stage infected in human erythrocytes after 72 hrs by DAPI staining based method,,,,Dd2,Dd2,,Dd2,6.71
CHEMBL76,CHLOROQUINE,4.0,319.88,0.0,4.81,Chloroquine,CCN(CC)CCCC(C)Nc1ccnc2cc(Cl)ccc12,IC50,'=',8.15,nM,8.09,,,UO_0000065,0,CHEMBL4312172,organism-based format,,CHEMBL4311937,1,Scientific Literature,Medchemcomm,,Antimalarial activity against synchronized ring stage Plasmodium falciparum 3D7 transfected with nano-luciferase assessed as parasite growth inhibition after 72 hrs by Nano-Glo luciferase assay,,,,3D7,3D7,,3D7,8.09
CHEMBL4442146,,,363.26,0.0,2.29,11,CCCn1c2c([n+](CC)c1C)C(=O)c1ccccc1C2=O.[Br-],IC50,'=',390.0,nM,6.41,,,UO_0000065,0,CHEMBL4338838,organism-based format,,CHEMBL4334542,1,Scientific Literature,ACS Med Chem Lett,,Antimalarial activity against Plasmodium falciparum NF54 early gametocytes transfected with luciferase gene incubated for 48 hrs by luciferase reporter gene assay,,,,NF54,NF54,,NF54,6.41
CHEMBL76,CHLOROQUINE,4.0,319.88,0.0,4.81,CQ,CCN(CC)CCCC(C)Nc1ccnc2cc(Cl)ccc12,IC50,'=',126.0,nM,6.9,,,UO_0000065,0,CHEMBL3376037,organism-based format,,CHEMBL3351935,1,Scientific Literature,Bioorg Med Chem Lett,,Antigametocytocidal activity against Plasmodium falciparum NF54-pfs16-GPF early (1 to 3) gametocyte assessed as viability after 72 hrs by MitoTracker Red CM-H2XRos/micro-plate confocal imaging system,,,,NF54,NF54,,NF54,6.9
CHEMBL4439519,,,377.28,0.0,2.68,14,CCCCn1c2c([n+](CC)c1C)C(=O)c1ccccc1C2=O.[Br-],IC50,'=',268.0,nM,6.57,,,UO_0000065,0,CHEMBL4338838,organism-based format,,CHEMBL4334542,1,Scientific Literature,ACS Med Chem Lett,,Antimalarial activity against Plasmodium falciparum NF54 early gametocytes transfected with luciferase gene incubated for 48 hrs by luciferase reporter gene assay,,,,NF54,NF54,,NF54,6.57
CHEMBL367149,DOCONEXENT,3.0,328.5,1.0,6.55,DHA,CC/C=C\C/C=C\C/C=C\C/C=C\C/C=C\C/C=C\CCC(=O)O,IC50,'=',14000.0,nM,4.85,,,UO_0000065,0,CHEMBL4373129,organism-based format,,CHEMBL4371072,1,Scientific Literature,J Med Chem,,Antiplasmodial activity against chloroquine-sensitive final late stage of Plasmodium falciparum NF54-Mal8p1.16-GFP-Luc gametocytes after 24 hrs by BacTiter-Glo assay,,,,NF54-Mal8p1.16-GFP-Luc,NF54,,NF54,4.85
CHEMBL4592955,,,377.28,0.0,2.85,16,CCCn1c2c([n+](C(C)C)c1C)C(=O)c1ccccc1C2=O.[Br-],IC50,'=',162.0,nM,6.79,,,UO_0000065,0,CHEMBL4338838,organism-based format,,CHEMBL4334542,1,Scientific Literature,ACS Med Chem Lett,,Antimalarial activity against Plasmodium falciparum NF54 early gametocytes transfected with luciferase gene incubated for 48 hrs by luciferase reporter gene assay,,,,NF54,NF54,,NF54,6.79
CHEMBL119096,CRYPTOLEPINE,,232.29,0.0,2.93,59,C[n+]1c2ccccc2cc2[n-]c3ccccc3c21,IC50,'=',19.65,nM,7.71,,,UO_0000065,0,CHEMBL5352879,organism-based format,Erythrocyte,CHEMBL5352391,1,Scientific Literature,Eur J Med Chem,CHEMBL3833281,Antiplasmodial activity against Plasmodium falciparum NF54 gametocytes infected in human erythrocyte assessed as inhibition of parasite growthVincubated for 48 hrs by SYBR Green dye based fluorescence assay,,,,NF54,NF54,,NF54,7.71
