Chemical,Count
CHEMBL4105508,1
CHEMBL178039,1
CHEMBL76,1569
CHEMBL169913,2
CHEMBL3038039,1
CHEMBL169156,2
CHEMBL76216,2
CHEMBL153656,2
CHEMBL3349861,2
CHEMBL347996,2
CHEMBL5002194,3
CHEMBL4891733,4
CHEMBL4983337,4
CHEMBL4931526,2
CHEMBL4943669,2
CHEMBL4900981,4
CHEMBL5002163,4
CHEMBL4946013,4
CHEMBL4958652,4
CHEMBL4970740,4
CHEMBL4928718,3
CHEMBL4944085,3
CHEMBL4974547,4
CHEMBL4948209,2
CHEMBL5011196,2
CHEMBL4908662,2
CHEMBL4899689,4
CHEMBL4993148,3
CHEMBL5027631,3
CHEMBL4982236,5
CHEMBL4892558,4
CHEMBL4976187,4
CHEMBL4893033,1
CHEMBL4923809,2
CHEMBL4966999,4
CHEMBL4941229,4
CHEMBL4996894,4
CHEMBL4918172,2
CHEMBL4892774,3
CHEMBL318205,1
CHEMBL415499,1
CHEMBL4930084,3
CHEMBL4927288,4
CHEMBL4991465,4
CHEMBL5007278,3
CHEMBL1532367,2
CHEMBL4951537,4
CHEMBL4954470,4
CHEMBL73693,4
CHEMBL4970694,5
CHEMBL260389,4
CHEMBL34804,5
CHEMBL3084843,4
CHEMBL260359,3
CHEMBL94855,1
CHEMBL96938,4
CHEMBL343277,1
CHEMBL139035,1
CHEMBL137938,1
CHEMBL1802548,1
CHEMBL1802554,1
CHEMBL1802543,1
CHEMBL1813090,2
CHEMBL1813094,2
CHEMBL1812897,2
CHEMBL1813085,2
CHEMBL1813089,2
CHEMBL1800556,1
CHEMBL1800562,1
CHEMBL1800623,2
CHEMBL1800559,10
CHEMBL1800625,1
CHEMBL3217195,1
CHEMBL262298,1
CHEMBL3216192,2
CHEMBL366631,1
CHEMBL343320,4
CHEMBL253716,8
CHEMBL170,279
CHEMBL437196,1
CHEMBL404523,5
CHEMBL1682448,3
CHEMBL1682575,3
CHEMBL2029587,2
CHEMBL2029593,1
CHEMBL2029594,1
CHEMBL2029744,1
CHEMBL2029759,1
CHEMBL2029762,1
CHEMBL307261,230
CHEMBL171967,1
CHEMBL353332,1
CHEMBL1234899,2
CHEMBL3238538,1
CHEMBL3138243,2
CHEMBL3238540,1
CHEMBL3084852,4
CHEMBL98,30
CHEMBL2017470,1
CHEMBL2017480,1
CHEMBL2012953,2
CHEMBL2012959,2
CHEMBL2012960,2
CHEMBL2146519,3
CHEMBL2012820,2
CHEMBL2012824,2
CHEMBL2012826,1
CHEMBL2012950,2
CHEMBL1487,50
CHEMBL4877259,1
CHEMBL4852597,2
CHEMBL4871841,2
CHEMBL4846549,2
CHEMBL4862272,2
CHEMBL3121245,2
CHEMBL3289806,6
CHEMBL3289818,2
CHEMBL3289810,11
CHEMBL3289795,2
CHEMBL408194,2
CHEMBL3098955,2
CHEMBL3121246,2
CHEMBL3289796,2
CHEMBL3289800,2
CHEMBL278291,10
CHEMBL335299,2
CHEMBL1790776,2
CHEMBL88635,1
CHEMBL3260211,2
CHEMBL3260214,2
CHEMBL77971,7
CHEMBL1257106,7
CHEMBL500996,7
CHEMBL347036,8
CHEMBL1256878,7
CHEMBL1079460,7
CHEMBL40998,7
CHEMBL361497,178
CHEMBL3234070,2
CHEMBL3264171,4
CHEMBL3286859,2
CHEMBL3286864,4
CHEMBL506,34
CHEMBL475290,1
CHEMBL567979,6
CHEMBL153249,2
CHEMBL152059,2
CHEMBL2041995,2
CHEMBL1644939,2
CHEMBL1644942,2
CHEMBL1644937,2
CHEMBL3235663,2
CHEMBL2030035,2
CHEMBL2030023,2
CHEMBL2030292,1
CHEMBL1641668,2
CHEMBL2017960,1
CHEMBL2024439,2
CHEMBL566534,38
CHEMBL26138,6
CHEMBL547,7
CHEMBL44657,7
CHEMBL605003,7
CHEMBL375182,3
CHEMBL306764,6
CHEMBL250711,7
CHEMBL188164,1
CHEMBL2023604,2
CHEMBL2023605,2
CHEMBL2023442,2
CHEMBL2023610,2
CHEMBL1807629,1
CHEMBL1807630,1
CHEMBL1807625,1
CHEMBL405884,1
CHEMBL261818,8
CHEMBL4796396,2
CHEMBL4778813,2
CHEMBL4795860,1
CHEMBL1790774,2
CHEMBL260474,6
CHEMBL4776715,2
CHEMBL4783210,2
CHEMBL261064,4
CHEMBL45627,3
CHEMBL4797103,5
CHEMBL4784738,6
CHEMBL4795829,6
CHEMBL1231612,6
CHEMBL587606,6
CHEMBL261290,3
CHEMBL406866,3
CHEMBL261770,3
CHEMBL528489,5
CHEMBL4789386,6
CHEMBL4799272,5
CHEMBL138649,2
CHEMBL1256709,7
CHEMBL513116,5
CHEMBL19476,7
CHEMBL275516,7
CHEMBL1200781,4
CHEMBL17331,7
CHEMBL23327,2
CHEMBL1256625,7
CHEMBL1256654,14
CHEMBL19215,8
CHEMBL1256658,7
CHEMBL1200503,7
CHEMBL34259,18
CHEMBL1255747,6
CHEMBL33884,5
CHEMBL1256794,4
CHEMBL1256026,5
CHEMBL305881,6
CHEMBL1479,6
CHEMBL268868,6
CHEMBL58,14
CHEMBL1257065,7
CHEMBL3216928,7
CHEMBL196163,1
CHEMBL2368493,1
CHEMBL1821999,1
CHEMBL2368491,1
CHEMBL2368490,1
CHEMBL65,14
CHEMBL1201063,14
CHEMBL1201153,7
CHEMBL4778930,1
CHEMBL2036058,1
CHEMBL2036060,1
CHEMBL324010,1
CHEMBL183028,3
CHEMBL2087243,1
CHEMBL2087244,1
CHEMBL2087247,1
CHEMBL2087258,1
CHEMBL2087268,1
CHEMBL2087273,1
CHEMBL2087274,1
CHEMBL549220,3
CHEMBL21921,1
CHEMBL56640,1
CHEMBL188101,1
CHEMBL304970,2
CHEMBL2057785,2
CHEMBL2058095,2
CHEMBL535854,1
CHEMBL367881,2
CHEMBL1235,70
CHEMBL337981,4
CHEMBL230313,4
CHEMBL4796847,1
CHEMBL1650038,3
CHEMBL3217155,3
CHEMBL170764,3
CHEMBL1688680,1
CHEMBL1643375,1
CHEMBL1643380,1
CHEMBL1643381,1
CHEMBL1187386,2
CHEMBL1187197,2
CHEMBL1187229,2
CHEMBL1187822,2
CHEMBL116438,6
CHEMBL2041950,1
CHEMBL2041770,1
CHEMBL2041768,1
CHEMBL2041767,1
CHEMBL194225,1
CHEMBL258555,1
CHEMBL38827,48
CHEMBL434116,2
CHEMBL422953,1
CHEMBL165107,1
CHEMBL328265,1
CHEMBL63724,2
CHEMBL3349381,1
CHEMBL118855,2
CHEMBL3349378,1
CHEMBL171020,2
CHEMBL147840,2
CHEMBL7568,7
CHEMBL3115468,2
CHEMBL3115463,1
CHEMBL3115721,2
CHEMBL469912,31
CHEMBL138786,2
CHEMBL238651,1
CHEMBL239759,1
CHEMBL399201,1
CHEMBL238919,1
CHEMBL239968,1
CHEMBL394190,1
CHEMBL1294,8
CHEMBL239752,1
CHEMBL3109529,1
CHEMBL1821997,1
CHEMBL1821998,1
CHEMBL414563,2
CHEMBL242084,2
CHEMBL395495,2
CHEMBL244454,2
CHEMBL153755,2
CHEMBL464856,1
CHEMBL63354,2
CHEMBL3358656,2
CHEMBL270317,7
CHEMBL409930,4
CHEMBL410474,4
CHEMBL410654,4
CHEMBL407949,2
CHEMBL410675,4
CHEMBL271378,4
CHEMBL3393853,2
CHEMBL3393864,2
CHEMBL3393855,2
CHEMBL3393865,2
CHEMBL3393868,2
CHEMBL3338927,2
CHEMBL344105,3
CHEMBL4951856,4
CHEMBL4900202,3
CHEMBL63490,3
CHEMBL15688,4
CHEMBL428347,1
CHEMBL152570,2
CHEMBL348399,4
CHEMBL3338926,2
CHEMBL3338922,2
CHEMBL233476,2
CHEMBL2368247,4
CHEMBL472940,2
CHEMBL119049,3
CHEMBL111325,1
CHEMBL3408760,4
CHEMBL3401711,3
CHEMBL3401708,3
CHEMBL462861,2
CHEMBL3401070,2
CHEMBL491383,4
CHEMBL59966,3
CHEMBL60012,4
CHEMBL314927,2
CHEMBL416956,130
CHEMBL430785,3
CHEMBL426091,2
CHEMBL3329569,2
CHEMBL3329570,2
CHEMBL3329580,2
CHEMBL3329585,2
CHEMBL3329587,2
CHEMBL1086066,2
CHEMBL3329575,2
CHEMBL3329581,2
CHEMBL3329598,2
CHEMBL456230,1
CHEMBL470994,1
CHEMBL3329576,2
CHEMBL608989,1
CHEMBL2063021,1
CHEMBL3335100,2
CHEMBL3335095,2
CHEMBL3338921,2
CHEMBL3338920,2
CHEMBL3410326,3
CHEMBL3410335,3
CHEMBL3410468,3
CHEMBL3410329,2
CHEMBL3410330,2
CHEMBL427732,4
CHEMBL404775,4
CHEMBL3410334,3
CHEMBL3410470,3
CHEMBL3404037,1
CHEMBL152884,2
CHEMBL152875,2
CHEMBL260275,3
CHEMBL3410331,3
CHEMBL3410467,3
CHEMBL3404036,1
CHEMBL6246,13
CHEMBL278813,1
CHEMBL194977,1
CHEMBL1172121,2
CHEMBL1169785,2
CHEMBL747,26
CHEMBL593974,2
CHEMBL593924,2
CHEMBL611329,2
CHEMBL593164,2
CHEMBL3261932,1
CHEMBL593653,2
CHEMBL529,45
CHEMBL8,36
CHEMBL3264174,5
CHEMBL3264185,3
CHEMBL3264508,3
CHEMBL450398,6
CHEMBL3264173,3
CHEMBL3264178,5
CHEMBL3264184,3
CHEMBL3264187,3
CHEMBL434743,2
CHEMBL418821,1
CHEMBL423184,2
CHEMBL167308,2
CHEMBL1630,75
CHEMBL118838,2
CHEMBL3238541,1
CHEMBL1236460,8
CHEMBL406117,2
CHEMBL3261981,2
CHEMBL3706806,1
CHEMBL3264180,3
CHEMBL487721,6
CHEMBL393220,6
CHEMBL537662,1
CHEMBL489505,2
CHEMBL269671,447
CHEMBL123292,6
CHEMBL1083766,2
CHEMBL1085114,2
CHEMBL273120,6
CHEMBL270539,4
CHEMBL588046,6
CHEMBL269513,6
CHEMBL97395,5
CHEMBL6966,7
CHEMBL611636,4
CHEMBL3216196,4
CHEMBL472910,1
CHEMBL490074,2
CHEMBL490289,2
CHEMBL48449,9
CHEMBL482930,1
CHEMBL15192,8
CHEMBL279115,7
CHEMBL1076007,1
CHEMBL2441194,1
CHEMBL2098389,1
CHEMBL560257,2
CHEMBL454553,4
CHEMBL561921,2
CHEMBL550371,2
CHEMBL144037,10
CHEMBL258269,2
CHEMBL272259,1
CHEMBL3216997,1
CHEMBL428395,1
CHEMBL139702,4
CHEMBL209257,2
CHEMBL597017,1
CHEMBL591532,5
CHEMBL607860,4
CHEMBL279386,4
CHEMBL1208858,7
CHEMBL1200517,57
CHEMBL267777,6
CHEMBL1190161,7
CHEMBL304818,7
CHEMBL104,21
CHEMBL103,6
CHEMBL252248,1
CHEMBL278847,10
CHEMBL253715,8
CHEMBL329647,1
CHEMBL594581,2
CHEMBL594314,2
CHEMBL468427,3
CHEMBL55,25
CHEMBL239289,1
CHEMBL395618,1
CHEMBL238714,1
CHEMBL3099820,3
CHEMBL3088362,1
CHEMBL51483,5
CHEMBL3099821,3
CHEMBL258590,4
CHEMBL490322,2
CHEMBL1214432,2
CHEMBL2442613,1
CHEMBL2442603,1
CHEMBL2442602,1
CHEMBL3099819,3
CHEMBL3099599,1
CHEMBL394563,1
CHEMBL3103527,2
CHEMBL3103567,2
CHEMBL396533,1
CHEMBL3099043,1
CHEMBL2435432,1
CHEMBL2435441,1
CHEMBL2011974,1
CHEMBL3109523,1
CHEMBL3109544,1
CHEMBL3109543,1
CHEMBL3109542,2
CHEMBL3109539,1
CHEMBL503241,2
CHEMBL3103530,1
CHEMBL460849,1
CHEMBL472881,1
CHEMBL473683,1
CHEMBL473883,1
CHEMBL472866,1
CHEMBL392729,5
CHEMBL93286,2
CHEMBL565089,1
CHEMBL585162,2
CHEMBL245042,5
CHEMBL2113937,3
CHEMBL573506,2
CHEMBL577389,2
CHEMBL2087263,1
CHEMBL2087264,1
CHEMBL237170,3
CHEMBL397156,3
CHEMBL177263,1
CHEMBL270330,1
CHEMBL271809,1
CHEMBL92652,2
CHEMBL1822000,7
CHEMBL121071,1
CHEMBL379069,2
CHEMBL577959,1
CHEMBL3215792,1
CHEMBL89861,2
CHEMBL209283,2
CHEMBL424889,2
CHEMBL209848,2
CHEMBL571422,1
CHEMBL578415,1
CHEMBL572068,1
CHEMBL571122,2
CHEMBL1289997,3
CHEMBL1290202,3
CHEMBL1290655,3
CHEMBL1288758,3
CHEMBL2088682,3
CHEMBL2071294,2
CHEMBL1094087,1
CHEMBL2430992,2
CHEMBL269067,3
CHEMBL202782,1
CHEMBL2207881,1
CHEMBL427372,1
CHEMBL200087,1
CHEMBL35228,23
CHEMBL589703,2
CHEMBL2431010,2
CHEMBL2164255,2
CHEMBL441912,2
CHEMBL391683,2
CHEMBL237333,2
CHEMBL236909,2
CHEMBL237115,2
CHEMBL2387268,12
CHEMBL426494,2
CHEMBL383194,2
CHEMBL3098959,2
CHEMBL213676,2
CHEMBL2088680,2
CHEMBL209276,6
CHEMBL14276,9
CHEMBL36,106
CHEMBL3038214,2
CHEMBL3038213,2
CHEMBL243481,1
CHEMBL1450,115
CHEMBL10017,1
CHEMBL2017467,1
CHEMBL245084,4
CHEMBL245082,4
CHEMBL387600,4
CHEMBL242732,4
CHEMBL242083,4
CHEMBL382187,2
CHEMBL425237,2
CHEMBL2164259,4
CHEMBL284745,1
CHEMBL197258,1
CHEMBL2041980,11
CHEMBL2021964,1
CHEMBL2022219,1
CHEMBL2022220,1
CHEMBL2024105,1
CHEMBL565697,1
CHEMBL2023441,2
CHEMBL3356380,2
CHEMBL3356382,2
CHEMBL54629,1
CHEMBL1433,78
CHEMBL369473,1
CHEMBL3401319,3
CHEMBL3416951,3
CHEMBL150702,2
CHEMBL3403642,2
CHEMBL3403638,2
CHEMBL3318699,1
CHEMBL3318698,1
CHEMBL3318695,1
CHEMBL3321981,2
CHEMBL3321870,2
CHEMBL138782,1
CHEMBL3321977,4
CHEMBL3338047,1
CHEMBL3338055,1
CHEMBL3338038,1
CHEMBL324051,1
CHEMBL136459,4
CHEMBL3353677,2
CHEMBL5310563,4
CHEMBL5313303,5
CHEMBL5311249,4
CHEMBL5309900,4
CHEMBL5312892,2
CHEMBL3353301,1
CHEMBL1807205,1
CHEMBL5197800,2
CHEMBL5205069,2
CHEMBL5189159,1
CHEMBL5194794,2
CHEMBL5173257,2
CHEMBL5202365,2
CHEMBL62603,3
CHEMBL4781660,4
CHEMBL3354450,3
CHEMBL3354448,3
CHEMBL3354454,3
CHEMBL433599,1
CHEMBL1800839,2
CHEMBL5198709,2
CHEMBL1782670,1
CHEMBL122346,1
CHEMBL1812883,2
CHEMBL1812889,2
CHEMBL1812891,2
CHEMBL1812893,2
CHEMBL1813077,2
CHEMBL1813086,2
CHEMBL1813091,2
CHEMBL1812890,2
CHEMBL1812896,2
CHEMBL3349212,4
CHEMBL3084850,2
CHEMBL1812898,2
CHEMBL1813092,2
CHEMBL3311424,2
CHEMBL3311426,2
CHEMBL416958,4
CHEMBL75215,4
CHEMBL2105763,5
CHEMBL3120276,2
CHEMBL1830991,2
CHEMBL3084477,4
CHEMBL173604,1
CHEMBL3084848,4
CHEMBL138710,3
CHEMBL221234,2
CHEMBL219537,1
CHEMBL86727,2
CHEMBL185072,3
CHEMBL3104738,1
CHEMBL3104737,1
CHEMBL1682709,3
CHEMBL1682710,3
CHEMBL1682712,3
CHEMBL1682713,3
CHEMBL1682716,3
CHEMBL1682720,3
CHEMBL500849,2
CHEMBL446833,2
CHEMBL443598,2
CHEMBL366932,2
CHEMBL183011,3
CHEMBL363224,2
CHEMBL5076594,4
CHEMBL5081590,3
CHEMBL2024429,2
CHEMBL2023837,2
CHEMBL2030009,2
CHEMBL2030024,2
CHEMBL2030054,1
CHEMBL146617,5
CHEMBL50894,3
CHEMBL190592,1
CHEMBL485424,1
CHEMBL519519,1
CHEMBL457429,1
CHEMBL1630203,4
CHEMBL520404,1
CHEMBL487441,2
CHEMBL472162,3
CHEMBL501777,1
CHEMBL467613,1
CHEMBL5007021,5
CHEMBL4888548,4
CHEMBL3115705,2
CHEMBL328218,1
CHEMBL3104863,1
CHEMBL3087891,1
CHEMBL5289093,1
CHEMBL3116032,2
CHEMBL3116047,4
CHEMBL5275743,2
CHEMBL5219819,5
CHEMBL3104741,1
CHEMBL3116046,4
CHEMBL3116043,4
CHEMBL2047177,1
CHEMBL4447874,2
CHEMBL145105,2
CHEMBL2408813,2
CHEMBL2409004,2
CHEMBL2409005,2
CHEMBL2408977,2
CHEMBL4435208,2
CHEMBL460703,1
CHEMBL147639,2
CHEMBL3221795,2
CHEMBL3221791,1
CHEMBL3221789,1
CHEMBL2408423,2
CHEMBL2408418,2
CHEMBL1682256,2
CHEMBL1682254,2
CHEMBL5203862,1
CHEMBL2418404,2
CHEMBL2435444,2
CHEMBL2407845,8
CHEMBL3217247,2
CHEMBL5189097,3
CHEMBL5204577,1
CHEMBL5198348,4
CHEMBL4798032,4
CHEMBL172137,1
CHEMBL5079498,2
CHEMBL5079284,2
CHEMBL5081167,2
CHEMBL5200605,3
CHEMBL367473,1
CHEMBL152392,2
CHEMBL428080,4
CHEMBL153507,6
CHEMBL290585,1
CHEMBL81648,2
CHEMBL2413884,3
CHEMBL2408815,2
CHEMBL2408996,3
CHEMBL242882,1
CHEMBL5282022,5
CHEMBL5269854,1
CHEMBL5279595,1
CHEMBL5272074,1
CHEMBL2114228,8
CHEMBL330261,8
CHEMBL433204,2
CHEMBL330260,8
CHEMBL152251,1
CHEMBL61637,3
CHEMBL1682584,3
CHEMBL508376,1
CHEMBL1951761,4
CHEMBL1951762,2
CHEMBL172,61
CHEMBL2035995,2
CHEMBL471540,1
CHEMBL514347,1
CHEMBL5273155,1
CHEMBL3235662,2
CHEMBL135038,1
CHEMBL3262123,1
CHEMBL2322224,2
CHEMBL3233350,2
CHEMBL142854,4
CHEMBL2041097,1
CHEMBL147867,2
CHEMBL35078,2
CHEMBL4633803,2
CHEMBL1673094,7
CHEMBL3289817,12
CHEMBL3782001,1
CHEMBL3781325,1
CHEMBL3780874,1
CHEMBL3924092,1
CHEMBL326003,2
CHEMBL5308967,3
CHEMBL5265807,3
CHEMBL2017464,1
CHEMBL2016587,1
CHEMBL5310049,4
CHEMBL2024442,2
CHEMBL5308923,4
CHEMBL2017962,1
CHEMBL581785,1
CHEMBL535714,2
CHEMBL427452,14
CHEMBL5286466,2
CHEMBL5271875,2
CHEMBL219478,11
CHEMBL5314209,4
CHEMBL3600536,1
CHEMBL3601852,1
CHEMBL4435954,2
CHEMBL3603968,2
CHEMBL3603975,1
CHEMBL3603978,1
CHEMBL3603982,1
CHEMBL3603957,1
CHEMBL3604112,1
CHEMBL3604111,1
CHEMBL3604109,1
CHEMBL3603999,1
CHEMBL3603998,1
CHEMBL3603990,1
CHEMBL595522,2
CHEMBL2029741,1
CHEMBL608121,2
CHEMBL595762,2
CHEMBL608123,2
CHEMBL596502,2
CHEMBL595633,2
CHEMBL259641,6
CHEMBL596293,2
CHEMBL505314,6
CHEMBL451869,3
CHEMBL4955249,4
CHEMBL560880,1
CHEMBL2041999,2
CHEMBL2041993,2
CHEMBL2041990,2
CHEMBL528966,6
CHEMBL2041986,2
CHEMBL2042184,1
CHEMBL2012822,2
CHEMBL2012831,2
CHEMBL2012947,2
CHEMBL558656,1
CHEMBL562399,1
CHEMBL550731,1
CHEMBL5420501,1
CHEMBL147587,13
CHEMBL90496,5
CHEMBL465824,1
CHEMBL507761,8
CHEMBL428650,4
CHEMBL2368173,4
CHEMBL33458,2
CHEMBL280012,4
CHEMBL273018,1
CHEMBL592162,1
CHEMBL607853,2
CHEMBL539612,2
CHEMBL119,3
CHEMBL92583,6
CHEMBL597497,2
CHEMBL608725,2
CHEMBL468935,17
CHEMBL2012956,2
CHEMBL511212,16
CHEMBL2041985,2
CHEMBL2402793,3
CHEMBL2408794,1
CHEMBL3124989,2
CHEMBL2414891,1
CHEMBL3124997,2
CHEMBL3124995,4
CHEMBL3124984,2
CHEMBL3124983,2
CHEMBL3124980,6
CHEMBL3124979,1
CHEMBL1164343,2
CHEMBL1163715,2
CHEMBL146616,3
CHEMBL1709,7
CHEMBL85,6
CHEMBL375270,6
CHEMBL303579,6
CHEMBL1255659,6
CHEMBL429298,6
CHEMBL482470,4
CHEMBL342499,2
CHEMBL1077223,1
CHEMBL2431483,2
CHEMBL2431499,2
CHEMBL2431497,2
CHEMBL174748,1
CHEMBL108596,1
CHEMBL516397,2
CHEMBL2368167,6
CHEMBL67126,1
CHEMBL293969,3
CHEMBL1761008,1
CHEMBL207675,22
CHEMBL5281541,1
CHEMBL280998,7
CHEMBL367105,1
CHEMBL5282425,1
CHEMBL5169688,2
CHEMBL118743,3
CHEMBL99170,3
CHEMBL532729,1
CHEMBL89732,1
CHEMBL594550,2
CHEMBL150301,1
CHEMBL58510,80
CHEMBL403076,2
CHEMBL255487,2
CHEMBL151514,1
CHEMBL491544,1
CHEMBL441251,2
CHEMBL331854,1
CHEMBL153000,1
CHEMBL356249,2
CHEMBL2368047,1
CHEMBL508758,1
CHEMBL460704,2
CHEMBL447169,4
CHEMBL849,11
CHEMBL259983,4
CHEMBL406746,4
CHEMBL93893,2
CHEMBL321034,1
CHEMBL322320,1
CHEMBL595266,1
CHEMBL1255966,6
CHEMBL544428,7
CHEMBL1256832,7
CHEMBL1201102,7
CHEMBL111545,6
CHEMBL336467,8
CHEMBL104538,1
CHEMBL539296,2
CHEMBL1134,9
CHEMBL1643382,1
CHEMBL281943,2
CHEMBL279113,4
CHEMBL3084857,4
CHEMBL386396,4
CHEMBL1256692,5
CHEMBL3219284,6
CHEMBL176227,1
CHEMBL468843,3
CHEMBL281262,2
CHEMBL3349211,4
CHEMBL295589,1
CHEMBL3084847,2
CHEMBL1761036,1
CHEMBL1950987,1
CHEMBL1951000,2
CHEMBL1951007,1
CHEMBL148399,2
CHEMBL18331,7
CHEMBL541268,10
CHEMBL1256914,7
CHEMBL47940,7
CHEMBL1201155,6
CHEMBL501867,7
CHEMBL27022,2
CHEMBL1713,7
CHEMBL544115,7
CHEMBL1256656,7
CHEMBL1256761,2
CHEMBL29097,7
CHEMBL38,3
CHEMBL1255757,3
CHEMBL567,7
CHEMBL27759,2
CHEMBL315514,1
CHEMBL23293,5
CHEMBL1234696,6
CHEMBL1257014,3
CHEMBL1728,6
CHEMBL1256695,4
CHEMBL587714,7
CHEMBL67535,7
CHEMBL8488,6
CHEMBL585,48
CHEMBL1256738,6
CHEMBL1256834,6
CHEMBL578973,1
CHEMBL52792,2
CHEMBL576248,1
CHEMBL576421,1
CHEMBL6741,2
CHEMBL3037971,1
CHEMBL328154,2
CHEMBL575956,1
CHEMBL575550,1
CHEMBL583195,1
CHEMBL572915,1
CHEMBL576929,1
CHEMBL572672,1
CHEMBL1256188,7
CHEMBL575569,10
CHEMBL1770840,1
CHEMBL1278211,1
CHEMBL1277134,1
CHEMBL65846,2
CHEMBL1682610,3
CHEMBL467584,5
CHEMBL226555,1
CHEMBL227667,1
CHEMBL408245,4
CHEMBL535650,10
CHEMBL577939,1
CHEMBL3112871,2
CHEMBL382206,2
CHEMBL205109,2
CHEMBL194317,1
CHEMBL193965,1
CHEMBL382275,1
CHEMBL198195,1
CHEMBL366184,1
CHEMBL391105,4
CHEMBL233429,4
CHEMBL227351,1
CHEMBL1186255,2
CHEMBL3216482,3
CHEMBL2403405,1
CHEMBL567211,1
CHEMBL568492,2
CHEMBL243597,3
CHEMBL592922,2
CHEMBL572461,2
CHEMBL576964,2
CHEMBL273085,4
CHEMBL270772,4
CHEMBL405606,4
CHEMBL2408335,1
CHEMBL399032,4
CHEMBL2402786,3
CHEMBL2409000,2
CHEMBL2408806,3
CHEMBL2402781,2
CHEMBL2402779,3
CHEMBL2402792,3
CHEMBL227295,1
CHEMBL227569,1
CHEMBL241869,2
CHEMBL244873,2
CHEMBL4928393,3
CHEMBL4921947,4
CHEMBL2029752,1
CHEMBL2029754,1
CHEMBL2029758,1
CHEMBL2029763,1
CHEMBL2012955,2
CHEMBL2012958,7
CHEMBL303933,87
CHEMBL1946562,2
CHEMBL1946399,2
CHEMBL46136,7
CHEMBL1203324,14
CHEMBL2376556,1
CHEMBL1934544,1
CHEMBL2408802,2
CHEMBL452459,1
CHEMBL2408812,3
CHEMBL2408985,1
CHEMBL2408975,1
CHEMBL2408995,3
CHEMBL1928246,1
CHEMBL1928413,1
CHEMBL1928417,1
CHEMBL1928400,2
CHEMBL1928401,2
CHEMBL2403392,1
CHEMBL479432,9
CHEMBL1927489,2
CHEMBL1927483,2
CHEMBL2012946,2
CHEMBL122617,1
CHEMBL1929344,2
CHEMBL242290,2
CHEMBL446254,1
CHEMBL244872,2
CHEMBL488771,2
CHEMBL1928936,7
CHEMBL1928941,7
CHEMBL1939731,1
CHEMBL1256751,7
CHEMBL101,6
CHEMBL1256735,7
CHEMBL282489,7
CHEMBL1255585,7
CHEMBL1255782,14
CHEMBL219708,6
CHEMBL3349457,3
CHEMBL1927691,2
CHEMBL1170605,2
CHEMBL1170392,2
CHEMBL1770842,2
CHEMBL1256755,7
CHEMBL1256660,7
CHEMBL1257012,7
CHEMBL1200332,7
CHEMBL786,7
CHEMBL185,7
CHEMBL34241,7
CHEMBL1200636,6
CHEMBL4163274,2
CHEMBL54976,4
CHEMBL556001,6
CHEMBL1370663,5
CHEMBL61,9
CHEMBL1079905,6
CHEMBL1256672,4
CHEMBL1586,2
CHEMBL1222317,7
CHEMBL1275,7
CHEMBL5281040,2
CHEMBL5286713,2
CHEMBL537,5
CHEMBL1356607,5
CHEMBL337309,6
CHEMBL1256786,4
CHEMBL1256796,6
CHEMBL1256923,2
CHEMBL52030,2
CHEMBL9843,2
CHEMBL1451880,2
CHEMBL448741,3
CHEMBL852,7
CHEMBL56542,7
CHEMBL429095,7
CHEMBL13698,2
CHEMBL1201020,2
CHEMBL1200586,1
CHEMBL1255868,1
CHEMBL300555,4
CHEMBL1256359,4
CHEMBL710,3
CHEMBL1256958,4
CHEMBL555670,3
CHEMBL1256809,5
CHEMBL418509,2
CHEMBL576349,4
CHEMBL1256974,3
CHEMBL598952,2
CHEMBL1557,3
CHEMBL224434,1
CHEMBL223113,1
CHEMBL219916,7
CHEMBL1171055,1
CHEMBL46516,7
CHEMBL1256797,3
CHEMBL25236,7
CHEMBL86676,5
CHEMBL1256400,7
CHEMBL1256998,7
CHEMBL1171067,3
CHEMBL1172012,2
CHEMBL19980,7
CHEMBL440898,3
CHEMBL149751,2
CHEMBL389921,1
CHEMBL5273047,2
CHEMBL601541,2
CHEMBL5277809,2
CHEMBL486088,1
CHEMBL519882,1
CHEMBL221741,4
CHEMBL502765,2
CHEMBL394752,3
CHEMBL447806,1
CHEMBL2017318,1
CHEMBL2029590,1
CHEMBL2029746,1
CHEMBL2029753,1
CHEMBL2017314,1
CHEMBL2017472,1
CHEMBL2017476,1
CHEMBL2017477,1
CHEMBL504412,1
CHEMBL525005,1
CHEMBL507687,3
CHEMBL451728,1
CHEMBL2030036,2
CHEMBL2030052,2
CHEMBL2023446,2
CHEMBL2023447,2
CHEMBL2023445,2
CHEMBL520569,2
CHEMBL2030028,2
CHEMBL349184,1
CHEMBL2169981,2
CHEMBL2169977,2
CHEMBL317364,13
CHEMBL2030329,2
CHEMBL187926,2
CHEMBL495687,1
CHEMBL2047182,2
CHEMBL496377,4
CHEMBL498011,4
CHEMBL498010,8
CHEMBL495958,2
CHEMBL522731,3
CHEMBL2030013,2
CHEMBL2030012,2
CHEMBL2029824,1
CHEMBL2030020,1
CHEMBL2030019,1
CHEMBL3216228,1
CHEMBL3216890,1
CHEMBL3215568,1
CHEMBL537586,3
CHEMBL407309,4
CHEMBL260852,4
CHEMBL260608,4
CHEMBL3216426,1
CHEMBL3217108,1
CHEMBL3217113,1
CHEMBL3216434,1
CHEMBL2402788,3
CHEMBL2207916,1
CHEMBL450733,3
CHEMBL2402778,3
CHEMBL468279,2
CHEMBL517595,2
CHEMBL467006,2
CHEMBL525421,2
CHEMBL469306,1
CHEMBL465989,4
CHEMBL450992,2
CHEMBL460352,1
CHEMBL459956,2
CHEMBL466196,2
CHEMBL466197,2
CHEMBL516493,2
CHEMBL523342,3
CHEMBL492913,3
CHEMBL475810,3
CHEMBL460556,2
CHEMBL1643740,8
CHEMBL4476040,1
CHEMBL2431487,2
CHEMBL2431516,2
CHEMBL2431507,2
CHEMBL2431491,2
CHEMBL4075870,2
CHEMBL4072711,2
CHEMBL525292,3
CHEMBL4093861,1
CHEMBL4072619,2
CHEMBL4066826,2
CHEMBL4094272,2
CHEMBL425763,1
CHEMBL204953,1
CHEMBL4590188,1
CHEMBL534797,3
CHEMBL3813885,1
CHEMBL4081368,3
CHEMBL322380,1
CHEMBL3787570,1
CHEMBL1255619,1
CHEMBL4540494,1
CHEMBL332186,3
CHEMBL4087075,1
CHEMBL4066995,1
CHEMBL4088978,2
CHEMBL4070192,2
CHEMBL4080845,2
CHEMBL4060486,2
CHEMBL147802,8
CHEMBL488145,4
CHEMBL485881,6
CHEMBL482469,4
CHEMBL487720,6
CHEMBL528101,4
CHEMBL335121,3
CHEMBL219488,1
CHEMBL300931,1
CHEMBL218437,2
CHEMBL375848,2
CHEMBL463938,1
CHEMBL473490,1
CHEMBL484132,1
CHEMBL144308,2
CHEMBL140497,2
CHEMBL488630,1
CHEMBL4070954,2
CHEMBL4072076,2
CHEMBL4100778,2
CHEMBL4062891,2
CHEMBL4104032,2
CHEMBL4069135,2
CHEMBL4101605,2
CHEMBL4090915,2
CHEMBL1649748,7
CHEMBL4068415,2
CHEMBL519708,4
CHEMBL448846,6
CHEMBL519493,4
CHEMBL145964,2
CHEMBL489524,1
CHEMBL4172282,1
CHEMBL4169160,1
CHEMBL4161478,1
CHEMBL4081312,2
CHEMBL4081882,2
CHEMBL4074492,2
CHEMBL4090804,1
CHEMBL497514,4
CHEMBL448801,4
CHEMBL3404022,2
CHEMBL176533,1
CHEMBL293915,3
CHEMBL143439,2
CHEMBL4085463,1
CHEMBL4077646,1
CHEMBL4066634,1
CHEMBL474101,1
CHEMBL472681,1
CHEMBL474304,1
CHEMBL473684,1
CHEMBL1565950,1
CHEMBL4072809,2
CHEMBL4088626,2
CHEMBL4060392,2
CHEMBL4095400,2
CHEMBL4064061,2
CHEMBL4071888,2
CHEMBL4085218,2
CHEMBL4100396,2
CHEMBL4063754,1
CHEMBL4083773,2
CHEMBL1766465,1
CHEMBL4103572,2
CHEMBL4078314,2
CHEMBL4062337,2
CHEMBL467809,3
CHEMBL500206,3
CHEMBL4437388,2
CHEMBL4577940,2
CHEMBL4464908,2
CHEMBL4448152,1
CHEMBL529211,6
CHEMBL413059,6
CHEMBL1812336,2
CHEMBL1807208,1
CHEMBL4077495,2
CHEMBL433008,7
CHEMBL4285508,1
CHEMBL148170,2
CHEMBL323489,1
CHEMBL532056,1
CHEMBL3144160,2
CHEMBL3216528,1
CHEMBL1834216,1
CHEMBL1353042,1
CHEMBL1835293,1
CHEMBL1835289,1
CHEMBL1835274,1
CHEMBL1835180,1
CHEMBL1835176,2
CHEMBL2089239,2
CHEMBL2089247,2
CHEMBL2089249,2
CHEMBL2089234,2
CHEMBL2089236,2
CHEMBL2089241,2
CHEMBL2042180,1
CHEMBL2042186,1
CHEMBL4171618,1
CHEMBL4172859,4
CHEMBL4176037,4
CHEMBL4171900,2
CHEMBL4166728,7
CHEMBL183483,1
CHEMBL3774898,1
CHEMBL4209486,4
CHEMBL504404,1
CHEMBL341638,4
CHEMBL602912,2
CHEMBL598930,2
CHEMBL2047184,2
CHEMBL219420,8
CHEMBL189204,4
CHEMBL3229607,2
CHEMBL4213194,2
CHEMBL218330,4
CHEMBL221740,2
CHEMBL3739487,2
CHEMBL385113,2
CHEMBL220878,2
CHEMBL221967,2
CHEMBL2058836,2
CHEMBL3741741,3
CHEMBL4206746,9
CHEMBL4208887,1
CHEMBL193624,2
CHEMBL365981,2
CHEMBL194720,2
CHEMBL4543126,3
CHEMBL4458561,3
CHEMBL4559191,3
CHEMBL2035993,2
CHEMBL2041108,1
CHEMBL2042000,2
CHEMBL2041991,2
CHEMBL2041987,2
CHEMBL2041979,2
CHEMBL2041978,2
CHEMBL3116038,3
CHEMBL4851778,1
CHEMBL1187188,2
CHEMBL1187230,2
CHEMBL1187237,2
CHEMBL22763,2
CHEMBL4787907,2
CHEMBL4784471,2
CHEMBL4796950,2
CHEMBL3215826,3
CHEMBL2036000,2
CHEMBL2036002,2
CHEMBL2035998,2
CHEMBL2407832,4
CHEMBL2316506,2
CHEMBL2316806,2
CHEMBL2316802,2
CHEMBL2334008,1
CHEMBL2334007,1
CHEMBL2334028,1
CHEMBL2334034,2
CHEMBL2334032,3
CHEMBL2334389,2
CHEMBL4858445,1
CHEMBL4862256,1
CHEMBL494952,4
CHEMBL3617328,2
CHEMBL2442700,1
CHEMBL3740426,2
CHEMBL4168504,1
CHEMBL331745,1
CHEMBL3330914,1
CHEMBL4874145,13
CHEMBL438457,6
CHEMBL4094645,4
CHEMBL3759379,2
CHEMBL3759413,2
CHEMBL3759371,2
CHEMBL3758975,2
CHEMBL3759474,2
CHEMBL3634144,1
CHEMBL92540,1
CHEMBL3403497,1
CHEMBL3404038,2
CHEMBL3404046,1
CHEMBL3401418,1
CHEMBL3401426,1
CHEMBL408243,8
CHEMBL3393867,2
CHEMBL527817,2
CHEMBL4103823,4
CHEMBL176726,1
CHEMBL3400178,4
CHEMBL3402992,7
CHEMBL3402986,1
CHEMBL3402988,1
CHEMBL3604000,1
CHEMBL3603989,1
CHEMBL3603988,1
CHEMBL1852002,1
CHEMBL4870175,2
CHEMBL4864536,2
CHEMBL4879192,1
CHEMBL3120296,2
CHEMBL3120286,2
CHEMBL4846172,1
CHEMBL3124987,2
CHEMBL3124986,2
CHEMBL2164262,7
CHEMBL4853374,1
CHEMBL4849845,2
CHEMBL4879051,2
CHEMBL572059,1
CHEMBL565854,3
CHEMBL4784036,6
CHEMBL4781149,5
CHEMBL4780298,6
CHEMBL4800011,6
CHEMBL4789860,6
CHEMBL60070,5
CHEMBL121663,15
CHEMBL4534157,1
CHEMBL2347233,1
CHEMBL497684,4
CHEMBL3112876,1
CHEMBL3112873,1
CHEMBL1951747,1
CHEMBL3216249,1
CHEMBL5197561,2
CHEMBL3233348,4
CHEMBL5308930,4
CHEMBL5309985,6
CHEMBL3093743,2
CHEMBL3093733,2
CHEMBL3093727,2
CHEMBL5312609,4
CHEMBL3814725,2
CHEMBL5309764,4
CHEMBL3104425,1
CHEMBL237235,2
CHEMBL5219722,3
CHEMBL5310273,4
CHEMBL5310710,4
CHEMBL5313620,7
CHEMBL3814229,2
CHEMBL394275,2
CHEMBL3216043,1
CHEMBL5267153,2
CHEMBL826,2
CHEMBL9,13
CHEMBL595634,2
CHEMBL610197,2
CHEMBL5309250,3
CHEMBL594364,2
CHEMBL5309993,4
CHEMBL5314195,6
CHEMBL5311138,3
CHEMBL5310970,8
CHEMBL5313906,3
CHEMBL5312353,3
CHEMBL2158135,1
CHEMBL3216850,1
CHEMBL3215961,1
CHEMBL5282198,2
CHEMBL5290160,2
CHEMBL595461,2
CHEMBL5272390,2
CHEMBL5281789,3
CHEMBL5289795,3
CHEMBL595602,2
CHEMBL593492,2
CHEMBL609013,1
CHEMBL2431519,2
CHEMBL2431517,2
CHEMBL2431504,2
CHEMBL2431503,2
CHEMBL1288751,3
CHEMBL1288754,3
CHEMBL605506,2
CHEMBL593192,2
CHEMBL1290314,6
CHEMBL482694,1
CHEMBL408157,1
CHEMBL389098,6
CHEMBL595717,2
CHEMBL410156,6
CHEMBL593261,2
CHEMBL596077,2
CHEMBL1091437,1
CHEMBL3217133,1
CHEMBL2441928,1
CHEMBL2441921,2
CHEMBL5396188,2
CHEMBL4161907,2
CHEMBL579223,6
CHEMBL567970,3
CHEMBL2218894,6
CHEMBL3127251,2
CHEMBL509952,2
CHEMBL44541,6
CHEMBL3133764,6
CHEMBL1076120,1
CHEMBL1076140,1
CHEMBL1099119,1
CHEMBL5313530,9
CHEMBL5313029,4
CHEMBL1215568,1
CHEMBL5422455,2
CHEMBL1169787,2
CHEMBL5313829,4
CHEMBL2024108,1
CHEMBL2021963,1
CHEMBL2022212,1
CHEMBL2022213,1
CHEMBL2022217,1
CHEMBL5312855,4
CHEMBL598607,1
CHEMBL1215697,1
CHEMBL1215699,1
CHEMBL597164,2
CHEMBL1214740,1
CHEMBL1215278,1
CHEMBL1215566,1
CHEMBL5283931,1
CHEMBL5274893,1
CHEMBL5181284,1
CHEMBL5179291,1
CHEMBL1076043,1
CHEMBL1076004,1
CHEMBL1214461,1
CHEMBL2012944,2
CHEMBL2023835,2
CHEMBL5178672,1
CHEMBL1077876,2
CHEMBL572196,4
CHEMBL1277742,1
CHEMBL1946557,2
CHEMBL1079636,1
CHEMBL5313643,6
CHEMBL5308631,14
CHEMBL153569,1
CHEMBL357110,1
CHEMBL5310011,4
CHEMBL5309144,4
CHEMBL5402556,1
CHEMBL597422,2
CHEMBL24057,21
CHEMBL598800,1
CHEMBL589836,1
CHEMBL2130744,6
CHEMBL1256947,7
CHEMBL592304,5
CHEMBL1255754,6
CHEMBL1256847,7
CHEMBL2359966,23
CHEMBL397686,16
CHEMBL1255788,7
CHEMBL1256723,7
CHEMBL1272282,2
CHEMBL1272281,2
CHEMBL1271463,2
CHEMBL4783016,2
CHEMBL4779024,2
CHEMBL1762552,2
CHEMBL1269515,2
CHEMBL1271955,2
CHEMBL4846079,1
CHEMBL4876712,1
CHEMBL1079484,1
CHEMBL74174,2
CHEMBL511008,1
CHEMBL4081257,2
CHEMBL3752731,2
CHEMBL3754215,2
CHEMBL2435776,1
CHEMBL2435771,1
CHEMBL2435765,1
CHEMBL1950414,1
CHEMBL1950431,1
CHEMBL1950417,3
CHEMBL1950420,3
CHEMBL1652416,1
CHEMBL4075374,1
CHEMBL456517,2
CHEMBL4066265,2
CHEMBL4097938,2
CHEMBL4085635,2
CHEMBL4077777,2
CHEMBL4101121,2
CHEMBL4077008,1
CHEMBL4099296,1
CHEMBL4084199,2
CHEMBL4102171,2
CHEMBL4104839,1
CHEMBL1289828,4
CHEMBL1672270,4
CHEMBL1290599,4
CHEMBL1290598,4
CHEMBL2012957,2
CHEMBL1650076,1
CHEMBL2012945,2
CHEMBL3216588,1
CHEMBL3215690,1
CHEMBL2426545,1
CHEMBL3356384,2
CHEMBL3356392,2
CHEMBL3356395,2
CHEMBL3356387,2
CHEMBL3356389,2
CHEMBL4166159,1
CHEMBL3344525,3
CHEMBL174446,1
CHEMBL3344520,2
CHEMBL3344518,3
CHEMBL64440,3
CHEMBL3343965,2
CHEMBL3343957,2
CHEMBL3343959,2
CHEMBL1917066,1
CHEMBL3338027,1
CHEMBL1927125,1
CHEMBL3353674,2
CHEMBL3353683,2
CHEMBL1929340,2
CHEMBL1928654,1
CHEMBL3315154,1
CHEMBL4761016,4
CHEMBL1929343,2
CHEMBL1928411,1
CHEMBL1928416,1
CHEMBL1928418,1
CHEMBL1928420,1
CHEMBL1950419,3
CHEMBL148165,2
CHEMBL3298604,2
CHEMBL1947212,1
CHEMBL1947216,1
CHEMBL1939607,2
CHEMBL1939614,1
CHEMBL1939616,1
CHEMBL1673265,2
CHEMBL1213592,8
CHEMBL157930,2
CHEMBL16869,2
CHEMBL3326560,1
CHEMBL1951750,1
CHEMBL1094508,2
CHEMBL1171635,1
CHEMBL317760,1
CHEMBL139077,2
CHEMBL502768,4
CHEMBL1927692,2
CHEMBL4162190,8
CHEMBL3038044,1
CHEMBL1164344,2
CHEMBL529251,2
CHEMBL1224131,1
CHEMBL250447,2
CHEMBL587764,1
CHEMBL69157,1
CHEMBL182115,3
CHEMBL183147,3
CHEMBL4088130,1
CHEMBL3799739,1
CHEMBL4074128,1
CHEMBL4085402,1
CHEMBL4062743,1
CHEMBL82863,2
CHEMBL184209,1
CHEMBL86254,2
CHEMBL369954,1
CHEMBL484795,1
CHEMBL464561,2
CHEMBL3116381,1
CHEMBL3116376,1
CHEMBL3120844,1
CHEMBL3771215,1
CHEMBL266780,1
CHEMBL4,9
CHEMBL85857,2
CHEMBL37647,2
CHEMBL38217,1
CHEMBL96248,2
CHEMBL22590,6
CHEMBL510173,2
CHEMBL501281,2
CHEMBL380230,3
CHEMBL4090992,2
CHEMBL349517,1
CHEMBL430113,1
CHEMBL259023,1
CHEMBL436908,1
CHEMBL261816,1
CHEMBL4214861,4
CHEMBL253114,1
CHEMBL401493,1
CHEMBL109192,1
CHEMBL61266,3
CHEMBL250155,4
CHEMBL4103778,3
CHEMBL537372,3
CHEMBL578464,3
CHEMBL546977,3
CHEMBL546835,3
CHEMBL2172226,2
CHEMBL586583,3
CHEMBL3637876,3
CHEMBL529152,3
CHEMBL3637842,3
CHEMBL586383,3
CHEMBL531326,5
CHEMBL3637889,1
CHEMBL546607,2
CHEMBL3809757,3
CHEMBL215484,2
CHEMBL3828128,1
CHEMBL3827030,1
CHEMBL367762,1
CHEMBL3216248,1
CHEMBL3216918,1
CHEMBL4061174,2
CHEMBL4105666,2
CHEMBL4071871,2
CHEMBL4079660,2
CHEMBL2377325,1
CHEMBL2377304,1
CHEMBL252043,1
CHEMBL253267,1
CHEMBL343728,2
CHEMBL4085085,2
CHEMBL384238,1
CHEMBL514530,1
CHEMBL476587,1
CHEMBL218891,5
CHEMBL219333,8
CHEMBL4459053,2
CHEMBL1214365,2
CHEMBL4093908,2
CHEMBL1917676,1
CHEMBL1917672,2
CHEMBL4542654,4
CHEMBL3827978,6
CHEMBL4076244,1
CHEMBL4076872,1
CHEMBL509157,4
CHEMBL221235,2
CHEMBL4175337,1
CHEMBL536755,1
CHEMBL4064215,2
CHEMBL1917682,1
CHEMBL1917520,2
CHEMBL269531,2
CHEMBL3215350,2
CHEMBL1288749,3
CHEMBL1914490,1
CHEMBL1917538,1
CHEMBL220276,1
CHEMBL1288748,3
CHEMBL1288757,3
CHEMBL4083362,1
CHEMBL446386,2
CHEMBL434563,2
CHEMBL583612,2
CHEMBL566975,2
CHEMBL3215594,1
CHEMBL3216040,1
CHEMBL3104870,1
CHEMBL1215753,2
CHEMBL1213855,1
CHEMBL1213930,1
CHEMBL1213984,1
CHEMBL1214757,2
CHEMBL146826,5
CHEMBL147806,5
CHEMBL522958,2
CHEMBL491675,3
CHEMBL468426,3
CHEMBL454039,3
CHEMBL468860,3
CHEMBL513865,3
CHEMBL449539,3
CHEMBL4067619,2
CHEMBL4092646,2
CHEMBL4101320,2
CHEMBL315677,2
CHEMBL4127500,1
CHEMBL4128075,1
CHEMBL4130111,1
CHEMBL2408434,2
CHEMBL2058009,5
CHEMBL478724,1
CHEMBL477079,1
CHEMBL67277,2
CHEMBL316953,2
CHEMBL1928423,1
CHEMBL512026,1
CHEMBL610245,1
CHEMBL124203,1
CHEMBL236949,1
CHEMBL4075138,2
CHEMBL4071207,2
CHEMBL4072460,2
CHEMBL4099242,2
CHEMBL476717,2
CHEMBL1077542,1
CHEMBL1077540,1
CHEMBL2407848,4
CHEMBL553649,1
CHEMBL575071,2
CHEMBL480105,1
CHEMBL2368046,1
CHEMBL4204296,1
CHEMBL394272,2
CHEMBL395634,3
CHEMBL484296,4
CHEMBL405429,1
CHEMBL271996,1
CHEMBL456938,1
CHEMBL405745,1
CHEMBL464365,1
CHEMBL2058038,4
CHEMBL3260213,2
CHEMBL3260208,2
CHEMBL4206907,1
CHEMBL3233357,1
CHEMBL464356,1
CHEMBL3235633,2
CHEMBL3235657,2
CHEMBL463203,1
CHEMBL464613,1
CHEMBL462810,1
CHEMBL512475,3
CHEMBL146333,8
CHEMBL519076,1
CHEMBL3286857,6
CHEMBL4519164,1
CHEMBL233997,2
CHEMBL238329,4
CHEMBL234664,4
CHEMBL4800524,2
CHEMBL4798055,2
CHEMBL4755410,2
CHEMBL4754260,1
CHEMBL4740538,1
CHEMBL471298,3
CHEMBL505624,2
CHEMBL308726,4
CHEMBL4788988,1
CHEMBL4747559,4
CHEMBL4794066,2
CHEMBL606554,2
CHEMBL37644,1
CHEMBL3116031,3
CHEMBL3819321,2
CHEMBL3818952,2
CHEMBL3819413,2
CHEMBL3818870,2
CHEMBL3818559,2
CHEMBL3818580,2
CHEMBL3819056,2
CHEMBL3818133,2
CHEMBL3818818,2
CHEMBL3818317,2
CHEMBL3818252,2
CHEMBL3818702,2
CHEMBL3038033,1
CHEMBL3828583,1
CHEMBL3823785,1
CHEMBL410155,6
CHEMBL3823159,1
CHEMBL245166,1
CHEMBL440408,2
CHEMBL458741,1
CHEMBL3937498,1
CHEMBL469834,2
CHEMBL486762,3
CHEMBL466381,2
CHEMBL3298877,2
CHEMBL492579,1
CHEMBL3216013,1
CHEMBL1292,2
CHEMBL123,17
CHEMBL3216658,1
CHEMBL1606,6
CHEMBL483292,1
CHEMBL482924,1
CHEMBL482719,1
CHEMBL485116,1
CHEMBL3216922,1
CHEMBL378006,2
CHEMBL237458,4
CHEMBL1800829,2
CHEMBL1800771,2
CHEMBL1800772,2
CHEMBL1800775,2
CHEMBL599917,2
CHEMBL1800137,2
CHEMBL1800778,2
CHEMBL239498,1
CHEMBL488344,1
CHEMBL4285334,2
CHEMBL2041951,1
CHEMBL2041945,1
CHEMBL2041765,1
CHEMBL408071,1
CHEMBL218332,4
CHEMBL260304,4
CHEMBL272405,2
CHEMBL410475,3
CHEMBL260466,3
CHEMBL260401,3
CHEMBL4089398,2
CHEMBL4097110,2
CHEMBL4086942,2
CHEMBL3617455,1
CHEMBL261297,2
CHEMBL409639,2
CHEMBL1828817,1
CHEMBL59873,4
CHEMBL1241239,4
CHEMBL1241238,4
CHEMBL1812339,2
CHEMBL4078078,2
CHEMBL2017471,1
CHEMBL2017474,1
CHEMBL2017478,1
CHEMBL484618,1
CHEMBL484614,1
CHEMBL484809,1
CHEMBL468255,1
CHEMBL497513,4
CHEMBL34930,3
CHEMBL3216692,1
CHEMBL2023440,2
CHEMBL476098,1
CHEMBL561853,2
CHEMBL549425,2
CHEMBL520056,4
CHEMBL487741,4
CHEMBL2029597,1
CHEMBL2029755,1
CHEMBL572594,2
CHEMBL3547034,3
CHEMBL1852280,1
CHEMBL3597024,2
CHEMBL2017465,1
CHEMBL594910,1
CHEMBL271204,4
CHEMBL271166,4
CHEMBL270767,4
CHEMBL405476,1
CHEMBL406915,3
CHEMBL405878,4
CHEMBL270538,4
CHEMBL272451,2
CHEMBL443575,4
CHEMBL273070,4
CHEMBL406344,4
CHEMBL2181217,4
CHEMBL2407843,4
CHEMBL399850,1
CHEMBL596332,1
CHEMBL3604106,1
CHEMBL2030016,5
CHEMBL4442146,11
CHEMBL46524,11
CHEMBL1084470,1
CHEMBL1082806,1
CHEMBL1084724,1
CHEMBL2368755,1
CHEMBL594582,2
CHEMBL594701,2
CHEMBL595718,2
CHEMBL594846,2
CHEMBL2024110,1
CHEMBL2022211,1
CHEMBL1215636,1
CHEMBL1215459,1
CHEMBL1215733,1
CHEMBL512770,2
CHEMBL483744,1
CHEMBL519168,1
CHEMBL494024,1
CHEMBL479101,1
CHEMBL4215303,2
CHEMBL4218616,2
CHEMBL557242,1
CHEMBL555348,1
CHEMBL556490,1
CHEMBL551200,1
CHEMBL3758806,2
CHEMBL139856,5
CHEMBL116847,1
CHEMBL475143,1
CHEMBL510626,1
CHEMBL490288,2
CHEMBL4754279,1
CHEMBL475749,1
CHEMBL449309,1
CHEMBL597266,3
CHEMBL463202,1
CHEMBL469639,1
CHEMBL560615,1
CHEMBL556665,1
CHEMBL478533,1
CHEMBL451608,2
CHEMBL519035,1
CHEMBL139984,4
CHEMBL4088904,2
CHEMBL92182,2
CHEMBL4127381,1
CHEMBL4249272,3
CHEMBL4126561,1
CHEMBL195168,1
CHEMBL90358,2
CHEMBL515509,1
CHEMBL4085788,2
CHEMBL4175586,1
CHEMBL4160501,1
CHEMBL4174377,1
CHEMBL4067297,2
CHEMBL4129429,1
CHEMBL264392,2
CHEMBL4755658,4
CHEMBL4083078,1
CHEMBL4165490,2
CHEMBL4166845,2
CHEMBL3330898,1
CHEMBL359277,2
CHEMBL292517,3
CHEMBL4167440,2
CHEMBL4159210,4
CHEMBL29773,2
CHEMBL445,1
CHEMBL1774691,2
CHEMBL4160247,8
CHEMBL4078991,2
CHEMBL4096998,2
CHEMBL4105360,3
CHEMBL443013,2
CHEMBL2367931,4
CHEMBL1761043,1
CHEMBL1796427,2
CHEMBL1796547,2
CHEMBL1796409,2
CHEMBL1800773,2
CHEMBL301338,1
CHEMBL5188682,1
CHEMBL191083,2
CHEMBL4171506,1
CHEMBL4170041,1
CHEMBL5093798,5
CHEMBL554981,1
CHEMBL1802299,1
CHEMBL356284,2
CHEMBL1802544,8
CHEMBL1800624,1
CHEMBL5172999,11
CHEMBL5190700,14
CHEMBL1478,1
CHEMBL2071265,4
CHEMBL1830114,6
CHEMBL225606,1
CHEMBL441602,2
CHEMBL5094395,2
CHEMBL5081932,2
CHEMBL67390,1
CHEMBL5087824,2
CHEMBL5082637,2
CHEMBL5080488,2
CHEMBL388254,3
CHEMBL243890,6
CHEMBL455259,4
CHEMBL559861,2
CHEMBL563587,2
CHEMBL5093263,2
CHEMBL5075023,2
CHEMBL557704,1
CHEMBL2334023,4
CHEMBL2334031,6
CHEMBL2334022,4
CHEMBL2334037,6
CHEMBL2334040,3
CHEMBL575525,2
CHEMBL2334033,4
CHEMBL2334053,2
CHEMBL557324,1
CHEMBL269512,1
CHEMBL1780210,1
CHEMBL3215855,1
CHEMBL1774623,3
CHEMBL1774628,3
CHEMBL1774631,3
CHEMBL1631,2
CHEMBL5191032,2
CHEMBL5177723,6
CHEMBL1774627,3
CHEMBL1774629,3
CHEMBL1774634,3
CHEMBL1774641,3
CHEMBL228839,1
CHEMBL3216090,1
CHEMBL599054,2
CHEMBL609056,1
CHEMBL1668759,1
CHEMBL1669065,1
CHEMBL1669714,6
CHEMBL1290489,4
CHEMBL1289050,4
CHEMBL92129,9
CHEMBL252504,5
CHEMBL1290717,4
CHEMBL1290718,4
CHEMBL1290380,4
CHEMBL367771,1
CHEMBL343433,2
CHEMBL1682450,3
CHEMBL1682454,3
CHEMBL1682456,3
CHEMBL1682457,3
CHEMBL1780014,1
CHEMBL1780015,1
CHEMBL1780020,1
CHEMBL1773163,3
CHEMBL1773161,3
CHEMBL1773155,3
CHEMBL1773162,3
CHEMBL1783732,9
CHEMBL5286803,2
CHEMBL5288018,1
CHEMBL5279089,1
CHEMBL568304,1
CHEMBL579073,1
CHEMBL583620,2
CHEMBL5267129,1
CHEMBL5289227,2
CHEMBL566098,2
CHEMBL583209,1
CHEMBL3221641,1
CHEMBL1796411,2
CHEMBL1796536,2
CHEMBL1796543,2
CHEMBL1796549,2
CHEMBL1796551,2
CHEMBL1796569,2
CHEMBL1796420,2
CHEMBL1682585,3
CHEMBL1682594,3
CHEMBL1682600,3
CHEMBL1800769,2
CHEMBL1800770,2
CHEMBL1800828,2
CHEMBL1800832,2
CHEMBL1800774,2
CHEMBL430873,1
CHEMBL5273046,2
CHEMBL5278756,1
CHEMBL3593462,2
CHEMBL1812871,2
CHEMBL1812877,2
CHEMBL1812887,2
CHEMBL1796570,2
CHEMBL175846,1
CHEMBL1783731,5
CHEMBL3585406,2
CHEMBL1780222,1
CHEMBL5274888,2
CHEMBL5270615,1
CHEMBL5288925,1
CHEMBL88052,1
CHEMBL3547041,3
CHEMBL1851614,2
CHEMBL1232057,2
CHEMBL1945105,1
CHEMBL1773073,3
CHEMBL1947215,1
CHEMBL3596209,2
CHEMBL3597354,2
CHEMBL346221,2
CHEMBL1802864,1
CHEMBL1802539,1
CHEMBL1802545,1
CHEMBL1802547,1
CHEMBL1800548,1
CHEMBL1800549,1
CHEMBL1800550,1
CHEMBL1800554,1
CHEMBL1800627,1
CHEMBL76286,4
CHEMBL3617334,2
CHEMBL3216752,2
CHEMBL3617348,2
CHEMBL146192,4
CHEMBL3617354,1
CHEMBL3617355,1
CHEMBL143946,2
CHEMBL1822436,1
CHEMBL4085158,2
CHEMBL4074985,2
CHEMBL4088549,2
CHEMBL153679,2
CHEMBL3617332,2
CHEMBL2408797,3
CHEMBL2408810,2
CHEMBL2408997,1
CHEMBL2408998,1
CHEMBL2408999,1
CHEMBL2408991,1
CHEMBL2408988,1
CHEMBL2409002,3
CHEMBL3138242,2
CHEMBL401339,1
CHEMBL2368223,1
CHEMBL3600963,3
CHEMBL144763,2
CHEMBL54554,1
CHEMBL146305,2
CHEMBL4081985,1
CHEMBL345131,2
CHEMBL2322218,2
CHEMBL2338058,2
CHEMBL2314646,1
CHEMBL2314641,1
CHEMBL2408426,2
CHEMBL2408419,2
CHEMBL2408431,1
CHEMBL3601839,2
CHEMBL208004,2
CHEMBL208509,2
CHEMBL3037958,1
CHEMBL1198903,3
CHEMBL315158,2
CHEMBL433368,2
CHEMBL58967,1
CHEMBL2408421,2
CHEMBL2408432,2
CHEMBL224248,1
CHEMBL83177,2
CHEMBL1818619,2
CHEMBL1818699,2
CHEMBL1818626,2
CHEMBL1818698,1
CHEMBL1821986,1
CHEMBL2368409,1
CHEMBL86607,2
CHEMBL4075066,1
CHEMBL138618,5
CHEMBL367658,1
CHEMBL4168829,1
CHEMBL380734,1
CHEMBL3349382,1
CHEMBL1818024,1
CHEMBL1830995,2
CHEMBL1830993,2
CHEMBL1830992,2
CHEMBL1830986,2
CHEMBL1927488,2
CHEMBL1927479,3
CHEMBL271646,5
CHEMBL1822427,1
CHEMBL4214323,1
CHEMBL1835434,1
CHEMBL1928660,1
CHEMBL3038217,2
CHEMBL1928940,7
CHEMBL1928937,7
CHEMBL1928942,7
CHEMBL1928932,7
CHEMBL389398,1
CHEMBL557570,11
CHEMBL3217128,1
CHEMBL3215801,1
CHEMBL1941013,2
CHEMBL163150,1
CHEMBL482925,1
CHEMBL482495,1
CHEMBL520124,1
CHEMBL424964,1
CHEMBL150556,1
CHEMBL1107,4
CHEMBL289801,1
CHEMBL73518,4
CHEMBL491452,1
CHEMBL446605,1
CHEMBL439783,2
CHEMBL4099625,2
CHEMBL4066663,2
CHEMBL4096793,2
CHEMBL4077145,2
CHEMBL4084025,2
CHEMBL470819,2
CHEMBL285099,3
CHEMBL455267,1
CHEMBL508480,1
CHEMBL205338,12
CHEMBL206189,2
CHEMBL205339,2
CHEMBL4126805,2
CHEMBL4126130,1
CHEMBL211815,6
CHEMBL498515,2
CHEMBL134838,1
CHEMBL4170950,2
CHEMBL4159252,2
CHEMBL4169492,2
CHEMBL4059971,2
CHEMBL4075590,2
CHEMBL4092803,2
CHEMBL4080991,2
CHEMBL4089089,2
CHEMBL505319,2
CHEMBL4163163,1
CHEMBL4169144,1
CHEMBL2325751,4
CHEMBL449452,2
CHEMBL505741,2
CHEMBL3138246,2
CHEMBL125004,1
CHEMBL315323,2
CHEMBL189740,7
CHEMBL365799,5
CHEMBL479211,1
CHEMBL478339,1
CHEMBL4224953,2
CHEMBL505862,2
CHEMBL4745783,2
CHEMBL488513,2
CHEMBL4870928,2
CHEMBL4850666,2
CHEMBL4865822,1
CHEMBL477674,1
CHEMBL3971678,1
CHEMBL3902327,1
CHEMBL3936307,1
CHEMBL550607,1
CHEMBL558528,1
CHEMBL5200948,3
CHEMBL3217107,1
CHEMBL559553,1
CHEMBL487943,3
CHEMBL483495,4
CHEMBL483892,4
CHEMBL483693,4
CHEMBL483893,4
CHEMBL487533,4
CHEMBL488747,4
CHEMBL4205490,1
CHEMBL492326,3
CHEMBL4170324,2
CHEMBL4170749,2
CHEMBL2207693,2
CHEMBL2207691,2
CHEMBL2207698,1
CHEMBL492722,3
CHEMBL502137,9
CHEMBL493088,6
CHEMBL24704,5
CHEMBL2203518,1
CHEMBL509046,2
CHEMBL518471,3
CHEMBL4793689,2
CHEMBL4791153,2
CHEMBL4793253,2
CHEMBL4799152,2
CHEMBL4088128,1
CHEMBL4763707,1
CHEMBL3955575,1
CHEMBL4067603,2
CHEMBL4061132,2
CHEMBL4087783,2
CHEMBL4177316,1
CHEMBL4171107,1
CHEMBL4171958,2
CHEMBL490882,2
CHEMBL92920,2
CHEMBL4647329,3
CHEMBL4210088,1
CHEMBL4206644,1
CHEMBL3037967,1
CHEMBL4743796,2
CHEMBL486865,1
CHEMBL3763576,3
CHEMBL3764905,3
CHEMBL2059459,1
CHEMBL3759722,2
CHEMBL3763836,3
CHEMBL1078784,1
CHEMBL1079092,1
CHEMBL451753,3
CHEMBL507466,3
CHEMBL453824,3
CHEMBL454078,3
CHEMBL2314629,1
CHEMBL522484,2
CHEMBL3758274,3
CHEMBL3759710,3
CHEMBL2374209,1
CHEMBL490099,3
CHEMBL596960,1
CHEMBL590014,2
CHEMBL611027,2
CHEMBL595042,2
CHEMBL492365,2
CHEMBL190579,3
CHEMBL93889,2
CHEMBL3217015,1
CHEMBL4212883,1
CHEMBL53034,1
CHEMBL13636,1
CHEMBL2316511,2
CHEMBL125598,1
CHEMBL4761626,1
CHEMBL4752060,1
CHEMBL4764446,1
CHEMBL497984,2
CHEMBL3215577,1
CHEMBL4765202,4
CHEMBL493558,2
CHEMBL4777912,2
CHEMBL4744949,2
CHEMBL4753333,2
CHEMBL573295,2
CHEMBL4212811,2
CHEMBL590708,1
CHEMBL4751698,1
CHEMBL572112,2
CHEMBL551728,1
CHEMBL4209819,2
CHEMBL4202931,1
CHEMBL4211884,3
CHEMBL1917542,1
CHEMBL1087848,1
CHEMBL4209154,2
CHEMBL4075052,2
CHEMBL4102412,1
CHEMBL1091725,1
CHEMBL1091727,1
CHEMBL3215805,1
CHEMBL4754900,2
CHEMBL4073226,2
CHEMBL89959,2
CHEMBL4743064,1
CHEMBL595418,2
CHEMBL608119,2
CHEMBL608120,2
CHEMBL1088957,1
CHEMBL213559,4
CHEMBL17535,2
CHEMBL335978,1
CHEMBL4870657,1
CHEMBL4855954,1
CHEMBL1668535,1
CHEMBL1668541,2
CHEMBL285228,2
CHEMBL5075245,2
CHEMBL5079670,2
CHEMBL5081431,2
CHEMBL468428,3
CHEMBL446050,3
CHEMBL446916,3
CHEMBL513526,3
CHEMBL3260207,2
CHEMBL541669,2
CHEMBL63086,3
CHEMBL38388,2
CHEMBL4757611,1
CHEMBL4750321,1
CHEMBL4757516,1
CHEMBL4747451,1
CHEMBL4075514,1
CHEMBL3264181,3
CHEMBL3264499,3
CHEMBL3758754,3
CHEMBL1682593,3
CHEMBL1834671,2
CHEMBL1688679,1
CHEMBL1835174,1
CHEMBL1835163,1
CHEMBL1876003,1
CHEMBL4445583,1
CHEMBL4172823,1
CHEMBL4125863,2
CHEMBL4129120,1
CHEMBL4129043,1
CHEMBL4125751,1
CHEMBL4127660,1
CHEMBL2435545,2
CHEMBL2435544,2
CHEMBL588357,1
CHEMBL4170640,2
CHEMBL4174071,2
CHEMBL4177436,2
CHEMBL1800838,2
CHEMBL1800779,2
CHEMBL1800083,2
CHEMBL3132893,1
CHEMBL3132904,1
CHEMBL3132923,1
CHEMBL4521687,2
CHEMBL604953,2
CHEMBL3124991,2
CHEMBL3124985,2
CHEMBL3104426,1
CHEMBL4213322,2
CHEMBL3115467,2
CHEMBL4205096,1
CHEMBL4213619,1
CHEMBL4217373,1
CHEMBL432296,1
CHEMBL3116395,1
CHEMBL1807211,1
CHEMBL532724,1
CHEMBL4071645,1
CHEMBL4090928,1
CHEMBL4077309,1
CHEMBL4089175,1
CHEMBL3099818,3
CHEMBL66482,7
CHEMBL2391965,1
CHEMBL2391946,1
CHEMBL4173328,1
CHEMBL2391948,1
CHEMBL3104739,1
CHEMBL217546,1
CHEMBL4526979,1
CHEMBL3218232,2
CHEMBL1774609,3
CHEMBL1774610,3
CHEMBL1774694,1
CHEMBL4448912,1
CHEMBL3215640,2
CHEMBL3144166,2
CHEMBL3144156,2
CHEMBL3216525,2
CHEMBL1682249,2
CHEMBL3335110,2
CHEMBL1688676,1
CHEMBL53639,1
CHEMBL4567214,1
CHEMBL4457879,1
CHEMBL264440,2
CHEMBL4102989,2
CHEMBL3410466,3
CHEMBL3410336,3
CHEMBL4467013,2
CHEMBL4439637,2
CHEMBL4472824,2
CHEMBL4473513,2
CHEMBL4475837,2
CHEMBL4515405,2
CHEMBL4526752,2
CHEMBL4451955,2
CHEMBL4567399,2
CHEMBL4581019,2
CHEMBL4435907,2
CHEMBL520485,1
CHEMBL485423,1
CHEMBL520186,1
CHEMBL3401714,3
CHEMBL3401700,3
CHEMBL3601832,1
CHEMBL3601841,1
CHEMBL3401701,3
CHEMBL3401713,3
CHEMBL3401705,3
CHEMBL4470715,1
CHEMBL4463297,3
CHEMBL4545135,4
CHEMBL4436307,8
CHEMBL4063329,1
CHEMBL3416975,1
CHEMBL2030316,2
CHEMBL3741501,1
CHEMBL3740339,1
CHEMBL496650,2
CHEMBL3217156,3
CHEMBL3216723,3
CHEMBL4853103,13
CHEMBL492245,1
CHEMBL493063,1
CHEMBL1818618,2
CHEMBL1818624,2
CHEMBL1818629,2
CHEMBL1818700,2
CHEMBL1830987,5
CHEMBL4101670,2
CHEMBL1834943,1
CHEMBL3577192,1
CHEMBL3601446,2
CHEMBL4797554,1
CHEMBL4755356,2
CHEMBL4776194,2
CHEMBL467583,2
CHEMBL2021659,1
CHEMBL3600962,3
CHEMBL3547027,3
CHEMBL1643746,1
CHEMBL1643751,1
CHEMBL3310175,2
CHEMBL3617347,1
CHEMBL1289165,4
CHEMBL404522,5
CHEMBL3603986,2
CHEMBL1672269,4
CHEMBL2332996,3
CHEMBL3604114,1
CHEMBL3604001,1
CHEMBL3603987,1
CHEMBL510548,3
CHEMBL507515,4
CHEMBL450192,3
CHEMBL510717,2
CHEMBL3601865,1
CHEMBL3264176,3
CHEMBL3264498,3
CHEMBL3264500,3
CHEMBL3261983,2
CHEMBL494606,1
CHEMBL499752,3
CHEMBL463652,4
CHEMBL459421,3
CHEMBL3589931,1
CHEMBL4440334,1
CHEMBL258739,2
CHEMBL3589982,1
CHEMBL3589927,1
CHEMBL491889,5
CHEMBL3359697,1
CHEMBL1835181,1
CHEMBL1835164,1
CHEMBL3814667,1
CHEMBL3813861,1
CHEMBL522874,1
CHEMBL3827168,1
CHEMBL3827518,1
CHEMBL2374218,1
CHEMBL2316520,2
CHEMBL2316797,2
CHEMBL2316796,2
CHEMBL3828604,4
CHEMBL2057720,4
CHEMBL493143,2
CHEMBL506042,2
CHEMBL3120298,2
CHEMBL3120274,4
CHEMBL3120271,2
CHEMBL3120266,2
CHEMBL3120285,2
CHEMBL3120282,2
CHEMBL3120279,2
CHEMBL3120278,2
CHEMBL2334369,2
CHEMBL2331582,5
CHEMBL2334047,2
CHEMBL2334375,2
CHEMBL2334398,1
CHEMBL2334395,2
CHEMBL2334392,2
CHEMBL495353,2
CHEMBL494404,1
CHEMBL2170025,4
CHEMBL2170024,4
CHEMBL461404,2
CHEMBL356292,8
CHEMBL3127253,2
CHEMBL3125002,2
CHEMBL486025,3
CHEMBL3132894,1
CHEMBL3132915,1
CHEMBL3132911,1
CHEMBL3132910,1
CHEMBL3132921,1
CHEMBL487277,4
CHEMBL3132895,1
CHEMBL3132892,1
CHEMBL540380,2
CHEMBL3218245,1
CHEMBL539613,2
CHEMBL368642,1
CHEMBL4867438,2
CHEMBL69433,1
CHEMBL3734833,2
CHEMBL3133585,1
CHEMBL3335096,2
CHEMBL3335101,2
CHEMBL3221153,1
CHEMBL3335102,2
CHEMBL3127933,1
CHEMBL148195,1
CHEMBL3038042,1
CHEMBL35422,1
CHEMBL4129945,1
CHEMBL4126850,1
CHEMBL354320,1
CHEMBL4847937,1
CHEMBL4870498,2
CHEMBL4849566,1
CHEMBL4864996,1
CHEMBL4857300,2
CHEMBL4846075,2
CHEMBL4870469,2
CHEMBL4869819,1
CHEMBL4875807,1
CHEMBL4857289,1
CHEMBL4786930,6
CHEMBL4796554,5
CHEMBL4793581,6
CHEMBL4799632,6
CHEMBL4800362,6
CHEMBL4778245,6
CHEMBL4798400,6
CHEMBL4796828,4
CHEMBL4083579,2
CHEMBL4092098,2
CHEMBL4101406,2
CHEMBL4093679,1
CHEMBL596013,4
CHEMBL596242,4
CHEMBL336226,2
CHEMBL3038026,1
CHEMBL592948,2
CHEMBL596427,2
CHEMBL593191,2
CHEMBL4466654,2
CHEMBL4549480,1
CHEMBL4437580,1
CHEMBL4459380,2
CHEMBL5311376,4
CHEMBL5312977,4
CHEMBL5311994,3
CHEMBL4070265,2
CHEMBL4096132,2
CHEMBL5312489,3
CHEMBL4514536,2
CHEMBL4576616,2
CHEMBL5311009,2
CHEMBL604078,2
CHEMBL604281,2
CHEMBL608115,2
CHEMBL566943,3
CHEMBL567737,1
CHEMBL576596,3
CHEMBL567781,1
CHEMBL577274,1
CHEMBL5314151,4
CHEMBL585890,3
CHEMBL592724,5
CHEMBL4077852,1
CHEMBL4879064,1
CHEMBL5437384,4
CHEMBL5308733,4
CHEMBL5310718,4
CHEMBL5430987,1
CHEMBL5311939,4
CHEMBL5275246,3
CHEMBL3958487,1
CHEMBL5312658,2
CHEMBL5280687,3
CHEMBL5286831,2
CHEMBL5269356,2
CHEMBL5285502,2
CHEMBL5273075,2
CHEMBL4074705,1
CHEMBL1077072,1
CHEMBL586685,1
CHEMBL5084313,2
CHEMBL5082346,2
CHEMBL3604377,2
CHEMBL3604383,2
CHEMBL3604387,2
CHEMBL3604389,2
CHEMBL3604390,2
CHEMBL3934089,1
CHEMBL3915080,1
CHEMBL3951804,1
CHEMBL3975675,1
CHEMBL3898474,1
CHEMBL4167606,1
CHEMBL3758349,3
CHEMBL5208723,4
CHEMBL3742034,2
CHEMBL3742020,2
CHEMBL3970526,2
CHEMBL5006871,4
CHEMBL4984611,3
CHEMBL4980404,4
CHEMBL5002748,4
CHEMBL4966605,4
CHEMBL4972508,2
CHEMBL4954853,3
CHEMBL4983580,2
CHEMBL1621093,3
CHEMBL3824169,1
CHEMBL3823657,1
CHEMBL3819228,2
CHEMBL3819589,2
CHEMBL3819026,2
CHEMBL3817973,2
CHEMBL3818842,2
CHEMBL3819043,2
CHEMBL3819379,2
CHEMBL3818190,2
CHEMBL3125842,1
CHEMBL3819084,2
CHEMBL3818749,2
CHEMBL3817994,2
CHEMBL3819257,2
CHEMBL3819282,2
CHEMBL1621810,3
CHEMBL1620125,3
CHEMBL4998805,4
CHEMBL4939495,3
CHEMBL4934913,3
CHEMBL4922482,3
CHEMBL4953741,4
CHEMBL5023243,4
CHEMBL4992948,3
CHEMBL4947536,4
CHEMBL4994277,4
CHEMBL4979636,5
CHEMBL5000796,3
CHEMBL4916529,2
CHEMBL3810238,3
CHEMBL3808978,3
CHEMBL3818318,2
CHEMBL3132902,1
CHEMBL3132900,1
CHEMBL5311744,4
CHEMBL3120846,1
CHEMBL2040589,2
CHEMBL5006601,3
CHEMBL5005705,2
CHEMBL4981187,4
CHEMBL3124982,2
CHEMBL5313399,2
CHEMBL4209485,1
CHEMBL1076046,1
CHEMBL1076005,1
CHEMBL2041387,2
CHEMBL2041388,2
CHEMBL2041392,2
CHEMBL2041394,2
CHEMBL4986176,4
CHEMBL4904156,2
CHEMBL3116380,1
CHEMBL3116374,1
CHEMBL4202904,1
CHEMBL4203841,1
CHEMBL3890244,1
CHEMBL3819192,2
CHEMBL2322221,2
CHEMBL2322219,1
CHEMBL5311501,4
CHEMBL524601,3
CHEMBL230001,3
CHEMBL530228,5
CHEMBL529716,3
CHEMBL5311820,10
CHEMBL3335107,2
CHEMBL1947241,1
CHEMBL3403292,3
CHEMBL4218394,1
CHEMBL4202815,1
CHEMBL4217230,1
CHEMBL4210535,1
CHEMBL4209313,1
CHEMBL4206783,1
CHEMBL1950411,1
CHEMBL3393866,2
CHEMBL3393861,1
CHEMBL3338034,1
CHEMBL4129604,1
CHEMBL4127511,1
CHEMBL4127879,2
CHEMBL2431494,2
CHEMBL2431493,2
CHEMBL4172095,2
CHEMBL4784271,1
CHEMBL5289064,1
CHEMBL3264188,4
CHEMBL3264509,3
CHEMBL4786898,1
CHEMBL3217248,1
CHEMBL3217031,1
CHEMBL3216821,1
CHEMBL3216824,1
CHEMBL3216816,1
CHEMBL3125840,1
CHEMBL2057722,4
CHEMBL2058037,4
CHEMBL2058041,4
CHEMBL2057721,4
CHEMBL3604391,2
CHEMBL3604398,1
CHEMBL3604375,2
CHEMBL3604393,2
CHEMBL3585407,2
CHEMBL2435762,1
CHEMBL2435752,1
CHEMBL1668542,2
CHEMBL1668539,2
CHEMBL1668525,1
CHEMBL2030326,2
CHEMBL129788,20
CHEMBL4874204,1
CHEMBL2435778,1
CHEMBL1668040,1
CHEMBL1214486,4
CHEMBL5314254,4
CHEMBL5310383,5
CHEMBL5312535,4
CHEMBL3603868,2
CHEMBL1673192,5
CHEMBL3198390,1
CHEMBL1668818,1
CHEMBL1668819,1
CHEMBL5076638,1
CHEMBL5086515,1
CHEMBL5093179,1
CHEMBL3736510,2
CHEMBL3735904,2
CHEMBL2431498,2
CHEMBL26967,2
CHEMBL3758459,2
CHEMBL1830323,2
CHEMBL3758822,2
CHEMBL1830320,2
CHEMBL3907475,2
CHEMBL3588897,2
CHEMBL3819177,2
CHEMBL3819137,2
CHEMBL3400165,3
CHEMBL3335104,2
CHEMBL3335114,2
CHEMBL3335117,2
CHEMBL3589925,1
CHEMBL3581840,1
CHEMBL4060901,2
CHEMBL3581485,2
CHEMBL5079715,2
CHEMBL3581478,2
CHEMBL3581850,1
CHEMBL3581843,1
CHEMBL3581617,1
CHEMBL3759566,3
CHEMBL4793103,1
CHEMBL4776449,2
CHEMBL3603870,1
CHEMBL10183,1
CHEMBL4100353,2
CHEMBL611167,2
CHEMBL3634145,1
CHEMBL4759744,1
CHEMBL4754011,1
CHEMBL4094616,2
CHEMBL4078909,2
CHEMBL4094503,2
CHEMBL4777193,2
CHEMBL4757685,2
CHEMBL4760841,7
CHEMBL4087953,2
CHEMBL4095668,2
CHEMBL4066656,2
CHEMBL4061356,2
CHEMBL4101287,2
CHEMBL414194,4
CHEMBL3343720,1
CHEMBL423676,1
CHEMBL82620,1
CHEMBL271206,4
CHEMBL3581841,1
CHEMBL3581838,1
CHEMBL2435548,2
CHEMBL276159,1
CHEMBL3315018,1
CHEMBL3603887,1
CHEMBL3603892,1
CHEMBL3603897,1
CHEMBL147752,2
CHEMBL3132907,1
CHEMBL86739,2
CHEMBL3617664,2
CHEMBL3617662,2
CHEMBL4176096,1
CHEMBL109490,1
CHEMBL4800683,2
CHEMBL4753879,2
CHEMBL329864,1
CHEMBL4793720,4
CHEMBL2164263,4
CHEMBL2431011,2
CHEMBL2431007,2
CHEMBL405859,4
CHEMBL405475,4
CHEMBL270549,4
CHEMBL4218177,2
CHEMBL2381927,1
CHEMBL411740,4
CHEMBL3039527,7
CHEMBL3218239,2
CHEMBL228218,1
CHEMBL4762162,2
CHEMBL2386197,1
CHEMBL2414256,5
CHEMBL85012,2
CHEMBL3356386,2
CHEMBL533946,2
CHEMBL3401703,3
CHEMBL4171272,2
CHEMBL59081,1
CHEMBL3787632,2
CHEMBL3326156,2
CHEMBL59015,1
CHEMBL3586299,2
CHEMBL3299078,1
CHEMBL2386131,1
CHEMBL4531948,1
CHEMBL4551275,1
CHEMBL93301,2
CHEMBL4797366,1
CHEMBL3410327,2
CHEMBL3410325,3
CHEMBL3289805,2
CHEMBL2386192,1
CHEMBL4214072,2
CHEMBL4205524,2
CHEMBL3329591,2
CHEMBL3329594,2
CHEMBL3329600,1
CHEMBL3401321,3
CHEMBL3401316,3
CHEMBL3401064,2
CHEMBL3338925,2
CHEMBL3338918,2
CHEMBL3758254,3
CHEMBL3759763,3
CHEMBL3758195,3
CHEMBL264924,1
CHEMBL254937,1
CHEMBL4866338,1
CHEMBL4851446,1
CHEMBL4850686,2
CHEMBL4865702,1
CHEMBL3338048,1
CHEMBL454552,2
CHEMBL445526,4
CHEMBL3581614,1
CHEMBL3401693,3
CHEMBL3037955,2
CHEMBL3335093,2
CHEMBL405238,5
CHEMBL218385,2
CHEMBL374279,2
CHEMBL218284,2
CHEMBL218680,2
CHEMBL3335092,2
CHEMBL1171850,1
CHEMBL3335106,2
CHEMBL3358142,2
CHEMBL3403290,3
CHEMBL36876,1
CHEMBL226396,2
CHEMBL3759851,2
CHEMBL3338045,1
CHEMBL4762891,1
CHEMBL4743825,1
CHEMBL121177,2
CHEMBL367997,1
CHEMBL75946,4
CHEMBL541808,2
CHEMBL4747010,1
CHEMBL4757745,1
CHEMBL97277,1
CHEMBL137166,1
CHEMBL4741720,1
CHEMBL4748863,1
CHEMBL4755106,1
CHEMBL487107,4
CHEMBL487106,4
CHEMBL4859082,1
CHEMBL4871974,1
CHEMBL2368176,6
CHEMBL458702,2
CHEMBL221432,2
CHEMBL220877,2
CHEMBL473534,2
CHEMBL473535,2
CHEMBL473135,2
CHEMBL501847,2
CHEMBL4083145,1
CHEMBL4163028,1
CHEMBL108191,1
CHEMBL4169586,1
CHEMBL4162626,1
CHEMBL535406,1
CHEMBL396902,1
CHEMBL239942,1
CHEMBL239293,1
CHEMBL3216002,1
CHEMBL3216419,1
CHEMBL558378,1
CHEMBL536528,1
CHEMBL4791218,1
CHEMBL3706801,1
CHEMBL3706804,1
CHEMBL4456065,2
CHEMBL4441455,2
CHEMBL2368044,1
CHEMBL375099,2
CHEMBL224312,2
CHEMBL396750,1
CHEMBL453439,1
CHEMBL506578,1
CHEMBL342575,2
CHEMBL92047,2
CHEMBL576144,2
CHEMBL575998,2
CHEMBL572751,2
CHEMBL567386,2
CHEMBL99679,1
CHEMBL517057,1
CHEMBL583622,1
CHEMBL74288,1
CHEMBL321924,1
CHEMBL4159245,1
CHEMBL4163355,2
CHEMBL4168875,1
CHEMBL443320,1
CHEMBL392502,1
CHEMBL238865,1
CHEMBL399202,1
CHEMBL2368175,4
CHEMBL4097814,1
CHEMBL3808497,3
CHEMBL21690,1
CHEMBL393950,3
CHEMBL393949,3
CHEMBL237237,2
CHEMBL489719,1
CHEMBL203125,14
CHEMBL322782,1
CHEMBL605788,2
CHEMBL2368170,4
CHEMBL4105628,1
CHEMBL4097889,1
CHEMBL443409,2
CHEMBL515313,3
CHEMBL4536176,2
CHEMBL581422,3
CHEMBL567966,3
CHEMBL4546946,2
CHEMBL4462327,2
CHEMBL4472430,2
CHEMBL1256987,6
CHEMBL1256785,4
CHEMBL1257093,5
CHEMBL1256795,5
CHEMBL1201149,1
CHEMBL330238,1
CHEMBL10328,5
CHEMBL3350613,5
CHEMBL537669,6
CHEMBL242305,2
CHEMBL136174,1
CHEMBL57998,1
CHEMBL5076902,1
CHEMBL236330,1
CHEMBL38524,1
CHEMBL7531,2
CHEMBL4534921,1
CHEMBL4449241,1
CHEMBL4546140,2
CHEMBL522749,3
CHEMBL3603871,1
CHEMBL171841,1
CHEMBL3216269,3
CHEMBL578113,1
CHEMBL3601505,1
CHEMBL3601503,1
CHEMBL440764,1
CHEMBL209920,2
CHEMBL211760,2
CHEMBL1651970,5
CHEMBL1078792,1
CHEMBL5284691,2
CHEMBL5266501,3
CHEMBL558206,2
CHEMBL4098609,2
CHEMBL151891,1
CHEMBL1082124,1
CHEMBL1076010,1
CHEMBL410683,6
CHEMBL1256918,7
CHEMBL1078437,2
CHEMBL1078341,2
CHEMBL592981,2
CHEMBL363717,1
CHEMBL1214455,1
CHEMBL138129,1
CHEMBL4088409,2
CHEMBL4104770,2
CHEMBL2435705,1
CHEMBL94625,1
CHEMBL329809,1
CHEMBL4067148,2
CHEMBL4082183,2
CHEMBL589018,2
CHEMBL4063528,2
CHEMBL211789,2
CHEMBL4086767,2
CHEMBL4102242,2
CHEMBL4092665,1
CHEMBL4103148,2
CHEMBL5173431,3
CHEMBL5177901,1
CHEMBL2322212,2
CHEMBL1084726,1
CHEMBL5174077,1
CHEMBL1836625,2
CHEMBL1836627,2
CHEMBL1836629,2
CHEMBL5196419,1
CHEMBL1652425,1
CHEMBL5175622,3
CHEMBL272199,2
CHEMBL273125,2
CHEMBL271825,2
CHEMBL261168,2
CHEMBL258072,2
CHEMBL257262,2
CHEMBL4084731,1
CHEMBL1669069,1
CHEMBL1672268,4
CHEMBL5092593,4
CHEMBL5093116,4
CHEMBL5077173,4
CHEMBL69698,1
CHEMBL5080467,4
CHEMBL5073910,4
CHEMBL1774692,2
CHEMBL5204728,1
CHEMBL4098291,1
CHEMBL4093969,1
CHEMBL4071449,2
CHEMBL239071,1
CHEMBL4176324,2
CHEMBL23440,2
CHEMBL1950465,2
CHEMBL4173686,2
CHEMBL4060131,1
CHEMBL4070200,1
CHEMBL4067533,1
CHEMBL4083373,1
CHEMBL550533,3
CHEMBL551141,3
CHEMBL551539,3
CHEMBL5185662,4
CHEMBL5195901,4
CHEMBL269538,8
CHEMBL5177605,2
CHEMBL5170259,4
CHEMBL558138,1
CHEMBL563278,1
CHEMBL1668805,1
CHEMBL1668039,2
CHEMBL1668794,1
CHEMBL1668795,1
CHEMBL443226,6
CHEMBL4089682,1
CHEMBL4067761,1
CHEMBL271554,2
CHEMBL4857112,1
CHEMBL4846372,1
CHEMBL3577193,2
CHEMBL1668812,1
CHEMBL5283588,2
CHEMBL5279177,3
CHEMBL5279124,1
CHEMBL5291467,1
CHEMBL5281796,2
CHEMBL5271778,2
CHEMBL3547035,3
CHEMBL3547040,3
CHEMBL3547060,3
CHEMBL1851742,1
CHEMBL3597023,2
CHEMBL371411,1
CHEMBL1162134,1
CHEMBL197941,1
CHEMBL4210469,1
CHEMBL5290516,2
CHEMBL409066,4
CHEMBL271153,2
CHEMBL270937,4
CHEMBL271977,4
CHEMBL5268345,4
CHEMBL5290306,1
CHEMBL4089559,2
CHEMBL407590,4
CHEMBL259676,2
CHEMBL272192,4
CHEMBL411715,4
CHEMBL272856,3
CHEMBL370442,1
CHEMBL3603976,1
CHEMBL3603980,1
CHEMBL472854,1
CHEMBL472855,1
CHEMBL3603994,1
CHEMBL1162121,1
CHEMBL3604380,2
CHEMBL3604396,2
CHEMBL682,7
CHEMBL3604385,2
CHEMBL4164898,1
CHEMBL3589007,1
CHEMBL198418,1
CHEMBL3589928,1
CHEMBL3589935,1
CHEMBL1077225,1
CHEMBL1077226,1
CHEMBL4176541,1
CHEMBL3138356,3
CHEMBL397286,2
CHEMBL4539556,1
CHEMBL4526222,1
CHEMBL397724,6
CHEMBL4168745,1
CHEMBL4128902,1
CHEMBL1077407,1
CHEMBL1668752,1
CHEMBL4848003,2
CHEMBL4867115,2
CHEMBL4846897,1
CHEMBL5208150,3
CHEMBL1224744,2
CHEMBL2022333,1
CHEMBL59661,2
CHEMBL4465998,11
CHEMBL4439519,11
CHEMBL5205072,1
CHEMBL2322509,4
CHEMBL3585413,2
CHEMBL4129795,1
CHEMBL4869041,2
CHEMBL4846454,2
CHEMBL201510,1
CHEMBL1212950,1
CHEMBL1214042,1
CHEMBL1224062,1
CHEMBL2207893,1
CHEMBL1224743,2
CHEMBL4798412,6
CHEMBL4791594,6
CHEMBL480837,1
CHEMBL4796443,5
CHEMBL4788495,6
CHEMBL4795771,6
CHEMBL4780256,6
CHEMBL4784378,6
CHEMBL4779476,6
CHEMBL219639,2
CHEMBL4173318,1
CHEMBL1224810,1
CHEMBL1224817,1
CHEMBL245083,4
CHEMBL4206953,1
CHEMBL4210527,1
CHEMBL4206159,1
CHEMBL236609,1
CHEMBL4208389,1
CHEMBL4205028,1
CHEMBL4217155,1
CHEMBL4212002,1
CHEMBL1215601,1
CHEMBL453820,3
CHEMBL1215279,1
CHEMBL1215343,1
CHEMBL1215567,1
CHEMBL271787,1
CHEMBL270970,2
CHEMBL261832,2
CHEMBL1214741,1
CHEMBL5272741,3
CHEMBL5277950,3
CHEMBL5274372,3
CHEMBL5280488,3
CHEMBL5277007,3
CHEMBL1092061,1
CHEMBL5314126,3
CHEMBL1290095,3
CHEMBL3634071,1
CHEMBL3634277,1
CHEMBL5313479,4
CHEMBL5308912,3
CHEMBL5310410,4
CHEMBL5313697,4
CHEMBL466581,1
CHEMBL517757,1
CHEMBL5310641,4
CHEMBL5310388,3
CHEMBL5309015,3
CHEMBL5309317,3
CHEMBL4085925,1
CHEMBL5314058,4
CHEMBL5312746,12
CHEMBL5313226,11
CHEMBL1224751,2
CHEMBL1224129,1
CHEMBL568160,1
CHEMBL550733,1
CHEMBL564875,1
CHEMBL549997,1
CHEMBL564743,1
CHEMBL558856,1
CHEMBL557869,1
CHEMBL559807,1
CHEMBL5415775,2
CHEMBL5394772,2
CHEMBL5420490,2
CHEMBL5435582,2
CHEMBL5412166,2
CHEMBL5411717,8
CHEMBL5311484,13
CHEMBL527655,2
CHEMBL488829,2
CHEMBL1825041,2
CHEMBL5172366,4
CHEMBL5178359,4
CHEMBL5175462,4
CHEMBL4856099,1
CHEMBL462814,1
CHEMBL509235,1
CHEMBL551037,1
CHEMBL4205923,1
CHEMBL5312614,4
CHEMBL4866998,2
CHEMBL4174019,2
CHEMBL4175793,2
CHEMBL4173666,1
CHEMBL4849568,2
CHEMBL4862927,2
CHEMBL5265992,2
CHEMBL5269262,1
CHEMBL5287098,1
CHEMBL5274682,2
CHEMBL509855,2
CHEMBL505900,2
CHEMBL510022,2
CHEMBL492604,2
CHEMBL510273,2
CHEMBL449198,2
CHEMBL445000,2
CHEMBL506473,2
CHEMBL506701,2
CHEMBL2170943,4
CHEMBL4795538,2
CHEMBL563334,1
CHEMBL3884104,1
CHEMBL4783871,2
CHEMBL3823003,1
CHEMBL3823887,1
CHEMBL3819258,2
CHEMBL3819162,2
CHEMBL3601703,2
CHEMBL3601855,2
CHEMBL3601844,2
CHEMBL477326,1
CHEMBL5397736,1
CHEMBL5413750,2
CHEMBL5207614,3
CHEMBL5432902,3
CHEMBL5399329,2
CHEMBL5177031,1
CHEMBL387924,4
CHEMBL490230,1
CHEMBL490032,1
CHEMBL5402574,1
CHEMBL1173058,1
CHEMBL3893790,1
CHEMBL4780508,1
CHEMBL505883,1
CHEMBL490479,1
CHEMBL3628974,1
CHEMBL481680,2
CHEMBL224182,2
CHEMBL3818632,2
CHEMBL3617661,2
CHEMBL3617675,2
CHEMBL5413044,1
CHEMBL5419466,1
CHEMBL3040038,3
CHEMBL5415669,1
CHEMBL2146518,3
CHEMBL3343802,1
CHEMBL2146547,2
CHEMBL2146535,2
CHEMBL2146542,2
CHEMBL2172620,1
CHEMBL2172619,2
CHEMBL2170026,2
CHEMBL2170041,4
CHEMBL2170036,4
CHEMBL2170037,2
CHEMBL3321978,2
CHEMBL2146601,2
CHEMBL1643742,1
CHEMBL4126488,1
CHEMBL4128870,1
CHEMBL4126286,1
CHEMBL4174501,2
CHEMBL1288391,2
CHEMBL4166472,2
CHEMBL4175400,2
CHEMBL4750562,1
CHEMBL4797137,1
CHEMBL1187204,2
CHEMBL2164254,2
CHEMBL2164253,2
CHEMBL448417,8
CHEMBL4210055,1
CHEMBL4207591,1
CHEMBL4211026,1
CHEMBL4207800,1
CHEMBL1271464,2
CHEMBL1271726,1
CHEMBL86622,2
CHEMBL3099822,3
CHEMBL4066582,1
CHEMBL588662,1
CHEMBL611323,2
CHEMBL1641671,2
CHEMBL1641678,2
CHEMBL1288761,3
CHEMBL1289826,1
CHEMBL2391949,1
CHEMBL1641857,1
CHEMBL512644,8
CHEMBL1630845,7
CHEMBL1630844,8
CHEMBL1630846,8
CHEMBL2391947,1
CHEMBL3104868,1
CHEMBL3104864,1
CHEMBL1094708,4
CHEMBL1631354,4
CHEMBL1631347,4
CHEMBL1630208,4
CHEMBL1631353,4
CHEMBL1630210,1
CHEMBL561124,1
CHEMBL557512,1
CHEMBL2441918,2
CHEMBL4078949,1
CHEMBL1289004,1
CHEMBL1289809,1
CHEMBL1290134,1
CHEMBL1290359,2
CHEMBL4077267,2
CHEMBL4102362,2
CHEMBL4104391,2
CHEMBL4067024,2
CHEMBL4085851,2
CHEMBL4062539,2
CHEMBL4092960,2
CHEMBL4088196,1
CHEMBL4875265,2
CHEMBL4857692,2
CHEMBL4791595,2
CHEMBL4793167,7
CHEMBL4080853,1
CHEMBL4078484,2
CHEMBL4218790,1
CHEMBL3088352,2
CHEMBL1290428,3
CHEMBL4173776,2
CHEMBL4168009,2
CHEMBL4175872,2
CHEMBL4165178,2
CHEMBL4752109,1
CHEMBL1256882,3
CHEMBL1255871,3
CHEMBL1200587,7
CHEMBL1272280,2
CHEMBL1271517,2
CHEMBL1272013,2
CHEMBL1256023,2
CHEMBL220490,2
CHEMBL1276413,2
CHEMBL1276386,2
CHEMBL4857764,2
CHEMBL4853861,2
CHEMBL4865319,2
CHEMBL4867348,2
CHEMBL4873920,2
CHEMBL4865981,2
CHEMBL1200843,6
CHEMBL3355627,1
CHEMBL3355631,2
CHEMBL4764815,2
CHEMBL4748239,2
CHEMBL3355637,2
CHEMBL4790274,2
CHEMBL3358132,2
CHEMBL3358137,1
CHEMBL4752224,2
CHEMBL4780749,2
CHEMBL4129424,1
CHEMBL4130330,2
CHEMBL1200474,7
CHEMBL1256816,7
CHEMBL1256645,7
CHEMBL2303628,5
CHEMBL1628234,7
CHEMBL1201132,1
CHEMBL4169301,1
CHEMBL1256520,3
CHEMBL1257042,7
CHEMBL1770672,2
CHEMBL1770674,2
CHEMBL3401320,3
CHEMBL4163643,1
CHEMBL1668755,1
CHEMBL380924,1
CHEMBL3329574,2
CHEMBL3329595,2
CHEMBL4167672,3
CHEMBL3401310,3
CHEMBL3401318,3
CHEMBL1213667,1
CHEMBL1213559,1
CHEMBL3401071,2
CHEMBL4165428,1
CHEMBL1172123,1
CHEMBL1083769,11
CHEMBL1082723,23
CHEMBL1214499,2
CHEMBL1210087,1
CHEMBL1210149,1
CHEMBL118741,3
CHEMBL218180,4
CHEMBL384768,4
CHEMBL35468,2
CHEMBL1671880,1
CHEMBL1688645,1
CHEMBL1688655,1
CHEMBL1688670,1
CHEMBL1688672,1
CHEMBL1688682,1
CHEMBL1682719,3
CHEMBL1682725,3
CHEMBL1682726,3
CHEMBL4847999,1
CHEMBL4873694,1
CHEMBL4858355,1
CHEMBL1682445,3
CHEMBL1682446,3
CHEMBL1682451,3
CHEMBL1682452,3
CHEMBL1682459,3
CHEMBL1682460,3
CHEMBL1682461,3
CHEMBL1682463,3
CHEMBL1682464,3
CHEMBL1682466,3
CHEMBL1682578,3
CHEMBL1682580,3
CHEMBL1682581,3
CHEMBL3321873,6
CHEMBL158418,2
CHEMBL272664,2
CHEMBL260595,3
CHEMBL403719,3
CHEMBL2153480,1
CHEMBL406838,3
CHEMBL83730,1
CHEMBL2316670,1
CHEMBL2316663,1
CHEMBL2316651,1
CHEMBL2312437,2
CHEMBL2312443,2
CHEMBL2312439,2
CHEMBL144592,2
CHEMBL512419,1
CHEMBL4785095,2
CHEMBL4788730,2
CHEMBL4869781,1
CHEMBL4879166,1
CHEMBL1796555,2
CHEMBL4753386,1
CHEMBL271363,4
CHEMBL2322504,1
CHEMBL2322220,2
CHEMBL144138,1
CHEMBL230905,1
CHEMBL230364,1
CHEMBL4097050,2
CHEMBL272857,2
CHEMBL271781,2
CHEMBL250154,3
CHEMBL408001,2
CHEMBL1162972,2
CHEMBL271415,2
CHEMBL153182,2
CHEMBL3037966,1
CHEMBL4740257,1
CHEMBL315942,2
CHEMBL84611,2
CHEMBL315412,2
CHEMBL137686,4
CHEMBL4218834,10
CHEMBL3814319,1
CHEMBL289352,1
CHEMBL4071349,1
CHEMBL3814782,1
CHEMBL2041120,1
CHEMBL3814045,1
CHEMBL3797620,2
CHEMBL3815091,2
CHEMBL344033,2
CHEMBL235938,2
CHEMBL4516493,1
CHEMBL4443900,1
CHEMBL4127800,2
CHEMBL37611,1
CHEMBL4165487,1
CHEMBL37404,5
CHEMBL4176086,1
CHEMBL4172259,1
CHEMBL2030056,2
CHEMBL2030060,2
CHEMBL2030061,2
CHEMBL2030047,3
CHEMBL2030049,2
CHEMBL2030300,2
CHEMBL2030312,1
CHEMBL2030314,1
CHEMBL4170554,1
CHEMBL4161143,2
CHEMBL4645679,1
CHEMBL4637191,2
CHEMBL4441697,2
CHEMBL3758628,3
CHEMBL3759800,3
CHEMBL3120623,1
CHEMBL3125841,1
CHEMBL425503,1
CHEMBL395007,1
CHEMBL4167592,2
CHEMBL4174402,2
CHEMBL4165853,2
CHEMBL65473,3
CHEMBL296419,9
CHEMBL2064263,1
CHEMBL2057809,1
CHEMBL315907,2
CHEMBL61301,4
CHEMBL3814817,1
CHEMBL3814274,1
CHEMBL3426803,3
CHEMBL4476057,1
CHEMBL4162632,1
CHEMBL4461581,3
CHEMBL4526792,2
CHEMBL4530126,2
CHEMBL243073,2
CHEMBL230439,2
CHEMBL244356,1
CHEMBL91345,2
CHEMBL4085895,4
CHEMBL1652263,2
CHEMBL1652414,1
CHEMBL4558959,2
CHEMBL4443681,2
CHEMBL1098695,1
CHEMBL599883,2
CHEMBL3603872,2
CHEMBL398404,2
CHEMBL508603,3
CHEMBL3138391,2
CHEMBL4074882,1
CHEMBL3144389,7
CHEMBL1198918,2
CHEMBL1253844,2
CHEMBL1254762,2
CHEMBL1254848,2
CHEMBL596459,2
CHEMBL1078077,2
CHEMBL239303,1
CHEMBL3037969,1
CHEMBL3215562,1
CHEMBL3037956,1
CHEMBL3217096,1
CHEMBL237012,1
CHEMBL237157,1
CHEMBL236323,1
CHEMBL4444991,4
CHEMBL4517602,4
CHEMBL4457910,7
CHEMBL4451413,8
CHEMBL4245012,3
CHEMBL4245471,3
CHEMBL4242609,2
CHEMBL4238087,2
CHEMBL4245585,3
CHEMBL70590,1
CHEMBL4094338,2
CHEMBL4102085,2
CHEMBL4071654,2
CHEMBL4168020,2
CHEMBL93974,2
CHEMBL239753,1
CHEMBL3084853,4
CHEMBL22139,1
CHEMBL4164903,2
CHEMBL4171750,2
CHEMBL3601857,1
CHEMBL3601692,1
CHEMBL3601695,1
CHEMBL3617667,2
CHEMBL3617665,2
CHEMBL3617668,2
CHEMBL554867,2
CHEMBL3084845,2
CHEMBL369691,1
CHEMBL3138244,2
CHEMBL4079648,1
CHEMBL4059785,1
CHEMBL4097302,1
CHEMBL4088420,1
CHEMBL1644941,2
CHEMBL297528,1
CHEMBL5189239,1
CHEMBL3628973,1
CHEMBL3084842,4
CHEMBL1076006,1
CHEMBL4854098,1
CHEMBL4848690,1
CHEMBL4866479,1
CHEMBL272416,17
CHEMBL2368166,4
CHEMBL376939,4
CHEMBL3577189,2
CHEMBL3612288,1
CHEMBL4584822,2
CHEMBL4536162,2
CHEMBL3577103,2
CHEMBL1088255,2
CHEMBL1088374,2
CHEMBL208948,4
CHEMBL213403,4
CHEMBL3601445,1
CHEMBL117234,1
CHEMBL3600468,1
CHEMBL2021632,1
CHEMBL344599,4
CHEMBL2322510,2
CHEMBL2322508,2
CHEMBL3593459,2
CHEMBL3593461,2
CHEMBL576517,3
CHEMBL579239,1
CHEMBL568413,1
CHEMBL576398,1
CHEMBL8102,1
CHEMBL3617340,2
CHEMBL2058036,5
CHEMBL2368837,2
CHEMBL3597350,2
CHEMBL3597348,2
CHEMBL3597353,2
CHEMBL3597355,2
CHEMBL169445,4
CHEMBL5082966,2
CHEMBL5084300,2
CHEMBL5081589,2
CHEMBL5088385,5
CHEMBL92846,2
CHEMBL90018,2
CHEMBL5190304,2
CHEMBL5194454,3
CHEMBL3604961,2
CHEMBL3604960,2
CHEMBL36759,1
CHEMBL5181370,3
CHEMBL298221,1
CHEMBL594742,1
CHEMBL4075271,2
CHEMBL4083268,1
CHEMBL2316505,2
CHEMBL2316808,2
CHEMBL583540,1
CHEMBL403091,2
CHEMBL175355,1
CHEMBL3752615,2
CHEMBL3752486,2
CHEMBL3753627,2
CHEMBL3754405,2
CHEMBL537672,2
CHEMBL3038030,1
CHEMBL3980349,1
CHEMBL278262,1
CHEMBL252322,1
CHEMBL3921024,2
CHEMBL1851735,1
CHEMBL1852844,1
CHEMBL256247,1
CHEMBL213259,2
CHEMBL138493,1
CHEMBL139622,1
CHEMBL319141,1
CHEMBL565053,1
CHEMBL564163,2
CHEMBL560656,2
CHEMBL3291241,1
CHEMBL556480,2
CHEMBL147616,2
CHEMBL4859184,2
CHEMBL4864612,2
CHEMBL552461,2
CHEMBL492598,4
CHEMBL494143,4
CHEMBL550581,2
CHEMBL538179,2
CHEMBL493954,4
CHEMBL570543,2
CHEMBL3605031,2
CHEMBL5270253,1
CHEMBL242519,2
CHEMBL245093,2
CHEMBL245091,2
CHEMBL244656,2
CHEMBL5280818,2
CHEMBL5286751,2
CHEMBL5274694,2
CHEMBL237334,2
CHEMBL237546,2
CHEMBL4876270,2
CHEMBL4870775,2
CHEMBL594580,2
CHEMBL3617677,2
CHEMBL3398293,1
CHEMBL5192830,5
CHEMBL158953,2
CHEMBL609003,1
CHEMBL593684,1
CHEMBL4853337,3
CHEMBL4866549,3
CHEMBL558510,1
CHEMBL562265,1
CHEMBL120140,1
CHEMBL205052,2
CHEMBL595763,1
CHEMBL365264,1
CHEMBL427203,1
CHEMBL3828034,1
CHEMBL232480,1
CHEMBL232479,1
CHEMBL3603881,1
CHEMBL3603891,1
CHEMBL3603895,1
CHEMBL3603905,1
CHEMBL3321975,2
CHEMBL5433912,2
CHEMBL5423393,2
CHEMBL5415075,1
CHEMBL239124,1
CHEMBL239966,1
CHEMBL3087893,1
CHEMBL3087892,1
CHEMBL4084546,2
CHEMBL4089873,1
CHEMBL3098965,2
CHEMBL1771408,1
CHEMBL1288750,3
CHEMBL1290773,3
CHEMBL2408425,2
CHEMBL2408430,1
CHEMBL2408428,2
CHEMBL2408429,2
CHEMBL2368814,2
CHEMBL94281,2
CHEMBL1790773,2
CHEMBL4463583,2
CHEMBL4449670,2
CHEMBL5398533,1
CHEMBL3116035,1
CHEMBL3109530,1
CHEMBL305148,3
CHEMBL5177754,2
CHEMBL5183115,4
CHEMBL5200928,4
CHEMBL5193724,2
CHEMBL5310460,10
CHEMBL4090868,1
CHEMBL5314061,4
CHEMBL5309722,4
CHEMBL184376,1
CHEMBL3098964,2
CHEMBL5194178,2
CHEMBL5182769,2
CHEMBL5178535,1
CHEMBL2435431,1
CHEMBL2435422,1
CHEMBL2441925,2
CHEMBL3601697,1
CHEMBL3601830,1
CHEMBL486232,7
CHEMBL541700,3
CHEMBL1198875,2
CHEMBL5309411,4
CHEMBL5309966,4
CHEMBL5310691,3
CHEMBL3099823,1
CHEMBL5278980,3
CHEMBL5281017,3
CHEMBL2436075,2
CHEMBL570651,1
CHEMBL443314,1
CHEMBL609640,1
CHEMBL5409080,2
CHEMBL5422826,2
CHEMBL234753,1
CHEMBL562278,1
CHEMBL552137,1
CHEMBL556855,1
CHEMBL557123,1
CHEMBL3088366,2
CHEMBL3088363,2
CHEMBL3088353,2
CHEMBL563466,1
CHEMBL556441,1
CHEMBL560542,1
CHEMBL561886,1
CHEMBL564728,1
CHEMBL556926,1
CHEMBL563219,1
CHEMBL563868,1
CHEMBL562539,1
CHEMBL563454,1
CHEMBL4096919,1
CHEMBL4984403,2
CHEMBL4889711,4
CHEMBL4955710,3
CHEMBL4934351,4
CHEMBL4927183,2
CHEMBL4897766,5
CHEMBL4987744,2
CHEMBL575910,2
CHEMBL575728,2
CHEMBL572595,2
CHEMBL584771,1
CHEMBL575909,2
CHEMBL1269514,2
CHEMBL1271845,2
CHEMBL1269731,2
CHEMBL1272067,2
CHEMBL1272228,2
CHEMBL193034,1
CHEMBL192244,1
CHEMBL4163888,1
CHEMBL4166469,1
CHEMBL468130,2
CHEMBL3216042,1
CHEMBL3216044,1
CHEMBL565708,1
CHEMBL3216919,1
CHEMBL3765675,1
CHEMBL353669,4
CHEMBL4792376,2
CHEMBL4751060,2
CHEMBL567200,2
CHEMBL568179,3
CHEMBL566909,3
CHEMBL4205962,2
CHEMBL4216396,1
CHEMBL571769,2
CHEMBL570906,2
CHEMBL424284,4
CHEMBL72529,1
CHEMBL468965,1
CHEMBL3338040,1
CHEMBL3403289,3
CHEMBL3401072,2
CHEMBL4764837,1
CHEMBL4740176,1
CHEMBL4745493,1
CHEMBL4779509,1
CHEMBL4746833,1
CHEMBL323158,1
CHEMBL4785978,2
CHEMBL4794607,2
CHEMBL583466,1
CHEMBL583882,1
CHEMBL584100,2
CHEMBL4761672,1
CHEMBL4209744,1
CHEMBL4206095,1
CHEMBL4206096,2
CHEMBL4069009,1
CHEMBL4061198,1
CHEMBL2207900,1
CHEMBL4165796,1
CHEMBL181501,3
CHEMBL4162782,2
CHEMBL4163395,2
CHEMBL4161497,2
CHEMBL1203960,1
CHEMBL1688652,1
CHEMBL557107,1
CHEMBL397752,1
CHEMBL1682597,3
CHEMBL1682602,3
CHEMBL1682603,3
CHEMBL1682606,3
CHEMBL1682609,3
CHEMBL1682701,3
CHEMBL3397106,2
CHEMBL4161303,16
CHEMBL4166753,2
CHEMBL135824,2
CHEMBL4794612,2
CHEMBL4754470,2
CHEMBL4756496,2
CHEMBL4740612,2
CHEMBL4761713,2
CHEMBL1667883,6
CHEMBL3817996,2
CHEMBL231285,1
CHEMBL237173,2
CHEMBL3344528,2
CHEMBL3344529,2
CHEMBL222440,2
CHEMBL374478,6
CHEMBL3359694,1
CHEMBL3359698,1
CHEMBL422502,2
CHEMBL3416977,1
CHEMBL3416993,2
CHEMBL376499,4
CHEMBL383995,4
CHEMBL221922,4
CHEMBL220706,4
CHEMBL3416958,3
CHEMBL3416970,3
CHEMBL218365,4
CHEMBL1136,4
CHEMBL256064,2
CHEMBL1682706,3
CHEMBL1682708,3
CHEMBL1682728,3
CHEMBL1682721,3
CHEMBL1682722,3
CHEMBL4102760,2
CHEMBL535182,1
CHEMBL328039,1
CHEMBL488359,4
CHEMBL3763857,1
CHEMBL1669,2
CHEMBL220245,1
CHEMBL258340,2
CHEMBL219967,1
CHEMBL3758405,2
CHEMBL1950467,2
CHEMBL241868,2
CHEMBL395496,2
CHEMBL3125844,1
CHEMBL449180,3
CHEMBL514770,2
CHEMBL454221,3
CHEMBL489904,2
CHEMBL333481,2
CHEMBL4171532,1
CHEMBL4202811,1
CHEMBL368119,1
CHEMBL425315,1
CHEMBL367264,1
CHEMBL3355633,2
CHEMBL3355635,2
CHEMBL4173806,1
CHEMBL4167431,1
CHEMBL4159528,1
CHEMBL4170215,2
CHEMBL4166501,1
CHEMBL4176727,1
CHEMBL1950469,2
CHEMBL1950474,2
CHEMBL1950478,2
CHEMBL3127256,2
CHEMBL3127260,2
CHEMBL4218712,2
CHEMBL3138256,2
CHEMBL336448,4
CHEMBL4074912,2
CHEMBL4074019,2
CHEMBL3815125,4
CHEMBL1075911,2
CHEMBL3813851,2
CHEMBL3814174,2
CHEMBL4078151,2
CHEMBL4063456,2
CHEMBL3819149,2
CHEMBL3819241,2
CHEMBL3817993,2
CHEMBL4097620,2
CHEMBL4093636,2
CHEMBL4067555,1
CHEMBL3818306,2
CHEMBL3819566,2
CHEMBL4060251,1
CHEMBL3819107,2
CHEMBL3818143,2
CHEMBL3818848,2
CHEMBL3819242,2
CHEMBL3819562,2
CHEMBL3818680,2
CHEMBL144506,2
CHEMBL3084854,2
CHEMBL52831,1
CHEMBL3144162,3
CHEMBL3144168,2
CHEMBL3216982,2
CHEMBL519636,4
CHEMBL117926,2
CHEMBL3827822,1
CHEMBL4101597,2
CHEMBL4092270,2
CHEMBL4077597,2
CHEMBL4876075,1
CHEMBL3758372,3
CHEMBL3765300,3
CHEMBL118165,2
CHEMBL4099483,2
CHEMBL4093588,2
CHEMBL4081462,2
CHEMBL125557,1
CHEMBL3335118,4
CHEMBL4100035,2
CHEMBL4070451,2
CHEMBL4083647,2
CHEMBL4082026,2
CHEMBL4097624,2
CHEMBL3603991,1
CHEMBL586794,3
CHEMBL587398,3
CHEMBL3637891,3
CHEMBL587947,4
CHEMBL3604376,2
CHEMBL3617344,1
CHEMBL3617346,1
CHEMBL3617349,1
CHEMBL2333010,3
CHEMBL3603973,1
CHEMBL3603842,2
CHEMBL3593457,2
CHEMBL270126,2
CHEMBL269854,2
CHEMBL220442,10
CHEMBL3797790,2
CHEMBL3593463,2
CHEMBL394377,2
CHEMBL257263,2
CHEMBL191881,2
CHEMBL296588,2
CHEMBL270121,1
CHEMBL267337,1
CHEMBL3603866,1
CHEMBL404110,2
CHEMBL3818575,2
CHEMBL3353303,1
CHEMBL224258,1
CHEMBL3617353,2
CHEMBL3617451,1
CHEMBL121078,1
CHEMBL3819482,2
CHEMBL3818513,2
CHEMBL3819394,2
CHEMBL230960,2
CHEMBL398213,1
CHEMBL395061,2
CHEMBL396751,2
CHEMBL218050,2
CHEMBL1682586,3
CHEMBL1682592,3
CHEMBL386160,2
CHEMBL1682599,3
CHEMBL1682601,3
CHEMBL1682702,3
CHEMBL219568,2
CHEMBL726,1
CHEMBL4160155,1
CHEMBL236428,1
CHEMBL236217,1
CHEMBL237905,1
CHEMBL237690,1
CHEMBL238713,1
CHEMBL167845,1
CHEMBL4635120,4
CHEMBL420296,1
CHEMBL2367933,4
CHEMBL3581338,1
CHEMBL495709,2
CHEMBL2368171,2
CHEMBL492914,3
CHEMBL2402910,5
CHEMBL2402791,3
CHEMBL2402789,3
CHEMBL2402787,3
CHEMBL2402784,3
CHEMBL475713,1
CHEMBL505349,1
CHEMBL2431523,2
CHEMBL2435542,2
CHEMBL2431515,2
CHEMBL2431514,2
CHEMBL2431513,2
CHEMBL2431506,2
CHEMBL305586,1
CHEMBL498345,3
CHEMBL226871,1
CHEMBL3780533,1
CHEMBL552078,3
CHEMBL549450,3
CHEMBL556238,1
CHEMBL563240,1
CHEMBL549861,1
CHEMBL551617,3
CHEMBL223654,2
CHEMBL4873062,2
CHEMBL3116362,1
CHEMBL3116370,1
CHEMBL558580,2
CHEMBL95061,1
CHEMBL395842,1
CHEMBL1830325,2
CHEMBL3217033,1
CHEMBL3216823,1
CHEMBL2426546,1
CHEMBL1673266,2
CHEMBL1673264,2
CHEMBL4849235,1
CHEMBL4866446,1
CHEMBL1198916,3
CHEMBL2418042,1
CHEMBL3216825,1
CHEMBL2430912,1
CHEMBL1198936,2
CHEMBL136422,1
CHEMBL540527,2
CHEMBL1650074,1
CHEMBL3133773,4
CHEMBL3601691,1
CHEMBL3601702,2
CHEMBL3290636,1
CHEMBL3818943,2
CHEMBL3818376,2
CHEMBL3605027,2
CHEMBL227120,8
CHEMBL3120297,2
CHEMBL3120280,2
CHEMBL190407,4
CHEMBL191313,1
CHEMBL25738,2
CHEMBL5423778,2
CHEMBL5435823,2
CHEMBL5410532,2
CHEMBL5400433,2
CHEMBL5423556,2
CHEMBL252118,1
CHEMBL4063028,2
CHEMBL4067521,2
CHEMBL4105116,2
CHEMBL5075570,5
CHEMBL145444,2
CHEMBL4176355,1
CHEMBL342653,1
CHEMBL3120294,1
CHEMBL3120288,2
CHEMBL3120267,2
CHEMBL3120277,2
CHEMBL220481,2
CHEMBL3103569,2
CHEMBL3103568,2
CHEMBL3127954,1
CHEMBL3124988,2
CHEMBL3104422,1
CHEMBL2435442,1
CHEMBL253464,1
CHEMBL4082740,1
CHEMBL3098147,3
CHEMBL62071,1
CHEMBL611328,2
CHEMBL595713,1
CHEMBL3088368,1
CHEMBL4165417,2
CHEMBL4177103,2
CHEMBL596182,2
CHEMBL3410471,3
CHEMBL3401422,1
CHEMBL4099387,3
CHEMBL1197790,3
CHEMBL531497,3
CHEMBL586872,3
CHEMBL581767,3
CHEMBL536806,3
CHEMBL3637881,3
CHEMBL601970,3
CHEMBL587715,3
CHEMBL532242,3
CHEMBL3401308,3
CHEMBL534391,3
CHEMBL532350,3
CHEMBL534395,3
CHEMBL529068,3
CHEMBL601337,3
CHEMBL5405811,1
CHEMBL3401412,1
CHEMBL546315,1
CHEMBL341729,4
CHEMBL3781025,1
CHEMBL3828424,1
CHEMBL3828372,1
CHEMBL3827843,1
CHEMBL294009,1
CHEMBL3403643,2
CHEMBL3401699,3
CHEMBL3401698,3
CHEMBL3401694,3
CHEMBL3401696,3
CHEMBL218803,1
CHEMBL242801,1
CHEMBL375535,1
CHEMBL241865,4
CHEMBL3401420,1
CHEMBL3416372,1
CHEMBL94587,1
CHEMBL4068217,2
CHEMBL4085091,2
CHEMBL4063460,2
CHEMBL4927141,4
CHEMBL3421831,3
CHEMBL3421916,3
CHEMBL3421927,3
CHEMBL3422024,3
CHEMBL3421825,3
CHEMBL3422026,3
CHEMBL3422295,3
CHEMBL3421929,3
CHEMBL4754226,1
CHEMBL140765,1
CHEMBL3138371,2
CHEMBL3343963,2
CHEMBL3343952,2
CHEMBL3329246,2
CHEMBL3401062,2
CHEMBL36584,1
CHEMBL3401065,2
CHEMBL3797714,1
CHEMBL4096163,2
CHEMBL284863,3
CHEMBL308892,2
CHEMBL4062020,2
CHEMBL4068874,2
CHEMBL4166156,1
CHEMBL4741972,1
CHEMBL3353681,2
CHEMBL3353671,2
CHEMBL4071359,2
CHEMBL1831290,2
CHEMBL3217188,2
CHEMBL4741631,1
CHEMBL2368048,1
CHEMBL4128899,1
CHEMBL3426256,4
CHEMBL3426266,4
CHEMBL3426276,4
CHEMBL447527,1
CHEMBL94517,1
CHEMBL93504,1
CHEMBL3601864,1
CHEMBL172554,1
CHEMBL1778841,2
CHEMBL337812,1
CHEMBL3313933,1
CHEMBL4076954,2
CHEMBL4094345,2
CHEMBL4093450,2
CHEMBL4104514,2
CHEMBL342010,1
CHEMBL1778843,1
CHEMBL3221137,1
CHEMBL1802546,1
CHEMBL1802556,1
CHEMBL1800551,1
CHEMBL297422,1
CHEMBL3736114,2
CHEMBL1774630,3
CHEMBL3235651,1
CHEMBL4176102,2
CHEMBL1780198,2
CHEMBL4175481,2
CHEMBL4168281,2
CHEMBL135272,2
CHEMBL3604394,2
CHEMBL3813881,1
CHEMBL4063019,1
CHEMBL4083626,1
CHEMBL4060998,1
CHEMBL1823416,1
CHEMBL3814035,1
CHEMBL1077544,1
CHEMBL1078458,1
CHEMBL3221783,1
CHEMBL3138114,2
CHEMBL3218334,1
CHEMBL4213140,1
CHEMBL4202817,1
CHEMBL1922604,2
CHEMBL3355617,2
CHEMBL3355616,2
CHEMBL3739911,1
CHEMBL2052012,3
CHEMBL3309525,2
CHEMBL4212141,1
CHEMBL4203440,1
CHEMBL4215638,1
CHEMBL4208204,1
CHEMBL3355623,2
CHEMBL3355634,2
CHEMBL3355639,4
CHEMBL4207446,2
CHEMBL4216623,2
CHEMBL3793864,1
CHEMBL261641,4
CHEMBL3770728,1
CHEMBL3314963,1
CHEMBL3358129,1
CHEMBL3769947,1
CHEMBL4205602,1
CHEMBL4203853,1
CHEMBL4211478,1
CHEMBL3739600,2
CHEMBL2164256,3
CHEMBL3354297,1
CHEMBL3354295,1
CHEMBL576926,2
CHEMBL572211,2
CHEMBL569983,2
CHEMBL3344527,2
CHEMBL1272173,2
CHEMBL1271569,2
CHEMBL4205722,2
CHEMBL4210583,2
CHEMBL4208833,2
CHEMBL4213553,2
CHEMBL3600530,1
CHEMBL3600531,1
CHEMBL3601694,1
CHEMBL3601854,2
CHEMBL3547086,3
CHEMBL572280,1
CHEMBL1223808,1
CHEMBL1224749,2
CHEMBL4218562,2
CHEMBL3216685,1
CHEMBL567618,2
CHEMBL1288847,1
CHEMBL1289944,1
CHEMBL1288843,1
CHEMBL3604123,1
CHEMBL501860,7
CHEMBL3604382,2
CHEMBL150355,2
CHEMBL556672,2
CHEMBL549945,2
CHEMBL442237,1
CHEMBL570359,1
CHEMBL565880,1
CHEMBL4098671,2
CHEMBL4104484,2
CHEMBL3814403,1
CHEMBL3814558,1
CHEMBL3814996,1
CHEMBL3814792,1
CHEMBL3604381,2
CHEMBL3799043,1
CHEMBL3800333,1
CHEMBL3797664,1
CHEMBL3799901,1
CHEMBL395406,1
CHEMBL238920,1
CHEMBL4172565,1
CHEMBL4173385,1
CHEMBL3815037,1
CHEMBL3754179,2
CHEMBL3353680,2
CHEMBL3751855,2
CHEMBL242933,2
CHEMBL583006,2
CHEMBL241867,2
CHEMBL3823721,1
CHEMBL3356375,2
CHEMBL3356377,2
CHEMBL3356390,2
CHEMBL465159,1
CHEMBL270533,1
CHEMBL4203111,1
CHEMBL3314075,1
CHEMBL4128959,1
CHEMBL218530,1
CHEMBL209557,2
CHEMBL3394318,2
CHEMBL4128716,1
CHEMBL4127718,2
CHEMBL4129921,1
CHEMBL4129197,1
CHEMBL426525,4
CHEMBL384766,2
CHEMBL90902,1
CHEMBL3759893,2
CHEMBL3759524,2
CHEMBL4170579,2
CHEMBL4163113,2
CHEMBL3758938,2
CHEMBL551262,1
CHEMBL59864,3
CHEMBL3330899,1
CHEMBL4102482,2
CHEMBL4076440,2
CHEMBL4081977,2
CHEMBL4065835,2
CHEMBL4073046,2
CHEMBL4078205,2
CHEMBL270278,1
CHEMBL404894,2
CHEMBL560679,1
CHEMBL550407,1
CHEMBL561003,1
CHEMBL4162116,1
CHEMBL3338933,2
CHEMBL3338931,2
CHEMBL386165,1
CHEMBL220191,1
CHEMBL219345,1
CHEMBL2207890,1
CHEMBL2207898,1
CHEMBL561964,1
CHEMBL3966204,2
CHEMBL391887,2
CHEMBL234898,4
CHEMBL4215473,2
CHEMBL356119,2
CHEMBL3319142,1
CHEMBL3319126,1
CHEMBL236766,3
CHEMBL3415867,4
CHEMBL3415880,4
CHEMBL176406,1
CHEMBL3815147,1
CHEMBL3815142,1
CHEMBL218608,2
CHEMBL3819265,2
CHEMBL289194,4
CHEMBL443725,4
CHEMBL147204,2
CHEMBL3915740,1
CHEMBL145040,2
CHEMBL155159,2
CHEMBL173187,1
CHEMBL489104,3
CHEMBL62591,2
CHEMBL2170035,4
CHEMBL3603869,2
CHEMBL158327,4
CHEMBL2368396,2
CHEMBL1198920,2
CHEMBL3093740,2
CHEMBL3603984,2
CHEMBL2181207,4
CHEMBL3108886,2
CHEMBL2069616,2
CHEMBL3603882,1
CHEMBL3603903,1
CHEMBL1198917,2
CHEMBL475814,1
CHEMBL486704,1
CHEMBL482881,1
CHEMBL484303,1
CHEMBL3752970,2
CHEMBL3753506,2
CHEMBL53427,1
CHEMBL255062,1
CHEMBL75414,1
CHEMBL272012,2
CHEMBL272013,2
CHEMBL270316,2
CHEMBL407948,2
CHEMBL269917,2
CHEMBL270773,2
CHEMBL211665,2
CHEMBL210188,4
CHEMBL1162928,2
CHEMBL257014,2
CHEMBL166,1
CHEMBL1852148,2
CHEMBL3883992,2
CHEMBL3884201,2
CHEMBL3819435,2
CHEMBL3818954,2
CHEMBL3819493,2
CHEMBL3818983,2
CHEMBL3819205,2
CHEMBL3818858,2
CHEMBL3818839,2
CHEMBL3824189,1
CHEMBL4754983,1
CHEMBL253266,1
CHEMBL2062885,2
CHEMBL2062889,2
CHEMBL2063016,2
CHEMBL2058097,2
CHEMBL3918399,1
CHEMBL3890355,1
CHEMBL272987,1
CHEMBL430219,2
CHEMBL3781420,1
CHEMBL3780946,1
CHEMBL3585408,2
CHEMBL2146534,2
CHEMBL2146540,2
CHEMBL2146543,2
CHEMBL2146549,2
CHEMBL2071293,2
CHEMBL141749,2
CHEMBL52822,1
CHEMBL3818556,2
CHEMBL3815080,1
CHEMBL199543,1
CHEMBL140431,1
CHEMBL4210014,2
CHEMBL227467,1
CHEMBL4087250,2
CHEMBL4066863,2
CHEMBL227919,1
CHEMBL3765542,3
CHEMBL3765809,3
CHEMBL3765718,3
CHEMBL3765334,1
CHEMBL389055,1
CHEMBL227613,1
CHEMBL88965,1
CHEMBL3765455,5
CHEMBL391732,2
CHEMBL598494,3
CHEMBL525112,3
CHEMBL518332,2
CHEMBL532,5
CHEMBL468199,1
CHEMBL365971,5
CHEMBL442642,1
CHEMBL3759793,2
CHEMBL3758561,2
CHEMBL235087,3
CHEMBL3753794,2
CHEMBL3753756,2
CHEMBL264547,1
CHEMBL1929341,2
CHEMBL1927481,2
CHEMBL4160376,2
CHEMBL147876,2
CHEMBL2368045,1
CHEMBL4067814,2
CHEMBL3238454,1
CHEMBL3238461,1
CHEMBL4163472,2
CHEMBL3291242,1
CHEMBL3138377,2
CHEMBL4169796,7
CHEMBL4166340,1
CHEMBL3261973,2
CHEMBL3261976,1
CHEMBL3233380,1
CHEMBL2024443,2
CHEMBL138020,1
CHEMBL2030022,1
CHEMBL2030011,2
CHEMBL4635382,1
CHEMBL4646365,1
CHEMBL4474197,2
CHEMBL4573214,2
CHEMBL4082333,2
CHEMBL4071832,2
CHEMBL4070032,2
CHEMBL2332994,2
CHEMBL2333007,2
CHEMBL1823927,1
CHEMBL4434696,1
CHEMBL319162,1
CHEMBL4205016,2
CHEMBL4092235,1
CHEMBL4101555,2
CHEMBL4094940,2
CHEMBL4104468,2
CHEMBL3770283,2
CHEMBL271555,2
CHEMBL2322222,2
CHEMBL193222,5
CHEMBL2234254,2
CHEMBL3764676,3
CHEMBL3813761,1
CHEMBL3603865,1
CHEMBL1946740,1
CHEMBL3781446,1
CHEMBL265830,1
CHEMBL4163352,1
CHEMBL1851940,2
CHEMBL1851741,2
CHEMBL4130053,2
CHEMBL1902352,1
CHEMBL3264191,3
CHEMBL3233381,1
CHEMBL3261977,2
CHEMBL4085692,2
CHEMBL4094355,2
CHEMBL3780605,1
CHEMBL174960,1
CHEMBL4543749,1
CHEMBL4559666,1
CHEMBL3264507,3
CHEMBL3233385,1
CHEMBL3233365,2
CHEMBL3261971,2
CHEMBL4099683,3
CHEMBL4071478,1
CHEMBL3617338,1
CHEMBL373799,1
CHEMBL3238462,2
CHEMBL3581291,1
CHEMBL3581289,1
CHEMBL252753,1
CHEMBL4455374,1
CHEMBL4456696,1
CHEMBL1822440,1
CHEMBL3264172,3
CHEMBL3264177,3
CHEMBL4086587,2
CHEMBL4071497,1
CHEMBL4101352,1
CHEMBL4469045,1
CHEMBL3600549,1
CHEMBL404032,3
CHEMBL4165689,2
CHEMBL4163302,2
CHEMBL4173502,2
CHEMBL4174722,2
CHEMBL4088229,1
CHEMBL147860,2
CHEMBL2368854,1
CHEMBL1828819,1
CHEMBL1828818,1
CHEMBL3264502,3
CHEMBL406574,1
CHEMBL4442279,1
CHEMBL4450778,1
CHEMBL4558658,3
CHEMBL3637890,1
CHEMBL588781,1
CHEMBL1404608,3
CHEMBL597856,1
CHEMBL586864,3
CHEMBL604099,3
CHEMBL601821,5
CHEMBL531095,3
CHEMBL4203304,1
CHEMBL3260215,2
CHEMBL4537137,3
CHEMBL4099448,2
CHEMBL4074523,2
CHEMBL4159522,1
CHEMBL153137,1
CHEMBL3603876,1
CHEMBL3603896,1
CHEMBL3603902,1
CHEMBL4210560,1
CHEMBL4063238,2
CHEMBL4081411,2
CHEMBL4092648,2
CHEMBL3601847,1
CHEMBL219419,4
CHEMBL2207904,1
CHEMBL2207909,1
CHEMBL2207883,1
CHEMBL258800,3
CHEMBL259648,3
CHEMBL433926,2
CHEMBL4128482,1
CHEMBL4077734,2
CHEMBL405857,2
CHEMBL4128581,1
CHEMBL4127802,1
CHEMBL4125845,1
CHEMBL1162156,1
CHEMBL1203959,1
CHEMBL3216323,1
CHEMBL3038035,1
CHEMBL139446,1
CHEMBL4064444,2
CHEMBL4074083,2
CHEMBL4077982,2
CHEMBL4074966,1
CHEMBL4072657,2
CHEMBL1097787,2
CHEMBL405915,1
CHEMBL4093177,1
CHEMBL4094270,1
CHEMBL3216465,1
CHEMBL4073644,1
CHEMBL411530,4
CHEMBL3735425,2
CHEMBL4878749,2
CHEMBL4865116,2
CHEMBL4063865,1
CHEMBL4080679,2
CHEMBL4088553,1
CHEMBL4090860,1
CHEMBL1813267,1
CHEMBL4094654,1
CHEMBL4171783,1
CHEMBL96830,6
CHEMBL411132,2
CHEMBL270522,2
CHEMBL2331692,1
CHEMBL2331697,1
CHEMBL270315,4
CHEMBL256677,2
CHEMBL4165621,2
CHEMBL4166967,2
CHEMBL4159425,2
CHEMBL4173884,1
CHEMBL3600553,1
CHEMBL227700,1
CHEMBL385202,1
CHEMBL5422042,1
CHEMBL4289704,1
CHEMBL4290506,2
CHEMBL3589008,1
CHEMBL3589915,1
CHEMBL3589006,1
CHEMBL5433592,2
CHEMBL1277319,1
CHEMBL1276956,1
CHEMBL487389,2
CHEMBL1161185,2
CHEMBL1187217,2
CHEMBL22532,2
CHEMBL1641669,2
CHEMBL1641670,2
CHEMBL1641675,2
CHEMBL4778306,1
CHEMBL4797251,3
CHEMBL173099,1
CHEMBL5181032,1
CHEMBL54903,1
CHEMBL443023,1
CHEMBL328920,1
CHEMBL4561025,2
CHEMBL4576398,2
CHEMBL4578631,2
CHEMBL298436,2
CHEMBL1288752,3
CHEMBL1288755,3
CHEMBL598335,5
CHEMBL1290094,2
CHEMBL1288753,3
CHEMBL1288756,3
CHEMBL1289773,3
CHEMBL97247,1
CHEMBL336255,1
CHEMBL425327,1
CHEMBL150780,2
CHEMBL92197,4
CHEMBL228005,1
CHEMBL4755475,2
CHEMBL1929188,2
CHEMBL1929190,2
CHEMBL1929347,2
CHEMBL1929338,2
CHEMBL487602,2
CHEMBL3933367,2
CHEMBL3906346,2
CHEMBL3896883,2
CHEMBL4936536,3
CHEMBL1542567,2
CHEMBL5011715,3
CHEMBL567557,3
CHEMBL578587,1
CHEMBL4637379,1
CHEMBL2314630,1
CHEMBL2368408,1
CHEMBL4955045,3
CHEMBL4930658,5
CHEMBL4978667,4
CHEMBL4959254,4
CHEMBL5019642,4
CHEMBL4947662,3
CHEMBL1651049,1
CHEMBL3617454,1
CHEMBL4088000,2
CHEMBL4069858,2
CHEMBL355168,2
CHEMBL345055,2
CHEMBL3781601,1
CHEMBL3781190,1
CHEMBL3780843,1
CHEMBL4873570,2
CHEMBL2386195,2
CHEMBL3238452,2
CHEMBL2368522,1
CHEMBL388948,1
CHEMBL563578,2
CHEMBL549704,1
CHEMBL561683,3
CHEMBL556237,3
CHEMBL556306,3
CHEMBL559324,3
CHEMBL538889,2
CHEMBL538145,2
CHEMBL563755,1
CHEMBL550720,2
CHEMBL555134,2
CHEMBL1289923,1
CHEMBL218153,2
CHEMBL2431012,2
CHEMBL243561,1
CHEMBL412612,1
CHEMBL2164257,9
CHEMBL2426544,1
CHEMBL373697,1
CHEMBL4209396,2
CHEMBL4213779,2
CHEMBL3262109,1
CHEMBL2337124,1
CHEMBL230956,1
CHEMBL229992,1
CHEMBL459423,2
CHEMBL4217154,2
CHEMBL395401,2
CHEMBL395170,3
CHEMBL2435554,2
CHEMBL2435552,2
CHEMBL3814594,1
CHEMBL3815022,1
CHEMBL2334367,6
CHEMBL2334401,3
CHEMBL2017313,1
CHEMBL2017319,1
CHEMBL2017468,1
CHEMBL2030008,1
CHEMBL2030041,1
CHEMBL2030048,2
CHEMBL2030057,2
CHEMBL2030062,2
CHEMBL2030324,1
CHEMBL2030333,2
CHEMBL1276474,2
CHEMBL1276439,2
CHEMBL1276387,2
CHEMBL1276385,1
CHEMBL3262124,1
CHEMBL2373964,1
CHEMBL2373963,1
CHEMBL236689,1
CHEMBL3930300,1
CHEMBL3891589,1
CHEMBL4751007,1
CHEMBL121004,1
CHEMBL524065,9
CHEMBL1822422,2
CHEMBL600319,2
CHEMBL2237702,2
CHEMBL2237699,2
CHEMBL570849,2
CHEMBL2237696,2
CHEMBL245154,3
CHEMBL555144,1
CHEMBL2314633,1
CHEMBL2314645,1
CHEMBL2314636,1
CHEMBL2314626,1
CHEMBL388890,6
CHEMBL3238449,1
CHEMBL2368174,4
CHEMBL1440,6
CHEMBL143522,2
CHEMBL322258,1
CHEMBL561057,1
CHEMBL3236258,1
CHEMBL2407842,3
CHEMBL2407844,3
CHEMBL2407841,3
CHEMBL2407834,4
CHEMBL2335237,3
CHEMBL568308,1
CHEMBL4444730,1
CHEMBL4461884,2
CHEMBL3234082,2
CHEMBL2377322,1
CHEMBL2377316,1
CHEMBL2377315,1
CHEMBL2377308,1
CHEMBL2377298,1
CHEMBL1830988,1
CHEMBL1828654,2
CHEMBL4544750,2
CHEMBL1807627,1
CHEMBL1807633,1
CHEMBL1807750,3
CHEMBL4514289,2
CHEMBL4438965,2
CHEMBL2012962,2
CHEMBL4228623,2
CHEMBL165486,1
CHEMBL2408807,2
CHEMBL2408979,2
CHEMBL2414254,2
CHEMBL545328,7
CHEMBL1257082,7
CHEMBL2431006,4
CHEMBL4286222,2
CHEMBL1682467,3
CHEMBL1682583,3
CHEMBL1811932,1
CHEMBL1818627,2
CHEMBL1830115,1
CHEMBL1830118,6
CHEMBL1822429,1
CHEMBL2437277,1
CHEMBL2437279,1
CHEMBL2437275,1
CHEMBL2437282,1
CHEMBL4476546,1
CHEMBL1830994,1
CHEMBL1830985,2
CHEMBL2435758,1
CHEMBL2435775,1
CHEMBL2435773,1
CHEMBL2435783,1
CHEMBL2435781,1
CHEMBL2435767,1
CHEMBL369696,1
CHEMBL1807626,1
CHEMBL4529933,8
CHEMBL4579700,8
CHEMBL4531725,4
CHEMBL4562828,5
CHEMBL4516757,3
CHEMBL4212362,2
CHEMBL4465617,4
CHEMBL4471398,4
CHEMBL4571858,5
CHEMBL4457749,7
CHEMBL4554608,4
CHEMBL4569227,4
CHEMBL4207489,3
CHEMBL4215001,2
CHEMBL4204693,1
CHEMBL4207631,1
CHEMBL4214948,1
CHEMBL4211529,2
CHEMBL4216445,1
CHEMBL4211817,1
CHEMBL4203925,2
CHEMBL4216739,1
CHEMBL4202613,2
CHEMBL4210400,2
CHEMBL4203930,1
CHEMBL4208659,2
CHEMBL96500,2
CHEMBL3102865,2
CHEMBL3088351,2
CHEMBL3234044,2
CHEMBL3234080,2
CHEMBL3217052,1
CHEMBL3215722,1
CHEMBL2431480,2
CHEMBL2431522,2
CHEMBL2431518,2
CHEMBL4553000,1
CHEMBL4453475,1
CHEMBL4437677,1
CHEMBL2368250,2
CHEMBL3264811,1
CHEMBL3415868,4
CHEMBL3127252,2
CHEMBL2334025,4
CHEMBL2334055,4
CHEMBL2334043,2
CHEMBL4513754,4
CHEMBL4573274,8
CHEMBL4207300,1
CHEMBL2333013,3
CHEMBL2333003,2
CHEMBL4446137,2
CHEMBL4443325,2
CHEMBL4577649,2
CHEMBL2058040,4
CHEMBL3604388,2
CHEMBL1796410,2
CHEMBL1796434,2
CHEMBL1796537,2
CHEMBL1796564,2
CHEMBL1800830,2
CHEMBL1800831,2
CHEMBL1800767,2
CHEMBL1800636,2
CHEMBL1796433,2
CHEMBL1796560,2
CHEMBL1796566,2
CHEMBL1796417,2
CHEMBL2332997,2
CHEMBL2333014,2
CHEMBL2334372,2
CHEMBL2334393,4
CHEMBL2337667,1
CHEMBL3234053,2
CHEMBL2337352,2
CHEMBL3581853,1
CHEMBL3581851,1
CHEMBL3581821,1
CHEMBL3581808,1
CHEMBL3261880,1
CHEMBL3261881,1
CHEMBL1198935,3
CHEMBL1198934,2
CHEMBL41629,2
CHEMBL3577236,1
CHEMBL3577183,2
CHEMBL3260209,2
CHEMBL330342,2
CHEMBL1807310,1
CHEMBL4538939,1
CHEMBL4450941,1
CHEMBL4434685,2
CHEMBL4594166,2
CHEMBL611923,1
CHEMBL571294,1
CHEMBL4218640,1
CHEMBL4208885,2
CHEMBL3289794,2
CHEMBL3397100,2
CHEMBL3401063,2
CHEMBL3401309,3
CHEMBL33284,2
CHEMBL3311427,2
CHEMBL3309526,2
CHEMBL3309524,2
CHEMBL3797438,1
CHEMBL3798653,1
CHEMBL3800229,1
CHEMBL3798893,1
CHEMBL3799566,1
CHEMBL3814078,1
CHEMBL3353667,2
CHEMBL1186058,1
CHEMBL255056,1
CHEMBL3298390,1
CHEMBL3288915,1
CHEMBL3288924,1
CHEMBL3589984,1
CHEMBL3589985,1
CHEMBL3238458,1
CHEMBL3233230,1
CHEMBL3404023,2
CHEMBL3120275,1
CHEMBL3120299,2
CHEMBL3120293,2
CHEMBL3234079,2
CHEMBL3234057,2
CHEMBL2442611,1
CHEMBL3314070,1
CHEMBL91087,1
CHEMBL305096,3
CHEMBL2368866,2
CHEMBL3589004,1
CHEMBL518529,1
CHEMBL60056,4
CHEMBL504018,2
CHEMBL509803,2
CHEMBL463005,1
CHEMBL475277,2
CHEMBL328172,1
CHEMBL138158,1
CHEMBL2042179,1
CHEMBL2042185,1
CHEMBL320546,1
CHEMBL2041954,1
CHEMBL2041949,1
CHEMBL2041763,1
CHEMBL4207692,4
CHEMBL4531294,1
CHEMBL2047183,2
CHEMBL2022222,1
CHEMBL3234068,2
CHEMBL3234071,4
CHEMBL3234072,2
CHEMBL3234074,2
CHEMBL3234045,2
CHEMBL46736,4
CHEMBL2164261,2
CHEMBL3084840,4
CHEMBL89267,1
CHEMBL348703,1
CHEMBL2035994,2
CHEMBL172479,1
CHEMBL153402,1
CHEMBL2030311,1
CHEMBL2203498,1
CHEMBL468844,3
CHEMBL2030043,1
CHEMBL2170028,2
CHEMBL2170023,2
CHEMBL2170042,4
CHEMBL2170034,4
CHEMBL451154,3
CHEMBL432423,2
CHEMBL2030285,1
CHEMBL2030286,1
CHEMBL2030321,3
CHEMBL2030058,3
CHEMBL1641674,2
CHEMBL1641677,2
CHEMBL1641673,2
CHEMBL1187849,2
CHEMBL141111,1
CHEMBL452895,2
CHEMBL500324,2
CHEMBL508957,2
CHEMBL499945,2
CHEMBL447886,2
CHEMBL447526,3
CHEMBL2041984,2
CHEMBL2042002,2
CHEMBL2041390,2
CHEMBL421888,1
CHEMBL2322223,2
CHEMBL283942,2
CHEMBL3321964,2
CHEMBL231082,1
CHEMBL2337380,1
CHEMBL90225,1
CHEMBL2334024,4
CHEMBL2334030,6
CHEMBL92547,8
CHEMBL316654,1
CHEMBL3426272,4
CHEMBL1668537,1
CHEMBL1668538,1
CHEMBL1668526,1
CHEMBL335495,2
CHEMBL5192696,3
CHEMBL1200881,7
CHEMBL5186084,1
CHEMBL561525,3
CHEMBL5283467,2
CHEMBL319599,4
CHEMBL2368863,3
CHEMBL5266690,3
CHEMBL5277211,2
CHEMBL5267762,1
CHEMBL5266617,2
CHEMBL5270759,2
CHEMBL5278609,2
CHEMBL5270887,2
CHEMBL151138,1
CHEMBL4648465,4
CHEMBL5183529,2
CHEMBL368186,1
CHEMBL5270174,1
CHEMBL175038,2
CHEMBL139086,2
CHEMBL73727,4
CHEMBL94521,3
CHEMBL2316660,1
CHEMBL2316658,1
CHEMBL176622,1
CHEMBL39500,1
CHEMBL144660,2
CHEMBL139616,2
CHEMBL4565169,2
CHEMBL30020,4
CHEMBL177281,1
CHEMBL174393,1
CHEMBL1682598,3
CHEMBL1682605,3
CHEMBL1682705,3
CHEMBL108087,1
CHEMBL4444506,1
CHEMBL389687,8
CHEMBL175417,1
CHEMBL539512,2
CHEMBL369675,1
CHEMBL4464815,2
CHEMBL4459373,2
CHEMBL1760523,1
CHEMBL1760524,1
CHEMBL95041,2
CHEMBL4476201,3
CHEMBL2368407,2
CHEMBL3220271,1
CHEMBL3220275,1
CHEMBL2368808,1
CHEMBL90812,4
CHEMBL3785173,2
CHEMBL3785473,2
CHEMBL93484,2
CHEMBL309252,1
CHEMBL1096901,15
CHEMBL3219285,6
CHEMBL3216698,1
CHEMBL2397645,1
CHEMBL315647,1
CHEMBL4293029,2
CHEMBL1094990,1
CHEMBL1094991,1
CHEMBL421941,2
CHEMBL4553483,2
CHEMBL314692,2
CHEMBL594240,1
CHEMBL2179161,2
CHEMBL594435,2
CHEMBL594178,1
CHEMBL595275,2
CHEMBL455600,1
CHEMBL66885,2
CHEMBL257422,1
CHEMBL2181299,2
CHEMBL2181503,2
CHEMBL2181482,2
CHEMBL2181297,2
CHEMBL4472705,4
CHEMBL4454647,4
CHEMBL3188523,4
CHEMBL4437347,4
CHEMBL4586210,4
CHEMBL4469013,4
CHEMBL4466459,4
CHEMBL1774611,6
CHEMBL284059,1
CHEMBL4277013,3
CHEMBL4291844,2
CHEMBL4282038,1
CHEMBL1927113,1
CHEMBL1927116,1
CHEMBL1928939,7
CHEMBL1928579,1
CHEMBL1689613,1
CHEMBL1689612,1
CHEMBL1687962,1
CHEMBL2335726,2
CHEMBL2335727,1
CHEMBL1682589,3
CHEMBL153283,2
CHEMBL95138,1
CHEMBL63342,2
CHEMBL3741180,1
CHEMBL4471233,2
CHEMBL2169988,2
CHEMBL440729,2
CHEMBL3764732,1
CHEMBL3763689,1
CHEMBL94992,1
CHEMBL3759721,3
CHEMBL3759599,3
CHEMBL176799,1
CHEMBL346209,2
CHEMBL3216747,1
CHEMBL1288760,3
CHEMBL1290263,1
CHEMBL1290538,3
CHEMBL1288762,2
CHEMBL1289454,2
CHEMBL96675,1
CHEMBL4541717,2
CHEMBL4574158,2
CHEMBL4456232,3
CHEMBL3770139,1
CHEMBL2413935,1
CHEMBL4873872,2
CHEMBL4445885,2
CHEMBL4459273,1
CHEMBL4558874,2
CHEMBL4456701,1
CHEMBL4562638,2
CHEMBL1213589,2
CHEMBL1096247,18
CHEMBL3221652,1
CHEMBL3219629,1
CHEMBL176822,1
CHEMBL4442501,1
CHEMBL316098,5
CHEMBL85891,3
CHEMBL3221654,1
CHEMBL2391248,2
CHEMBL3597344,2
CHEMBL3597343,2
CHEMBL3813919,1
CHEMBL3814721,1
CHEMBL3814436,1
CHEMBL3814711,1
CHEMBL3814885,1
CHEMBL3221143,1
CHEMBL2337354,3
CHEMBL2331693,1
CHEMBL3581790,1
CHEMBL576865,1
CHEMBL565855,3
CHEMBL2426550,1
CHEMBL2426548,1
CHEMBL2311589,1
CHEMBL2316509,2
CHEMBL2316508,2
CHEMBL2316799,2
CHEMBL2316798,2
CHEMBL550327,1
CHEMBL563039,1
CHEMBL559745,1
CHEMBL3581832,1
CHEMBL550987,2
CHEMBL493953,4
CHEMBL3597025,1
CHEMBL494418,4
CHEMBL573984,2
CHEMBL3605032,2
CHEMBL458214,1
CHEMBL2063188,2
CHEMBL2325750,2
CHEMBL3355618,2
CHEMBL495021,2
CHEMBL2324438,1
CHEMBL565909,1
CHEMBL3218241,2
CHEMBL3218247,1
CHEMBL3218238,2
CHEMBL3216915,1
CHEMBL3287984,1
CHEMBL3288193,1
CHEMBL1643744,1
CHEMBL3577055,3
CHEMBL1171211,1
CHEMBL2314148,1
CHEMBL2316647,1
CHEMBL234545,1
CHEMBL2334057,5
CHEMBL2402790,3
CHEMBL559869,1
CHEMBL510194,1
CHEMBL1830990,2
CHEMBL3603879,1
CHEMBL3603894,1
CHEMBL1818093,1
CHEMBL1818092,1
CHEMBL1822432,1
CHEMBL3397108,2
CHEMBL1807308,2
CHEMBL1807309,2
CHEMBL499586,3
CHEMBL4447868,2
CHEMBL4443847,2
CHEMBL4440063,2
CHEMBL502755,2
CHEMBL3401317,3
CHEMBL4225437,1
CHEMBL3397104,2
CHEMBL3311428,2
CHEMBL3311429,2
CHEMBL560680,1
CHEMBL3217243,1
CHEMBL420617,1
CHEMBL276951,1
CHEMBL2169978,1
CHEMBL14368,2
CHEMBL235321,1
CHEMBL392919,1
CHEMBL3216586,1
CHEMBL441526,1
CHEMBL4864142,1
CHEMBL4854639,1
CHEMBL4250905,1
CHEMBL271333,1
CHEMBL270907,2
CHEMBL436662,2
CHEMBL3421835,3
CHEMBL3421924,3
CHEMBL3421827,3
CHEMBL239944,1
CHEMBL578572,2
CHEMBL211587,2
CHEMBL3309599,2
CHEMBL2435543,2
CHEMBL2435780,1
CHEMBL4855930,2
CHEMBL483087,1
CHEMBL529891,1
CHEMBL487742,4
CHEMBL3094515,1
CHEMBL490686,2
CHEMBL3314074,1
CHEMBL1928943,7
CHEMBL3311434,2
CHEMBL3309528,2
CHEMBL2203523,1
CHEMBL529588,1
CHEMBL2023606,2
CHEMBL4852248,2
CHEMBL4858906,2
CHEMBL4851068,2
CHEMBL42751,1
CHEMBL557382,1
CHEMBL271442,2
CHEMBL4859955,1
CHEMBL392503,1
CHEMBL271176,2
CHEMBL238864,1
CHEMBL2315374,2
CHEMBL2315380,2
CHEMBL2315375,2
CHEMBL2315385,2
CHEMBL259886,2
CHEMBL4845868,2
CHEMBL4857972,1
CHEMBL1162124,1
CHEMBL1162129,1
CHEMBL2337377,1
CHEMBL226981,1
CHEMBL2419446,2
CHEMBL394472,1
CHEMBL3581615,1
CHEMBL488146,4
CHEMBL486502,4
CHEMBL5203709,2
CHEMBL5183354,4
CHEMBL3589917,1
CHEMBL538595,10
CHEMBL3216217,1
CHEMBL1651052,1
CHEMBL5312913,2
CHEMBL523506,1
CHEMBL2408978,2
CHEMBL467134,1
CHEMBL2333001,3
CHEMBL447493,3
CHEMBL2418398,2
CHEMBL515230,1
CHEMBL457345,1
CHEMBL5175580,2
CHEMBL5197723,2
CHEMBL5199777,2
CHEMBL522323,1
CHEMBL3581612,1
CHEMBL3581611,1
CHEMBL3581481,2
CHEMBL2391097,2
CHEMBL3581475,2
CHEMBL2312438,2
CHEMBL2312435,2
CHEMBL2036054,1
CHEMBL5313996,3
CHEMBL2030335,1
CHEMBL2030026,1
CHEMBL5309024,9
CHEMBL253508,8
CHEMBL2029589,2
CHEMBL481617,1
CHEMBL504388,1
CHEMBL491753,2
CHEMBL523652,2
CHEMBL491754,2
CHEMBL565037,2
CHEMBL3116369,1
CHEMBL560083,1
CHEMBL2058676,3
CHEMBL2237709,2
CHEMBL2237708,2
CHEMBL2237704,2
CHEMBL1946993,2
CHEMBL458436,1
CHEMBL2169991,2
CHEMBL2170031,2
CHEMBL393561,1
CHEMBL4760049,2
CHEMBL4756440,1
CHEMBL4779104,1
CHEMBL4786917,1
CHEMBL4759278,2
CHEMBL2146548,2
CHEMBL2146555,2
CHEMBL2146537,2
CHEMBL4575250,2
CHEMBL4452529,2
CHEMBL398054,1
CHEMBL2181340,1
CHEMBL394409,1
CHEMBL234754,1
CHEMBL4563943,2
CHEMBL1928424,1
CHEMBL1928425,1
CHEMBL3120268,2
CHEMBL243525,1
CHEMBL4465599,2
CHEMBL244871,2
CHEMBL3260219,2
CHEMBL236767,3
CHEMBL236538,3
CHEMBL2408994,1
CHEMBL2408805,3
CHEMBL392520,4
CHEMBL3338923,1
CHEMBL498699,1
CHEMBL3335113,1
CHEMBL3335111,2
CHEMBL4169583,1
CHEMBL4174076,1
CHEMBL3338924,2
CHEMBL135293,2
CHEMBL495959,2
CHEMBL462286,2
CHEMBL447508,2
CHEMBL4172194,1
CHEMBL4165924,1
CHEMBL550524,1
CHEMBL4161190,1
CHEMBL4171473,1
CHEMBL4162024,1
CHEMBL466533,1
CHEMBL261365,4
CHEMBL505596,1
CHEMBL4161433,2
CHEMBL4590684,2
CHEMBL3238459,2
CHEMBL447056,2
CHEMBL571511,1
CHEMBL4164631,1
CHEMBL496161,1
CHEMBL1213510,2
CHEMBL4436121,4
CHEMBL4544660,9
CHEMBL4557331,4
CHEMBL4464872,4
CHEMBL4476110,4
CHEMBL203692,1
CHEMBL374558,2
CHEMBL262595,3
CHEMBL516624,2
CHEMBL97062,1
CHEMBL137817,3
CHEMBL593748,2
CHEMBL596076,2
CHEMBL596500,2
CHEMBL593525,2
CHEMBL374508,19
CHEMBL593930,1
CHEMBL4289772,3
CHEMBL595531,2
CHEMBL595435,2
CHEMBL3038038,1
CHEMBL508085,1
CHEMBL4161109,1
CHEMBL4858796,1
CHEMBL4168416,1
CHEMBL483841,1
CHEMBL98566,6
CHEMBL4458067,1
CHEMBL3261733,6
CHEMBL4171254,1
CHEMBL4452161,2
CHEMBL4173331,2
CHEMBL4163038,2
CHEMBL355552,2
CHEMBL4575953,1
CHEMBL4465063,1
CHEMBL1761034,1
CHEMBL371547,1
CHEMBL483842,1
CHEMBL4456794,2
CHEMBL1233569,1
CHEMBL4543535,1
CHEMBL4748067,1
CHEMBL4750688,2
CHEMBL4739910,1
CHEMBL4755729,2
CHEMBL122117,1
CHEMBL2368397,1
CHEMBL3037830,2
CHEMBL39094,1
CHEMBL72993,4
CHEMBL3908963,2
CHEMBL2314144,1
CHEMBL2314142,1
CHEMBL2338059,2
CHEMBL2332991,3
CHEMBL4454693,5
CHEMBL4460601,5
CHEMBL4126529,1
CHEMBL192986,2
CHEMBL4126415,1
CHEMBL4551139,1
CHEMBL4476851,2
CHEMBL4513736,2
CHEMBL64439,3
CHEMBL361803,2
CHEMBL480627,6
CHEMBL10112,1
CHEMBL329340,2
CHEMBL93458,4
CHEMBL3775728,1
CHEMBL3775887,1
CHEMBL1945104,1
CHEMBL2368249,4
CHEMBL336090,2
CHEMBL3763328,3
CHEMBL3765714,3
CHEMBL143331,2
CHEMBL3397107,2
CHEMBL3785154,2
CHEMBL90157,2
CHEMBL4279942,1
CHEMBL4286468,1
CHEMBL3415878,4
CHEMBL3216690,1
CHEMBL4286258,1
CHEMBL568158,1
CHEMBL2408357,1
CHEMBL2409058,1
CHEMBL486787,2
CHEMBL4278354,2
CHEMBL4288876,2
CHEMBL550605,1
CHEMBL552077,1
CHEMBL560801,1
CHEMBL560941,1
CHEMBL4276668,2
CHEMBL4278449,2
CHEMBL4281918,2
CHEMBL4277431,2
CHEMBL2408795,1
CHEMBL4552185,2
CHEMBL4554378,2
CHEMBL2419640,2
CHEMBL4458088,3
CHEMBL497996,1
CHEMBL4582800,3
CHEMBL1774608,3
CHEMBL567760,1
CHEMBL576249,1
CHEMBL577720,1
CHEMBL599937,2
CHEMBL575487,1
CHEMBL298415,1
CHEMBL1774616,1
CHEMBL2023448,2
CHEMBL4756572,1
CHEMBL2012964,2
CHEMBL3600960,2
CHEMBL407518,1
CHEMBL1796414,2
CHEMBL1796425,2
CHEMBL2088684,2
CHEMBL1796437,2
CHEMBL1796550,2
CHEMBL1796552,2
CHEMBL1796567,2
CHEMBL1783728,5
CHEMBL2314409,2
CHEMBL2419641,3
CHEMBL560600,1
CHEMBL508442,1
CHEMBL218125,2
CHEMBL3216144,1
CHEMBL245160,6
CHEMBL1783730,1
CHEMBL243213,1
CHEMBL429648,1
CHEMBL2181500,2
CHEMBL2181498,2
CHEMBL2203511,1
CHEMBL2170032,4
CHEMBL2170021,4
CHEMBL515185,1
CHEMBL482921,2
CHEMBL483707,1
CHEMBL2181487,2
CHEMBL2181493,2
CHEMBL453261,3
CHEMBL452506,2
CHEMBL4288283,3
CHEMBL258357,2
CHEMBL3585405,2
CHEMBL3585409,2
CHEMBL2391246,6
CHEMBL4289950,1
CHEMBL4287179,1
CHEMBL4278132,2
CHEMBL3798251,1
CHEMBL4288073,2
CHEMBL4282488,2
CHEMBL4293986,2
CHEMBL2316795,2
CHEMBL419432,1
CHEMBL251233,1
CHEMBL107615,2
CHEMBL3589916,1
CHEMBL3589922,1
CHEMBL3589983,1
CHEMBL242081,4
CHEMBL4287174,1
CHEMBL388223,2
CHEMBL2164264,4
CHEMBL3603898,1
CHEMBL3603873,2
CHEMBL1770681,2
CHEMBL1770680,2
CHEMBL230906,2
CHEMBL230682,1
CHEMBL236900,1
CHEMBL3289797,2
CHEMBL4469250,2
CHEMBL184456,1
CHEMBL4166744,2
CHEMBL3393863,2
CHEMBL3309532,2
CHEMBL3217035,1
CHEMBL2418048,1
CHEMBL3103526,2
CHEMBL469011,3
CHEMBL468758,1
CHEMBL3353668,2
CHEMBL457111,1
CHEMBL518804,1
CHEMBL142304,1
CHEMBL3109520,1
CHEMBL3319139,1
CHEMBL2170044,2
CHEMBL283997,1
CHEMBL420248,2
CHEMBL363162,1
CHEMBL504893,1
CHEMBL3401410,1
CHEMBL525723,1
CHEMBL224025,3
CHEMBL1836628,2
CHEMBL561402,3
CHEMBL564086,3
CHEMBL563083,3
CHEMBL391926,1
CHEMBL320310,1
CHEMBL387813,1
CHEMBL2435702,2
CHEMBL2338118,1
CHEMBL4217759,2
CHEMBL131687,1
CHEMBL2023608,2
CHEMBL2023609,2
CHEMBL2023611,2
CHEMBL2029585,1
CHEMBL2430910,1
CHEMBL2430909,1
CHEMBL3586298,2
CHEMBL3298964,1
CHEMBL2023450,2
CHEMBL2426556,1
CHEMBL2441922,2
CHEMBL2441926,2
CHEMBL2435430,1
CHEMBL2435417,1
CHEMBL3108890,1
CHEMBL3315003,1
CHEMBL4761413,2
CHEMBL2017963,1
CHEMBL1668532,2
CHEMBL2042178,1
CHEMBL2314643,1
CHEMBL2311570,1
CHEMBL2181346,1
CHEMBL219777,4
CHEMBL3589932,1
CHEMBL3216587,1
CHEMBL3217253,1
CHEMBL2325749,2
CHEMBL2146541,2
CHEMBL2146536,2
CHEMBL2325355,1
CHEMBL2030018,1
CHEMBL2030322,3
CHEMBL1688569,1
CHEMBL1688681,1
CHEMBL4796906,2
CHEMBL4799171,2
CHEMBL1187172,2
CHEMBL1682590,3
CHEMBL1682595,3
CHEMBL1682596,3
CHEMBL2164260,2
CHEMBL2169985,1
CHEMBL2041393,2
CHEMBL2172623,2
CHEMBL2030310,1
CHEMBL2030010,6
CHEMBL2030021,2
CHEMBL2368860,3
CHEMBL4461554,1
CHEMBL4563900,1
CHEMBL4472187,2
CHEMBL4440285,2
CHEMBL4528148,2
CHEMBL92507,2
CHEMBL3037965,1
CHEMBL4794416,1
CHEMBL4781350,6
CHEMBL4781162,5
CHEMBL4782529,6
CHEMBL4777058,5
CHEMBL4781827,5
CHEMBL4537622,1
CHEMBL4764322,7
CHEMBL2017466,1
CHEMBL2017479,1
CHEMBL4755437,2
CHEMBL4782153,2
CHEMBL3115704,1
CHEMBL4785426,3
CHEMBL2041381,2
CHEMBL2338056,2
CHEMBL2338061,2
CHEMBL4745095,1
CHEMBL4746107,1
CHEMBL125382,1
CHEMBL314713,1
CHEMBL4740327,1
CHEMBL521156,1
CHEMBL486297,1
CHEMBL1803096,1
CHEMBL1803098,1
CHEMBL520654,1
CHEMBL1822437,1
CHEMBL3234094,2
CHEMBL3234093,2
CHEMBL1796540,2
CHEMBL3335103,2
CHEMBL494057,1
CHEMBL3338928,2
CHEMBL3338912,1
CHEMBL4101322,2
CHEMBL1812346,2
CHEMBL4080575,2
CHEMBL4102061,2
CHEMBL4067194,2
CHEMBL4082011,1
CHEMBL4101593,2
CHEMBL3216541,1
CHEMBL4070446,2
CHEMBL4088794,2
CHEMBL1818625,2
CHEMBL138623,4
CHEMBL1800564,3
CHEMBL1802541,1
CHEMBL4092834,2
CHEMBL1796413,2
CHEMBL1818617,2
CHEMBL3798328,2
CHEMBL4091290,2
CHEMBL1951743,1
CHEMBL509229,4
CHEMBL513801,1
CHEMBL1818091,1
CHEMBL518720,1
CHEMBL463913,1
CHEMBL464366,1
CHEMBL4088720,2
CHEMBL4099191,2
CHEMBL58972,3
CHEMBL521328,1
CHEMBL515592,1
CHEMBL463008,1
CHEMBL4064305,2
CHEMBL1835286,1
CHEMBL1835283,1
CHEMBL1835282,1
CHEMBL1835281,1
CHEMBL1835173,1
CHEMBL1835168,1
CHEMBL1835390,1
CHEMBL3289799,6
CHEMBL3289169,1
CHEMBL3289170,1
CHEMBL2312166,1
CHEMBL520613,3
CHEMBL454151,2
CHEMBL2334366,6
CHEMBL450555,1
CHEMBL453715,1
CHEMBL1760522,1
CHEMBL477035,1
CHEMBL2413886,3
CHEMBL2413882,3
CHEMBL3216215,1
CHEMBL3216660,1
CHEMBL3216427,1
CHEMBL2041996,2
CHEMBL3144161,3
CHEMBL492307,3
CHEMBL500114,2
CHEMBL462470,2
CHEMBL2431484,2
CHEMBL455629,1
CHEMBL525959,3
CHEMBL459625,3
CHEMBL523640,1
CHEMBL42527,12
CHEMBL2058102,2
CHEMBL496076,3
CHEMBL1213515,1
CHEMBL1213517,1
CHEMBL431084,1
CHEMBL132031,1
CHEMBL485410,1
CHEMBL506885,1
CHEMBL451356,1
CHEMBL485225,1
CHEMBL447285,1
CHEMBL464396,1
CHEMBL518085,1
CHEMBL464397,1
CHEMBL1682253,2
CHEMBL67457,1
CHEMBL2170027,4
CHEMBL1682714,3
CHEMBL1682715,3
CHEMBL1682717,3
CHEMBL1682723,3
CHEMBL2181494,2
CHEMBL2181479,2
CHEMBL2181300,2
CHEMBL2181298,2
CHEMBL357111,1
CHEMBL1682718,3
CHEMBL38374,1
CHEMBL2181492,2
CHEMBL288290,1
CHEMBL424954,1
CHEMBL1631349,4
CHEMBL1828816,2
CHEMBL3781915,1
CHEMBL3781604,1
CHEMBL1941010,1
CHEMBL3933041,1
CHEMBL3289162,1
CHEMBL1950985,1
CHEMBL3822924,1
CHEMBL3894863,2
CHEMBL3956086,2
CHEMBL1077123,1
CHEMBL1774632,3
CHEMBL1780201,2
CHEMBL407862,1
CHEMBL1822439,1
CHEMBL3603969,2
CHEMBL3577101,1
CHEMBL3235638,2
CHEMBL3798154,1
CHEMBL3798904,1
CHEMBL3799974,1
CHEMBL3799114,1
CHEMBL3800258,1
CHEMBL3353927,1
CHEMBL3098602,1
CHEMBL1288747,2
CHEMBL2322507,1
CHEMBL1256789,7
CHEMBL3218314,1
CHEMBL3085569,7
CHEMBL3221775,1
CHEMBL3221774,1
CHEMBL3221768,1
CHEMBL1275619,1
CHEMBL1277994,1
CHEMBL1835290,2
CHEMBL1835284,1
CHEMBL1835170,1
CHEMBL1835166,1
CHEMBL2431502,2
CHEMBL2431485,2
CHEMBL2431505,2
CHEMBL1272229,1
CHEMBL4740979,2
CHEMBL4782912,2
CHEMBL4790814,2
CHEMBL4756800,2
CHEMBL4746283,2
CHEMBL4760907,2
CHEMBL4761721,2
CHEMBL4753191,2
CHEMBL4792669,2
CHEMBL4744125,2
CHEMBL4753811,2
CHEMBL1939611,1
CHEMBL1939613,1
CHEMBL3764994,1
CHEMBL3581503,2
CHEMBL4079275,2
CHEMBL2391963,1
CHEMBL2391944,1
CHEMBL2408422,1
CHEMBL4064159,2
CHEMBL1257246,2
CHEMBL2181214,2
CHEMBL4091006,2
CHEMBL4089116,2
CHEMBL3754342,2
CHEMBL3753116,2
CHEMBL3759061,2
CHEMBL5272749,1
CHEMBL5288977,1
CHEMBL3617673,2
CHEMBL3765006,1
CHEMBL3581805,1
CHEMBL3581802,1
CHEMBL1080027,2
CHEMBL3109526,1
CHEMBL218048,2
CHEMBL426212,2
CHEMBL138524,3
CHEMBL218548,2
CHEMBL218333,2
CHEMBL218086,2
CHEMBL221693,1
CHEMBL2391094,2
CHEMBL3216349,1
CHEMBL3216141,1
CHEMBL3215932,1
CHEMBL1807752,3
CHEMBL230958,1
CHEMBL230438,2
CHEMBL5221044,2
CHEMBL1812882,2
CHEMBL2391250,1
CHEMBL2170040,4
CHEMBL228097,1
CHEMBL5220102,2
CHEMBL3628215,1
CHEMBL3628217,2
CHEMBL2414898,1
CHEMBL2414893,1
CHEMBL5287138,1
CHEMBL4160711,2
CHEMBL5272890,3
CHEMBL5287155,3
CHEMBL2402780,3
CHEMBL5272889,1
CHEMBL5276242,1
CHEMBL1927688,2
CHEMBL1927689,2
CHEMBL2402785,3
CHEMBL3813987,1
CHEMBL2413952,1
CHEMBL3355614,2
CHEMBL2409006,3
CHEMBL2414270,2
CHEMBL3819650,2
CHEMBL3088367,1
CHEMBL216477,10
CHEMBL1934545,1
CHEMBL1915272,4
CHEMBL4437416,2
CHEMBL4555310,2
CHEMBL3765916,1
CHEMBL2409524,1
CHEMBL1950422,3
CHEMBL144467,1
CHEMBL2402782,3
CHEMBL1939732,1
CHEMBL3355626,2
CHEMBL2442163,2
CHEMBL2414263,2
CHEMBL2418018,1
CHEMBL2418012,1
CHEMBL218739,2
CHEMBL2413890,3
CHEMBL1928933,7
CHEMBL388224,1
CHEMBL4444105,2
CHEMBL4562181,2
CHEMBL4465203,2
CHEMBL4513767,2
CHEMBL4472233,2
CHEMBL4590608,2
CHEMBL111650,2
CHEMBL2419449,2
CHEMBL2430905,1
CHEMBL2430919,1
CHEMBL2430914,1
CHEMBL4469011,2
CHEMBL2441910,1
CHEMBL30209,3
CHEMBL192343,2
CHEMBL2368246,4
CHEMBL382188,2
CHEMBL206613,2
CHEMBL147160,2
CHEMBL388323,1
CHEMBL155453,1
CHEMBL421970,1
CHEMBL376250,2
CHEMBL219025,2
CHEMBL135916,1
CHEMBL366607,1
CHEMBL175276,1
CHEMBL2146550,2
CHEMBL153797,1
CHEMBL478261,2
CHEMBL342049,4
CHEMBL1950427,3
CHEMBL1950424,3
CHEMBL5178329,1
CHEMBL5197335,1
CHEMBL557558,1
CHEMBL559120,1
CHEMBL5197868,1
CHEMBL1083768,4
CHEMBL1775013,1
CHEMBL4635916,2
CHEMBL589527,2
CHEMBL2368245,4
CHEMBL5199793,1
CHEMBL5205711,1
CHEMBL5209425,3
CHEMBL3216520,2
CHEMBL1770786,2
CHEMBL3216519,2
CHEMBL3216092,2
CHEMBL1770925,1
CHEMBL1770814,2
CHEMBL1773156,3
CHEMBL1773160,3
CHEMBL1773157,3
CHEMBL1802540,1
CHEMBL1802552,1
CHEMBL3319138,1
CHEMBL1796412,2
CHEMBL1796423,2
CHEMBL1796538,2
CHEMBL1795358,2
CHEMBL1796557,2
CHEMBL1796418,2
CHEMBL578967,2
CHEMBL1800836,2
CHEMBL1800766,2
CHEMBL3236255,1
CHEMBL3236259,1
CHEMBL3234063,2
CHEMBL1800780,2
CHEMBL3220277,1
CHEMBL3220279,1
CHEMBL3220282,1
CHEMBL568213,1
CHEMBL445279,1
CHEMBL541678,2
CHEMBL3219635,1
CHEMBL3219642,1
CHEMBL61342,4
CHEMBL3219628,1
CHEMBL3219630,1
CHEMBL2374257,1
CHEMBL511133,3
CHEMBL476250,1
CHEMBL514391,1
CHEMBL514853,1
CHEMBL267856,5
CHEMBL3401073,2
CHEMBL3393856,2
CHEMBL3393857,2
CHEMBL236696,5
CHEMBL1774604,3
CHEMBL1774602,2
CHEMBL1774617,1
CHEMBL3218234,2
CHEMBL3264192,4
CHEMBL3264179,5
CHEMBL3264186,3
CHEMBL3221656,1
CHEMBL258632,2
CHEMBL3343962,2
CHEMBL3260206,2
CHEMBL3234417,1
CHEMBL3329572,2
CHEMBL3329584,2
CHEMBL3601859,1
CHEMBL3600399,2
CHEMBL458478,2
CHEMBL3394325,2
CHEMBL3394329,2
CHEMBL144804,1
CHEMBL443418,1
CHEMBL4098710,2
CHEMBL3632754,1
CHEMBL261066,1
CHEMBL4090935,2
CHEMBL2207917,1
CHEMBL2207895,1
CHEMBL4175939,1
CHEMBL2207884,1
CHEMBL479100,1
CHEMBL509932,2
CHEMBL4079380,2
CHEMBL3109552,1
CHEMBL4176177,1
CHEMBL4172033,2
CHEMBL3116037,3
CHEMBL4176362,1
CHEMBL4172545,1
CHEMBL4176231,4
CHEMBL3216848,1
CHEMBL3217049,1
CHEMBL3216614,1
CHEMBL3215723,1
CHEMBL3116039,4
CHEMBL2203849,1
CHEMBL2207889,1
CHEMBL470025,2
CHEMBL3416746,1
CHEMBL3416747,1
CHEMBL3216903,1
CHEMBL4175536,1
CHEMBL4091909,2
CHEMBL4062149,2
CHEMBL284604,2
CHEMBL3216435,1
CHEMBL468078,2
CHEMBL469105,2
CHEMBL444784,1
CHEMBL513617,2
CHEMBL510185,1
CHEMBL328331,2
CHEMBL453816,1
CHEMBL3264175,3
CHEMBL3264190,5
CHEMBL3264183,4
CHEMBL3415876,4
CHEMBL3415879,3
CHEMBL3415881,4
CHEMBL3421826,3
CHEMBL3422286,3
CHEMBL3617670,2
CHEMBL3617666,2
CHEMBL3422293,3
CHEMBL3421915,3
CHEMBL3421921,3
CHEMBL3421922,3
CHEMBL4129236,1
CHEMBL4126515,1
CHEMBL144875,2
CHEMBL149485,2
CHEMBL4105133,1
CHEMBL4101819,1
CHEMBL2368248,4
CHEMBL4067887,2
CHEMBL4077637,2
CHEMBL4063210,2
CHEMBL4086345,3
CHEMBL62261,3
CHEMBL2058033,4
CHEMBL394827,2
CHEMBL4078255,2
CHEMBL4104930,1
CHEMBL4071273,1
CHEMBL4098318,1
CHEMBL4091134,2
CHEMBL4068556,2
CHEMBL4081812,2
CHEMBL3597347,2
CHEMBL4063178,2
CHEMBL111076,1
CHEMBL388055,1
CHEMBL5094994,3
CHEMBL5078300,4
CHEMBL144387,1
CHEMBL344965,1
CHEMBL230907,1
CHEMBL231005,2
CHEMBL5411273,1
CHEMBL98356,2
CHEMBL5287683,5
CHEMBL3581842,1
CHEMBL3581835,1
CHEMBL3581822,1
CHEMBL3338029,1
CHEMBL1852704,2
CHEMBL3547087,3
CHEMBL1198904,2
CHEMBL472404,1
CHEMBL3401314,3
CHEMBL2181486,2
CHEMBL2181216,2
CHEMBL2170030,4
CHEMBL4536830,1
CHEMBL3401312,3
CHEMBL3401315,3
CHEMBL2181499,2
CHEMBL3355624,2
CHEMBL3358134,2
CHEMBL4560466,1
CHEMBL2041948,1
CHEMBL3234083,2
CHEMBL96896,1
CHEMBL3236244,1
CHEMBL3827261,1
CHEMBL3828666,1
CHEMBL295335,1
CHEMBL4442674,2
CHEMBL4516951,2
CHEMBL3827340,1
CHEMBL3581290,1
CHEMBL3814203,1
CHEMBL4548132,1
CHEMBL4567468,1
CHEMBL4444286,1
CHEMBL4528613,2
CHEMBL3601701,2
CHEMBL4589057,1
CHEMBL328470,2
CHEMBL3589918,1
CHEMBL511209,1
CHEMBL237612,3
CHEMBL237613,3
CHEMBL4460395,2
CHEMBL3589920,1
CHEMBL3589986,1
CHEMBL3589005,1
CHEMBL4555672,2
CHEMBL4526363,2
CHEMBL433362,1
CHEMBL1255726,7
CHEMBL299577,1
CHEMBL4588773,1
CHEMBL568161,3
CHEMBL576676,1
CHEMBL3216921,1
CHEMBL90430,3
CHEMBL5205592,2
CHEMBL2111199,1
CHEMBL3949811,1
CHEMBL3216445,1
CHEMBL3401311,3
CHEMBL3401313,3
CHEMBL368103,1
CHEMBL2322217,1
CHEMBL189997,3
CHEMBL3402980,1
CHEMBL1812888,2
CHEMBL568669,1
CHEMBL577051,1
CHEMBL481029,2
CHEMBL3421923,3
CHEMBL3421926,3
CHEMBL3422027,3
CHEMBL3421834,3
CHEMBL3421918,3
CHEMBL3422294,3
CHEMBL5090212,4
CHEMBL3088359,2
CHEMBL2435553,2
CHEMBL2435550,2
CHEMBL2435549,2
CHEMBL5308980,4
CHEMBL2435547,2
CHEMBL5407224,5
CHEMBL567535,3
CHEMBL572187,1
CHEMBL5311594,4
CHEMBL3216045,1
CHEMBL572319,2
CHEMBL572278,1
CHEMBL572069,1
CHEMBL572277,1
CHEMBL2023607,2
CHEMBL2012951,2
CHEMBL5001025,4
CHEMBL2029596,1
CHEMBL2029352,1
CHEMBL2029756,1
CHEMBL139118,1
CHEMBL2337356,3
CHEMBL2334056,6
CHEMBL1917518,2
CHEMBL125953,1
CHEMBL5173531,3
CHEMBL3037962,1
CHEMBL203265,4
CHEMBL487442,1
CHEMBL5183052,5
CHEMBL180206,1
CHEMBL2012966,2
CHEMBL5179044,1
CHEMBL5188895,1
CHEMBL467638,2
CHEMBL469104,2
CHEMBL468272,2
CHEMBL468057,2
CHEMBL461443,2
CHEMBL4071693,2
CHEMBL2022214,1
CHEMBL2022218,1
CHEMBL3589980,1
CHEMBL5414405,2
CHEMBL5416012,2
CHEMBL5410790,2
CHEMBL5402110,1
CHEMBL3581497,2
CHEMBL1084349,1
CHEMBL1086433,1
CHEMBL1088964,1
CHEMBL566739,1
CHEMBL1089747,1
CHEMBL1090717,1
CHEMBL1090040,1
CHEMBL493860,3
CHEMBL3581505,2
CHEMBL3581504,2
CHEMBL3581502,2
CHEMBL1761275,2
CHEMBL2030025,2
CHEMBL590240,1
CHEMBL518550,4
CHEMBL4085736,2
CHEMBL4077843,2
CHEMBL509279,2
CHEMBL2022330,1
CHEMBL497965,1
CHEMBL4093437,2
CHEMBL2164265,2
CHEMBL5203100,1
CHEMBL62292,2
CHEMBL3547061,3
CHEMBL3617672,2
CHEMBL2024437,2
CHEMBL2024441,2
CHEMBL2024438,2
CHEMBL2024444,2
CHEMBL2030034,2
CHEMBL2030305,1
CHEMBL5171542,2
CHEMBL3581818,1
CHEMBL4159020,2
CHEMBL2041998,2
CHEMBL2041997,2
CHEMBL2041992,2
CHEMBL2041975,2
CHEMBL2049232,1
CHEMBL227297,1
CHEMBL2391960,1
CHEMBL2391951,1
CHEMBL2408424,2
CHEMBL3426254,4
CHEMBL1085096,2
CHEMBL3221779,1
CHEMBL2381686,2
CHEMBL3335099,2
CHEMBL2335236,4
CHEMBL1450733,1
CHEMBL2089262,1
CHEMBL2089271,1
CHEMBL2089273,1
CHEMBL2408984,2
CHEMBL2408804,2
CHEMBL2408800,2
CHEMBL2414264,2
CHEMBL4099551,2
CHEMBL2408799,2
CHEMBL4066857,2
CHEMBL2041395,2
CHEMBL2041570,2
CHEMBL2041571,2
CHEMBL2041386,2
CHEMBL2041391,2
CHEMBL4093833,2
CHEMBL2069614,2
CHEMBL1256147,6
CHEMBL3410333,3
CHEMBL2413091,2
CHEMBL2418402,1
CHEMBL2413889,3
CHEMBL2413893,3
CHEMBL2409057,1
CHEMBL3601597,1
CHEMBL1760390,1
CHEMBL2338060,2
CHEMBL2315383,2
CHEMBL3337968,1
CHEMBL3337967,1
CHEMBL3421833,3
CHEMBL4080292,2
CHEMBL4067938,1
CHEMBL4095299,2
CHEMBL4078148,1
CHEMBL4101805,2
CHEMBL470981,1
CHEMBL1095507,2
CHEMBL1744395,1
CHEMBL5219337,2
CHEMBL5218850,1
CHEMBL5220717,1
CHEMBL5218954,2
CHEMBL5218685,2
CHEMBL3349376,1
CHEMBL3353678,2
CHEMBL3353682,2
CHEMBL66165,2
CHEMBL3349384,1
CHEMBL5278424,1
CHEMBL5284664,6
CHEMBL5277879,2
CHEMBL5284139,1
CHEMBL5282962,1
CHEMBL5279929,2
CHEMBL5284814,2
CHEMBL555663,3
CHEMBL1774681,1
CHEMBL4785919,2
CHEMBL4760260,1
CHEMBL4760763,2
CHEMBL4757225,2
CHEMBL4756859,2
CHEMBL4763231,2
CHEMBL4741824,4
CHEMBL1782666,1
CHEMBL5267960,3
CHEMBL2012825,2
CHEMBL1801772,3
CHEMBL4763827,1
CHEMBL1780224,3
CHEMBL4784817,1
CHEMBL1834670,2
CHEMBL539162,2
CHEMBL4455531,1
CHEMBL4470318,1
CHEMBL1688651,1
CHEMBL1688668,1
CHEMBL4587589,2
CHEMBL335478,1
CHEMBL4441234,1
CHEMBL4514191,1
CHEMBL1761022,1
CHEMBL1761023,1
CHEMBL1761024,1
CHEMBL5311772,13
CHEMBL5309638,4
CHEMBL5313574,4
CHEMBL4593843,2
CHEMBL4445381,2
CHEMBL397654,1
CHEMBL205846,2
CHEMBL4532745,2
CHEMBL4471705,2
CHEMBL4522857,2
CHEMBL4443418,2
CHEMBL1928402,2
CHEMBL1928405,2
CHEMBL453764,2
CHEMBL5206804,2
CHEMBL470424,2
CHEMBL453663,3
CHEMBL524013,6
CHEMBL431991,1
CHEMBL1927484,2
CHEMBL224260,2
CHEMBL5285556,2
CHEMBL5279178,2
CHEMBL365139,1
CHEMBL5288857,3
CHEMBL5271709,2
CHEMBL277015,2
CHEMBL5431615,6
CHEMBL5428977,6
CHEMBL5431249,2
CHEMBL5416171,1
CHEMBL407276,2
CHEMBL429601,4
CHEMBL5189226,1
CHEMBL394583,2
CHEMBL376218,2
CHEMBL1386565,2
CHEMBL2003596,2
CHEMBL464574,1
CHEMBL27076,4
CHEMBL2030296,2
CHEMBL5188951,1
CHEMBL471539,1
CHEMBL507220,2
CHEMBL464656,3
CHEMBL504137,1
CHEMBL491890,2
CHEMBL72,2
CHEMBL5414186,6
CHEMBL5435866,6
CHEMBL152845,2
CHEMBL152882,2
CHEMBL1927685,2
CHEMBL1928938,7
CHEMBL245092,2
CHEMBL406124,4
CHEMBL500803,2
CHEMBL409431,1
CHEMBL72457,1
CHEMBL176519,1
CHEMBL3114829,2
CHEMBL3114828,2
CHEMBL3114830,4
CHEMBL197970,1
CHEMBL216917,2
CHEMBL3109548,1
CHEMBL3109541,1
CHEMBL426864,1
CHEMBL518622,2
CHEMBL3601601,1
CHEMBL3421917,3
CHEMBL3421920,3
CHEMBL3421824,3
CHEMBL3422288,3
CHEMBL1682447,3
CHEMBL486295,1
CHEMBL1682465,3
CHEMBL4073999,2
CHEMBL4104035,2
CHEMBL4072916,15
CHEMBL4075600,2
CHEMBL4104635,2
CHEMBL4089748,2
CHEMBL4071343,2
CHEMBL4468673,1
CHEMBL4440622,1
CHEMBL4580485,2
CHEMBL4533385,3
CHEMBL4854577,2
CHEMBL4851776,1
CHEMBL476209,1
CHEMBL65735,5
CHEMBL477327,1
CHEMBL415579,1
CHEMBL4776775,1
CHEMBL60487,1
CHEMBL3343683,1
CHEMBL3634077,1
CHEMBL3343690,1
CHEMBL3771022,1
CHEMBL2203500,1
CHEMBL3617331,1
CHEMBL389075,4
CHEMBL390745,1
CHEMBL388996,1
CHEMBL5267375,1
CHEMBL5268529,1
CHEMBL5280185,1
CHEMBL4874844,2
CHEMBL4879028,2
CHEMBL4851058,2
CHEMBL5219574,1
CHEMBL4851109,2
CHEMBL4853001,2
CHEMBL4876226,2
CHEMBL4878773,2
CHEMBL4873489,2
CHEMBL3612295,1
CHEMBL1950421,1
CHEMBL5219233,2
CHEMBL5218542,2
CHEMBL4851630,1
CHEMBL4854193,1
CHEMBL144635,1
CHEMBL4790166,1
CHEMBL22811,1
CHEMBL3218764,1
CHEMBL3217797,2
CHEMBL4868589,2
CHEMBL390384,1
CHEMBL227668,1
CHEMBL441722,1
CHEMBL219618,4
CHEMBL4858942,2
CHEMBL4853397,2
CHEMBL4867009,2
CHEMBL4871147,2
CHEMBL4441132,2
CHEMBL4438737,2
CHEMBL4457590,2
CHEMBL4553711,2
CHEMBL4593382,3
CHEMBL4463090,1
CHEMBL3819601,5
CHEMBL4864444,1
CHEMBL4791022,6
CHEMBL4553918,1
CHEMBL5201658,2
CHEMBL5411543,5
CHEMBL2089251,2
CHEMBL5311828,4
CHEMBL5310812,3
CHEMBL5310730,4
CHEMBL4523047,1
CHEMBL4582811,2
CHEMBL5308851,4
CHEMBL3289159,1
CHEMBL5082523,4
CHEMBL2088681,2
CHEMBL3354445,3
CHEMBL3354457,3
CHEMBL3354446,3
CHEMBL5311725,4
CHEMBL5312448,3
CHEMBL3234078,4
CHEMBL3355615,1
CHEMBL3343955,2
CHEMBL383991,2
CHEMBL3337958,1
CHEMBL199934,1
CHEMBL475813,1
CHEMBL3356388,2
CHEMBL2368172,4
CHEMBL3600534,1
CHEMBL3601831,1
CHEMBL3335273,1
CHEMBL3601838,1
CHEMBL3601835,2
CHEMBL5208527,2
CHEMBL345264,2
CHEMBL215570,1
CHEMBL172138,1
CHEMBL138863,1
CHEMBL383925,2
CHEMBL386873,2
CHEMBL87431,1
CHEMBL3262121,1
CHEMBL296488,1
CHEMBL136132,2
CHEMBL3326236,1
CHEMBL3309582,1
CHEMBL3326292,1
CHEMBL273071,3
CHEMBL270259,4
CHEMBL3309590,2
CHEMBL3309586,2
CHEMBL388222,1
CHEMBL3604108,1
CHEMBL238715,1
CHEMBL3401695,3
CHEMBL269855,2
CHEMBL449980,2
CHEMBL3342262,3
CHEMBL515777,1
CHEMBL1162138,1
CHEMBL227032,1
CHEMBL376572,1
CHEMBL3233361,1
CHEMBL53708,1
CHEMBL3601450,1
CHEMBL230361,1
CHEMBL230366,1
CHEMBL3818795,2
CHEMBL509425,3
CHEMBL502441,2
CHEMBL443331,2
CHEMBL337399,2
CHEMBL465177,1
CHEMBL1688567,1
CHEMBL1688648,1
CHEMBL1682727,3
CHEMBL1682729,3
CHEMBL503597,4
CHEMBL3634072,1
CHEMBL492721,1
CHEMBL2087272,1
CHEMBL3763464,3
CHEMBL3765136,3
CHEMBL3765385,3
CHEMBL3764469,1
CHEMBL503522,2
CHEMBL505269,2
CHEMBL446648,2
CHEMBL4094322,2
CHEMBL485279,1
CHEMBL4084841,2
CHEMBL393088,1
CHEMBL391599,1
CHEMBL233867,1
CHEMBL3421830,3
CHEMBL3422025,3
CHEMBL1928414,1
CHEMBL1075701,2
CHEMBL258502,7
CHEMBL1277044,1
CHEMBL1277045,1
CHEMBL4753230,1
CHEMBL243346,1
CHEMBL396198,1
CHEMBL243781,1
CHEMBL243562,1
CHEMBL403750,2
CHEMBL1169788,2
CHEMBL497795,2
CHEMBL3353672,2
CHEMBL468684,2
CHEMBL3353684,2
CHEMBL1172896,1
CHEMBL1173517,1
CHEMBL4787685,1
CHEMBL3216010,1
CHEMBL4776725,1
CHEMBL483777,1
CHEMBL1272012,2
CHEMBL3215567,1
CHEMBL483571,1
CHEMBL484351,1
CHEMBL429678,2
CHEMBL1790772,2
CHEMBL91580,1
CHEMBL410640,2
CHEMBL498554,1
CHEMBL3216425,1
CHEMBL501755,1
CHEMBL202599,1
CHEMBL563040,1
CHEMBL559883,1
CHEMBL430903,2
CHEMBL3084787,1
CHEMBL549306,1
CHEMBL557669,1
CHEMBL550609,1
CHEMBL459424,1
CHEMBL1258203,1
CHEMBL4756400,1
CHEMBL4799855,1
CHEMBL476305,1
CHEMBL222824,2
CHEMBL1917514,2
CHEMBL1917513,2
CHEMBL1917511,3
CHEMBL3220264,1
CHEMBL3220294,1
CHEMBL522223,2
CHEMBL2181481,2
CHEMBL2170043,4
CHEMBL2170039,4
CHEMBL3740357,3
CHEMBL3739989,1
CHEMBL3628401,2
CHEMBL3220293,1
CHEMBL3218751,1
CHEMBL3220262,1
CHEMBL440393,1
CHEMBL380527,2
CHEMBL2407836,1
CHEMBL2407839,3
CHEMBL2407838,3
CHEMBL2407833,4
CHEMBL3217249,1
CHEMBL308104,4
CHEMBL203702,1
CHEMBL383681,1
CHEMBL3235672,2
CHEMBL1945108,1
CHEMBL93001,2
CHEMBL1944818,1
CHEMBL551478,3
CHEMBL1928650,1
CHEMBL1928661,1
CHEMBL1928848,1
CHEMBL1928849,2
CHEMBL1917540,1
CHEMBL1917541,1
CHEMBL204406,2
CHEMBL165898,1
CHEMBL3105271,1
CHEMBL3216376,1
CHEMBL3216615,1
CHEMBL290724,1
CHEMBL1946881,1
CHEMBL1951010,1
CHEMBL1929189,2
CHEMBL1929346,2
CHEMBL428612,1
CHEMBL1928427,1
CHEMBL3325778,1
CHEMBL293801,1
CHEMBL2153159,2
CHEMBL160974,1
CHEMBL3309588,2
CHEMBL3309585,2
CHEMBL1916924,1
CHEMBL209037,6
CHEMBL1928854,2
CHEMBL3326567,1
CHEMBL1951741,1
CHEMBL1947239,1
CHEMBL190005,1
CHEMBL365295,1
CHEMBL3093736,1
CHEMBL3358655,4
CHEMBL204844,2
CHEMBL3409907,1
CHEMBL3409912,1
CHEMBL169900,2
CHEMBL2413888,3
CHEMBL2414271,2
CHEMBL97290,1
CHEMBL1917516,2
CHEMBL1917677,2
CHEMBL2430911,1
CHEMBL503135,1
CHEMBL486697,1
CHEMBL519836,1
CHEMBL489011,1
CHEMBL2437281,1
CHEMBL1255738,5
CHEMBL526872,7
CHEMBL1774633,3
CHEMBL383084,2
CHEMBL1774624,3
CHEMBL1774625,3
CHEMBL1254849,2
CHEMBL261271,1
CHEMBL3215600,1
CHEMBL512905,3
CHEMBL2071295,2
CHEMBL1095333,1
CHEMBL1098221,1
CHEMBL1094089,1
CHEMBL1094534,1
CHEMBL2413881,3
CHEMBL2418399,2
CHEMBL1095670,1
CHEMBL2036001,2
CHEMBL2035989,2
CHEMBL521032,1
CHEMBL3617335,1
CHEMBL3617336,2
CHEMBL1927490,2
CHEMBL1929350,2
CHEMBL531475,4
CHEMBL3120295,1
CHEMBL3120292,1
CHEMBL3120287,2
CHEMBL3116377,1
CHEMBL3116373,1
CHEMBL3124977,2
CHEMBL3628220,2
CHEMBL3634140,1
CHEMBL3634141,1
CHEMBL271976,4
CHEMBL270768,4
CHEMBL270757,1
CHEMBL3319131,1
CHEMBL3319127,1
CHEMBL2146554,2
CHEMBL4743345,1
CHEMBL4798009,1
CHEMBL238650,1
CHEMBL239758,1
CHEMBL3220269,1
CHEMBL3220281,1
CHEMBL3220288,1
CHEMBL3220295,1
CHEMBL1631355,4
CHEMBL1630204,4
CHEMBL1630207,4
CHEMBL1630209,4
CHEMBL3234097,2
CHEMBL1631351,4
CHEMBL468595,4
CHEMBL5427648,2
CHEMBL5427688,2
CHEMBL3221792,1
CHEMBL3343958,2
CHEMBL3343954,2
CHEMBL3343953,2
CHEMBL231386,1
CHEMBL227407,1
CHEMBL389922,1
CHEMBL228149,1
CHEMBL228006,1
CHEMBL1641858,1
CHEMBL3337969,1
CHEMBL3337965,1
CHEMBL4776440,1
CHEMBL3337955,1
CHEMBL5314060,5
CHEMBL3120289,1
CHEMBL3120273,1
CHEMBL3120270,2
CHEMBL599514,2
CHEMBL5309456,4
CHEMBL3601699,1
CHEMBL3359692,1
CHEMBL3359693,1
CHEMBL450654,3
CHEMBL3236229,1
CHEMBL3127261,2
CHEMBL3234056,2
CHEMBL3234051,2
CHEMBL3358133,1
CHEMBL3358143,2
CHEMBL3260218,2
CHEMBL3326160,2
CHEMBL3321871,6
CHEMBL449682,1
CHEMBL504323,2
CHEMBL3735392,1
CHEMBL490509,1
CHEMBL494053,1
CHEMBL3338025,1
CHEMBL479692,2
CHEMBL450980,1
CHEMBL3288195,1
CHEMBL272089,3
CHEMBL5399583,2
CHEMBL5411819,2
CHEMBL5409545,1
CHEMBL5433501,2
CHEMBL5411128,2
CHEMBL5412631,1
CHEMBL3309591,2
CHEMBL5434807,2
CHEMBL5410878,2
CHEMBL501647,4
CHEMBL5170922,2
CHEMBL428425,5
CHEMBL1934548,1
CHEMBL3593464,2
CHEMBL5206139,1
CHEMBL1927115,1
CHEMBL2407849,4
CHEMBL3603974,1
CHEMBL3603977,1
CHEMBL3603979,1
CHEMBL3098960,2
CHEMBL3603983,1
CHEMBL220692,7
CHEMBL3309584,2
CHEMBL3314078,1
CHEMBL3314073,1
CHEMBL1927111,1
CHEMBL1927120,1
CHEMBL3314960,1
CHEMBL4871270,1
CHEMBL3401709,3
CHEMBL3401704,3
CHEMBL3401697,3
CHEMBL3326159,2
CHEMBL1939682,1
CHEMBL2237698,2
CHEMBL2237697,2
CHEMBL2237694,1
CHEMBL2237690,2
CHEMBL58557,2
CHEMBL2237688,2
CHEMBL3753556,2
CHEMBL365391,3
CHEMBL1774606,3
CHEMBL3828158,1
CHEMBL3827534,1
CHEMBL3826987,1
CHEMBL5421294,2
CHEMBL5440990,6
CHEMBL5395534,3
CHEMBL4098522,2
CHEMBL362894,1
CHEMBL3601443,4
CHEMBL4162165,1
CHEMBL275078,1
CHEMBL3417438,1
CHEMBL4096604,1
CHEMBL3356393,2
CHEMBL4174181,1
CHEMBL3289807,2
CHEMBL4789322,6
CHEMBL4792349,5
CHEMBL4798754,6
CHEMBL3416380,1
CHEMBL3416382,1
CHEMBL1796431,2
CHEMBL1796439,2
CHEMBL1796541,2
CHEMBL462285,2
CHEMBL459517,1
CHEMBL4081494,1
CHEMBL3216657,1
CHEMBL3752177,2
CHEMBL3216229,1
CHEMBL4167093,1
CHEMBL4166247,1
CHEMBL4174159,1
CHEMBL413461,2
CHEMBL518167,2
CHEMBL396285,2
CHEMBL3577238,1
CHEMBL3577237,1
CHEMBL508281,1
CHEMBL4868878,2
CHEMBL4863846,2
CHEMBL4869428,2
CHEMBL3422292,3
CHEMBL3421919,3
CHEMBL3421925,3
CHEMBL3422290,3
CHEMBL3422291,3
CHEMBL4867551,2
CHEMBL3416394,1
CHEMBL3416396,1
CHEMBL4854656,1
CHEMBL474900,1
CHEMBL1803102,1
CHEMBL4798973,6
CHEMBL450166,2
CHEMBL1822424,1
CHEMBL1813088,2
CHEMBL1229838,1
CHEMBL4442735,5
CHEMBL1807307,2
CHEMBL2316669,1
CHEMBL83139,1
CHEMBL86964,2
CHEMBL1812875,2
CHEMBL1812879,1
CHEMBL1813078,2
CHEMBL4592717,2
CHEMBL1818628,2
CHEMBL1818090,1
CHEMBL244523,3
CHEMBL2314398,1
CHEMBL2314146,1
CHEMBL2314141,1
CHEMBL2315373,2
CHEMBL4852936,1
CHEMBL4850317,1
CHEMBL4856501,1
CHEMBL4858358,1
CHEMBL2338057,2
CHEMBL2314393,1
CHEMBL3216515,1
CHEMBL1812867,1
CHEMBL1682707,3
CHEMBL1682724,3
CHEMBL2324437,1
CHEMBL1688650,1
CHEMBL1688685,1
CHEMBL4292867,2
CHEMBL2337125,3
CHEMBL1928366,1
CHEMBL1917528,1
CHEMBL4777972,1
CHEMBL1651055,1
CHEMBL4246869,3
CHEMBL2314238,1
CHEMBL2314232,1
CHEMBL2314243,1
CHEMBL4288819,2
CHEMBL1917539,1
CHEMBL1917544,1
CHEMBL1770670,2
CHEMBL2312444,2
CHEMBL2312442,2
CHEMBL2312441,2
CHEMBL3216333,1
CHEMBL3216573,1
CHEMBL3216797,1
CHEMBL3215903,1
CHEMBL1917533,1
CHEMBL4283478,1
CHEMBL4278065,1
CHEMBL576260,1
CHEMBL4521552,2
CHEMBL3759173,3
CHEMBL4225974,1
CHEMBL4125921,1
CHEMBL4456076,2
CHEMBL209953,10
CHEMBL478252,1
CHEMBL497129,1
CHEMBL451880,1
CHEMBL2203494,1
CHEMBL1682455,3
CHEMBL2181502,2
CHEMBL2181480,2
CHEMBL2181477,2
CHEMBL2181496,2
CHEMBL1650075,1
CHEMBL1650077,1
CHEMBL1650078,1
CHEMBL4867274,6
CHEMBL261794,1
CHEMBL3759803,2
CHEMBL4172799,1
CHEMBL210002,2
CHEMBL4215412,2
CHEMBL272671,4
CHEMBL272249,1
CHEMBL438711,1
CHEMBL1927482,2
CHEMBL586213,6
CHEMBL1928934,7
CHEMBL4635174,4
CHEMBL4647383,2
CHEMBL3217269,1
CHEMBL3105253,1
CHEMBL3217058,1
CHEMBL3217055,1
CHEMBL189862,1
CHEMBL272879,3
CHEMBL271609,4
CHEMBL4213703,2
CHEMBL3103565,4
CHEMBL3800571,2
CHEMBL3814766,2
CHEMBL3127944,1
CHEMBL4853807,2
CHEMBL4870932,2
CHEMBL398828,3
CHEMBL4878583,1
CHEMBL227031,1
CHEMBL228046,1
CHEMBL3099392,1
CHEMBL3099044,1
CHEMBL3099040,1
CHEMBL3099039,1
CHEMBL3394324,2
CHEMBL352267,1
CHEMBL3104429,1
CHEMBL401243,2
CHEMBL4875922,1
CHEMBL3216214,1
CHEMBL3216225,1
CHEMBL3394317,2
CHEMBL5311573,4
CHEMBL505160,2
CHEMBL468588,3
CHEMBL481934,1
CHEMBL454945,1
CHEMBL512752,2
CHEMBL491511,1
CHEMBL5172988,2
CHEMBL2409525,1
CHEMBL2407840,3
CHEMBL2169982,2
CHEMBL597328,1
CHEMBL2442614,1
CHEMBL2442609,1
CHEMBL3088364,2
CHEMBL3088356,2
CHEMBL2169990,2
CHEMBL2169989,1
CHEMBL3093745,1
CHEMBL3093738,2
CHEMBL3093728,2
CHEMBL3325857,2
CHEMBL3098957,1
CHEMBL3234061,2
CHEMBL2435424,1
CHEMBL5309227,4
CHEMBL4089235,3
CHEMBL1780231,1
CHEMBL5180511,4
CHEMBL5201539,2
CHEMBL5178016,1
CHEMBL389301,1
CHEMBL510070,1
CHEMBL517558,2
CHEMBL493833,4
CHEMBL463645,2
CHEMBL450692,2
CHEMBL235539,3
CHEMBL392519,3
CHEMBL476854,1
CHEMBL478278,1
CHEMBL476634,1
CHEMBL540910,1
CHEMBL62144,4
CHEMBL539884,1
CHEMBL1950991,1
CHEMBL1950992,1
CHEMBL1951005,1
CHEMBL1951006,1
CHEMBL463904,1
CHEMBL486501,4
CHEMBL502643,4
CHEMBL515183,1
CHEMBL2146600,2
CHEMBL2146556,2
CHEMBL4868499,1
CHEMBL4859826,1
CHEMBL4859763,1
CHEMBL1171022,2
CHEMBL3604386,2
CHEMBL3604392,2
CHEMBL1946693,1
CHEMBL1947213,1
CHEMBL3581293,1
CHEMBL3356385,2
CHEMBL1629732,4
CHEMBL1928935,7
CHEMBL1915273,5
CHEMBL1946398,2
CHEMBL488491,2
CHEMBL93153,2
CHEMBL484294,1
CHEMBL493247,1
CHEMBL523509,1
CHEMBL4863178,2
CHEMBL4855008,2
CHEMBL508289,2
CHEMBL6967,3
CHEMBL4786084,5
CHEMBL4126695,1
CHEMBL524094,3
CHEMBL519746,3
CHEMBL143560,2
CHEMBL486080,1
CHEMBL482882,1
CHEMBL357639,2
CHEMBL2368168,4
CHEMBL121345,2
CHEMBL4169800,1
CHEMBL2063186,2
CHEMBL303769,3
CHEMBL391000,1
CHEMBL228368,1
CHEMBL228637,1
CHEMBL60274,3
CHEMBL4795599,1
CHEMBL2314396,2
CHEMBL51789,2
CHEMBL227296,1
CHEMBL226816,1
CHEMBL2181213,2
CHEMBL2181504,2
CHEMBL2181478,2
CHEMBL1668815,1
CHEMBL1688568,1
CHEMBL1668529,2
CHEMBL1668527,1
CHEMBL4292530,2
CHEMBL1630205,4
CHEMBL314965,1
CHEMBL346687,2
CHEMBL2180996,1
CHEMBL4248315,2
CHEMBL2316516,1
CHEMBL1689594,1
CHEMBL1689611,1
CHEMBL1689609,1
CHEMBL1689604,1
CHEMBL541727,2
CHEMBL2153160,2
CHEMBL164830,1
CHEMBL2441185,1
CHEMBL3120281,2
CHEMBL558428,2
CHEMBL4286827,1
CHEMBL2170029,4
CHEMBL2170033,4
CHEMBL2170038,2
CHEMBL2312440,2
CHEMBL4166820,2
CHEMBL2407837,1
CHEMBL4452066,1
CHEMBL3093732,2
CHEMBL3600467,1
CHEMBL3634085,1
CHEMBL3234077,4
CHEMBL1836622,2
CHEMBL2435546,2
CHEMBL4164901,1
CHEMBL1780192,1
CHEMBL1780193,1
CHEMBL4214291,2
CHEMBL557551,3
CHEMBL553338,3
CHEMBL563766,3
CHEMBL539222,3
CHEMBL1774583,3
CHEMBL1774637,3
CHEMBL1774638,3
CHEMBL3628218,1
CHEMBL2017316,1
CHEMBL2017320,1
CHEMBL2017488,1
CHEMBL4226437,1
CHEMBL3319117,1
CHEMBL3404017,2
CHEMBL1782194,1
CHEMBL3409913,1
CHEMBL3234047,2
CHEMBL3236267,1
CHEMBL3220022,1
CHEMBL3221782,1
CHEMBL3221781,1
CHEMBL3221797,2
CHEMBL4450198,2
CHEMBL3289165,1
CHEMBL599702,3
CHEMBL2113938,3
CHEMBL2113947,3
CHEMBL5432844,2
CHEMBL5404285,2
CHEMBL3133574,1
CHEMBL5313405,4
CHEMBL3286858,2
CHEMBL3286861,5
CHEMBL3286863,3
CHEMBL2087242,1
CHEMBL2087267,1
CHEMBL2087271,1
CHEMBL2113939,3
CHEMBL2113982,1
CHEMBL2113943,3
CHEMBL2113945,3
CHEMBL2113946,3
CHEMBL2419447,2
CHEMBL5278192,1
CHEMBL5277060,1
CHEMBL4205582,4
CHEMBL5278685,2
CHEMBL5285083,2
CHEMBL5289729,4
CHEMBL5281496,3
CHEMBL4459670,1
CHEMBL5395186,6
CHEMBL5415264,2
CHEMBL5412667,4
CHEMBL5423829,2
CHEMBL5419821,2
CHEMBL5437256,1
CHEMBL5410307,2
CHEMBL5438799,1
CHEMBL5433496,2
CHEMBL4777661,4
CHEMBL5426453,1
CHEMBL5399088,1
CHEMBL5437920,1
CHEMBL170133,1
CHEMBL3403641,2
CHEMBL3403640,2
CHEMBL5427728,2
CHEMBL5409388,1
CHEMBL2408356,1
CHEMBL37492,2
CHEMBL3260210,2
CHEMBL5428158,1
CHEMBL177068,1
CHEMBL2431509,2
CHEMBL2431486,2
CHEMBL518280,3
CHEMBL3354460,3
CHEMBL3353312,1
CHEMBL3353314,1
CHEMBL3353300,1
CHEMBL3353315,1
CHEMBL4790615,1
CHEMBL384290,1
CHEMBL3355619,2
CHEMBL4560448,3
CHEMBL4458629,4
CHEMBL4535380,4
CHEMBL4553690,4
CHEMBL4547527,8
CHEMBL4449707,4
CHEMBL3337959,1
CHEMBL3337953,1
CHEMBL4521302,1
CHEMBL4483671,1
CHEMBL4574558,2
CHEMBL4437086,2
CHEMBL4568807,2
CHEMBL3823974,1
CHEMBL3823695,1
CHEMBL3822631,1
CHEMBL3822694,1
CHEMBL3822647,1
CHEMBL117064,2
CHEMBL3628223,2
CHEMBL3358128,2
CHEMBL3358130,1
CHEMBL3355632,1
CHEMBL3355620,2
CHEMBL3309593,2
CHEMBL173240,1
CHEMBL3084841,4
CHEMBL369214,1
CHEMBL3084855,2
CHEMBL2058099,2
CHEMBL3326155,2
CHEMBL3309595,2
CHEMBL3309580,1
CHEMBL3309597,2
CHEMBL3309583,2
CHEMBL347524,1
CHEMBL312996,1
CHEMBL3344522,2
CHEMBL3344524,2
CHEMBL3344526,3
CHEMBL3344517,2
CHEMBL3344521,2
CHEMBL3628222,2
CHEMBL3326154,2
CHEMBL3326157,2
CHEMBL94832,1
CHEMBL148021,2
CHEMBL2088679,2
CHEMBL3287980,1
CHEMBL2071267,2
CHEMBL3818494,2
CHEMBL3818325,2
CHEMBL3818065,2
CHEMBL3819255,2
CHEMBL526214,3
CHEMBL528061,3
CHEMBL580352,2
CHEMBL1552197,2
CHEMBL581971,3
CHEMBL582507,3
CHEMBL2030328,1
CHEMBL2030496,1
CHEMBL519350,1
CHEMBL514620,1
CHEMBL3603967,2
CHEMBL139637,1
CHEMBL3401712,3
CHEMBL3818417,2
CHEMBL3637873,3
CHEMBL138676,1
CHEMBL2333011,3
CHEMBL4281618,2
CHEMBL4278442,1
CHEMBL4294662,1
CHEMBL2022223,1
CHEMBL97611,1
CHEMBL2334046,2
CHEMBL2334377,2
CHEMBL486489,1
CHEMBL486923,1
CHEMBL68287,1
CHEMBL3754684,2
CHEMBL3739483,1
CHEMBL3628216,2
CHEMBL3780041,1
CHEMBL3780203,1
CHEMBL276845,1
CHEMBL3404039,1
CHEMBL3218328,1
CHEMBL3220261,1
CHEMBL3220280,1
CHEMBL4755327,7
CHEMBL4779041,2
CHEMBL4792843,2
CHEMBL2234210,2
CHEMBL1271727,2
CHEMBL1271900,1
CHEMBL1271516,1
CHEMBL4789575,2
CHEMBL4756160,2
CHEMBL3343961,1
CHEMBL3343956,2
CHEMBL4461357,2
CHEMBL4788387,2
CHEMBL4796693,1
CHEMBL2203506,1
CHEMBL2203496,1
CHEMBL1668803,1
CHEMBL1668814,1
CHEMBL4169024,1
CHEMBL3215956,1
CHEMBL1774584,3
CHEMBL553184,3
CHEMBL1780233,1
CHEMBL3087895,1
CHEMBL3087894,1
CHEMBL3087890,1
CHEMBL1773159,3
CHEMBL3093735,1
CHEMBL5092772,1
CHEMBL5440514,2
CHEMBL5400440,8
CHEMBL5406021,1
CHEMBL5428286,1
CHEMBL3116361,1
CHEMBL5266452,1
CHEMBL5284715,2
CHEMBL5266196,3
CHEMBL5398485,2
CHEMBL5289292,6
CHEMBL5409239,2
CHEMBL5396656,1
CHEMBL5429679,1
CHEMBL99254,11
CHEMBL5413671,2
CHEMBL5420309,2
CHEMBL30323,1
CHEMBL5198124,1
CHEMBL5196294,1
CHEMBL5288994,2
CHEMBL5198047,1
CHEMBL4868188,1
CHEMBL4873582,1
CHEMBL5193684,4
CHEMBL3735018,2
CHEMBL448594,3
CHEMBL3234085,2
CHEMBL3234087,2
CHEMBL1946694,1
CHEMBL1946561,2
CHEMBL3612287,1
CHEMBL400544,1
CHEMBL22138,1
CHEMBL3355638,2
CHEMBL1076047,1
CHEMBL1076003,1
CHEMBL343806,2
CHEMBL3612294,1
CHEMBL4792035,5
CHEMBL4800635,5
CHEMBL570314,1
CHEMBL1774690,2
CHEMBL611024,2
CHEMBL4083201,1
CHEMBL594198,1
CHEMBL476114,2
CHEMBL598403,1
CHEMBL176779,1
CHEMBL4065834,2
CHEMBL3415190,3
CHEMBL52639,2
CHEMBL3234081,2
CHEMBL1802549,1
CHEMBL3234086,2
CHEMBL3234049,2
CHEMBL3234054,2
CHEMBL3217196,1
CHEMBL3216100,1
CHEMBL1796545,2
CHEMBL1796546,2
CHEMBL1796419,2
CHEMBL3234088,2
CHEMBL610708,1
CHEMBL1774635,3
CHEMBL1774636,3
CHEMBL3289163,1
CHEMBL3289167,1
CHEMBL3289171,1
CHEMBL1802553,1
CHEMBL3590159,1
CHEMBL3286862,5
CHEMBL1822419,1
CHEMBL1822421,1
CHEMBL3597342,2
CHEMBL3597345,2
CHEMBL3597349,2
CHEMBL3597351,2
CHEMBL3597352,2
CHEMBL3604379,2
CHEMBL3402982,1
CHEMBL2058039,4
CHEMBL484195,1
CHEMBL485438,1
CHEMBL1081381,1
CHEMBL3343950,2
CHEMBL3221650,1
CHEMBL556582,1
CHEMBL281412,1
CHEMBL596428,2
CHEMBL3219641,1
CHEMBL34598,1
CHEMBL593193,2
CHEMBL3354456,3
CHEMBL1775014,1
CHEMBL3354444,1
CHEMBL1761015,1
CHEMBL1761207,1
CHEMBL1782107,1
CHEMBL1780200,2
CHEMBL3289161,1
CHEMBL3104872,1
CHEMBL3104869,1
CHEMBL3104866,1
CHEMBL3104742,1
CHEMBL3218248,1
CHEMBL3115723,2
CHEMBL551011,1
CHEMBL559491,1
CHEMBL1761033,1
CHEMBL1761013,1
CHEMBL1761014,1
CHEMBL3353669,2
CHEMBL3353673,2
CHEMBL3356394,2
CHEMBL1774639,3
CHEMBL4877704,1
CHEMBL4873238,2
CHEMBL4288940,5
CHEMBL3219633,1
CHEMBL3219645,1
CHEMBL3219646,1
CHEMBL4793034,5
CHEMBL3415871,4
CHEMBL1962575,4
CHEMBL3415872,4
CHEMBL3415877,4
CHEMBL2368252,2
CHEMBL2368251,4
CHEMBL91489,3
CHEMBL1668807,1
CHEMBL3264799,1
CHEMBL1928367,1
CHEMBL2322982,2
CHEMBL1688658,1
CHEMBL1760520,1
CHEMBL3264497,3
CHEMBL3264504,3
CHEMBL1668530,2
CHEMBL1668528,1
CHEMBL1770669,2
CHEMBL2316635,1
CHEMBL551036,1
CHEMBL1681796,3
CHEMBL1682572,3
CHEMBL1780202,2
CHEMBL1780194,2
CHEMBL466107,1
CHEMBL2314408,1
CHEMBL2324440,1
CHEMBL2324436,1
CHEMBL4085853,3
CHEMBL466095,1
CHEMBL414705,3
CHEMBL512069,1
CHEMBL3309594,2
CHEMBL1770676,2
CHEMBL1214918,1
CHEMBL1224748,2
CHEMBL1803105,1
CHEMBL1087470,2
CHEMBL214262,4
CHEMBL3883798,2
CHEMBL3884247,2
CHEMBL2316519,2
CHEMBL1076014,1
CHEMBL3343695,1
CHEMBL3343688,1
CHEMBL1774618,1
CHEMBL3819560,2
CHEMBL3819572,2
CHEMBL599305,3
CHEMBL524800,1
CHEMBL4278187,2
CHEMBL3828030,1
CHEMBL3950324,1
CHEMBL4291978,1
CHEMBL4292811,1
CHEMBL4287536,1
CHEMBL4278847,1
CHEMBL4278524,1
CHEMBL4064354,1
CHEMBL4099549,2
CHEMBL4061812,2
CHEMBL4065621,2
CHEMBL4071489,2
CHEMBL4079203,2
CHEMBL4089718,2
CHEMBL4089645,1
CHEMBL4092272,2
CHEMBL4079700,2
CHEMBL3310505,2
CHEMBL1214515,1
CHEMBL1214846,1
CHEMBL4077995,2
CHEMBL255488,1
CHEMBL403494,1
CHEMBL452609,2
CHEMBL510782,2
CHEMBL509310,2
CHEMBL2316617,2
CHEMBL463702,2
CHEMBL505649,3
CHEMBL460705,2
CHEMBL499310,2
CHEMBL490075,2
CHEMBL523764,3
CHEMBL500330,1
CHEMBL484181,1
CHEMBL511688,1
CHEMBL4177379,2
CHEMBL557209,3
CHEMBL551215,3
CHEMBL1770683,2
CHEMBL3216970,1
CHEMBL3216088,1
CHEMBL1834210,1
CHEMBL3216971,1
CHEMBL595686,1
CHEMBL595995,1
CHEMBL606698,1
CHEMBL1834940,1
CHEMBL567556,1
CHEMBL576250,1
CHEMBL568159,1
CHEMBL568748,1
CHEMBL569039,2
CHEMBL1812892,2
CHEMBL1813082,2
CHEMBL1812870,2
CHEMBL1811930,2
CHEMBL1821996,1
CHEMBL3144157,1
CHEMBL3215868,1
CHEMBL212164,4
CHEMBL504277,1
CHEMBL1796424,2
CHEMBL1796430,2
CHEMBL22403,1
CHEMBL584775,1
CHEMBL89627,1
CHEMBL563912,1
CHEMBL3786016,1
CHEMBL479693,2
CHEMBL91761,2
CHEMBL47534,1
CHEMBL297483,2
CHEMBL3814290,1
CHEMBL3037964,1
CHEMBL571934,2
CHEMBL4159989,2
CHEMBL4177125,1
CHEMBL4177157,1
CHEMBL559509,1
CHEMBL1214917,1
CHEMBL4076961,2
CHEMBL4075274,1
CHEMBL4064667,1
CHEMBL4104251,1
CHEMBL4094120,1
CHEMBL4098006,2
CHEMBL4436101,2
CHEMBL528387,1
CHEMBL1210147,1
CHEMBL550550,2
CHEMBL483083,1
CHEMBL1173220,2
CHEMBL4097476,2
CHEMBL4061826,2
CHEMBL4068629,2
CHEMBL4080200,2
CHEMBL4075016,2
CHEMBL4076173,2
CHEMBL211920,2
CHEMBL373894,8
CHEMBL214822,2
CHEMBL4208197,1
CHEMBL192722,1
CHEMBL3342261,2
CHEMBL3341763,3
CHEMBL200801,1
CHEMBL3235674,2
CHEMBL3235655,2
CHEMBL3233039,2
CHEMBL3235661,2
CHEMBL3235660,2
CHEMBL3235664,2
CHEMBL3235670,2
CHEMBL3235635,1
CHEMBL1765131,1
CHEMBL1256717,6
CHEMBL2237695,2
CHEMBL2237693,1
CHEMBL4062263,2
CHEMBL4085896,2
CHEMBL4070434,2
CHEMBL4099638,2
CHEMBL1256983,2
CHEMBL242102,2
CHEMBL1688543,4
CHEMBL1688544,4
CHEMBL98386,1
CHEMBL3901558,1
CHEMBL4532218,4
CHEMBL4464660,4
CHEMBL4513704,2
CHEMBL4442115,2
CHEMBL4532451,2
CHEMBL1204354,2
CHEMBL409450,7
CHEMBL1256029,3
CHEMBL572497,1
CHEMBL1172233,1
CHEMBL1172956,1
CHEMBL182362,1
CHEMBL209328,2
CHEMBL211750,2
CHEMBL4468043,1
CHEMBL4436020,2
CHEMBL184194,1
CHEMBL467739,1
CHEMBL439055,1
CHEMBL331918,1
CHEMBL3421828,3
CHEMBL3421832,3
CHEMBL3421928,3
CHEMBL3037957,1
CHEMBL9805,1
CHEMBL236687,1
CHEMBL1835291,1
CHEMBL1256629,2
CHEMBL1834673,2
CHEMBL453887,1
CHEMBL70927,1
CHEMBL208609,3
CHEMBL425619,1
CHEMBL150645,2
CHEMBL357028,2
CHEMBL356238,2
CHEMBL317344,1
CHEMBL2334390,2
CHEMBL22129,1
CHEMBL2337668,1
CHEMBL2337357,3
CHEMBL595284,1
CHEMBL596396,2
CHEMBL567574,1
CHEMBL568600,1
CHEMBL565868,3
CHEMBL3038028,1
CHEMBL1080432,2
CHEMBL1080433,2
CHEMBL2368843,1
CHEMBL1682252,2
CHEMBL1682250,2
CHEMBL70200,1
CHEMBL1800553,1
CHEMBL1800557,1
CHEMBL1800560,1
CHEMBL1812341,2
CHEMBL1802865,1
CHEMBL1802867,1
CHEMBL1802868,1
CHEMBL1802551,1
CHEMBL1688649,1
CHEMBL2181215,2
CHEMBL1668531,2
CHEMBL494897,2
CHEMBL2181495,2
CHEMBL1673064,1
CHEMBL1673067,1
CHEMBL2146539,2
CHEMBL2094282,1
CHEMBL1631348,4
CHEMBL1682257,2
CHEMBL5174446,1
CHEMBL591918,2
CHEMBL152553,2
CHEMBL5175787,1
CHEMBL5208279,1
CHEMBL139793,1
CHEMBL140412,1
CHEMBL1673068,1
CHEMBL2338123,1
CHEMBL2337666,1
CHEMBL1673218,2
CHEMBL4555074,1
CHEMBL5173508,2
CHEMBL5202269,2
CHEMBL5184486,2
CHEMBL5180408,2
CHEMBL5170777,2
CHEMBL3215536,2
CHEMBL1939733,1
CHEMBL1944819,1
CHEMBL5182886,1
CHEMBL5174277,1
CHEMBL3349375,1
CHEMBL1668797,1
CHEMBL1668813,1
CHEMBL4455653,1
CHEMBL5198982,3
CHEMBL5201036,2
CHEMBL5187171,2
CHEMBL5194014,1
CHEMBL278722,8
CHEMBL3353308,1
CHEMBL4643546,4
CHEMBL4638115,4
CHEMBL4643150,4
CHEMBL4637753,2
CHEMBL4633364,2
CHEMBL4649299,4
CHEMBL175959,1
CHEMBL25112,1
CHEMBL177923,1
CHEMBL5267094,2
CHEMBL5271007,2
CHEMBL2435416,2
CHEMBL5169773,1
CHEMBL5186615,1
CHEMBL21414,1
CHEMBL21395,1
CHEMBL2316667,1
CHEMBL237116,2
CHEMBL2314644,1
CHEMBL2314635,1
CHEMBL392756,2
CHEMBL3349383,1
CHEMBL1191888,2
CHEMBL1233654,1
CHEMBL595515,2
CHEMBL595391,2
CHEMBL375980,4
CHEMBL591748,1
CHEMBL591979,1
CHEMBL603822,1
CHEMBL217931,2
CHEMBL390257,1
CHEMBL727,2
CHEMBL490139,1
CHEMBL147795,1
CHEMBL262215,1
CHEMBL394564,2
CHEMBL230365,1
CHEMBL514736,1
CHEMBL1256820,7
CHEMBL54,7
CHEMBL1200748,6
CHEMBL1256657,6
CHEMBL3144388,7
CHEMBL1256758,6
CHEMBL1256700,5
CHEMBL1172510,2
CHEMBL1644938,2
CHEMBL1644936,2
CHEMBL1172129,1
CHEMBL511432,4
CHEMBL1171021,2
CHEMBL511193,1
CHEMBL1643376,1
CHEMBL1496,3
CHEMBL1088514,2
CHEMBL1088959,1
CHEMBL249456,1
CHEMBL563138,1
CHEMBL3216216,1
CHEMBL1095073,1
CHEMBL464846,4
CHEMBL450960,2
CHEMBL498621,2
CHEMBL388995,1
CHEMBL1256937,7
CHEMBL609464,2
CHEMBL407354,1
CHEMBL3604384,2
CHEMBL3604395,2
CHEMBL3344516,2
CHEMBL324180,1
CHEMBL485414,1
CHEMBL449450,1
CHEMBL520335,1
CHEMBL475535,1
CHEMBL273045,4
CHEMBL270273,4
CHEMBL3343964,2
CHEMBL252715,2
CHEMBL474305,1
CHEMBL515865,1
CHEMBL3577054,3
CHEMBL1214742,1
CHEMBL1214819,1
CHEMBL333316,1
CHEMBL5181261,1
CHEMBL1088254,2
CHEMBL589904,1
CHEMBL88621,3
CHEMBL448231,1
CHEMBL523159,1
CHEMBL597624,1
CHEMBL466437,1
CHEMBL466497,1
CHEMBL3038029,1
CHEMBL568299,1
CHEMBL37940,1
CHEMBL35917,1
CHEMBL1214422,2
CHEMBL1214110,1
CHEMBL1214112,1
CHEMBL1214233,1
CHEMBL1214297,1
CHEMBL1214300,1
CHEMBL36828,1
CHEMBL1224752,2
CHEMBL555880,2
CHEMBL561221,2
CHEMBL290443,1
CHEMBL5273997,3
CHEMBL557887,1
CHEMBL5279797,1
CHEMBL5275996,1
CHEMBL571395,1
CHEMBL571184,1
CHEMBL5281206,4
CHEMBL5290310,1
CHEMBL5266910,1
CHEMBL5290217,1
CHEMBL5269630,1
CHEMBL1236,7
CHEMBL1214883,1
CHEMBL1224669,1
CHEMBL295102,1
CHEMBL1203948,1
CHEMBL427855,1
CHEMBL151044,1
CHEMBL2314244,1
CHEMBL298985,1
CHEMBL466403,2
CHEMBL239125,1
CHEMBL354342,1
CHEMBL445483,2
CHEMBL520807,1
CHEMBL483399,1
CHEMBL485573,1
CHEMBL443628,1
CHEMBL458546,1
CHEMBL2316654,1
CHEMBL315731,1
CHEMBL481121,1
CHEMBL5281428,2
CHEMBL473286,1
CHEMBL473284,1
CHEMBL5284864,1
CHEMBL551476,1
CHEMBL303106,1
CHEMBL5288717,2
CHEMBL5289445,2
CHEMBL5289595,2
CHEMBL5283318,2
CHEMBL5280026,5
CHEMBL368139,1
CHEMBL3138368,2
CHEMBL521919,2
CHEMBL376965,1
CHEMBL513890,1
CHEMBL3084849,4
CHEMBL595290,1
CHEMBL595973,1
CHEMBL117831,2
CHEMBL487275,2
CHEMBL477322,1
CHEMBL384639,5
CHEMBL391338,1
CHEMBL394423,1
CHEMBL1224130,1
CHEMBL1215310,1
CHEMBL1215461,1
CHEMBL1214821,1
CHEMBL1214755,2
CHEMBL1214174,1
CHEMBL482493,1
CHEMBL484915,1
CHEMBL486490,1
CHEMBL484548,1
CHEMBL485417,1
CHEMBL464601,1
CHEMBL472941,2
CHEMBL489497,2
CHEMBL490100,1
CHEMBL2314143,1
CHEMBL2314402,1
CHEMBL521926,1
CHEMBL472719,1
CHEMBL490076,2
CHEMBL1077395,1
CHEMBL2314404,2
CHEMBL2324439,1
CHEMBL1087964,2
CHEMBL1088123,2
CHEMBL1087837,2
CHEMBL474707,1
CHEMBL446383,2
CHEMBL249645,2
CHEMBL398522,2
CHEMBL486496,1
CHEMBL487514,1
CHEMBL519805,1
CHEMBL563357,1
CHEMBL5429730,2
CHEMBL5406076,2
CHEMBL5419085,2
CHEMBL5436056,2
CHEMBL5415535,1
CHEMBL327009,1
CHEMBL114935,1
CHEMBL5426764,2
CHEMBL1082478,1
CHEMBL5268191,1
CHEMBL5276548,2
CHEMBL1780023,1
CHEMBL121055,2
CHEMBL3038041,1
CHEMBL4284677,2
CHEMBL459422,3
CHEMBL4104030,2
CHEMBL3215764,1
CHEMBL3216436,1
CHEMBL2316807,2
CHEMBL2316803,1
CHEMBL3215566,1
CHEMBL3216029,1
CHEMBL1780234,1
CHEMBL410726,2
CHEMBL260741,2
CHEMBL45274,1
CHEMBL260079,2
CHEMBL261769,3
CHEMBL404415,1
CHEMBL2237913,2
CHEMBL2237707,2
CHEMBL2237701,2
CHEMBL4278900,3
CHEMBL489105,1
CHEMBL462375,3
CHEMBL1256854,3
CHEMBL1256650,1
CHEMBL2062276,3
CHEMBL509526,2
CHEMBL567385,2
CHEMBL573296,2
CHEMBL504525,2
CHEMBL443367,2
CHEMBL5312290,8
CHEMBL1668800,1
CHEMBL4466886,1
CHEMBL5404985,1
CHEMBL1689616,1
CHEMBL1689605,1
CHEMBL5429750,1
CHEMBL5419910,2
CHEMBL5436723,1
CHEMBL1256986,6
CHEMBL455616,3
CHEMBL1256953,7
CHEMBL5425812,2
CHEMBL5401703,2
CHEMBL5437777,1
CHEMBL5423789,1
CHEMBL5421286,2
CHEMBL468845,3
CHEMBL5436736,1
CHEMBL5425710,2
CHEMBL5418069,4
CHEMBL5412624,2
CHEMBL430680,1
CHEMBL5192376,3
CHEMBL5179209,3
CHEMBL5177067,3
CHEMBL1289996,3
CHEMBL272053,1
CHEMBL5402484,1
CHEMBL5398099,2
CHEMBL5397300,2
CHEMBL1668753,1
CHEMBL1929187,2
CHEMBL5429524,1
CHEMBL243782,1
CHEMBL1256909,1
CHEMBL4217237,2
CHEMBL270581,1
CHEMBL1256691,7
CHEMBL518333,2
CHEMBL1256713,7
CHEMBL268369,1
CHEMBL2042003,2
CHEMBL2041976,2
CHEMBL2042001,2
CHEMBL2041994,2
CHEMBL3707183,7
CHEMBL559733,1
CHEMBL555688,1
CHEMBL550592,1
CHEMBL231385,1
CHEMBL2049231,1
CHEMBL394562,1
CHEMBL259500,1
CHEMBL5279585,2
CHEMBL611026,2
CHEMBL494956,1
CHEMBL2113944,3
CHEMBL2113961,1
CHEMBL4542152,3
CHEMBL4228469,1
CHEMBL3706800,1
CHEMBL593717,4
CHEMBL507792,2
CHEMBL259647,3
CHEMBL472909,2
CHEMBL549382,1
CHEMBL549590,1
CHEMBL574671,2
CHEMBL5271641,1
CHEMBL1928421,1
CHEMBL4467084,2
CHEMBL3814130,1
CHEMBL576913,1
CHEMBL583394,1
CHEMBL4097122,1
CHEMBL4061425,2
CHEMBL2431003,2
CHEMBL4551593,2
CHEMBL86069,1
CHEMBL561198,1
CHEMBL237011,2
CHEMBL237009,2
CHEMBL515899,1
CHEMBL5310725,4
CHEMBL5310371,4
CHEMBL99800,2
CHEMBL454188,3
CHEMBL5439433,1
CHEMBL5397151,4
CHEMBL5283241,1
CHEMBL5311192,4
CHEMBL498761,1
CHEMBL252247,1
CHEMBL5309086,4
CHEMBL5311876,4
CHEMBL424926,2
CHEMBL5310867,4
CHEMBL132289,1
CHEMBL283888,4
CHEMBL259649,3
CHEMBL458740,1
CHEMBL359359,2
CHEMBL440882,1
CHEMBL5402232,2
CHEMBL5310713,4
CHEMBL5310305,4
CHEMBL5268250,5
CHEMBL5290522,5
CHEMBL5276048,2
CHEMBL5268417,2
CHEMBL378254,2
CHEMBL5274655,1
CHEMBL3305956,5
CHEMBL516260,1
CHEMBL189923,1
CHEMBL4447569,4
CHEMBL4591302,4
CHEMBL425068,1
CHEMBL510747,1
CHEMBL407810,1
CHEMBL2113942,3
CHEMBL2113927,1
CHEMBL4278896,1
CHEMBL1173679,1
CHEMBL1214985,1
CHEMBL1214668,1
CHEMBL1085370,2
CHEMBL4288424,2
CHEMBL1946886,1
CHEMBL1946891,1
CHEMBL1210086,1
CHEMBL1947217,1
CHEMBL381176,2
CHEMBL1946558,2
CHEMBL1950409,1
CHEMBL383251,1
CHEMBL2334379,2
CHEMBL2334374,2
CHEMBL2334006,1
CHEMBL2338115,1
CHEMBL2334052,4
CHEMBL218389,1
CHEMBL221966,2
CHEMBL192538,3
CHEMBL199266,1
CHEMBL212805,1
CHEMBL376916,1
CHEMBL219517,1
CHEMBL5203779,2
CHEMBL5197256,2
CHEMBL5174893,4
CHEMBL5184619,1
CHEMBL5172838,2
CHEMBL5198024,2
CHEMBL5185062,2
CHEMBL5190838,2
CHEMBL5173490,4
CHEMBL5195793,2
CHEMBL459254,1
CHEMBL147541,2
CHEMBL5171091,1
CHEMBL5197810,1
CHEMBL5202230,1
CHEMBL355822,1
CHEMBL121196,2
CHEMBL597125,2
CHEMBL1169976,2
CHEMBL4225543,2
CHEMBL1224750,2
CHEMBL1224753,2
CHEMBL2088678,2
CHEMBL2089240,2
CHEMBL2089250,2
CHEMBL584715,1
CHEMBL598685,3
CHEMBL90461,2
CHEMBL5289527,1
CHEMBL607832,2
CHEMBL595532,2
CHEMBL589568,1
CHEMBL5283842,1
CHEMBL5267481,1
CHEMBL4637291,2
CHEMBL5277641,1
CHEMBL527822,3
CHEMBL517775,1
CHEMBL443420,2
CHEMBL5072627,1
CHEMBL1214758,2
CHEMBL1214317,1
CHEMBL5266550,1
CHEMBL334161,1
CHEMBL434771,1
CHEMBL598402,1
CHEMBL5409393,2
CHEMBL1173758,1
CHEMBL5290797,3
CHEMBL1087469,2
CHEMBL5290787,1
CHEMBL5266907,2
CHEMBL1668791,1
CHEMBL1085620,2
CHEMBL1086193,1
CHEMBL1086431,1
CHEMBL1667866,2
CHEMBL1172119,2
CHEMBL143277,1
CHEMBL231007,1
CHEMBL5289920,3
CHEMBL5274518,7
CHEMBL551726,1
CHEMBL551727,1
CHEMBL563145,1
CHEMBL559332,1
CHEMBL563923,1
CHEMBL562572,1
CHEMBL301624,1
CHEMBL242739,1
CHEMBL549957,1
CHEMBL1215628,1
CHEMBL1215765,1
CHEMBL593682,1
CHEMBL5181195,1
CHEMBL1214667,1
CHEMBL1256790,7
CHEMBL388768,1
CHEMBL1256912,7
CHEMBL1668802,1
CHEMBL1213792,1
CHEMBL121600,1
CHEMBL332087,1
CHEMBL120905,1
CHEMBL121255,1
CHEMBL343770,2
CHEMBL604079,2
CHEMBL1171636,1
CHEMBL484563,1
CHEMBL520143,1
CHEMBL360908,1
CHEMBL1330764,7
CHEMBL1255869,4
CHEMBL536255,3
CHEMBL1256895,3
CHEMBL1412973,2
CHEMBL1256694,1
CHEMBL4852746,2
CHEMBL4869051,2
CHEMBL1256476,2
CHEMBL1710,7
CHEMBL1278171,1
CHEMBL1277910,1
CHEMBL93307,1
CHEMBL373337,1
CHEMBL564236,2
CHEMBL557075,2
CHEMBL2089243,2
CHEMBL5273140,4
CHEMBL5312646,4
CHEMBL446515,1
CHEMBL1256727,3
CHEMBL4894848,13
CHEMBL3216243,1
CHEMBL569952,1
CHEMBL3216687,1
CHEMBL567796,1
CHEMBL1093718,1
CHEMBL1088965,1
CHEMBL1682255,2
CHEMBL5406533,1
CHEMBL1689606,1
CHEMBL1689607,1
CHEMBL513343,3
CHEMBL1682591,3
CHEMBL1682607,3
CHEMBL2012484,3
CHEMBL5435350,1
CHEMBL5402857,1
CHEMBL5435459,1
CHEMBL5284790,4
CHEMBL5415166,1
CHEMBL5401968,2
CHEMBL5431880,1
CHEMBL5435546,1
CHEMBL5428819,2
CHEMBL5419027,2
CHEMBL5408773,1
CHEMBL5410361,1
CHEMBL5400381,1
CHEMBL5436855,1
CHEMBL5426024,2
CHEMBL5427004,2
CHEMBL5435300,1
CHEMBL5413344,1
CHEMBL5430089,1
CHEMBL5431234,1
CHEMBL5421853,1
CHEMBL5267765,3
CHEMBL5400399,2
CHEMBL5414440,2
CHEMBL559003,1
CHEMBL5421199,1
CHEMBL561439,1
CHEMBL562162,1
CHEMBL1673193,2
CHEMBL4470076,2
CHEMBL1163014,3
CHEMBL576595,3
CHEMBL4085585,2
CHEMBL4102071,2
CHEMBL4102003,2
CHEMBL573754,2
CHEMBL584808,2
CHEMBL5400619,1
CHEMBL5286237,3
CHEMBL1682730,3
CHEMBL1682703,3
CHEMBL1780209,1
CHEMBL5409572,2
CHEMBL5417340,2
CHEMBL5412627,2
CHEMBL5429242,2
CHEMBL5422376,2
CHEMBL5433528,1
CHEMBL5412212,1
CHEMBL5431915,1
CHEMBL5197622,2
CHEMBL4065633,1
CHEMBL140405,1
CHEMBL240418,1
CHEMBL1214231,1
CHEMBL1085826,1
CHEMBL1214296,1
CHEMBL1085371,2
CHEMBL572210,2
CHEMBL583474,2
CHEMBL4435084,4
CHEMBL4563655,4
CHEMBL4513569,4
CHEMBL4437915,4
CHEMBL2331633,1
CHEMBL2331631,1
CHEMBL5218925,1
CHEMBL4284965,3
CHEMBL4285822,3
CHEMBL5281934,3
CHEMBL4294043,1
CHEMBL2333005,2
CHEMBL2334029,4
CHEMBL2334370,4
CHEMBL2334373,2
CHEMBL2334039,4
CHEMBL4285209,2
CHEMBL4287489,2
CHEMBL4081080,6
CHEMBL2113941,1
CHEMBL1275824,1
CHEMBL1275785,1
CHEMBL1271566,2
CHEMBL1271625,2
CHEMBL1269627,2
CHEMBL1822438,2
CHEMBL1941015,1
CHEMBL572959,2
CHEMBL1276933,2
CHEMBL382314,1
CHEMBL1946688,1
CHEMBL4528033,1
CHEMBL1682453,3
CHEMBL1682458,3
CHEMBL1682573,3
CHEMBL2087269,1
CHEMBL2063627,2
CHEMBL2063630,2
CHEMBL1928846,1
CHEMBL1928852,2
CHEMBL338130,2
CHEMBL2058096,2
CHEMBL4172709,1
CHEMBL4165481,1
CHEMBL4161719,1
CHEMBL4175763,1
CHEMBL4165155,1
CHEMBL4173346,1
CHEMBL1947238,1
CHEMBL203490,1
CHEMBL383878,2
CHEMBL218496,2
CHEMBL218337,2
CHEMBL1673060,1
CHEMBL1673061,1
CHEMBL1673063,1
CHEMBL383993,2
CHEMBL218438,2
CHEMBL375071,2
CHEMBL2041572,2
CHEMBL4170496,1
CHEMBL5405421,2
CHEMBL5426507,1
CHEMBL5436832,2
CHEMBL1668042,2
CHEMBL5312330,12
CHEMBL5311344,4
CHEMBL1688647,1
CHEMBL1688674,1
CHEMBL1688687,1
CHEMBL272015,1
CHEMBL442288,1
CHEMBL398938,1
CHEMBL5437507,2
CHEMBL5268763,4
CHEMBL3094516,1
CHEMBL2181476,2
CHEMBL2181485,2
CHEMBL2181497,2
CHEMBL2181489,2
CHEMBL3116030,4
CHEMBL3116036,1
CHEMBL1800563,1
CHEMBL2181501,2
CHEMBL2181491,2
CHEMBL2181296,2
CHEMBL572726,1
CHEMBL3393862,2
CHEMBL3397305,4
CHEMBL3403291,3
CHEMBL1929349,2
CHEMBL1928419,1
CHEMBL1928422,1
CHEMBL3264506,3
CHEMBL5275871,3
CHEMBL5278423,1
CHEMBL5192227,1
CHEMBL1770789,2
CHEMBL1770931,1
CHEMBL1770936,2
CHEMBL1939606,2
CHEMBL1939609,1
CHEMBL1939612,1
CHEMBL235241,2
CHEMBL4468109,1
CHEMBL1780243,1
CHEMBL3234069,2
CHEMBL3288920,1
CHEMBL3288922,1
CHEMBL3288923,1
CHEMBL4277302,2
CHEMBL4438511,3
CHEMBL4548194,1
CHEMBL4515947,1
CHEMBL3120835,1
CHEMBL3238542,1
CHEMBL2088548,1
CHEMBL4287339,2
CHEMBL4280541,2
CHEMBL138071,8
CHEMBL4280118,2
CHEMBL4476529,1
CHEMBL4560931,1
CHEMBL4527228,2
CHEMBL496322,1
CHEMBL1944664,1
CHEMBL1947211,1
CHEMBL152862,2
CHEMBL86896,1
CHEMBL612080,1
CHEMBL3093739,1
CHEMBL3093734,1
CHEMBL3093730,2
CHEMBL1947242,1
CHEMBL89653,1
CHEMBL4517006,2
CHEMBL138139,1
CHEMBL139800,2
CHEMBL3329248,4
CHEMBL137916,1
CHEMBL264750,1
CHEMBL1917517,2
CHEMBL94441,1
CHEMBL164724,1
CHEMBL4748015,1
CHEMBL4746511,1
CHEMBL3589919,1
CHEMBL3589979,1
CHEMBL2338121,1
CHEMBL2334050,2
CHEMBL2334391,2
CHEMBL3589923,1
CHEMBL3589926,1
CHEMBL2012829,2
CHEMBL2012830,2
CHEMBL2012949,2
CHEMBL378637,6
CHEMBL2314642,1
CHEMBL2012961,2
CHEMBL185379,3
CHEMBL2316619,1
CHEMBL4643320,1
CHEMBL4645099,1
CHEMBL4635529,1
CHEMBL8443,2
CHEMBL4868736,1
CHEMBL4858498,1
CHEMBL4874966,1
CHEMBL4863264,1
CHEMBL4852576,1
CHEMBL3321963,2
CHEMBL2325756,2
CHEMBL2322505,2
CHEMBL129451,3
CHEMBL3344531,2
CHEMBL4875047,2
CHEMBL4846611,2
CHEMBL4846750,2
CHEMBL4127539,3
CHEMBL3338000,1
CHEMBL2334403,2
CHEMBL4858841,2
CHEMBL491253,1
CHEMBL3353679,2
CHEMBL4873636,1
CHEMBL3038215,2
CHEMBL372968,2
CHEMBL2368488,1
CHEMBL4763838,1
CHEMBL4756930,1
CHEMBL4780381,6
CHEMBL4850381,1
CHEMBL4796718,1
CHEMBL4854335,1
CHEMBL2087249,1
CHEMBL2087257,1
CHEMBL3264796,1
CHEMBL267051,1
CHEMBL3925438,1
CHEMBL2069613,2
CHEMBL2069617,2
CHEMBL1213687,4
CHEMBL2069612,2
CHEMBL469416,4
CHEMBL3754382,1
CHEMBL257013,2
CHEMBL255572,2
CHEMBL2315386,2
CHEMBL2314394,1
CHEMBL4849926,3
CHEMBL259538,4
CHEMBL2322214,1
CHEMBL2447964,2
CHEMBL4782513,1
CHEMBL3349377,1
CHEMBL143177,2
CHEMBL2377317,1
CHEMBL4792624,3
CHEMBL4752103,2
CHEMBL4779542,1
CHEMBL545973,3
CHEMBL123672,1
CHEMBL3763687,3
CHEMBL535404,1
CHEMBL236825,1
CHEMBL236741,1
CHEMBL252930,1
CHEMBL2062890,2
CHEMBL2063018,2
CHEMBL2407191,1
CHEMBL2071266,2
CHEMBL4869503,2
CHEMBL4282030,1
CHEMBL4289892,1
CHEMBL2071258,2
CHEMBL2071261,2
CHEMBL4281731,2
CHEMBL2418400,1
CHEMBL499767,2
CHEMBL420179,2
CHEMBL2368858,2
CHEMBL4103913,2
CHEMBL4079091,2
CHEMBL4084534,2
CHEMBL4082152,2
CHEMBL4102180,1
CHEMBL4859487,1
CHEMBL4092772,2
CHEMBL4084042,2
CHEMBL4078197,2
CHEMBL3899186,1
CHEMBL3780819,1
CHEMBL3781877,1
CHEMBL3780260,1
CHEMBL2414261,2
CHEMBL3814226,1
CHEMBL396361,2
CHEMBL3797456,2
CHEMBL3216091,1
CHEMBL4079443,2
CHEMBL2414267,2
CHEMBL3827949,1
CHEMBL3774801,1
CHEMBL1803095,1
CHEMBL3290637,2
CHEMBL118915,2
CHEMBL4081968,2
CHEMBL3084851,4
CHEMBL118916,3
CHEMBL4064452,2
CHEMBL15160,4
CHEMBL3144167,2
CHEMBL294956,8
CHEMBL4208336,2
CHEMBL4218634,2
CHEMBL3235274,2
CHEMBL3262103,1
CHEMBL3262096,1
CHEMBL3262099,1
CHEMBL3260216,2
CHEMBL3260217,2
CHEMBL3235659,2
CHEMBL3235669,2
CHEMBL3235637,2
CHEMBL1780013,1
CHEMBL1699130,1
CHEMBL3261970,2
CHEMBL3261972,1
CHEMBL3289672,1
CHEMBL131946,1
CHEMBL4100998,1
CHEMBL4090864,1
CHEMBL1800552,1
CHEMBL1800558,1
CHEMBL4159683,2
CHEMBL1950476,2
CHEMBL1950477,2
CHEMBL400084,1
CHEMBL4168120,1
CHEMBL4168182,1
CHEMBL152982,2
CHEMBL242518,2
CHEMBL395494,2
CHEMBL397419,2
CHEMBL242086,2
CHEMBL1802298,1
CHEMBL4166470,2
CHEMBL1796416,2
CHEMBL1796435,2
CHEMBL1796436,2
CHEMBL259707,1
CHEMBL1796534,2
CHEMBL1796562,2
CHEMBL3800124,1
CHEMBL3799000,1
CHEMBL3799541,1
CHEMBL3799688,1
CHEMBL3797301,1
CHEMBL4290731,2
CHEMBL4444554,2
CHEMBL4170369,2
CHEMBL224345,2
CHEMBL3786316,2
CHEMBL1770673,2
CHEMBL3827146,1
CHEMBL486296,1
CHEMBL1669068,1
CHEMBL511497,2
CHEMBL1187201,2
CHEMBL104264,9
CHEMBL1643741,1
CHEMBL1643743,1
CHEMBL1643750,1
CHEMBL1643754,1
CHEMBL1783992,1
CHEMBL1162128,1
CHEMBL461189,2
CHEMBL4100219,1
CHEMBL463004,1
CHEMBL449170,1
CHEMBL152296,1
CHEMBL465223,1
CHEMBL172240,1
CHEMBL4468791,2
CHEMBL1090039,1
CHEMBL83633,2
CHEMBL575694,1
CHEMBL566748,1
CHEMBL451016,2
CHEMBL1770678,2
CHEMBL144539,4
CHEMBL3216050,1
CHEMBL1087464,2
CHEMBL1088951,1
CHEMBL496538,2
CHEMBL440524,3
CHEMBL468278,2
CHEMBL468484,2
CHEMBL4544761,8
CHEMBL518984,1
CHEMBL482885,1
CHEMBL528099,1
CHEMBL4082387,2
CHEMBL498644,1
CHEMBL2331632,1
CHEMBL2334041,4
CHEMBL2334036,4
CHEMBL204107,2
CHEMBL1917681,2
CHEMBL2203505,1
CHEMBL2203520,1
CHEMBL2203289,1
CHEMBL204106,4
CHEMBL1927114,1
CHEMBL1927121,1
CHEMBL1927687,2
CHEMBL1927686,2
CHEMBL1947218,1
CHEMBL1813076,2
CHEMBL1812894,2
CHEMBL89242,1
CHEMBL2312436,2
CHEMBL3215782,1
CHEMBL3216016,1
CHEMBL420329,1
CHEMBL496163,2
CHEMBL496768,2
CHEMBL522052,2
CHEMBL2058015,2
CHEMBL3217109,1
CHEMBL3216017,1
CHEMBL2207704,1
CHEMBL2151383,2
CHEMBL4846784,2
CHEMBL4864254,2
CHEMBL4854889,2
CHEMBL4855615,2
CHEMBL4874836,2
CHEMBL397928,2
CHEMBL42451,1
CHEMBL119649,2
CHEMBL1668340,1
CHEMBL518751,1
CHEMBL402472,1
CHEMBL290672,1
CHEMBL270752,1
CHEMBL259475,2
CHEMBL112,1
CHEMBL271995,1
CHEMBL407777,1
CHEMBL271152,1
CHEMBL1162971,2
CHEMBL270100,3
CHEMBL404600,3
CHEMBL408323,4
CHEMBL2314230,1
CHEMBL2314234,1
CHEMBL519668,4
CHEMBL4846579,1
CHEMBL4857049,1
CHEMBL465847,4
CHEMBL34205,2
CHEMBL445676,2
CHEMBL4859244,2
CHEMBL4851055,2
CHEMBL402771,2
CHEMBL4565641,1
CHEMBL4871119,1
CHEMBL272907,4
CHEMBL277982,4
CHEMBL5196433,2
CHEMBL185493,1
CHEMBL194456,1
CHEMBL497964,1
CHEMBL4447444,1
CHEMBL415467,1
CHEMBL4578843,1
CHEMBL4475222,4
CHEMBL4525405,3
CHEMBL4440690,4
CHEMBL94662,1
CHEMBL139358,1
CHEMBL375375,1
CHEMBL219189,1
CHEMBL260214,1
CHEMBL4456340,1
CHEMBL4569370,1
CHEMBL4439406,1
CHEMBL4571176,1
CHEMBL4441848,2
CHEMBL4471833,2
CHEMBL33298,2
CHEMBL3038034,1
CHEMBL172171,2
CHEMBL151908,1
CHEMBL526287,1
CHEMBL5187173,2
CHEMBL255879,1
CHEMBL5174826,2
CHEMBL5181739,1
CHEMBL445501,1
CHEMBL516030,2
CHEMBL1822441,1
CHEMBL5280594,2
CHEMBL1098875,2
CHEMBL5278994,2
CHEMBL5283515,2
CHEMBL5266538,1
CHEMBL1807751,3
CHEMBL5285931,3
CHEMBL485506,1
CHEMBL5272113,1
CHEMBL267080,1
CHEMBL4763061,7
CHEMBL4741043,2
CHEMBL4742118,2
CHEMBL4786664,2
CHEMBL4746683,2
CHEMBL5185298,3
CHEMBL467599,1
CHEMBL461393,1
CHEMBL474269,1
CHEMBL5207890,4
CHEMBL5183236,1
CHEMBL505437,3
CHEMBL5274287,5
CHEMBL5283578,1
CHEMBL460606,1
CHEMBL5268427,2
CHEMBL4084891,2
CHEMBL4090937,2
CHEMBL463735,2
CHEMBL4074905,2
CHEMBL5267344,2
CHEMBL471254,2
CHEMBL4068615,2
CHEMBL4082552,2
CHEMBL476848,1
CHEMBL3915934,2
CHEMBL5266217,2
CHEMBL594329,1
CHEMBL4081835,2
CHEMBL593929,1
CHEMBL559303,1
CHEMBL3215793,1
CHEMBL4086129,1
CHEMBL4061990,1
CHEMBL4081090,1
CHEMBL5280462,2
CHEMBL5281626,2
CHEMBL4093161,1
CHEMBL108992,1
CHEMBL593148,1
CHEMBL572680,2
CHEMBL3815158,2
CHEMBL514883,5
CHEMBL3814339,2
CHEMBL3815071,2
CHEMBL3628130,2
CHEMBL3815117,2
CHEMBL452772,1
CHEMBL4083016,1
CHEMBL598585,2
CHEMBL3983699,2
CHEMBL3819008,2
CHEMBL3819649,2
CHEMBL2334035,4
CHEMBL5201142,1
CHEMBL5170550,1
CHEMBL574902,1
CHEMBL583872,1
CHEMBL3798852,2
CHEMBL567595,1
CHEMBL4211531,1
CHEMBL1215637,1
CHEMBL607833,2
CHEMBL5437065,1
CHEMBL336733,2
CHEMBL339049,7
CHEMBL5430288,1
CHEMBL427473,1
CHEMBL5420328,5
CHEMBL565867,1
CHEMBL2368836,1
CHEMBL5288684,3
CHEMBL5288233,3
CHEMBL5289927,3
CHEMBL90292,2
CHEMBL2368870,1
CHEMBL3215509,1
CHEMBL4204492,1
CHEMBL1172120,2
CHEMBL4202867,1
CHEMBL4125980,2
CHEMBL4129258,3
CHEMBL1214107,1
CHEMBL1214232,1
CHEMBL1213561,1
CHEMBL152793,2
CHEMBL4127991,1
CHEMBL4103807,2
CHEMBL532024,3
CHEMBL541735,1
CHEMBL554069,3
CHEMBL1800768,2
CHEMBL1922278,1
CHEMBL1922281,1
CHEMBL4059982,2
CHEMBL1780018,1
CHEMBL453384,10
CHEMBL1774605,3
CHEMBL1289100,4
CHEMBL1774603,3
CHEMBL1774607,3
CHEMBL1917534,1
CHEMBL1917545,1
CHEMBL30936,1
CHEMBL1774615,1
CHEMBL1774622,1
CHEMBL397116,1
CHEMBL1774689,2
CHEMBL342178,6
CHEMBL52476,1
CHEMBL91248,1
CHEMBL1917535,1
CHEMBL1796421,2
CHEMBL4127328,1
CHEMBL4129571,1
CHEMBL4126982,1
CHEMBL137883,6
CHEMBL2237705,2
CHEMBL2237700,2
CHEMBL501827,1
CHEMBL603639,1
CHEMBL463691,1
CHEMBL593018,1
CHEMBL254635,1
CHEMBL2368244,2
CHEMBL460161,2
CHEMBL52761,2
CHEMBL1761042,1
CHEMBL1761045,1
CHEMBL1761025,1
CHEMBL1761035,1
CHEMBL1761017,1
CHEMBL1761018,1
CHEMBL1761019,1
CHEMBL1761040,1
CHEMBL3216034,1
CHEMBL1770933,1
CHEMBL1775012,1
CHEMBL55088,1
CHEMBL35439,2
CHEMBL1782105,1
CHEMBL119102,2
CHEMBL343302,2
CHEMBL1928651,1
CHEMBL1928844,1
CHEMBL407837,1
CHEMBL5424190,1
CHEMBL1835287,1
CHEMBL1835172,1
CHEMBL1946890,1
CHEMBL5399527,1
CHEMBL5312374,2
CHEMBL5434251,2
CHEMBL1162141,1
CHEMBL469301,1
CHEMBL5313193,4
CHEMBL5279315,3
CHEMBL534103,5
CHEMBL3883652,4
CHEMBL1770679,2
CHEMBL59676,1
CHEMBL4853947,2
CHEMBL5419974,2
CHEMBL327539,2
CHEMBL1803097,1
CHEMBL5425316,1
CHEMBL60144,1
CHEMBL3945686,2
CHEMBL5405239,3
CHEMBL5411555,3
CHEMBL3218740,1
CHEMBL369051,1
CHEMBL5415214,2
CHEMBL3234062,2
CHEMBL368478,1
CHEMBL3262122,1
CHEMBL3262117,1
CHEMBL369068,1
CHEMBL5406769,2
CHEMBL5395947,1
CHEMBL3290639,1
CHEMBL5411996,2
CHEMBL78448,2
CHEMBL5399834,2
CHEMBL138184,5
CHEMBL4869087,2
CHEMBL3120622,1
CHEMBL5277103,3
CHEMBL178028,1
CHEMBL538481,2
CHEMBL2012941,2
CHEMBL2012952,2
CHEMBL3289166,1
CHEMBL3289791,2
CHEMBL321854,4
CHEMBL138650,1
CHEMBL5313716,1
CHEMBL2315376,2
CHEMBL1089910,2
CHEMBL5312615,2
CHEMBL5408319,2
CHEMBL5421293,2
CHEMBL5432891,2
CHEMBL5439088,2
CHEMBL35745,1
CHEMBL5198131,2
CHEMBL5177798,2
CHEMBL2414255,2
CHEMBL2442702,1
CHEMBL2442701,1
CHEMBL2442606,1
CHEMBL5271715,2
CHEMBL5266403,2
CHEMBL5286661,1
CHEMBL1802297,1
CHEMBL3262108,1
CHEMBL3234075,2
CHEMBL1796422,2
CHEMBL1796429,2
CHEMBL3235650,1
CHEMBL132459,1
CHEMBL3289803,6
CHEMBL3234041,2
CHEMBL1800777,2
CHEMBL4097414,2
CHEMBL4068565,2
CHEMBL4103537,1
CHEMBL2334048,2
CHEMBL2334394,2
CHEMBL3286860,3
CHEMBL3221790,1
CHEMBL3236257,1
CHEMBL2419448,2
CHEMBL3235627,2
CHEMBL3235271,2
CHEMBL611025,2
CHEMBL255758,1
CHEMBL2414269,2
CHEMBL4792122,1
CHEMBL475338,1
CHEMBL2441927,2
CHEMBL474898,1
CHEMBL2413894,3
CHEMBL2409523,1
CHEMBL4878844,2
CHEMBL2407184,1
CHEMBL2413934,1
CHEMBL4786212,2
CHEMBL2408989,3
CHEMBL1085825,1
CHEMBL1081928,1
CHEMBL150471,1
CHEMBL1080034,1
CHEMBL4759365,2
CHEMBL4753943,1
CHEMBL4753170,2
CHEMBL3120547,2
CHEMBL204817,1
CHEMBL4059963,1
CHEMBL4092279,2
CHEMBL4100022,1
CHEMBL182857,3
CHEMBL182183,1
CHEMBL593652,2
CHEMBL593923,2
CHEMBL595127,1
CHEMBL609575,1
CHEMBL4100886,1
CHEMBL4095581,1
CHEMBL4065498,1
CHEMBL3817998,2
CHEMBL3819022,2
CHEMBL108661,1
CHEMBL4088439,2
CHEMBL4089335,2
CHEMBL4744669,1
CHEMBL3238451,2
CHEMBL3234052,2
CHEMBL3234084,2
CHEMBL3234059,2
CHEMBL3234067,2
CHEMBL4060211,2
CHEMBL4077801,2
CHEMBL4792370,1
CHEMBL4852350,1
CHEMBL4096272,1
CHEMBL4796933,5
CHEMBL379720,6
CHEMBL468388,1
CHEMBL505208,1
CHEMBL4743655,1
CHEMBL3116393,1
CHEMBL4744525,1
CHEMBL4792312,1
CHEMBL4528812,2
CHEMBL2368399,2
CHEMBL396635,1
CHEMBL237691,1
CHEMBL4576827,2
CHEMBL4460595,2
CHEMBL4441140,2
CHEMBL4440073,2
CHEMBL4552081,2
CHEMBL4574712,2
CHEMBL4459942,2
CHEMBL4476447,2
CHEMBL4464459,2
CHEMBL4443481,2
CHEMBL4759246,1
CHEMBL238196,1
CHEMBL4457774,1
CHEMBL4278263,2
CHEMBL90987,1
CHEMBL3114827,2
CHEMBL3115469,2
CHEMBL3115470,1
CHEMBL3115464,2
CHEMBL3115701,2
CHEMBL2368871,2
CHEMBL3581809,1
CHEMBL3221649,1
CHEMBL3612292,1
CHEMBL3220284,1
CHEMBL3220286,1
CHEMBL4574306,1
CHEMBL144734,2
CHEMBL4793419,1
CHEMBL3220267,1
CHEMBL3581489,1
CHEMBL3581498,2
CHEMBL3581494,2
CHEMBL4061601,1
CHEMBL4068621,1
CHEMBL4099858,1
CHEMBL4097447,1
CHEMBL4069210,1
CHEMBL4097609,2
CHEMBL4062856,2
CHEMBL3818006,2
CHEMBL4068931,1
CHEMBL4101567,2
CHEMBL4086361,1
CHEMBL537246,1
CHEMBL430286,1
CHEMBL429921,1
CHEMBL4582042,1
CHEMBL270122,1
CHEMBL527468,5
CHEMBL4080250,1
CHEMBL4787008,1
CHEMBL4246962,2
CHEMBL4238335,2
CHEMBL4238529,2
CHEMBL4764956,1
CHEMBL4743418,1
CHEMBL578573,1
CHEMBL4748532,2
CHEMBL4093821,1
CHEMBL4096935,2
CHEMBL4073908,2
CHEMBL4075171,1
CHEMBL4100878,1
CHEMBL4100225,1
CHEMBL4066090,1
CHEMBL568425,1
CHEMBL3617330,2
CHEMBL456899,1
CHEMBL3215592,1
CHEMBL3617339,2
CHEMBL583029,2
CHEMBL3741254,1
CHEMBL2030317,2
CHEMBL3742369,1
CHEMBL3739664,1
CHEMBL3740495,1
CHEMBL565869,1
CHEMBL567968,1
CHEMBL3216450,1
CHEMBL3216242,1
CHEMBL573053,2
CHEMBL488663,2
CHEMBL499191,2
CHEMBL597220,1
CHEMBL608124,2
CHEMBL405885,1
CHEMBL258763,1
CHEMBL261500,2
CHEMBL458856,1
CHEMBL3763335,1
CHEMBL4793915,2
CHEMBL3124996,4
CHEMBL3124992,4
CHEMBL4785350,2
CHEMBL4757620,2
CHEMBL4749918,2
CHEMBL488895,1
CHEMBL144670,2
CHEMBL572716,2
CHEMBL566302,2
CHEMBL4556956,1
CHEMBL4547412,1
CHEMBL4574362,1
CHEMBL327196,1
CHEMBL118340,2
CHEMBL3084844,2
CHEMBL505301,1
CHEMBL506873,1
CHEMBL47381,1
CHEMBL335524,4
CHEMBL4126978,1
CHEMBL4168917,1
CHEMBL559122,3
CHEMBL559339,2
CHEMBL4063575,1
CHEMBL3311433,6
CHEMBL595486,2
CHEMBL594325,2
CHEMBL4744696,1
CHEMBL4777729,1
CHEMBL4742163,1
CHEMBL4788169,1
CHEMBL4759041,2
CHEMBL568746,1
CHEMBL4780666,1
CHEMBL4746538,1
CHEMBL4759271,1
CHEMBL4104668,2
CHEMBL4070830,1
CHEMBL4743520,1
CHEMBL4776655,1
CHEMBL1668540,2
CHEMBL4126001,1
CHEMBL4127055,1
CHEMBL1668544,2
CHEMBL1668543,2
CHEMBL247772,1
CHEMBL4748649,2
CHEMBL4754685,2
CHEMBL4061097,2
CHEMBL1706,2
CHEMBL22,51
CHEMBL550196,1
CHEMBL559415,1
CHEMBL549652,1
CHEMBL549856,1
CHEMBL575440,1
CHEMBL4796884,1
CHEMBL242455,1
CHEMBL4791585,1
CHEMBL4749921,1
CHEMBL230954,1
CHEMBL4778152,2
CHEMBL4755704,1
CHEMBL60009,3
CHEMBL143042,2
CHEMBL1669712,6
CHEMBL1630206,4
CHEMBL4850121,1
CHEMBL4855061,1
CHEMBL166199,1
CHEMBL166086,1
CHEMBL3037968,1
CHEMBL1669067,1
CHEMBL226767,1
CHEMBL388334,1
CHEMBL243454,3
CHEMBL180671,2
CHEMBL3104865,1
CHEMBL1079522,1
CHEMBL1079325,1
CHEMBL1078193,1
CHEMBL1078300,1
CHEMBL1078759,1
CHEMBL3104424,1
CHEMBL3104420,1
CHEMBL603438,1
CHEMBL4850193,3
CHEMBL1078791,1
CHEMBL575523,2
CHEMBL2430904,1
CHEMBL2430902,1
CHEMBL2237687,2
CHEMBL295759,1
CHEMBL2431005,2
CHEMBL270500,1
CHEMBL1614913,1
CHEMBL405318,4
CHEMBL1162127,1
CHEMBL405944,1
CHEMBL258071,2
CHEMBL510614,2
CHEMBL499408,1
CHEMBL487904,2
CHEMBL556257,2
CHEMBL559643,2
CHEMBL193834,1
CHEMBL1076050,1
CHEMBL559104,1
CHEMBL553210,1
CHEMBL549845,1
CHEMBL558659,1
CHEMBL500540,3
CHEMBL456688,1
CHEMBL363821,1
CHEMBL460690,1
CHEMBL454152,1
CHEMBL473109,2
CHEMBL592412,1
CHEMBL1077432,1
CHEMBL480243,1
CHEMBL561943,2
CHEMBL533269,2
CHEMBL2113951,1
CHEMBL608732,1
CHEMBL3216241,1
CHEMBL3216451,1
CHEMBL1215342,1
CHEMBL1215426,1
CHEMBL1215775,1
CHEMBL1163669,2
CHEMBL3216683,1
CHEMBL595621,2
CHEMBL572279,1
CHEMBL565698,2
CHEMBL584085,1
CHEMBL568295,1
CHEMBL3216688,1
CHEMBL112598,1
CHEMBL445092,1
CHEMBL568494,1
CHEMBL575999,2
CHEMBL594179,1
CHEMBL594495,2
CHEMBL593792,1
CHEMBL1214756,2
CHEMBL3238448,2
CHEMBL3234046,2
CHEMBL3234091,2
CHEMBL465423,2
CHEMBL1171803,1
CHEMBL1171802,1
CHEMBL3234043,2
CHEMBL3234076,2
CHEMBL3216238,1
CHEMBL1213664,1
CHEMBL1213728,1
CHEMBL1213980,1
CHEMBL173342,1
CHEMBL1214108,1
CHEMBL1213853,1
CHEMBL3038037,1
CHEMBL368833,1
CHEMBL37787,1
CHEMBL37615,1
CHEMBL3634279,1
CHEMBL496721,1
CHEMBL67336,2
CHEMBL216966,2
CHEMBL570563,1
CHEMBL36404,2
CHEMBL567217,1
CHEMBL446646,1
CHEMBL569779,1
CHEMBL3221796,1
CHEMBL555249,1
CHEMBL461235,1
CHEMBL464761,1
CHEMBL3218333,1
CHEMBL3218340,1
CHEMBL3218341,1
CHEMBL573652,1
CHEMBL520774,2
CHEMBL501108,1
CHEMBL508828,1
CHEMBL3218330,1
CHEMBL570763,1
CHEMBL571864,1
CHEMBL2181208,4
CHEMBL3216916,1
CHEMBL1094695,2
CHEMBL594030,1
CHEMBL595603,2
CHEMBL595829,2
CHEMBL5184272,4
CHEMBL1076042,1
CHEMBL1076009,1
CHEMBL4519740,2
CHEMBL170708,1
CHEMBL5200582,1
CHEMBL5203475,1
CHEMBL5178771,1
CHEMBL5277966,1
CHEMBL3037963,1
CHEMBL389869,2
CHEMBL1800837,2
CHEMBL4585546,1
CHEMBL2368845,2
CHEMBL1774511,1
CHEMBL5439303,2
CHEMBL2062274,1
CHEMBL1257118,1
CHEMBL4535587,2
CHEMBL4580177,2
CHEMBL4460959,2
CHEMBL4566305,2
CHEMBL522881,1
CHEMBL1170740,1
CHEMBL5290713,3
CHEMBL5282979,2
CHEMBL174475,1
CHEMBL1257116,6
CHEMBL4566467,2
CHEMBL4575502,2
CHEMBL332478,2
CHEMBL576396,1
CHEMBL567179,1
CHEMBL1928851,2
CHEMBL328130,1
CHEMBL570440,1
CHEMBL468610,3
CHEMBL533841,7
CHEMBL1084723,1
CHEMBL1673217,2
CHEMBL1215767,1
CHEMBL1939604,2
CHEMBL1214845,1
CHEMBL1946892,1
CHEMBL1213590,2
CHEMBL463476,1
CHEMBL1256949,1
CHEMBL3084644,1
CHEMBL428363,1
CHEMBL1946700,1
CHEMBL1929191,2
CHEMBL4590466,1
CHEMBL1210148,1
CHEMBL1256519,4
CHEMBL3037960,1
CHEMBL107943,2
CHEMBL1947214,1
CHEMBL1928850,2
CHEMBL91474,2
CHEMBL456042,3
CHEMBL1947209,1
CHEMBL219436,1
CHEMBL1916916,1
CHEMBL478349,1
CHEMBL2237692,2
CHEMBL5312669,5
CHEMBL5309168,4
CHEMBL526279,1
CHEMBL5283701,3
CHEMBL3706805,1
CHEMBL4282424,2
CHEMBL5438826,1
CHEMBL5417417,1
CHEMBL5440069,1
CHEMBL416068,1
CHEMBL5394368,1
CHEMBL5429204,1
CHEMBL5409003,1
CHEMBL5401970,1
CHEMBL4215123,2
CHEMBL4098998,2
CHEMBL4098670,2
CHEMBL5417238,1
CHEMBL4800177,1
CHEMBL5427439,2
CHEMBL578827,2
CHEMBL5395320,1
CHEMBL5394114,1
CHEMBL5413839,1
CHEMBL5428587,2
CHEMBL5430213,2
CHEMBL184872,1
CHEMBL182996,1
CHEMBL182481,1
CHEMBL4642535,3
CHEMBL190394,1
CHEMBL1761020,1
CHEMBL1807201,1
CHEMBL5427686,2
CHEMBL2012948,2
CHEMBL4644149,2
CHEMBL4634399,2
CHEMBL5417093,1
CHEMBL5419401,2
CHEMBL5429632,2
CHEMBL5203765,2
CHEMBL1910722,1
CHEMBL2315378,2
CHEMBL2315379,2
CHEMBL5416349,1
CHEMBL4763277,2
CHEMBL2314640,1
CHEMBL2316618,1
CHEMBL4760521,1
CHEMBL4799608,1
CHEMBL4741698,1
CHEMBL4640528,1
CHEMBL4644466,1
CHEMBL2203497,1
CHEMBL4632642,4
CHEMBL4638979,4
CHEMBL4643282,4
CHEMBL4634684,4
CHEMBL1830032,2
CHEMBL4649093,4
CHEMBL4641165,4
CHEMBL4646340,4
CHEMBL3221147,1
CHEMBL3221149,1
CHEMBL3221151,1
CHEMBL596244,2
CHEMBL2316801,2
CHEMBL2316515,1
CHEMBL2316513,1
CHEMBL2316521,2
CHEMBL3338043,1
CHEMBL3338052,2
CHEMBL4641259,1
CHEMBL4641168,1
CHEMBL4072933,1
CHEMBL4068923,2
CHEMBL4095280,2
CHEMBL4063193,2
CHEMBL4063202,2
CHEMBL1761041,1
CHEMBL1761032,1
CHEMBL499836,3
CHEMBL5410669,2
CHEMBL5309342,4
CHEMBL4796894,2
CHEMBL4798672,2
CHEMBL5312333,4
CHEMBL4443762,2
CHEMBL4568688,2
CHEMBL5313932,4
CHEMBL1796539,2
CHEMBL1796542,2
CHEMBL4866022,1
CHEMBL1796432,2
CHEMBL4796434,2
CHEMBL4783545,1
CHEMBL4780715,3
CHEMBL5394154,2
CHEMBL5396093,2
CHEMBL4789582,1
CHEMBL4446697,2
CHEMBL4438847,4
CHEMBL4574985,4
CHEMBL4439514,4
CHEMBL4471348,4
CHEMBL4741402,2
CHEMBL4438409,1
CHEMBL5267563,2
CHEMBL1682462,3
CHEMBL1682468,3
CHEMBL1682574,3
CHEMBL1682576,3
CHEMBL1682577,3
CHEMBL1688669,1
CHEMBL1688675,1
CHEMBL3754225,2
CHEMBL1812343,1
CHEMBL1812347,2
CHEMBL2324192,1
CHEMBL4077302,2
CHEMBL4096204,2
CHEMBL3906969,2
CHEMBL3983412,2
CHEMBL4089705,2
CHEMBL4093865,2
CHEMBL3261979,2
CHEMBL3261968,2
CHEMBL422682,3
CHEMBL4100684,2
CHEMBL4065295,2
CHEMBL4102041,2
CHEMBL2442161,2
CHEMBL61558,1
CHEMBL2442165,2
CHEMBL2441920,2
CHEMBL2441924,2
CHEMBL1934542,1
CHEMBL3221874,18
CHEMBL5204589,1
CHEMBL138548,1
CHEMBL138506,1
CHEMBL97471,1
CHEMBL8015,1
CHEMBL5001613,2
CHEMBL4972300,4
CHEMBL4892343,3
CHEMBL576469,1
CHEMBL2322213,4
CHEMBL176893,1
CHEMBL4974229,4
CHEMBL4972599,4
CHEMBL5018195,3
CHEMBL4999643,3
CHEMBL5027626,3
CHEMBL4901905,3
CHEMBL4898311,5
CHEMBL4953893,4
CHEMBL4909660,4
CHEMBL5016777,4
CHEMBL4914675,3
CHEMBL4943573,4
CHEMBL4974540,4
CHEMBL4941478,4
CHEMBL594246,1
CHEMBL1484681,4
CHEMBL4902767,4
CHEMBL577719,1
CHEMBL4926046,4
CHEMBL4911569,5
CHEMBL4917863,3
CHEMBL4964239,4
CHEMBL4926033,4
CHEMBL5008756,4
CHEMBL4936594,3
CHEMBL4972486,3
CHEMBL4988359,4
CHEMBL4976386,3
CHEMBL568518,1
CHEMBL593922,2
CHEMBL595985,2
CHEMBL5202736,1
CHEMBL3218233,2
CHEMBL3218236,2
CHEMBL4638707,2
CHEMBL598597,2
CHEMBL5192820,1
CHEMBL5183292,1
CHEMBL175588,1
CHEMBL5175289,1
CHEMBL5207497,1
CHEMBL593831,1
CHEMBL436840,1
CHEMBL90703,2
CHEMBL3215561,1
CHEMBL259825,1
CHEMBL523677,2
CHEMBL195175,2
CHEMBL194109,2
CHEMBL195379,2
CHEMBL5094568,1
CHEMBL5080349,1
CHEMBL391482,2
CHEMBL212640,2
CHEMBL1288759,3
CHEMBL2111198,1
CHEMBL1289101,3
CHEMBL1289943,1
CHEMBL120134,1
CHEMBL141570,1
CHEMBL141682,1
CHEMBL346177,1
CHEMBL88380,1
CHEMBL4587067,1
CHEMBL4519617,1
CHEMBL51778,2
CHEMBL4649130,1
CHEMBL608071,1
CHEMBL124552,1
CHEMBL44905,1
CHEMBL3084856,2
CHEMBL2413880,3
CHEMBL2413887,3
CHEMBL1214818,1
CHEMBL1172735,1
CHEMBL368820,1
CHEMBL1625978,4
CHEMBL5022859,4
CHEMBL4939411,4
CHEMBL4965082,1
CHEMBL4460478,2
CHEMBL5019773,4
CHEMBL332572,1
CHEMBL4899213,1
CHEMBL4965734,3
CHEMBL4958975,2
CHEMBL4943715,4
CHEMBL4951630,4
CHEMBL4975729,3
CHEMBL4973486,4
CHEMBL4974949,4
CHEMBL446090,2
CHEMBL504466,2
CHEMBL4454418,1
CHEMBL4592907,1
CHEMBL4554895,2
CHEMBL509518,1
CHEMBL4559247,2
CHEMBL4543145,2
CHEMBL4516264,2
CHEMBL4554308,1
CHEMBL4213264,4
CHEMBL4209999,3
CHEMBL306469,1
CHEMBL520466,1
CHEMBL444211,2
CHEMBL2381931,1
CHEMBL514687,1
CHEMBL195521,2
CHEMBL387011,2
CHEMBL64925,1
CHEMBL217735,2
CHEMBL473494,1
CHEMBL500614,2
CHEMBL497128,1
CHEMBL235333,3
CHEMBL235322,1
CHEMBL235111,1
CHEMBL235527,1
CHEMBL427000,1
CHEMBL380142,2
CHEMBL196061,1
CHEMBL249877,1
CHEMBL189424,1
CHEMBL4241797,2
CHEMBL4246056,2
CHEMBL66988,1
CHEMBL471878,1
CHEMBL3288918,1
CHEMBL3288927,1
CHEMBL324178,1
CHEMBL4281586,2
CHEMBL4293156,2
CHEMBL5070756,2
CHEMBL1668757,1
CHEMBL1668798,1
CHEMBL1668810,1
CHEMBL1668816,1
CHEMBL1668822,1
CHEMBL1290488,4
CHEMBL5078990,1
CHEMBL4636560,2
CHEMBL4645194,1
CHEMBL4638848,1
CHEMBL4647889,1
CHEMBL4640761,1
CHEMBL4642585,2
CHEMBL4649891,1
CHEMBL4647110,1
CHEMBL5094713,2
CHEMBL5088407,2
CHEMBL3612290,1
CHEMBL452786,2
CHEMBL4062329,2
CHEMBL4640720,4
CHEMBL4644390,4
CHEMBL4639615,4
CHEMBL4640006,4
CHEMBL518600,1
CHEMBL469286,1
CHEMBL478981,1
CHEMBL478340,1
CHEMBL479189,1
CHEMBL4642508,4
CHEMBL4632424,4
CHEMBL4646921,4
CHEMBL3603889,1
CHEMBL3603890,1
CHEMBL3603893,1
CHEMBL463201,1
CHEMBL4461699,2
CHEMBL4483377,4
CHEMBL1682251,2
CHEMBL3581814,1
CHEMBL1684453,1
CHEMBL492162,1
CHEMBL4090399,1
CHEMBL1650071,1
CHEMBL1650072,1
CHEMBL1650073,1
CHEMBL1650079,1
CHEMBL4447658,1
CHEMBL4527839,2
CHEMBL3612740,1
CHEMBL1187245,2
CHEMBL5007157,3
CHEMBL4976730,3
CHEMBL5001349,3
CHEMBL21691,1
CHEMBL1770793,2
CHEMBL1770927,1
CHEMBL1088375,2
CHEMBL1079326,1
CHEMBL4444698,4
CHEMBL4588468,1
CHEMBL4592986,2
CHEMBL4475207,3
CHEMBL4483725,1
CHEMBL4461187,4
CHEMBL4474216,2
CHEMBL1092456,1
CHEMBL3216924,1
CHEMBL4098883,2
CHEMBL239083,1
CHEMBL447072,2
CHEMBL1800555,1
CHEMBL4903184,5
CHEMBL4934507,4
CHEMBL4930086,4
CHEMBL4999687,4
CHEMBL5185554,2
CHEMBL5176412,2
CHEMBL5195727,1
CHEMBL4102103,2
CHEMBL3585411,4
CHEMBL3401415,1
CHEMBL4741232,1
CHEMBL4785100,1
CHEMBL4927852,4
CHEMBL4892812,4
CHEMBL495957,1
CHEMBL4893209,4
CHEMBL2109895,4
CHEMBL4092151,2
CHEMBL3217105,1
CHEMBL498724,1
CHEMBL2360824,1
CHEMBL494957,1
CHEMBL4999355,4
CHEMBL4949471,5
CHEMBL4890710,5
CHEMBL4091361,2
CHEMBL4074836,2
CHEMBL1835273,1
CHEMBL594860,4
CHEMBL2158133,1
CHEMBL1934547,1
CHEMBL3422296,3
CHEMBL3402976,1
CHEMBL3402985,1
CHEMBL1098399,1
CHEMBL1096202,1
CHEMBL3421829,3
CHEMBL3422023,3
CHEMBL3422287,3
CHEMBL3416735,1
CHEMBL3416739,1
CHEMBL3417434,1
CHEMBL3417369,1
CHEMBL4899222,4
CHEMBL4970485,4
CHEMBL4983858,3
CHEMBL4102570,1
CHEMBL4085302,1
CHEMBL4061528,2
CHEMBL4060493,1
CHEMBL118066,2
CHEMBL270215,2
CHEMBL271802,1
CHEMBL261609,1
CHEMBL4781995,1
CHEMBL4763802,1
CHEMBL5188467,4
CHEMBL4088337,2
CHEMBL517958,1
CHEMBL465546,1
CHEMBL213934,2
CHEMBL1256922,6
CHEMBL1256853,3
CHEMBL1256962,5
CHEMBL272681,1
CHEMBL1099250,1
CHEMBL5077915,1
CHEMBL1087849,1
CHEMBL5178264,1
CHEMBL256229,2
CHEMBL3401427,1
CHEMBL3321972,2
CHEMBL3321973,2
CHEMBL3326565,1
CHEMBL3353665,2
CHEMBL2012963,2
CHEMBL503460,1
CHEMBL5193763,3
CHEMBL1213793,1
CHEMBL1214111,1
CHEMBL1214298,1
CHEMBL3238456,2
CHEMBL494697,3
CHEMBL493248,3
CHEMBL3234050,2
CHEMBL1224747,2
CHEMBL3234055,2
CHEMBL3234058,2
CHEMBL1214986,1
CHEMBL1215061,1
CHEMBL1215384,1
CHEMBL1215705,1
CHEMBL259665,1
CHEMBL237545,2
CHEMBL444498,2
CHEMBL3234060,2
CHEMBL3289808,2
CHEMBL3289816,6
CHEMBL3289798,2
CHEMBL2058020,1
CHEMBL442644,1
CHEMBL2203504,1
CHEMBL501065,3
CHEMBL2334397,2
CHEMBL554062,1
CHEMBL463946,2
CHEMBL443597,2
CHEMBL454476,2
CHEMBL510729,2
CHEMBL502592,2
CHEMBL497541,6
CHEMBL510410,4
CHEMBL2322985,2
CHEMBL2322987,2
CHEMBL477492,1
CHEMBL2334368,3
CHEMBL2146544,2
CHEMBL560829,1
CHEMBL580847,1
CHEMBL371408,1
CHEMBL3234042,2
CHEMBL3216046,1
CHEMBL3217131,1
CHEMBL3235648,2
CHEMBL3235673,1
CHEMBL3235652,1
CHEMBL3235667,2
CHEMBL3235653,1
CHEMBL3235665,1
CHEMBL449370,1
CHEMBL510943,1
CHEMBL506075,1
CHEMBL456615,1
CHEMBL465023,1
CHEMBL452249,3
CHEMBL259329,1
CHEMBL563456,2
CHEMBL554277,1
CHEMBL4761042,2
CHEMBL465810,1
CHEMBL508866,1
CHEMBL491254,1
CHEMBL489010,1
CHEMBL484523,1
CHEMBL4899513,4
CHEMBL465802,1
CHEMBL484131,1
CHEMBL473285,1
CHEMBL475106,1
CHEMBL501633,1
CHEMBL451452,2
CHEMBL514296,2
CHEMBL4876537,1
CHEMBL4857901,1
CHEMBL4875826,1
CHEMBL4857536,1
CHEMBL97296,2
CHEMBL3814168,1
CHEMBL4085440,1
CHEMBL4792965,1
CHEMBL171912,2
CHEMBL502299,3
CHEMBL3962878,1
CHEMBL3978363,1
CHEMBL3883538,2
CHEMBL313396,1
CHEMBL2111256,1
CHEMBL4776087,2
CHEMBL491464,2
CHEMBL4783497,1
CHEMBL4743603,1
CHEMBL4850953,1
CHEMBL4856770,2
CHEMBL153430,2
CHEMBL4858843,1
CHEMBL4849972,1
CHEMBL476414,1
CHEMBL318782,1
CHEMBL3758643,1
CHEMBL3817937,2
CHEMBL3818103,2
CHEMBL3819271,2
CHEMBL3038216,2
CHEMBL256374,2
CHEMBL257634,2
CHEMBL4083069,1
CHEMBL4962731,5
CHEMBL4077824,2
CHEMBL3216032,1
CHEMBL508318,2
CHEMBL426276,2
CHEMBL495354,2
CHEMBL4161821,1
CHEMBL590064,1
CHEMBL4988153,4
CHEMBL4993810,4
CHEMBL4958842,4
CHEMBL4961798,4
CHEMBL3977580,2
CHEMBL3897957,2
CHEMBL1084078,4
CHEMBL4166136,1
CHEMBL4176036,1
CHEMBL4174634,1
CHEMBL4166337,1
CHEMBL448810,1
CHEMBL4164473,5
CHEMBL402455,1
CHEMBL4164662,2
CHEMBL551343,1
CHEMBL4097433,2
CHEMBL3215590,1
CHEMBL4066300,2
CHEMBL568412,1
CHEMBL261823,1
CHEMBL4075806,1
CHEMBL4061066,3
CHEMBL455290,1
CHEMBL460431,1
CHEMBL4093374,1
CHEMBL4754661,1
CHEMBL4779187,2
CHEMBL4785868,2
CHEMBL4745810,2
CHEMBL5083145,4
CHEMBL1288389,2
CHEMBL216926,4
CHEMBL487122,1
CHEMBL3216662,1
CHEMBL482892,1
CHEMBL3215588,1
CHEMBL1094363,1
CHEMBL4746660,1
CHEMBL4782548,1
CHEMBL3215578,1
CHEMBL468273,1
CHEMBL490277,1
CHEMBL1834939,1
CHEMBL378488,1
CHEMBL1828814,1
CHEMBL1828813,1
CHEMBL1276412,2
CHEMBL1276411,2
CHEMBL1276438,2
CHEMBL1275657,2
CHEMBL1276475,1
CHEMBL1831287,2
CHEMBL4745607,2
CHEMBL4743530,2
CHEMBL4778889,2
CHEMBL4789774,2
CHEMBL376631,2
CHEMBL397859,1
CHEMBL283243,2
CHEMBL26733,2
CHEMBL1076012,1
CHEMBL549983,1
CHEMBL174742,1
CHEMBL559400,1
CHEMBL562637,1
CHEMBL176108,1
CHEMBL1079635,1
CHEMBL1085945,2
CHEMBL194447,1
CHEMBL459062,1
CHEMBL457986,1
CHEMBL3221798,2
CHEMBL3235632,1
CHEMBL3235671,2
CHEMBL517050,1
CHEMBL366168,1
CHEMBL2041384,2
CHEMBL2041573,2
CHEMBL2041382,2
CHEMBL2041383,2
CHEMBL2041389,2
CHEMBL3116371,1
CHEMBL3218316,1
CHEMBL3218338,1
CHEMBL3234418,1
CHEMBL418838,2
CHEMBL3220263,1
CHEMBL3235646,2
CHEMBL3218243,1
CHEMBL3218242,2
CHEMBL290767,1
CHEMBL35588,1
CHEMBL4249036,1
CHEMBL22137,1
CHEMBL4463592,1
CHEMBL4758502,2
CHEMBL4438986,1
CHEMBL148326,2
CHEMBL516462,2
CHEMBL444651,1
CHEMBL22327,1
CHEMBL279948,1
CHEMBL3234098,2
CHEMBL120314,1
CHEMBL3238453,1
CHEMBL462086,2
CHEMBL3219636,1
CHEMBL3219643,1
CHEMBL3219644,1
CHEMBL289040,1
CHEMBL368312,1
CHEMBL3108891,1
CHEMBL3108883,1
CHEMBL3038032,1
CHEMBL3038036,1
CHEMBL279509,1
CHEMBL4561866,1
CHEMBL4535489,1
CHEMBL2442156,2
CHEMBL3104867,1
CHEMBL3104743,1
CHEMBL3426260,4
CHEMBL3133765,4
CHEMBL3133775,4
CHEMBL3289160,1
CHEMBL3409903,1
CHEMBL3409915,1
CHEMBL3416744,1
CHEMBL3415191,3
CHEMBL3415189,2
CHEMBL514250,1
CHEMBL4172959,1
CHEMBL3417439,1
CHEMBL3417437,1
CHEMBL3417433,1
CHEMBL3417368,1
CHEMBL4174554,1
CHEMBL4162797,1
CHEMBL4166809,1
CHEMBL4175517,2
CHEMBL197209,2
CHEMBL1950475,2
CHEMBL3260662,1
CHEMBL4098737,1
CHEMBL534225,1
CHEMBL548977,1
CHEMBL527845,1
CHEMBL4077925,1
CHEMBL1950999,2
CHEMBL1951001,1
CHEMBL1951009,1
CHEMBL4128522,1
CHEMBL1927112,1
CHEMBL1927122,1
CHEMBL4162033,1
CHEMBL4160649,1
CHEMBL3416974,1
CHEMBL4077811,2
CHEMBL522657,4
CHEMBL4087580,1
CHEMBL4081540,2
CHEMBL3235634,1
CHEMBL357948,3
CHEMBL1928245,1
CHEMBL4096790,2
CHEMBL1950418,3
CHEMBL4076604,1
CHEMBL90495,1
CHEMBL4746185,2
CHEMBL4789193,2
CHEMBL2181344,1
CHEMBL3353305,1
CHEMBL3353675,2
CHEMBL94554,1
CHEMBL4748374,2
CHEMBL3353666,2
CHEMBL4756351,1
CHEMBL4763365,2
CHEMBL4748051,2
CHEMBL137915,1
CHEMBL4792162,1
CHEMBL2058098,2
CHEMBL2058103,2
CHEMBL4747478,1
CHEMBL152620,2
CHEMBL4787447,1
CHEMBL4764334,1
CHEMBL4750686,1
CHEMBL4762775,1
CHEMBL4755849,1
CHEMBL312850,1
CHEMBL554361,1
CHEMBL124723,3
CHEMBL4740671,2
CHEMBL4750063,2
CHEMBL4740461,2
CHEMBL1651971,2
CHEMBL242802,1
CHEMBL302007,2
CHEMBL210692,2
CHEMBL152229,2
CHEMBL564717,1
CHEMBL564393,1
CHEMBL551342,1
CHEMBL231059,1
CHEMBL188093,1
CHEMBL345958,1
CHEMBL236537,3
CHEMBL235303,3
CHEMBL3038211,2
CHEMBL3216902,1
CHEMBL3217116,1
CHEMBL3215570,1
CHEMBL1817680,2
CHEMBL93888,2
CHEMBL1822428,1
CHEMBL4740311,1
CHEMBL261371,5
CHEMBL4849612,1
CHEMBL4847473,1
CHEMBL4870793,1
CHEMBL330699,1
CHEMBL1773913,1
CHEMBL318927,1
CHEMBL489498,1
CHEMBL1783729,1
CHEMBL1812884,2
CHEMBL1939605,1
CHEMBL1939608,1
CHEMBL1939615,1
CHEMBL1939734,1
CHEMBL490276,1
CHEMBL473520,2
CHEMBL1928244,1
CHEMBL454468,1
CHEMBL329277,1
CHEMBL287809,1
CHEMBL4759644,2
CHEMBL2237691,2
CHEMBL4787608,2
CHEMBL3124994,4
CHEMBL4756181,2
CHEMBL385792,1
CHEMBL219749,1
CHEMBL375632,1
CHEMBL218857,1
CHEMBL218355,8
CHEMBL3781639,1
CHEMBL3781255,1
CHEMBL3781807,1
CHEMBL3781533,1
CHEMBL3770187,1
CHEMBL3797262,1
CHEMBL4084486,2
CHEMBL4085656,2
CHEMBL4293488,2
CHEMBL4278078,3
CHEMBL2426549,1
CHEMBL380000,1
CHEMBL3808950,3
CHEMBL3765011,1
CHEMBL3765451,1
CHEMBL242881,1
CHEMBL2414268,1
CHEMBL1822433,1
CHEMBL2408993,1
CHEMBL1828815,1
CHEMBL337311,1
CHEMBL1770926,1
CHEMBL4129374,1
CHEMBL1946687,1
CHEMBL1946690,1
CHEMBL4642337,2
CHEMBL4636891,2
CHEMBL1950988,1
CHEMBL1950993,1
CHEMBL1950995,1
CHEMBL1951008,1
CHEMBL1950994,2
CHEMBL4640747,4
CHEMBL4632695,4
CHEMBL1771545,2
CHEMBL4175112,1
CHEMBL4161579,1
CHEMBL4165263,2
CHEMBL4209386,4
CHEMBL4634093,1
CHEMBL4452937,2
CHEMBL1817913,1
CHEMBL4633055,1
CHEMBL4632712,1
CHEMBL3410332,3
CHEMBL3393854,2
CHEMBL3404021,1
CHEMBL3401702,3
CHEMBL4638013,4
CHEMBL2334054,2
CHEMBL3581807,1
CHEMBL2333004,2
CHEMBL4092612,2
CHEMBL4100993,2
CHEMBL4100503,1
CHEMBL4647973,1
CHEMBL3603900,1
CHEMBL3603901,1
CHEMBL2057807,1
CHEMBL3581836,1
CHEMBL1917678,2
CHEMBL4876459,1
CHEMBL4853871,2
CHEMBL3617456,2
CHEMBL4211523,2
CHEMBL2334038,6
CHEMBL1922280,1
CHEMBL1928426,1
CHEMBL1929342,2
CHEMBL4853624,1
CHEMBL1917673,2
CHEMBL3221141,1
CHEMBL3261975,2
CHEMBL3233347,1
CHEMBL603619,2
CHEMBL3233351,1
CHEMBL3233352,1
CHEMBL2337351,3
CHEMBL2337350,3
CHEMBL3402978,1
CHEMBL2337347,3
CHEMBL1650665,1
CHEMBL4751420,1
CHEMBL3401068,2
CHEMBL3752445,2
CHEMBL3343722,1
CHEMBL3321974,2
CHEMBL3759534,2
CHEMBL4753673,1
CHEMBL4795721,1
CHEMBL4791354,1
CHEMBL4746483,1
CHEMBL4763645,1
CHEMBL3355628,2
CHEMBL3355629,1
CHEMBL4760417,1
CHEMBL4081542,2
CHEMBL4789365,1
CHEMBL2314400,1
CHEMBL2314397,1
CHEMBL4069159,2
CHEMBL3105168,1
CHEMBL461704,1
CHEMBL1834214,1
CHEMBL1834209,1
CHEMBL1834946,1
CHEMBL1668041,2
CHEMBL4210887,1
CHEMBL4216929,1
CHEMBL4208629,1
CHEMBL1927117,1
CHEMBL4089899,1
CHEMBL1950425,1
CHEMBL1290135,2
CHEMBL4092371,1
CHEMBL4071446,2
CHEMBL1682579,3
CHEMBL3343685,1
CHEMBL4074663,2
CHEMBL3343723,1
CHEMBL3343724,1
CHEMBL3343727,1
CHEMBL3311425,2
CHEMBL1631350,4
CHEMBL1187848,2
CHEMBL22831,2
CHEMBL3338916,2
CHEMBL3355630,2
CHEMBL3298965,2
CHEMBL3298966,1
CHEMBL3356379,2
CHEMBL3356391,2
CHEMBL3358657,2
CHEMBL3358136,2
CHEMBL3338904,1
CHEMBL3314068,1
CHEMBL3309596,2
CHEMBL3357968,1
CHEMBL3314072,1
CHEMBL3314069,1
CHEMBL3335105,2
CHEMBL3409896,1
CHEMBL3416748,1
CHEMBL3417441,1
CHEMBL3417436,1
CHEMBL3417365,1
CHEMBL3417363,1
CHEMBL3397102,2
CHEMBL508272,1
CHEMBL3401710,3
CHEMBL1075910,2
CHEMBL4471317,2
CHEMBL3819555,2
CHEMBL3818330,2
CHEMBL4278144,2
CHEMBL4093772,1
CHEMBL3827490,1
CHEMBL552283,2
CHEMBL563171,2
CHEMBL225449,2
CHEMBL4446795,1
CHEMBL4474414,2
CHEMBL258320,1
CHEMBL3038027,1
CHEMBL3637874,5
CHEMBL582027,3
CHEMBL545949,3
CHEMBL1944817,1
CHEMBL435892,1
CHEMBL4522000,1
CHEMBL2181505,2
CHEMBL4282472,2
CHEMBL4284446,1
CHEMBL140430,1
CHEMBL1606228,1
CHEMBL4764876,1
CHEMBL2179170,1
CHEMBL3349380,1
CHEMBL1627157,1
CHEMBL242085,2
CHEMBL4127776,1
CHEMBL4089299,2
CHEMBL345932,1
CHEMBL1835278,1
CHEMBL3038212,2
CHEMBL1946697,1
CHEMBL4165001,1
CHEMBL3330901,1
CHEMBL3586301,2
CHEMBL450504,1
CHEMBL137882,1
CHEMBL313201,1
CHEMBL4865110,1
CHEMBL4103901,1
CHEMBL4068443,1
CHEMBL4069872,1
CHEMBL1077056,1
CHEMBL4088993,3
CHEMBL3885103,2
CHEMBL3883410,2
CHEMBL3884010,2
CHEMBL3884129,2
CHEMBL4071964,1
CHEMBL4072981,1
CHEMBL3238535,1
CHEMBL3289802,2
CHEMBL3581492,2
CHEMBL221964,4
CHEMBL3264505,3
CHEMBL536548,1
CHEMBL235737,1
CHEMBL3264182,3
CHEMBL4126164,3
CHEMBL4870864,1
CHEMBL4845870,1
CHEMBL4856442,1
CHEMBL4454470,2
CHEMBL4465019,1
CHEMBL4514009,1
CHEMBL4517848,4
CHEMBL4536883,4
CHEMBL1290029,1
CHEMBL4859589,1
CHEMBL564364,1
CHEMBL1215706,1
CHEMBL4750121,1
CHEMBL4853561,1
CHEMBL1214694,1
CHEMBL3144158,1
CHEMBL4562798,4
CHEMBL4849865,1
CHEMBL4449418,1
CHEMBL3799622,1
CHEMBL3800167,1
CHEMBL3800221,1
CHEMBL3797909,1
CHEMBL3798291,1
CHEMBL3798678,1
CHEMBL3797564,1
CHEMBL3797794,1
CHEMBL4085041,2
CHEMBL4101399,1
CHEMBL4066836,2
CHEMBL4078793,3
CHEMBL4069544,1
CHEMBL4059865,1
CHEMBL4076187,2
CHEMBL4797918,2
CHEMBL1770792,2
CHEMBL1770922,1
CHEMBL4746222,2
CHEMBL4763359,2
CHEMBL4783958,7
CHEMBL2419639,3
CHEMBL3216822,1
CHEMBL3215695,1
CHEMBL3215706,1
CHEMBL3144159,2
CHEMBL1215434,1
CHEMBL472701,1
CHEMBL500609,2
CHEMBL508608,2
CHEMBL481837,2
CHEMBL2071296,2
CHEMBL4792414,1
CHEMBL4749413,1
CHEMBL353802,1
CHEMBL484737,1
CHEMBL485439,1
CHEMBL1782073,1
CHEMBL1796428,2
CHEMBL3195117,1
CHEMBL3216108,1
CHEMBL1780195,1
CHEMBL2063628,2
CHEMBL2386196,2
CHEMBL351473,1
CHEMBL492529,1
CHEMBL3262112,1
CHEMBL565671,1
CHEMBL585547,1
CHEMBL597419,2
CHEMBL3261980,1
CHEMBL3264501,6
CHEMBL3215867,1
CHEMBL3216527,2
CHEMBL1831289,1
CHEMBL568214,1
CHEMBL577408,1
CHEMBL576035,1
CHEMBL3103528,2
CHEMBL576451,1
CHEMBL3109557,1
CHEMBL3109553,1
CHEMBL4749050,1
CHEMBL552929,1
CHEMBL550515,1
CHEMBL478112,1
CHEMBL478532,1
CHEMBL3260666,1
CHEMBL99921,1
CHEMBL3260661,1
CHEMBL3103529,2
CHEMBL1946695,1
CHEMBL1946698,1
CHEMBL1215277,1
CHEMBL4763897,2
CHEMBL397930,2
CHEMBL397929,2
CHEMBL244658,2
CHEMBL1256327,7
CHEMBL270352,1
CHEMBL424238,1
CHEMBL77633,1
CHEMBL431961,1
CHEMBL1213282,1
CHEMBL1213338,1
CHEMBL258318,2
CHEMBL468025,1
CHEMBL468990,1
CHEMBL504695,1
CHEMBL1171263,1
CHEMBL1172730,1
CHEMBL256795,1
CHEMBL1083770,1
CHEMBL1086432,1
CHEMBL1929339,2
CHEMBL2071259,2
CHEMBL1256963,2
CHEMBL1256146,5
CHEMBL122413,5
CHEMBL1078436,2
CHEMBL418390,2
CHEMBL3099824,1
CHEMBL89645,2
CHEMBL428853,1
CHEMBL197346,1
CHEMBL197835,1
CHEMBL431265,1
CHEMBL4783968,6
CHEMBL4062873,1
CHEMBL4088729,1
CHEMBL4061537,1
CHEMBL211927,1
CHEMBL209311,2
CHEMBL1927690,2
CHEMBL176545,1
CHEMBL1187166,2
CHEMBL3216030,1
CHEMBL3216891,1
CHEMBL1928581,1
CHEMBL1928582,1
CHEMBL1288390,2
CHEMBL198245,1
CHEMBL519723,1
CHEMBL3215763,1
CHEMBL1288392,2
CHEMBL506696,2
CHEMBL446640,2
CHEMBL2368489,1
CHEMBL331309,1
CHEMBL236569,1
CHEMBL236528,1
CHEMBL4207161,1
CHEMBL4215979,1
CHEMBL4207237,1
CHEMBL4211186,1
CHEMBL4204940,2
CHEMBL4643592,4
CHEMBL4644137,4
CHEMBL4444614,2
CHEMBL4642651,4
CHEMBL4644592,4
CHEMBL4637000,4
CHEMBL4646436,1
CHEMBL4642934,4
CHEMBL4642572,1
CHEMBL1947208,1
CHEMBL368165,1
CHEMBL313361,1
CHEMBL4127360,1
CHEMBL4128198,2
CHEMBL4127481,1
CHEMBL4129384,2
CHEMBL212588,2
CHEMBL4640162,4
CHEMBL4646227,4
CHEMBL4641685,4
CHEMBL4163863,1
CHEMBL3236269,1
CHEMBL3235666,2
CHEMBL3235278,2
CHEMBL4218517,1
CHEMBL4590896,2
CHEMBL93748,2
CHEMBL3220270,1
CHEMBL3220266,1
CHEMBL3235273,2
CHEMBL3235641,2
CHEMBL2314639,1
CHEMBL2314631,1
CHEMBL4173770,1
CHEMBL1828820,8
CHEMBL2322986,2
CHEMBL4573964,2
CHEMBL4461205,3
CHEMBL4556018,3
CHEMBL3221155,1
CHEMBL4456644,2
CHEMBL2338124,1
CHEMBL4636504,1
CHEMBL3355621,2
CHEMBL3355636,2
CHEMBL4643531,1
CHEMBL4461215,2
CHEMBL4593123,2
CHEMBL4534583,2
CHEMBL4556135,1
CHEMBL2414897,1
CHEMBL3262104,1
CHEMBL3112612,2
CHEMBL4592547,1
CHEMBL4458309,1
CHEMBL3261978,2
CHEMBL4538914,2
CHEMBL3233367,2
CHEMBL519447,1
CHEMBL3215696,1
CHEMBL2334010,1
CHEMBL3109547,1
CHEMBL2381925,1
CHEMBL2381817,1
CHEMBL2381816,1
CHEMBL2381814,1
CHEMBL2322114,1
CHEMBL4290085,1
CHEMBL3416981,1
CHEMBL3215955,1
CHEMBL3217053,1
CHEMBL4869593,1
CHEMBL162033,1
CHEMBL2334049,2
CHEMBL3401323,3
CHEMBL527593,2
CHEMBL3404025,2
CHEMBL3393858,1
CHEMBL2337378,1
CHEMBL2414262,2
CHEMBL2071255,2
CHEMBL2071262,2
CHEMBL3344519,3
CHEMBL2063621,2
CHEMBL3215928,1
CHEMBL288253,1
CHEMBL3397304,4
CHEMBL2071254,2
CHEMBL2071260,2
CHEMBL2058035,5
CHEMBL4856637,1
CHEMBL423910,1
CHEMBL59755,1
CHEMBL2063019,2
CHEMBL66019,1
CHEMBL3338049,1
CHEMBL3402984,1
CHEMBL3402990,1
CHEMBL3402977,1
CHEMBL3402981,1
CHEMBL3402983,1
CHEMBL4643101,1
CHEMBL4649665,1
CHEMBL4637207,1
CHEMBL4634569,1
CHEMBL2368169,4
CHEMBL4634301,2
CHEMBL3354291,1
CHEMBL213573,1
CHEMBL231008,1
CHEMBL3037961,1
CHEMBL3408752,2
CHEMBL4581185,2
CHEMBL3410337,3
CHEMBL3410328,3
CHEMBL4281962,2
CHEMBL398994,1
CHEMBL4283952,2
CHEMBL4518614,2
CHEMBL4549875,2
CHEMBL4441957,2
CHEMBL4089890,2
CHEMBL3397105,2
CHEMBL4632585,2
CHEMBL4098728,1
CHEMBL4103849,1
CHEMBL497860,1
CHEMBL3261969,2
CHEMBL1406781,1
CHEMBL1836623,2
CHEMBL2442162,2
CHEMBL1928403,2
CHEMBL1928404,2
CHEMBL2435433,1
CHEMBL2435425,1
CHEMBL2435418,1
CHEMBL4284557,1
CHEMBL4527496,2
CHEMBL4452720,2
CHEMBL4473386,2
CHEMBL4467405,1
CHEMBL4442883,2
CHEMBL3581483,2
CHEMBL3581479,2
CHEMBL1927485,2
CHEMBL1927486,2
CHEMBL1927487,2
CHEMBL1917674,1
CHEMBL3354452,3
CHEMBL4589860,1
CHEMBL3397306,3
CHEMBL4060274,2
CHEMBL4797323,1
CHEMBL414435,1
CHEMBL278568,1
CHEMBL1277660,2
CHEMBL4289468,3
CHEMBL4517159,4
CHEMBL4457843,2
CHEMBL4571751,1
CHEMBL2430918,1
CHEMBL2430990,1
CHEMBL2430917,2
CHEMBL2164258,4
CHEMBL4242707,1
CHEMBL2419643,2
CHEMBL2203521,1
CHEMBL2203517,1
CHEMBL4101794,2
CHEMBL2393339,1
CHEMBL4861300,2
CHEMBL172259,1
CHEMBL2207696,1
CHEMBL3038040,1
CHEMBL4764583,1
CHEMBL4778808,2
CHEMBL4789461,2
CHEMBL1927119,1
CHEMBL2377323,1
CHEMBL2377320,1
CHEMBL2377300,1
CHEMBL2377295,1
CHEMBL457606,1
CHEMBL287878,1
CHEMBL1950412,1
CHEMBL40134,1
CHEMBL3233383,1
CHEMBL4874152,1
CHEMBL3218240,2
CHEMBL4867511,1
CHEMBL4862097,1
CHEMBL4850544,1
CHEMBL4467034,4
CHEMBL4070308,3
CHEMBL4863153,1
CHEMBL4096424,1
CHEMBL4062625,1
CHEMBL3885332,1
CHEMBL3818684,2
CHEMBL3819537,2
CHEMBL4742827,2
CHEMBL4742379,2
CHEMBL4795395,2
CHEMBL4742923,2
CHEMBL4758653,2
CHEMBL4745656,1
CHEMBL4758697,1
CHEMBL4164841,2
CHEMBL4164588,2
CHEMBL4172478,2
CHEMBL455392,1
CHEMBL4206102,1
CHEMBL4209671,1
CHEMBL3185121,1
CHEMBL1934543,1
CHEMBL4079280,1
CHEMBL4092734,1
CHEMBL4518967,1
CHEMBL563894,1
CHEMBL560540,1
CHEMBL4278968,2
CHEMBL342830,1
CHEMBL4287643,1
CHEMBL288393,1
CHEMBL4282606,1
CHEMBL1213960,1
CHEMBL4287479,1
CHEMBL4515170,2
CHEMBL4578273,2
CHEMBL3632751,1
CHEMBL2071268,2
CHEMBL1172295,1
CHEMBL532994,1
CHEMBL4762822,1
CHEMBL4759412,1
CHEMBL3314861,1
CHEMBL4470149,1
CHEMBL4279299,1
CHEMBL4283216,1
CHEMBL4290005,1
CHEMBL4537522,1
CHEMBL4593039,1
CHEMBL4451616,2
CHEMBL4483664,2
CHEMBL4444857,2
CHEMBL243682,1
CHEMBL4471537,1
CHEMBL212556,1
CHEMBL4586801,1
CHEMBL3315155,2
CHEMBL3759841,2
CHEMBL4546265,2
CHEMBL4554522,2
CHEMBL213546,2
CHEMBL4290880,2
CHEMBL4292040,2
CHEMBL4574218,1
CHEMBL3759391,2
CHEMBL4285929,1
CHEMBL208041,2
CHEMBL4448769,1
CHEMBL4444309,1
CHEMBL4555752,1
CHEMBL3216663,1
CHEMBL449358,1
CHEMBL4470863,1
CHEMBL496722,1
CHEMBL4440770,1
CHEMBL4242227,2
CHEMBL484305,1
CHEMBL4469596,1
CHEMBL4527662,3
CHEMBL4574840,1
CHEMBL520889,1
CHEMBL485885,1
CHEMBL487529,1
CHEMBL521196,1
CHEMBL4529281,2
CHEMBL4465756,2
CHEMBL3215766,1
CHEMBL4104829,1
CHEMBL517321,1
CHEMBL447991,1
CHEMBL446048,1
CHEMBL472720,2
CHEMBL507608,2
CHEMBL4245238,1
CHEMBL3287982,1
CHEMBL4789971,1
CHEMBL4783801,1
CHEMBL4458396,3
CHEMBL4452601,1
CHEMBL4077971,2
CHEMBL4278246,1
CHEMBL4549165,2
CHEMBL4556470,1
CHEMBL4582794,1
CHEMBL4537168,2
CHEMBL4571777,1
CHEMBL4474141,2
CHEMBL535124,4
CHEMBL4074581,2
CHEMBL4072754,2
CHEMBL4542849,2
CHEMBL1773165,3
CHEMBL387860,2
CHEMBL4068112,1
CHEMBL2058034,2
CHEMBL3217255,1
CHEMBL4446910,2
CHEMBL4641980,2
CHEMBL4454580,1
CHEMBL2418011,1
CHEMBL2418019,1
CHEMBL3581616,1
CHEMBL1651333,1
CHEMBL4060876,1
CHEMBL4083981,2
CHEMBL4080544,2
CHEMBL4066702,2
CHEMBL3617678,2
CHEMBL3603906,1
CHEMBL1673066,1
CHEMBL1643752,1
CHEMBL4540394,1
CHEMBL1682604,3
CHEMBL4468870,2
CHEMBL4064557,2
CHEMBL3581810,1
CHEMBL3601863,1
CHEMBL2393394,2
CHEMBL3617341,2
CHEMBL3219638,1
CHEMBL3601599,1
CHEMBL3222266,1
CHEMBL3138382,2
CHEMBL315874,2
CHEMBL4160900,1
CHEMBL4168840,1
CHEMBL4288675,2
CHEMBL455416,1
CHEMBL2316805,1
CHEMBL4536449,1
CHEMBL4464349,1
CHEMBL4580370,4
CHEMBL4756593,1
CHEMBL1939684,1
CHEMBL4294474,1
CHEMBL4565514,2
CHEMBL4544347,2
CHEMBL4474607,4
CHEMBL4543845,1
CHEMBL4447571,2
CHEMBL1214774,1
CHEMBL4165866,1
CHEMBL1214693,1
CHEMBL4534452,1
CHEMBL1223810,1
CHEMBL524175,3
CHEMBL1224668,1
CHEMBL4443635,2
CHEMBL4434874,1
CHEMBL4162964,2
CHEMBL4854275,1
CHEMBL4858727,1
CHEMBL4855763,1
CHEMBL527864,2
CHEMBL294940,1
CHEMBL4438229,1
CHEMBL4562160,1
CHEMBL4759661,2
CHEMBL4757566,2
CHEMBL1631352,4
CHEMBL4877836,1
CHEMBL4877080,1
CHEMBL4875538,1
CHEMBL415017,1
CHEMBL1652415,1
CHEMBL1652417,1
CHEMBL4867089,1
CHEMBL4862105,1
CHEMBL373861,1
CHEMBL427054,1
CHEMBL221581,2
CHEMBL201460,1
CHEMBL4443453,1
CHEMBL86583,1
CHEMBL215410,1
CHEMBL218329,2
CHEMBL4090800,1
CHEMBL4780856,1
CHEMBL4063690,1
CHEMBL4079205,2
CHEMBL4069181,2
CHEMBL4859230,2
CHEMBL4763832,2
CHEMBL373109,1
CHEMBL555708,1
CHEMBL554847,1
CHEMBL457347,1
CHEMBL191371,1
CHEMBL4226422,1
CHEMBL478531,1
CHEMBL1807631,1
CHEMBL361789,1
CHEMBL477855,2
CHEMBL1800776,2
CHEMBL3884732,2
CHEMBL3813828,1
CHEMBL3814468,1
CHEMBL3814553,1
CHEMBL525743,1
CHEMBL1818620,2
CHEMBL1802866,1
CHEMBL1802550,1
CHEMBL584457,2
CHEMBL1796565,2
CHEMBL563603,3
CHEMBL1773164,3
CHEMBL4212555,2
CHEMBL553625,3
CHEMBL558355,3
CHEMBL553183,3
CHEMBL92305,1
CHEMBL444412,2
CHEMBL4868886,1
CHEMBL1782109,1
CHEMBL4861147,2
CHEMBL4872276,2
CHEMBL601118,2
CHEMBL1773158,3
CHEMBL4788627,1
CHEMBL1834888,1
CHEMBL207335,1
CHEMBL1088966,1
CHEMBL1076008,1
CHEMBL4643896,1
CHEMBL4641911,1
CHEMBL1813073,2
CHEMBL1813080,2
CHEMBL1812895,2
CHEMBL1813081,2
CHEMBL523962,2
CHEMBL4643334,1
CHEMBL4777146,1
CHEMBL4435264,2
CHEMBL4468542,1
CHEMBL4638790,1
CHEMBL4648556,1
CHEMBL4642666,4
CHEMBL4646969,4
CHEMBL4632610,4
CHEMBL4642414,4
CHEMBL4636824,4
CHEMBL4639209,4
CHEMBL4635459,4
CHEMBL1682711,3
CHEMBL4483518,1
CHEMBL3763746,1
CHEMBL1682582,3
CHEMBL3577235,1
CHEMBL1688653,1
CHEMBL1688689,1
CHEMBL1688654,1
CHEMBL4159433,1
CHEMBL1682704,3
CHEMBL4535417,3
CHEMBL4159167,1
CHEMBL4172351,1
CHEMBL4171922,1
CHEMBL4475111,1
CHEMBL4446566,2
CHEMBL4517451,2
CHEMBL1688656,1
CHEMBL1688657,1
CHEMBL1688667,1
CHEMBL3603981,1
CHEMBL3604110,1
CHEMBL3603996,1
CHEMBL587760,2
CHEMBL476894,2
CHEMBL4633269,2
CHEMBL4459902,2
CHEMBL96676,1
CHEMBL551012,1
CHEMBL550604,1
CHEMBL553226,2
CHEMBL7721,2
CHEMBL4165974,1
CHEMBL550446,1
CHEMBL561989,1
CHEMBL562835,1
CHEMBL72865,1
CHEMBL96064,1
CHEMBL4460572,2
CHEMBL4535888,3
CHEMBL4177094,1
CHEMBL4176175,1
CHEMBL4537202,1
CHEMBL366482,1
CHEMBL3422289,3
CHEMBL3402991,1
CHEMBL3415869,4
CHEMBL3415873,4
CHEMBL4536433,1
CHEMBL4572796,1
CHEMBL4472765,1
CHEMBL4557544,1
CHEMBL4526497,1
CHEMBL4558551,1
CHEMBL261240,1
CHEMBL4549289,1
CHEMBL4535713,1
CHEMBL3109525,1
CHEMBL1336576,1
CHEMBL1780208,1
CHEMBL1276440,2
CHEMBL1082724,1
CHEMBL1084077,4
CHEMBL2442164,2
CHEMBL235112,1
CHEMBL429319,3
CHEMBL1256671,3
CHEMBL3771399,1
CHEMBL1200916,7
CHEMBL3115726,2
CHEMBL486084,1
CHEMBL3104734,1
CHEMBL1515334,3
CHEMBL1257111,1
CHEMBL406928,2
CHEMBL160,16
CHEMBL1280,7
CHEMBL1257062,1
CHEMBL230957,2
CHEMBL394828,2
CHEMBL3233359,1
CHEMBL3233366,2
CHEMBL239726,1
CHEMBL539858,1
CHEMBL236740,1
CHEMBL236530,1
CHEMBL3216264,1
CHEMBL4571629,1
CHEMBL524914,1
CHEMBL442821,1
CHEMBL3215771,1
CHEMBL3215565,1
CHEMBL3261889,1
CHEMBL1187218,2
CHEMBL3309578,1
CHEMBL3309587,2
CHEMBL3309592,2
CHEMBL1643378,1
CHEMBL3260665,1
CHEMBL485224,1
CHEMBL4446072,2
CHEMBL450287,2
CHEMBL4567904,2
CHEMBL481028,1
CHEMBL582994,1
CHEMBL3753913,2
CHEMBL593589,1
CHEMBL606136,1
CHEMBL572593,2
CHEMBL575286,2
CHEMBL1813075,2
CHEMBL1813079,2
CHEMBL1090282,1
CHEMBL4166921,2
CHEMBL4174802,2
CHEMBL4164144,2
CHEMBL4173607,2
CHEMBL4162242,2
CHEMBL4170154,2
CHEMBL47677,1
CHEMBL595996,1
CHEMBL4081220,2
CHEMBL522178,2
CHEMBL443384,2
CHEMBL100896,1
CHEMBL4213271,2
CHEMBL442425,1
CHEMBL230959,1
CHEMBL2181488,2
CHEMBL1796426,2
CHEMBL1796568,2
CHEMBL407410,1
CHEMBL408513,2
CHEMBL504488,1
CHEMBL537152,2
CHEMBL169,3
CHEMBL3216089,1
CHEMBL472880,1
CHEMBL471879,1
CHEMBL475297,1
CHEMBL474899,1
CHEMBL454036,1
CHEMBL516436,1
CHEMBL558090,1
CHEMBL3401416,1
CHEMBL4090877,1
CHEMBL3329578,2
CHEMBL477305,1
CHEMBL517819,1
CHEMBL591362,3
CHEMBL4279239,2
CHEMBL4288835,2
CHEMBL3409898,1
CHEMBL3416738,1
CHEMBL340258,2
CHEMBL507226,1
CHEMBL4217209,1
CHEMBL490228,1
CHEMBL4160106,2
CHEMBL4635811,4
CHEMBL4632816,4
CHEMBL4640387,2
CHEMBL4643737,2
CHEMBL4648705,1
CHEMBL4632960,1
CHEMBL4649716,4
CHEMBL535295,1
CHEMBL3637872,2
CHEMBL533421,3
CHEMBL580443,3
CHEMBL587139,3
CHEMBL535002,3
CHEMBL579902,3
CHEMBL4641129,4
CHEMBL1324287,3
CHEMBL4649060,4
CHEMBL3823631,1
CHEMBL4641993,1
CHEMBL3235275,2
CHEMBL4090180,2
CHEMBL4164917,1
CHEMBL4170206,1
CHEMBL2064266,1
CHEMBL597896,1
CHEMBL606235,1
CHEMBL3759588,2
CHEMBL3759216,2
CHEMBL3758673,2
CHEMBL4551176,1
CHEMBL4172870,2
CHEMBL137326,2
CHEMBL575990,2
CHEMBL597787,1
CHEMBL2316668,1
CHEMBL2431511,2
CHEMBL1334527,2
CHEMBL2316664,1
CHEMBL3897375,2
CHEMBL4555605,1
CHEMBL4447272,2
CHEMBL4530101,2
CHEMBL4557136,2
CHEMBL4588852,1
CHEMBL3215803,1
CHEMBL3216039,1
CHEMBL3216449,1
CHEMBL403233,4
CHEMBL3216686,1
CHEMBL4564274,1
CHEMBL4443956,1
CHEMBL568624,1
CHEMBL567780,1
CHEMBL3823052,1
CHEMBL1098223,1
CHEMBL1097722,1
CHEMBL1098220,1
CHEMBL4567853,2
CHEMBL4590236,3
CHEMBL4451064,2
CHEMBL4450329,2
CHEMBL4553106,2
CHEMBL4560016,2
CHEMBL4476300,1
CHEMBL584196,1
CHEMBL4208675,1
CHEMBL468604,1
CHEMBL1095390,1
CHEMBL3217226,1
CHEMBL4458258,1
CHEMBL4447611,2
CHEMBL4447741,2
CHEMBL465178,1
CHEMBL4467479,1
CHEMBL211029,1
CHEMBL3215804,1
CHEMBL3216457,1
CHEMBL391001,1
CHEMBL3288916,1
CHEMBL3288919,1
CHEMBL3288926,1
CHEMBL3356381,2
CHEMBL231063,2
CHEMBL437925,1
CHEMBL206870,1
CHEMBL207759,1
CHEMBL4646310,1
CHEMBL2381932,1
CHEMBL61590,1
CHEMBL4847978,2
CHEMBL4552108,2
CHEMBL190969,1
CHEMBL4128722,1
CHEMBL226815,1
CHEMBL243436,2
CHEMBL4206048,1
CHEMBL4215356,1
CHEMBL243214,1
CHEMBL242393,1
CHEMBL4208489,1
CHEMBL4216178,1
CHEMBL4216644,2
CHEMBL3884957,1
CHEMBL4459356,1
CHEMBL4586252,2
CHEMBL479656,1
CHEMBL2146546,2
CHEMBL570211,1
CHEMBL2207891,1
CHEMBL4169406,1
CHEMBL4172965,1
CHEMBL2180991,1
CHEMBL1088955,1
CHEMBL1088960,1
CHEMBL270763,2
CHEMBL272033,2
CHEMBL4162008,1
CHEMBL277864,2
CHEMBL1950460,2
CHEMBL1950464,2
CHEMBL258908,1
CHEMBL261364,4
CHEMBL3355625,1
CHEMBL4748448,1
CHEMBL401812,1
CHEMBL1689603,1
CHEMBL1643377,1
CHEMBL258875,1
CHEMBL260683,1
CHEMBL518623,2
CHEMBL460449,2
CHEMBL406401,2
CHEMBL244986,1
CHEMBL246215,1
CHEMBL408790,1
CHEMBL467775,1
CHEMBL400673,1
CHEMBL205053,2
CHEMBL500295,1
CHEMBL1656,3
CHEMBL4166490,2
CHEMBL4159932,2
CHEMBL475811,2
CHEMBL4209978,1
CHEMBL4204991,1
CHEMBL4207128,1
CHEMBL258873,3
CHEMBL4208741,1
CHEMBL253141,1
CHEMBL2147688,1
CHEMBL492715,1
CHEMBL242839,1
CHEMBL9441,1
CHEMBL404605,1
CHEMBL230861,1
CHEMBL537247,1
CHEMBL1162153,1
CHEMBL271749,1
CHEMBL499457,1
CHEMBL502152,1
CHEMBL456407,1
CHEMBL562048,1
CHEMBL210187,2
CHEMBL478347,1
CHEMBL524656,4
CHEMBL203641,1
CHEMBL561965,1
CHEMBL550490,1
CHEMBL203614,1
CHEMBL380953,1
CHEMBL513643,2
CHEMBL522353,1
CHEMBL521525,1
CHEMBL522683,1
CHEMBL457098,1
CHEMBL468444,1
CHEMBL450632,1
CHEMBL541932,1
CHEMBL502850,1
CHEMBL36532,1
CHEMBL511171,1
CHEMBL458205,1
CHEMBL211981,1
CHEMBL373412,1
CHEMBL1812874,1
CHEMBL1813084,2
CHEMBL85537,2
CHEMBL519694,1
CHEMBL1668534,1
CHEMBL280410,1
CHEMBL473527,1
CHEMBL279986,1
CHEMBL120451,1
CHEMBL4640329,1
CHEMBL4641745,1
CHEMBL4632503,1
CHEMBL510191,1
CHEMBL493203,1
CHEMBL3355622,2
CHEMBL468024,1
CHEMBL467738,1
CHEMBL1289162,1
CHEMBL1288846,1
CHEMBL1288765,3
CHEMBL1288842,1
CHEMBL4070082,1
CHEMBL4076328,1
CHEMBL1275787,1
CHEMBL4096019,1
CHEMBL4074102,2
CHEMBL4101872,1
CHEMBL3287986,1
CHEMBL3288190,1
CHEMBL3356376,2
CHEMBL3354451,3
CHEMBL3354449,3
CHEMBL503659,2
CHEMBL1800833,2
CHEMBL1800835,2
CHEMBL471252,1
CHEMBL488293,1
CHEMBL488631,1
CHEMBL516109,1
CHEMBL2418051,1
CHEMBL2417998,1
CHEMBL2418034,1
CHEMBL4098096,1
CHEMBL3321965,2
CHEMBL3321968,2
CHEMBL1780012,1
CHEMBL152883,2
CHEMBL2419451,2
CHEMBL553503,7
CHEMBL597165,2
CHEMBL467630,1
CHEMBL3262097,1
CHEMBL3099041,1
CHEMBL530733,1
CHEMBL139973,1
CHEMBL3814862,1
CHEMBL2111259,1
CHEMBL3260668,1
CHEMBL3818780,2
CHEMBL29778,2
CHEMBL4072532,2
CHEMBL3416976,1
CHEMBL3415870,4
CHEMBL1094993,1
CHEMBL593231,1
CHEMBL595665,1
CHEMBL3416737,1
CHEMBL1616151,1
CHEMBL2089269,1
CHEMBL2089270,1
CHEMBL2089274,1
CHEMBL4162403,2
CHEMBL557955,1
CHEMBL551939,1
CHEMBL2113998,1
CHEMBL2113926,2
CHEMBL2029765,1
CHEMBL355935,2
CHEMBL4160750,2
CHEMBL1688671,1
CHEMBL449051,1
CHEMBL474910,1
CHEMBL98343,1
CHEMBL495773,1
CHEMBL4159673,2
CHEMBL572273,1
CHEMBL570548,1
CHEMBL3215595,1
CHEMBL255539,1
CHEMBL478912,1
CHEMBL3962758,1
CHEMBL505378,1
CHEMBL458959,1
CHEMBL4171329,1
CHEMBL3823202,1
CHEMBL499559,1
CHEMBL1682443,3
CHEMBL2377311,1
CHEMBL2377307,1
CHEMBL4207986,1
CHEMBL4203291,1
CHEMBL4205438,2
CHEMBL2381690,2
CHEMBL3103256,1
CHEMBL3215765,1
CHEMBL1643755,1
CHEMBL3394319,2
CHEMBL3394328,2
CHEMBL67399,1
CHEMBL4225218,2
CHEMBL3706802,1
CHEMBL535183,1
CHEMBL536990,1
CHEMBL239298,1
CHEMBL536300,1
CHEMBL3706803,1
CHEMBL2414272,2
CHEMBL2414257,2
CHEMBL2413892,3
CHEMBL232274,1
CHEMBL396081,1
CHEMBL535630,1
CHEMBL535403,1
CHEMBL236739,1
CHEMBL236531,1
CHEMBL395841,1
CHEMBL4218637,2
CHEMBL4203959,1
CHEMBL4211607,1
CHEMBL3408765,1
CHEMBL4211552,1
CHEMBL3329571,2
CHEMBL3329573,2
CHEMBL3329577,2
CHEMBL3329583,2
CHEMBL3329588,2
CHEMBL3329590,2
CHEMBL3329597,2
CHEMBL218331,2
CHEMBL4204351,3
CHEMBL3335098,2
CHEMBL264351,1
CHEMBL4204303,1
CHEMBL4207097,1
CHEMBL4208347,1
CHEMBL4203738,1
CHEMBL4126303,1
CHEMBL3560130,1
CHEMBL356005,2
CHEMBL62085,1
CHEMBL3814823,1
CHEMBL293674,1
CHEMBL2435701,1
CHEMBL3216972,1
CHEMBL3216973,1
CHEMBL3823594,1
CHEMBL1780211,1
CHEMBL1780228,1
CHEMBL1831288,2
CHEMBL1822434,1
CHEMBL3822821,1
CHEMBL1173221,1
CHEMBL3819583,2
CHEMBL3818968,2
CHEMBL3819580,2
CHEMBL68362,1
CHEMBL1087973,1
CHEMBL1224670,1
CHEMBL569594,1
CHEMBL450072,2
CHEMBL328771,1
CHEMBL2368433,2
CHEMBL571290,1
CHEMBL218436,2
CHEMBL88687,1
CHEMBL219073,4
CHEMBL3115458,1
CHEMBL564610,1
CHEMBL563432,1
CHEMBL549448,1
CHEMBL3217274,1
CHEMBL559550,1
CHEMBL3217057,1
CHEMBL218681,2
CHEMBL1098671,1
CHEMBL1095668,1
CHEMBL1095391,1
CHEMBL8532,1
CHEMBL197928,1
CHEMBL371919,1
CHEMBL414671,1
CHEMBL4216495,1
CHEMBL4203150,1
CHEMBL371378,1
CHEMBL467441,1
CHEMBL4165730,5
CHEMBL492709,1
CHEMBL375612,1
CHEMBL4127402,1
CHEMBL1214848,1
CHEMBL1215062,1
CHEMBL504996,1
CHEMBL498298,1
CHEMBL3216033,1
CHEMBL3216901,1
CHEMBL498725,1
CHEMBL459436,2
CHEMBL190212,1
CHEMBL3216423,1
CHEMBL1214456,1
CHEMBL1812881,2
CHEMBL429532,1
CHEMBL280180,2
CHEMBL1950479,2
CHEMBL4073478,1
CHEMBL4125997,1
CHEMBL1290576,1
CHEMBL1257109,4
CHEMBL1256836,6
CHEMBL4745264,1
CHEMBL4862588,2
CHEMBL1276918,1
CHEMBL1276831,1
CHEMBL1084948,1
CHEMBL4568385,1
CHEMBL1172897,1
CHEMBL1527769,7
CHEMBL1256594,1
CHEMBL1258204,1
CHEMBL1258433,1
CHEMBL482811,6
CHEMBL1269628,2
CHEMBL1271787,2
CHEMBL4860681,1
CHEMBL4861318,1
CHEMBL4874504,1
CHEMBL1289704,1
CHEMBL4074625,2
CHEMBL1290360,2
CHEMBL4070010,1
CHEMBL4060327,1
CHEMBL4069867,1
CHEMBL4083418,1
CHEMBL4093674,1
CHEMBL480242,1
CHEMBL480244,1
CHEMBL2030291,2
CHEMBL4167158,1
CHEMBL4164794,1
CHEMBL4165886,1
CHEMBL4169316,1
CHEMBL3603958,1
CHEMBL3603959,1
CHEMBL204281,2
CHEMBL204546,1
CHEMBL203662,1
CHEMBL397824,3
CHEMBL4162298,2
CHEMBL1950466,2
CHEMBL1950468,2
CHEMBL4471756,1
CHEMBL4455152,1
CHEMBL1812356,1
CHEMBL1684455,1
CHEMBL1689601,1
CHEMBL1682608,3
CHEMBL1682700,3
CHEMBL3397103,2
CHEMBL2041102,1
CHEMBL3343696,1
CHEMBL3343694,1
CHEMBL3343693,1
CHEMBL3343691,1
CHEMBL3401322,3
CHEMBL3221777,1
CHEMBL3221772,1
CHEMBL4215342,2
CHEMBL4212892,2
CHEMBL3319129,1
CHEMBL3218313,1
CHEMBL3220285,1
CHEMBL4162044,2
CHEMBL4167122,4
CHEMBL4160983,2
CHEMBL4212577,1
CHEMBL3218246,1
CHEMBL3218235,2
CHEMBL3218237,2
CHEMBL2431009,2
CHEMBL4209466,1
CHEMBL2419630,1
CHEMBL3404030,1
CHEMBL1917512,2
CHEMBL1729464,1
CHEMBL3402987,1
CHEMBL2435757,1
CHEMBL2435754,1
CHEMBL2435751,1
CHEMBL2435777,1
CHEMBL2435772,1
CHEMBL2435768,1
CHEMBL3905528,1
CHEMBL3415883,4
CHEMBL3109440,1
CHEMBL2181490,2
CHEMBL3288199,1
CHEMBL4173648,1
CHEMBL4159577,1
CHEMBL4174701,1
CHEMBL4162936,1
CHEMBL1950461,2
CHEMBL4203233,4
CHEMBL4208850,2
CHEMBL1951763,2
CHEMBL2035996,2
CHEMBL2035997,2
CHEMBL2035999,2
CHEMBL2146545,2
CHEMBL2146552,2
CHEMBL2146538,2
CHEMBL4215975,2
CHEMBL2029747,1
CHEMBL2029749,1
CHEMBL4172721,2
CHEMBL2062884,2
CHEMBL2431490,2
CHEMBL3824217,1
CHEMBL547606,1
CHEMBL3818183,2
CHEMBL3800015,2
CHEMBL3798709,2
CHEMBL3814528,2
CHEMBL2017483,1
CHEMBL511003,5
CHEMBL4212877,1
CHEMBL4212595,1
CHEMBL1835279,1
CHEMBL1835177,2
CHEMBL1835169,1
CHEMBL3261982,1
CHEMBL3353298,1
CHEMBL3261890,1
CHEMBL3422022,3
CHEMBL4227370,1
CHEMBL4173741,3
CHEMBL510498,1
CHEMBL4218487,2
CHEMBL3314079,1
CHEMBL354186,1
CHEMBL3319134,1
CHEMBL3287978,1
CHEMBL522429,1
CHEMBL4226269,1
CHEMBL4648905,4
CHEMBL4645076,2
CHEMBL4648872,4
CHEMBL4173700,1
CHEMBL4175994,1
CHEMBL4128002,1
CHEMBL4207961,1
CHEMBL2316637,1
CHEMBL2316659,1
CHEMBL4163667,2
CHEMBL4551892,2
CHEMBL3311430,2
CHEMBL3311432,2
CHEMBL531113,1
CHEMBL4099587,1
CHEMBL4225532,1
CHEMBL2414266,2
CHEMBL4159346,1
CHEMBL2413891,3
CHEMBL4063236,2
CHEMBL4074621,2
CHEMBL4097223,1
CHEMBL4086501,1
CHEMBL4104396,1
CHEMBL4105340,1
CHEMBL3818538,2
CHEMBL3819147,2
CHEMBL4091995,1
CHEMBL4061466,1
CHEMBL4076721,1
CHEMBL4076818,1
CHEMBL2391086,2
CHEMBL2391087,2
CHEMBL2391088,1
CHEMBL4289612,2
CHEMBL4846417,1
CHEMBL4872491,1
CHEMBL3401417,1
CHEMBL174908,1
CHEMBL1812345,2
CHEMBL1812349,2
CHEMBL3216424,1
CHEMBL568963,1
CHEMBL3338935,2
CHEMBL3338914,2
CHEMBL1812354,2
CHEMBL4457829,1
CHEMBL2181343,1
CHEMBL3335108,2
CHEMBL533976,1
CHEMBL1682587,3
CHEMBL3235697,1
CHEMBL4469922,1
CHEMBL2322984,2
CHEMBL3963490,2
CHEMBL4213904,1
CHEMBL4206862,1
CHEMBL4216276,1
CHEMBL4211767,1
CHEMBL3329237,1
CHEMBL3330908,1
CHEMBL455151,1
CHEMBL4165876,1
CHEMBL4173798,1
CHEMBL4550306,1
CHEMBL4448248,1
CHEMBL1945109,1
CHEMBL3235630,2
CHEMBL1215629,1
CHEMBL1214772,1
CHEMBL1214775,1
CHEMBL3823819,1
CHEMBL4225806,2
CHEMBL4224686,2
CHEMBL4577284,1
CHEMBL243347,1
CHEMBL1208264,12
CHEMBL189383,1
CHEMBL3759361,2
CHEMBL536678,2
CHEMBL531591,3
CHEMBL3637880,3
CHEMBL528922,3
CHEMBL4750805,2
CHEMBL494152,2
CHEMBL258556,1
CHEMBL1258655,1
CHEMBL60505,1
CHEMBL152286,1
CHEMBL104812,1
CHEMBL1289808,2
CHEMBL1290469,1
CHEMBL1290577,1
CHEMBL4064509,1
CHEMBL2158130,1
CHEMBL1917515,2
CHEMBL1568222,1
CHEMBL4470364,1
CHEMBL515610,1
CHEMBL475993,1
CHEMBL4525633,2
CHEMBL4525336,2
CHEMBL1802555,1
CHEMBL1800630,1
CHEMBL4445827,2
CHEMBL4444503,2
CHEMBL4878499,1
CHEMBL4878538,1
CHEMBL4868592,1
CHEMBL1761029,1
CHEMBL1761031,1
CHEMBL4557678,2
CHEMBL4533995,2
CHEMBL4442823,2
CHEMBL2386193,1
CHEMBL4473954,1
CHEMBL4566527,1
CHEMBL218312,1
CHEMBL4554819,2
CHEMBL210635,1
CHEMBL205091,2
CHEMBL381397,1
CHEMBL601604,2
CHEMBL363001,2
CHEMBL4077095,2
CHEMBL4226069,2
CHEMBL4439537,2
CHEMBL4435176,2
CHEMBL4558634,2
CHEMBL3814277,1
CHEMBL3814076,1
CHEMBL423900,1
CHEMBL3955057,2
CHEMBL3217232,1
CHEMBL3216337,1
CHEMBL3770021,1
CHEMBL4164370,1
CHEMBL4088845,2
CHEMBL92023,2
CHEMBL192282,1
CHEMBL3958032,1
CHEMBL4174971,1
CHEMBL4163896,1
CHEMBL4172838,1
CHEMBL4280379,2
CHEMBL1928415,1
CHEMBL428119,1
CHEMBL3827663,3
CHEMBL3824032,1
CHEMBL4467317,2
CHEMBL4177385,4
CHEMBL357756,1
CHEMBL4217623,1
CHEMBL4208882,1
CHEMBL2331691,1
CHEMBL2331696,1
CHEMBL4204349,1
CHEMBL4209545,1
CHEMBL4164635,2
CHEMBL4293212,3
CHEMBL4277517,3
CHEMBL4291809,2
CHEMBL4287850,1
CHEMBL4295103,1
CHEMBL4474176,2
CHEMBL2314235,1
CHEMBL35072,1
CHEMBL4794155,1
CHEMBL4794593,1
CHEMBL4551172,4
CHEMBL309119,1
CHEMBL218854,1
CHEMBL87198,1
CHEMBL2333002,2
CHEMBL2337384,1
CHEMBL215122,2
CHEMBL220527,1
CHEMBL497046,1
CHEMBL518839,1
CHEMBL458027,1
CHEMBL4442255,1
CHEMBL4459202,1
CHEMBL177699,1
CHEMBL483960,1
CHEMBL4539500,2
CHEMBL3215569,1
CHEMBL4076105,2
CHEMBL4076938,2
CHEMBL2314231,1
CHEMBL3216889,1
CHEMBL3217106,1
CHEMBL4102514,1
CHEMBL212783,1
CHEMBL3216031,1
CHEMBL4866264,1
CHEMBL411384,2
CHEMBL210684,1
CHEMBL3961818,1
CHEMBL207158,1
CHEMBL379122,2
CHEMBL3216454,1
CHEMBL3216456,1
CHEMBL239072,1
CHEMBL393935,1
CHEMBL238863,1
CHEMBL239548,1
CHEMBL239339,1
CHEMBL279962,1
CHEMBL4786336,2
CHEMBL4067581,2
CHEMBL4785374,1
CHEMBL64,4
CHEMBL564704,2
CHEMBL560430,2
CHEMBL2089266,1
CHEMBL2089267,1
CHEMBL4475662,1
CHEMBL2071257,2
CHEMBL578399,1
CHEMBL4440772,1
CHEMBL4582849,2
CHEMBL235528,1
CHEMBL4579400,1
CHEMBL2386133,1
CHEMBL2391095,2
CHEMBL2391243,1
CHEMBL2391247,2
CHEMBL2391251,1
CHEMBL3216142,1
CHEMBL572268,1
CHEMBL2063622,2
CHEMBL192807,1
CHEMBL4100864,2
CHEMBL410129,2
CHEMBL4457059,1
CHEMBL2431810,4
CHEMBL550201,1
CHEMBL4214805,1
CHEMBL207954,1
CHEMBL3219634,1
CHEMBL3220289,1
CHEMBL88684,2
CHEMBL274958,1
CHEMBL4087793,1
CHEMBL4076843,1
CHEMBL3218244,1
CHEMBL4168570,1
CHEMBL2431008,2
CHEMBL4163803,1
CHEMBL4467866,2
CHEMBL2337383,1
CHEMBL196053,1
CHEMBL370428,1
CHEMBL3217242,1
CHEMBL3216357,1
CHEMBL2314236,1
CHEMBL196418,1
CHEMBL204688,1
CHEMBL466108,1
CHEMBL493963,2
CHEMBL461234,1
CHEMBL4170733,1
CHEMBL1170359,2
CHEMBL1170173,2
CHEMBL1170115,2
CHEMBL1171972,1
CHEMBL4472892,1
CHEMBL4455030,1
CHEMBL4462018,1
CHEMBL374557,1
CHEMBL384638,1
CHEMBL425443,1
CHEMBL374411,1
CHEMBL1950473,2
CHEMBL4869552,2
CHEMBL3112869,2
CHEMBL4561646,1
CHEMBL4553286,4
CHEMBL3752878,2
CHEMBL4637573,2
CHEMBL4640096,2
CHEMBL4635719,2
CHEMBL4634462,2
CHEMBL4641754,1
CHEMBL4638969,1
CHEMBL4648000,1
CHEMBL1215754,2
CHEMBL1214919,1
CHEMBL1214988,1
CHEMBL1213982,1
CHEMBL1223809,1
CHEMBL1213983,1
CHEMBL1214039,1
CHEMBL2431489,2
CHEMBL4639428,2
CHEMBL505,2
CHEMBL1215602,1
CHEMBL1215308,1
CHEMBL1215501,1
CHEMBL517030,1
CHEMBL4463552,1
CHEMBL4449739,1
CHEMBL519110,1
CHEMBL598534,2
CHEMBL4587756,1
CHEMBL4473965,1
CHEMBL4518924,1
CHEMBL464816,1
CHEMBL489218,1
CHEMBL4469928,1
CHEMBL463212,1
CHEMBL2437276,1
CHEMBL2437280,1
CHEMBL4648893,2
CHEMBL4165076,1
CHEMBL4168330,1
CHEMBL3289670,1
CHEMBL3354290,1
CHEMBL1950463,2
CHEMBL4294447,1
CHEMBL4582902,2
CHEMBL4548932,2
CHEMBL4167080,1
CHEMBL4643828,1
CHEMBL2393338,1
CHEMBL4162427,1
CHEMBL2170022,4
CHEMBL2172622,1
CHEMBL4457727,4
CHEMBL4546943,1
CHEMBL4579546,1
CHEMBL4464553,3
CHEMBL4174900,1
CHEMBL4165037,1
CHEMBL4582426,1
CHEMBL4461822,1
CHEMBL5184491,3
CHEMBL5181480,3
CHEMBL4765057,1
CHEMBL4745336,2
CHEMBL4763690,2
CHEMBL4062455,2
CHEMBL4090665,2
CHEMBL4076513,2
CHEMBL4060904,2
CHEMBL4787446,1
CHEMBL2164252,2
CHEMBL4958873,3
CHEMBL5020058,4
CHEMBL4961462,4
CHEMBL336434,1
CHEMBL5288819,1
CHEMBL4971233,4
CHEMBL3104873,1
CHEMBL3116368,1
CHEMBL3088365,2
CHEMBL3739782,2
CHEMBL4757073,2
CHEMBL4790328,2
CHEMBL4745526,2
CHEMBL3235373,1
CHEMBL5206281,8
CHEMBL2181341,1
CHEMBL2035992,2
CHEMBL1951765,4
CHEMBL2062887,2
CHEMBL2377321,1
CHEMBL2377313,1
CHEMBL3740894,1
CHEMBL2391249,4
CHEMBL4855747,1
CHEMBL2322503,1
CHEMBL2322215,1
CHEMBL334308,2
CHEMBL2017473,1
CHEMBL2017475,1
CHEMBL2030027,2
CHEMBL2030029,2
CHEMBL2030042,1
CHEMBL2029355,1
CHEMBL2030050,1
CHEMBL2030051,2
CHEMBL2030053,2
CHEMBL2030038,4
CHEMBL2030039,2
CHEMBL2030304,2
CHEMBL2030313,2
CHEMBL2316512,2
CHEMBL2338119,1
CHEMBL5411798,1
CHEMBL5438634,2
CHEMBL4860130,1
CHEMBL2332993,2
CHEMBL2315080,2
CHEMBL2315377,2
CHEMBL2337382,1
CHEMBL3358135,1
CHEMBL4637890,1
CHEMBL3325777,1
CHEMBL3325928,1
CHEMBL3321967,2
CHEMBL3321970,2
CHEMBL4213280,1
CHEMBL3354447,3
CHEMBL1774620,1
CHEMBL1770671,2
CHEMBL3298962,2
CHEMBL145445,2
CHEMBL3353685,2
CHEMBL3326566,1
CHEMBL2431521,2
CHEMBL2431510,2
CHEMBL2431508,2
CHEMBL2435707,1
CHEMBL3115459,1
CHEMBL3354455,3
CHEMBL3116044,2
CHEMBL22148,2
CHEMBL4169929,1
CHEMBL4800372,1
CHEMBL2172621,2
CHEMBL4527310,2
CHEMBL4581351,2
CHEMBL4542982,2
CHEMBL5398610,2
CHEMBL5431921,2
CHEMBL4175695,1
CHEMBL5267949,1
CHEMBL4637842,1
CHEMBL3221171,1
CHEMBL5267580,2
CHEMBL5269909,3
CHEMBL5271689,4
CHEMBL2377324,1
CHEMBL2377303,1
CHEMBL2377297,1
CHEMBL3786120,1
CHEMBL3221655,1
CHEMBL4871534,2
CHEMBL3781870,1
CHEMBL1946739,1
CHEMBL3235647,2
CHEMBL3235629,1
CHEMBL3353299,1
CHEMBL3353313,1
CHEMBL5275908,1
CHEMBL5291291,1
CHEMBL5285111,2
CHEMBL4075459,2
CHEMBL5407065,2
CHEMBL5312039,4
CHEMBL4876043,1
CHEMBL2431492,2
CHEMBL2337379,1
CHEMBL4799713,1
CHEMBL2022216,1
CHEMBL3326291,1
CHEMBL4088527,2
CHEMBL208971,1
CHEMBL1951752,1
CHEMBL381862,1
CHEMBL3309600,1
CHEMBL383559,1
CHEMBL2331634,1
CHEMBL2368492,1
CHEMBL203757,1
CHEMBL198765,1
CHEMBL1215531,1
CHEMBL1213516,1
CHEMBL1213852,1
CHEMBL1213928,1
CHEMBL1213981,1
CHEMBL1214173,1
CHEMBL1088956,1
CHEMBL1088961,1
CHEMBL3216794,1
CHEMBL4641307,1
CHEMBL3311431,2
CHEMBL4635524,1
CHEMBL2435541,2
CHEMBL3416381,1
CHEMBL3337963,1
CHEMBL3337960,1
CHEMBL2430903,1
CHEMBL2430906,1
CHEMBL3261884,1
CHEMBL3288194,1
CHEMBL3288189,1
CHEMBL1214916,1
CHEMBL3309527,2
CHEMBL2414258,2
CHEMBL2381813,1
CHEMBL2414259,2
CHEMBL3319141,1
CHEMBL3319135,1
CHEMBL4582854,2
CHEMBL2419642,3
CHEMBL4571014,2
CHEMBL2381933,1
CHEMBL2381926,1
CHEMBL4548249,2
CHEMBL3098952,1
CHEMBL4530972,1
CHEMBL2391953,1
CHEMBL4458814,1
CHEMBL1215424,1
CHEMBL1215425,1
CHEMBL1215499,1
CHEMBL1215638,1
CHEMBL1257119,2
CHEMBL1256875,7
CHEMBL2029760,1
CHEMBL4961823,3
CHEMBL4948310,4
CHEMBL4958948,3
CHEMBL4924783,4
CHEMBL4974168,4
CHEMBL4916410,3
CHEMBL5274883,2
CHEMBL480709,1
CHEMBL1223942,1
CHEMBL5283170,3
CHEMBL5286129,3
CHEMBL5288216,3
CHEMBL5273453,2
CHEMBL5278533,1
CHEMBL5274018,1
CHEMBL5276997,1
CHEMBL5285811,2
CHEMBL5270134,2
CHEMBL1395058,1
CHEMBL4074551,2
CHEMBL391560,1
CHEMBL1256980,1
CHEMBL1278210,1
CHEMBL1277133,1
CHEMBL4285728,1
CHEMBL4289565,1
CHEMBL5414338,1
CHEMBL5428205,2
CHEMBL393695,1
CHEMBL3217097,1
CHEMBL3216647,1
CHEMBL3892241,1
CHEMBL5395050,2
CHEMBL219009,1
CHEMBL219395,1
CHEMBL220330,1
CHEMBL219397,1
CHEMBL1290774,1
CHEMBL1289222,2
CHEMBL3706808,1
CHEMBL501691,1
CHEMBL1278081,1
CHEMBL2334426,1
CHEMBL2333000,2
CHEMBL2332992,2
CHEMBL2333009,2
CHEMBL2333008,2
CHEMBL433945,1
CHEMBL2337376,1
CHEMBL2381691,2
CHEMBL4125808,2
CHEMBL4169895,1
CHEMBL4088317,1
CHEMBL4168910,2
CHEMBL2408983,1
CHEMBL2408809,1
CHEMBL143977,2
CHEMBL397383,1
CHEMBL2418403,1
CHEMBL2414901,1
CHEMBL2414892,1
CHEMBL3216087,1
CHEMBL1668792,1
CHEMBL1668799,1
CHEMBL2441171,1
CHEMBL3104421,1
CHEMBL2441158,1
CHEMBL3116045,2
CHEMBL404136,1
CHEMBL3116041,1
CHEMBL596112,1
CHEMBL2431481,2
CHEMBL511805,1
CHEMBL1796559,2
CHEMBL2435551,2
CHEMBL1800834,1
CHEMBL3115466,1
CHEMBL3115460,1
CHEMBL593737,2
CHEMBL596442,1
CHEMBL1802863,1
CHEMBL1800561,1
CHEMBL445817,1
CHEMBL443678,1
CHEMBL478913,1
CHEMBL520518,1
CHEMBL504565,1
CHEMBL5282839,1
CHEMBL3109558,1
CHEMBL3109545,1
CHEMBL1215707,1
CHEMBL1215708,1
CHEMBL1215774,1
CHEMBL441441,1
CHEMBL5178757,2
CHEMBL5404339,2
CHEMBL4098940,4
CHEMBL5270744,2
CHEMBL60085,1
CHEMBL236430,1
CHEMBL235839,1
CHEMBL391462,1
CHEMBL239290,1
CHEMBL239073,1
CHEMBL393934,1
CHEMBL395407,1
CHEMBL399403,1
CHEMBL213431,1
CHEMBL5405511,2
CHEMBL5312384,4
CHEMBL5314116,3
CHEMBL3187149,4
CHEMBL261388,1
CHEMBL243288,1
CHEMBL271808,1
CHEMBL3605029,2
CHEMBL444503,1
CHEMBL512802,2
CHEMBL5288016,1
CHEMBL5266812,1
CHEMBL5277573,1
CHEMBL1812876,2
CHEMBL1812899,2
CHEMBL1813074,1
CHEMBL3597346,2
CHEMBL405741,1
CHEMBL418246,1
CHEMBL3601507,1
CHEMBL3601501,1
CHEMBL319756,2
CHEMBL5076421,1
CHEMBL2316646,1
CHEMBL214434,1
CHEMBL214493,1
CHEMBL1834674,2
CHEMBL2374258,1
CHEMBL52634,1
CHEMBL1770811,1
CHEMBL1770921,1
CHEMBL1770924,1
CHEMBL1770930,1
CHEMBL1770932,1
CHEMBL1770935,1
CHEMBL1770815,2
CHEMBL1780203,2
CHEMBL2030017,1
CHEMBL4760050,2
CHEMBL152635,4
CHEMBL165502,1
CHEMBL1689615,1
CHEMBL377818,1
CHEMBL213047,1
CHEMBL152886,1
CHEMBL2437289,1
CHEMBL4207992,2
CHEMBL1682588,3
CHEMBL173684,1
CHEMBL369038,1
CHEMBL4799849,2
CHEMBL381353,1
CHEMBL204816,1
CHEMBL4924509,4
CHEMBL1401717,4
CHEMBL3291399,4
CHEMBL5313438,4
CHEMBL1774693,2
CHEMBL597163,2
CHEMBL5182353,2
CHEMBL236491,3
CHEMBL5272376,1
CHEMBL5276330,1
CHEMBL5284125,1
CHEMBL1673065,1
CHEMBL5274301,1
CHEMBL5280213,1
CHEMBL5271622,1
CHEMBL289684,1
CHEMBL1651054,1
CHEMBL4632605,1
CHEMBL2314637,1
CHEMBL5075164,2
CHEMBL5078408,2
CHEMBL5082146,2
CHEMBL5078957,2
CHEMBL608137,1
CHEMBL2338122,1
CHEMBL5434186,1
CHEMBL1224205,1
CHEMBL1275822,1
CHEMBL550484,2
CHEMBL2334382,2
CHEMBL1223865,1
CHEMBL2336170,2
CHEMBL2332995,2
CHEMBL2314392,1
CHEMBL2331698,1
CHEMBL134615,1
CHEMBL1774621,1
CHEMBL1822425,1
CHEMBL1822426,1
CHEMBL1822431,1
CHEMBL1782667,1
CHEMBL2368859,1
CHEMBL4126477,1
CHEMBL4209684,1
CHEMBL607802,1
CHEMBL4208831,1
CHEMBL429476,1
CHEMBL3764554,3
CHEMBL3764086,1
CHEMBL4092130,2
CHEMBL607530,1
CHEMBL5187624,2
CHEMBL545853,3
CHEMBL3637875,3
CHEMBL5416313,2
CHEMBL5398010,6
CHEMBL2207692,2
CHEMBL548417,3
CHEMBL467401,1
CHEMBL146945,1
CHEMBL1215766,1
CHEMBL1215383,1
CHEMBL140028,1
CHEMBL3760015,3
CHEMBL368594,1
CHEMBL1210089,1
CHEMBL1210145,1
CHEMBL2089230,2
CHEMBL2089233,2
CHEMBL2334045,2
CHEMBL2332998,2
CHEMBL1834217,1
CHEMBL2071297,2
CHEMBL2334381,1
CHEMBL2334378,2
CHEMBL2334376,2
CHEMBL1275823,1
CHEMBL4780454,2
CHEMBL419873,2
CHEMBL5094188,2
CHEMBL4798730,1
CHEMBL4749235,1
CHEMBL4744628,1
CHEMBL4779328,1
CHEMBL4745983,1
CHEMBL220489,2
CHEMBL3215644,1
CHEMBL2063017,2
CHEMBL4752324,1
CHEMBL4761169,1
CHEMBL4750907,1
CHEMBL1277112,2
CHEMBL1277018,2
CHEMBL5283963,2
CHEMBL5267878,2
CHEMBL5430159,2
CHEMBL5394393,2
CHEMBL5429299,2
CHEMBL1077553,1
CHEMBL2063626,2
CHEMBL479931,4
CHEMBL4866349,1
CHEMBL4860150,1
CHEMBL4213148,1
CHEMBL4544100,2
CHEMBL4848607,1
CHEMBL3238464,1
CHEMBL4534018,1
CHEMBL4845991,1
CHEMBL1643379,1
CHEMBL1689614,1
CHEMBL401933,2
CHEMBL4448123,2
CHEMBL4529110,1
CHEMBL581177,1
CHEMBL378812,1
CHEMBL197622,1
CHEMBL1928657,1
CHEMBL4550755,1
CHEMBL378834,1
CHEMBL218388,1
CHEMBL219109,1
CHEMBL218531,1
CHEMBL222017,1
CHEMBL222016,1
CHEMBL223148,1
CHEMBL218335,2
CHEMBL139805,3
CHEMBL218495,2
CHEMBL235896,1
CHEMBL1203947,1
CHEMBL396435,1
CHEMBL235534,1
CHEMBL237429,1
CHEMBL236321,1
CHEMBL403991,1
CHEMBL1420319,1
CHEMBL253757,2
CHEMBL5401652,2
CHEMBL5420542,2
CHEMBL5401736,2
CHEMBL5437832,2
CHEMBL398939,1
CHEMBL5309650,4
CHEMBL5313097,4
CHEMBL185023,1
CHEMBL183363,1
CHEMBL4747730,1
CHEMBL1288763,3
CHEMBL62074,2
CHEMBL3098604,1
CHEMBL2316510,2
CHEMBL2316507,2
CHEMBL1818633,1
CHEMBL3216571,1
CHEMBL1796415,2
CHEMBL562773,3
CHEMBL327475,1
CHEMBL187788,1
CHEMBL4206225,1
CHEMBL4215008,1
CHEMBL371125,1
CHEMBL408541,1
CHEMBL1688646,1
CHEMBL1688684,1
CHEMBL1687953,1
CHEMBL595533,2
CHEMBL4212814,1
CHEMBL4218604,1
CHEMBL4207476,1
CHEMBL344327,1
CHEMBL559073,2
CHEMBL565121,2
CHEMBL3084786,1
CHEMBL541585,7
CHEMBL484194,1
CHEMBL3828742,1
CHEMBL364090,1
CHEMBL600894,1
CHEMBL529610,3
CHEMBL267274,3
CHEMBL598495,1
CHEMBL580794,3
CHEMBL546400,3
CHEMBL611077,3
CHEMBL5196773,2
CHEMBL2041981,2
CHEMBL2041974,2
CHEMBL582371,3
CHEMBL303927,1
CHEMBL3137620,1
CHEMBL3137631,1
CHEMBL3137636,1
CHEMBL5189218,1
CHEMBL3765776,1
CHEMBL3765605,1
CHEMBL190681,1
CHEMBL1256182,6
CHEMBL4072718,2
CHEMBL4127962,1
CHEMBL4128432,1
CHEMBL4159551,1
CHEMBL4173937,1
CHEMBL215714,1
CHEMBL379577,1
CHEMBL211189,2
CHEMBL4176608,2
CHEMBL4167949,2
CHEMBL4163393,2
CHEMBL1215345,1
CHEMBL4174173,2
CHEMBL1214460,1
CHEMBL1223569,1
CHEMBL4083454,2
CHEMBL1780232,1
CHEMBL4214452,1
CHEMBL1082119,1
CHEMBL2012954,2
CHEMBL1822435,1
CHEMBL3216529,1
CHEMBL3216103,1
CHEMBL1807632,1
CHEMBL1807636,2
CHEMBL1807749,1
CHEMBL3216750,1
CHEMBL3217179,1
CHEMBL1760521,1
CHEMBL1834886,1
CHEMBL1950998,1
CHEMBL1951004,1
CHEMBL3354289,1
CHEMBL3603864,1
CHEMBL4755154,1
CHEMBL2023834,2
CHEMBL3593458,2
CHEMBL2021965,1
CHEMBL2030495,1
CHEMBL2030327,2
CHEMBL2022224,1
CHEMBL3581792,1
CHEMBL1928649,1
CHEMBL2436076,2
CHEMBL2435443,1
CHEMBL218467,1
CHEMBL4744422,1
CHEMBL3216648,1
CHEMBL3216420,1
CHEMBL556764,1
CHEMBL237428,1
CHEMBL236529,1
CHEMBL2316648,1
CHEMBL2315081,2
CHEMBL2315384,2
CHEMBL2316644,1
CHEMBL2316656,1
CHEMBL407484,1
CHEMBL203130,1
CHEMBL3601506,1
CHEMBL3600397,1
CHEMBL3601502,1
CHEMBL3601867,1
CHEMBL3127259,2
CHEMBL3127249,2
CHEMBL3600961,1
CHEMBL419060,1
CHEMBL1086475,1
CHEMBL1917537,1
CHEMBL502427,1
CHEMBL2237912,2
CHEMBL3217252,1
CHEMBL91857,2
CHEMBL1947240,1
CHEMBL1278170,1
CHEMBL1278083,1
CHEMBL2408420,2
CHEMBL2419450,2
CHEMBL2207703,1
CHEMBL2207699,1
CHEMBL2381685,2
CHEMBL4529009,5
CHEMBL3289168,1
CHEMBL2311802,1
CHEMBL4779915,1
CHEMBL3289811,2
CHEMBL595024,1
CHEMBL5196663,1
CHEMBL609912,2
CHEMBL3353304,1
CHEMBL453011,1
CHEMBL5269018,2
CHEMBL5267334,1
CHEMBL2409003,1
CHEMBL2408987,1
CHEMBL2408801,2
CHEMBL2408990,3
CHEMBL5198208,2
CHEMBL1950423,1
CHEMBL2414895,1
CHEMBL1941014,1
CHEMBL2407847,3
CHEMBL4641750,1
CHEMBL2058024,1
CHEMBL2414260,2
CHEMBL453487,1
CHEMBL2337295,1
CHEMBL479808,1
CHEMBL2335725,2
CHEMBL2331695,1
CHEMBL4215588,1
CHEMBL1651053,1
CHEMBL595862,2
CHEMBL594622,1
CHEMBL2324442,1
CHEMBL258319,1
CHEMBL443441,1
CHEMBL1255649,4
CHEMBL1256186,7
CHEMBL2012821,2
CHEMBL2012827,2
CHEMBL374275,2
CHEMBL174540,1
CHEMBL2435695,1
CHEMBL3099600,1
CHEMBL3104740,1
CHEMBL3104732,1
CHEMBL3133566,1
CHEMBL1215498,1
CHEMBL1215639,1
CHEMBL1215773,1
CHEMBL322,1
CHEMBL1213518,1
CHEMBL1213558,1
CHEMBL172017,1
CHEMBL1214041,1
CHEMBL1812885,2
CHEMBL1813083,2
CHEMBL1813093,2
CHEMBL2012965,2
CHEMBL5289043,2
CHEMBL303604,2
CHEMBL5274225,1
CHEMBL5281990,3
CHEMBL277791,1
CHEMBL4753016,1
CHEMBL4750125,2
CHEMBL4796505,2
CHEMBL219541,2
CHEMBL5191298,1
CHEMBL5170477,1
CHEMBL5207229,2
CHEMBL5434143,3
CHEMBL173625,1
CHEMBL2042189,1
CHEMBL1774640,3
CHEMBL5412287,2
CHEMBL125662,1
CHEMBL176361,1
CHEMBL5079302,1
CHEMBL296917,1
CHEMBL194262,1
CHEMBL376931,1
CHEMBL424711,1
CHEMBL215698,1
CHEMBL1770675,2
CHEMBL3215799,1
CHEMBL1834215,1
CHEMBL608122,2
CHEMBL55396,1
CHEMBL4799168,1
CHEMBL4745731,2
CHEMBL3133576,1
CHEMBL4749132,1
CHEMBL4754350,1
CHEMBL1934540,1
CHEMBL4751135,1
CHEMBL1171275,1
CHEMBL1927110,1
CHEMBL177995,1
CHEMBL177301,1
CHEMBL368138,1
CHEMBL2041988,2
CHEMBL2041982,2
CHEMBL2041977,2
CHEMBL5178907,1
CHEMBL4940479,5
CHEMBL4924092,5
CHEMBL4948482,5
CHEMBL4905954,4
CHEMBL4919051,4
CHEMBL4918573,3
CHEMBL5014726,4
CHEMBL4896677,3
CHEMBL4984920,4
CHEMBL4974808,3
CHEMBL4986477,3
CHEMBL4987660,3
CHEMBL4909561,5
CHEMBL4923196,5
CHEMBL4896774,3
CHEMBL1951003,1
CHEMBL4925204,3
CHEMBL4953253,4
CHEMBL4902406,3
CHEMBL4955065,3
CHEMBL4970296,3
CHEMBL5013729,4
CHEMBL5024400,4
CHEMBL4929071,5
CHEMBL4962851,4
CHEMBL5000937,4
CHEMBL4942716,4
CHEMBL4928597,2
CHEMBL4092290,2
CHEMBL5288525,1
CHEMBL5271706,1
CHEMBL5285007,1
CHEMBL5280189,1
CHEMBL5286230,1
CHEMBL5282472,1
CHEMBL4645576,2
CHEMBL1170521,1
CHEMBL370274,1
CHEMBL54899,1
CHEMBL3918955,1
CHEMBL368789,1
CHEMBL5420534,1
CHEMBL330123,1
CHEMBL89599,1
CHEMBL5418267,1
CHEMBL5425818,2
CHEMBL5423750,2
CHEMBL5404021,2
CHEMBL5425928,1
CHEMBL5402483,1
CHEMBL5436638,1
CHEMBL5435379,1
CHEMBL5430800,2
CHEMBL5431216,2
CHEMBL5438028,2
CHEMBL5421950,1
CHEMBL5422128,1
CHEMBL5411087,1
CHEMBL5429869,1
CHEMBL5272909,4
CHEMBL5439273,2
CHEMBL329401,1
CHEMBL5399629,2
CHEMBL5406630,2
CHEMBL4793038,3
CHEMBL594909,1
CHEMBL2374204,1
CHEMBL2337355,3
CHEMBL458512,3
CHEMBL272090,1
CHEMBL2368043,1
CHEMBL556259,2
CHEMBL333346,1
CHEMBL326696,2
CHEMBL21407,1
CHEMBL520013,1
CHEMBL456434,1
CHEMBL2418401,2
CHEMBL2414903,1
CHEMBL2414894,1
CHEMBL2402783,3
CHEMBL380213,1
CHEMBL5402567,6
CHEMBL450614,1
CHEMBL486380,1
CHEMBL10059,1
CHEMBL87,1
CHEMBL5284236,1
CHEMBL3261882,1
CHEMBL5179268,1
CHEMBL293578,1
CHEMBL91276,1
CHEMBL89718,1
CHEMBL3393869,2
CHEMBL5269213,2
CHEMBL5431896,1
CHEMBL5269022,1
CHEMBL5271454,1
CHEMBL5285675,1
CHEMBL3329586,2
CHEMBL5419194,2
CHEMBL5432614,2
CHEMBL5313414,3
CHEMBL1668536,1
CHEMBL1668524,1
CHEMBL3329592,2
CHEMBL83812,1
CHEMBL3124990,1
CHEMBL3037970,1
CHEMBL3120290,2
CHEMBL3120291,2
CHEMBL3120283,2
CHEMBL4438369,1
CHEMBL4435407,1
CHEMBL410597,1
CHEMBL1682444,3
CHEMBL4647202,1
CHEMBL4642570,1
CHEMBL3593460,2
CHEMBL3588898,1
CHEMBL3593599,2
CHEMBL5200368,1
CHEMBL5313208,4
CHEMBL1780021,1
CHEMBL5182840,1
CHEMBL5407898,1
CHEMBL5438876,1
CHEMBL3344523,3
CHEMBL3344532,2
CHEMBL1851618,1
CHEMBL3601845,1
CHEMBL3601849,1
CHEMBL3603992,1
CHEMBL5310841,3
CHEMBL3314080,1
CHEMBL3314081,1
CHEMBL1835276,1
CHEMBL4992313,4
CHEMBL5009340,3
CHEMBL4895348,4
CHEMBL1567457,3
CHEMBL4903649,4
CHEMBL4912480,3
CHEMBL4902402,4
CHEMBL5007122,4
CHEMBL4964320,4
CHEMBL4967930,4
CHEMBL577941,1
CHEMBL3215791,1
CHEMBL571875,1
CHEMBL5000464,4
CHEMBL2437290,1
CHEMBL593094,1
CHEMBL4748331,1
CHEMBL4750089,1
CHEMBL4779566,1
CHEMBL2435784,1
CHEMBL5310678,3
CHEMBL2431496,2
CHEMBL590126,1
CHEMBL3319128,1
CHEMBL4746774,1
CHEMBL4754196,1
CHEMBL598595,1
CHEMBL610496,2
CHEMBL4066816,2
CHEMBL1946691,1
CHEMBL1946885,1
CHEMBL518134,1
CHEMBL5407771,2
CHEMBL570627,2
CHEMBL3581848,1
CHEMBL609274,1
CHEMBL5432598,2
CHEMBL602556,1
CHEMBL591981,1
CHEMBL2334009,1
CHEMBL1946889,1
CHEMBL4163366,2
CHEMBL4210680,1
CHEMBL4208110,1
CHEMBL2035991,2
CHEMBL4207613,1
CHEMBL4217400,1
CHEMBL2063624,2
CHEMBL236785,1
CHEMBL3401413,1
CHEMBL4100314,2
CHEMBL3416991,2
CHEMBL5203010,1
CHEMBL5189963,1
CHEMBL2435700,1
CHEMBL2047185,2
CHEMBL2442607,1
CHEMBL2063619,2
CHEMBL2430908,2
CHEMBL4642326,2
CHEMBL4635665,2
CHEMBL4633139,2
CHEMBL4643901,1
CHEMBL4642147,1
CHEMBL4643156,1
CHEMBL4649215,1
CHEMBL4639076,1
CHEMBL4649433,1
CHEMBL4648455,1
CHEMBL2435761,1
CHEMBL2434977,1
CHEMBL2435749,1
CHEMBL2435763,1
CHEMBL7709,1
CHEMBL3093742,1
CHEMBL2420132,1
CHEMBL2420130,1
CHEMBL3314994,1
CHEMBL2391253,1
CHEMBL3215704,1
CHEMBL2041947,1
CHEMBL1509802,1
CHEMBL2089268,1
CHEMBL1760011,1
CHEMBL2408811,3
CHEMBL1761030,1
CHEMBL1760398,1
CHEMBL1760508,1
CHEMBL2413885,3
CHEMBL2413883,3
CHEMBL2063020,2
CHEMBL2058094,2
CHEMBL2041989,2
CHEMBL385239,2
CHEMBL1927491,2
CHEMBL3353309,1
CHEMBL3353317,1
CHEMBL1927118,1
CHEMBL1927123,1
CHEMBL3261931,1
CHEMBL116204,3
CHEMBL317050,1
CHEMBL4227778,2
CHEMBL3349379,1
CHEMBL3216513,1
CHEMBL1668756,1
CHEMBL1668758,1
CHEMBL1667873,1
CHEMBL2381688,2
CHEMBL2377299,1
CHEMBL2377296,1
CHEMBL286905,2
CHEMBL346634,1
CHEMBL2181484,2
CHEMBL2089259,1
CHEMBL2089260,1
CHEMBL3235642,2
CHEMBL89213,1
CHEMBL5309926,4
CHEMBL1835175,1
CHEMBL3628967,1
CHEMBL52664,1
CHEMBL3735199,2
CHEMBL93291,6
CHEMBL67004,1
CHEMBL426045,1
CHEMBL4981903,4
CHEMBL4971493,4
CHEMBL48082,6
CHEMBL3426264,4
CHEMBL1770677,2
CHEMBL1089896,2
CHEMBL3417370,1
CHEMBL3218335,1
CHEMBL3218342,1
CHEMBL3084846,2
CHEMBL5425176,1
CHEMBL5430341,1
CHEMBL5428303,1
CHEMBL5414493,1
CHEMBL1197614,1
CHEMBL5407614,1
CHEMBL5406946,1
CHEMBL5431906,1
CHEMBL467814,1
CHEMBL3121588,1
CHEMBL2334027,1
CHEMBL2334402,1
CHEMBL3120269,2
CHEMBL3215856,1
CHEMBL2029588,1
CHEMBL2029592,1
CHEMBL2029740,1
CHEMBL2029743,1
CHEMBL2029745,1
CHEMBL2029750,1
CHEMBL1834211,1
CHEMBL1835292,1
CHEMBL1835277,1
CHEMBL608955,1
CHEMBL1173759,1
CHEMBL1173074,1
CHEMBL1173294,1
CHEMBL587161,3
CHEMBL4086502,1
CHEMBL1950997,1
CHEMBL4062854,1
CHEMBL3637879,3
CHEMBL5206200,1
CHEMBL1946689,1
CHEMBL1946883,1
CHEMBL1214695,1
CHEMBL1214743,1
CHEMBL1278082,1
CHEMBL1272117,2
CHEMBL5218669,2
CHEMBL5219148,2
CHEMBL1171633,1
CHEMBL3127258,2
CHEMBL3127257,2
CHEMBL3127254,2
CHEMBL2063971,1
CHEMBL3706807,1
CHEMBL4796854,1
CHEMBL1278172,1
CHEMBL2431501,2
CHEMBL2431488,2
CHEMBL121537,2
CHEMBL2042182,1
CHEMBL4061342,1
CHEMBL2234191,1
CHEMBL236695,2
CHEMBL1950426,1
CHEMBL524771,4
CHEMBL2062888,2
CHEMBL2058101,2
CHEMBL1256788,7
CHEMBL1633,6
CHEMBL1256740,7
CHEMBL1257002,7
CHEMBL552233,1
CHEMBL1078969,1
CHEMBL1201082,6
CHEMBL520992,7
CHEMBL1172122,2
CHEMBL123349,2
CHEMBL1171969,1
CHEMBL1256666,7
CHEMBL1099227,1
CHEMBL2041953,1
CHEMBL2041766,3
CHEMBL1773910,1
CHEMBL1094272,1
CHEMBL1256851,7
CHEMBL1256950,1
CHEMBL1090646,1
CHEMBL1093338,1
CHEMBL1093157,1
CHEMBL1093028,1
CHEMBL3216538,1
CHEMBL476423,2
CHEMBL1668817,1
CHEMBL1668820,1
CHEMBL138060,1
CHEMBL3238543,1
CHEMBL2435439,1
CHEMBL2435438,1
CHEMBL2435428,1
CHEMBL2435421,1
CHEMBL4176583,1
CHEMBL4176587,1
CHEMBL2207902,1
CHEMBL2207906,1
CHEMBL4169407,2
CHEMBL2435760,1
CHEMBL2435759,1
CHEMBL2435756,1
CHEMBL2435750,1
CHEMBL2435766,1
CHEMBL2435782,1
CHEMBL4167353,1
CHEMBL1271956,2
CHEMBL370373,1
CHEMBL4100378,2
CHEMBL1928853,2
CHEMBL1941007,1
CHEMBL1941009,1
CHEMBL546789,2
CHEMBL218689,2
CHEMBL404321,5
CHEMBL4086037,1
CHEMBL1668801,1
CHEMBL1668806,1
CHEMBL1668811,1
CHEMBL3797375,1
CHEMBL1289883,2
CHEMBL1289884,2
CHEMBL1669066,1
CHEMBL4984628,5
CHEMBL4992688,4
CHEMBL5285393,2
CHEMBL1774626,3
CHEMBL5313549,4
CHEMBL1796548,2
CHEMBL5434874,2
CHEMBL1276916,1
CHEMBL5199254,1
CHEMBL1076013,1
CHEMBL5173933,1
CHEMBL1770812,1
CHEMBL1770929,1
CHEMBL1770934,1
CHEMBL1780199,2
CHEMBL1780191,1
CHEMBL1780019,1
CHEMBL2041764,1
CHEMBL1770682,2
CHEMBL3309598,2
CHEMBL3309577,2
CHEMBL3309601,1
CHEMBL1668796,1
CHEMBL1783991,1
CHEMBL1782669,1
CHEMBL2042573,1
CHEMBL2071256,2
CHEMBL2071263,2
CHEMBL2071269,2
CHEMBL1950989,1
CHEMBL2049229,1
CHEMBL2049230,1
CHEMBL2041983,2
CHEMBL2049234,1
CHEMBL2431500,2
CHEMBL2042177,2
CHEMBL2042183,1
CHEMBL1939683,1
CHEMBL2024435,2
CHEMBL2024445,2
CHEMBL164129,1
CHEMBL1215530,1
CHEMBL1223944,1
CHEMBL3260667,1
CHEMBL3416980,1
CHEMBL3416984,1
CHEMBL3416992,2
CHEMBL1822420,1
CHEMBL1822423,1
CHEMBL527297,3
CHEMBL580702,3
CHEMBL366403,2
CHEMBL4062700,2
CHEMBL4098227,2
CHEMBL244657,2
CHEMBL66783,1
CHEMBL321238,2
CHEMBL1276917,1
CHEMBL3221653,1
CHEMBL303659,1
CHEMBL599414,1
CHEMBL1272068,1
CHEMBL1668809,1
CHEMBL98293,1
CHEMBL1934546,1
CHEMBL66573,2
CHEMBL172918,1
CHEMBL1939610,1
CHEMBL420817,1
CHEMBL568057,1
CHEMBL567643,1
CHEMBL581889,2
CHEMBL485235,1
CHEMBL152137,1
CHEMBL219077,1
CHEMBL516390,1
CHEMBL139289,1
CHEMBL598596,2
CHEMBL3216253,1
CHEMBL3133767,4
CHEMBL3120840,1
CHEMBL1950990,1
CHEMBL3238537,1
CHEMBL3288191,1
CHEMBL152266,2
CHEMBL378518,1
CHEMBL47585,1
CHEMBL211516,1
CHEMBL576251,1
CHEMBL3215795,1
CHEMBL3216463,1
CHEMBL3216459,1
CHEMBL1290595,1
CHEMBL1496351,7
CHEMBL593073,1
CHEMBL594623,1
CHEMBL3115706,1
CHEMBL362863,7
CHEMBL402847,1
CHEMBL556258,1
CHEMBL564346,2
CHEMBL2380326,2
CHEMBL605728,1
CHEMBL591980,1
CHEMBL3234416,1
CHEMBL1774614,1
CHEMBL1774686,1
CHEMBL3221786,2
CHEMBL381059,1
CHEMBL3219640,1
CHEMBL4467846,2
CHEMBL4474834,2
CHEMBL1761044,1
CHEMBL1761012,1
CHEMBL2207702,1
CHEMBL4448718,2
CHEMBL4438946,2
CHEMBL4462697,2
CHEMBL4558214,2
CHEMBL577070,1
CHEMBL3617452,2
CHEMBL3617329,1
CHEMBL2387269,2
CHEMBL2391952,1
CHEMBL2391957,1
CHEMBL430041,1
CHEMBL1950986,1
CHEMBL1951002,1
CHEMBL1290714,1
CHEMBL1946692,1
CHEMBL365520,1
CHEMBL191789,1
CHEMBL553445,1
CHEMBL513260,1
CHEMBL458204,1
CHEMBL91215,1
CHEMBL450313,1
CHEMBL452665,1
CHEMBL509074,1
CHEMBL445014,1
CHEMBL445867,1
CHEMBL505811,1
CHEMBL486811,1
CHEMBL1258320,1
CHEMBL3222268,1
CHEMBL4285375,1
CHEMBL3628400,1
CHEMBL455518,1
CHEMBL1086434,1
CHEMBL576477,1
CHEMBL1275726,1
CHEMBL4436422,1
CHEMBL4515412,1
CHEMBL4533156,1
CHEMBL4471135,1
CHEMBL4086966,1
CHEMBL451641,1
CHEMBL1276868,1
CHEMBL1277318,1
CHEMBL3084790,1
CHEMBL3084785,1
CHEMBL3084788,1
CHEMBL596333,6
CHEMBL1917543,1
CHEMBL122587,1
CHEMBL479212,1
CHEMBL442578,1
CHEMBL557703,1
CHEMBL558301,1
CHEMBL556511,1
CHEMBL562402,1
CHEMBL1944816,1
CHEMBL493064,1
CHEMBL482274,1
CHEMBL497705,1
CHEMBL3125000,2
CHEMBL3124941,2
CHEMBL69507,1
CHEMBL3109534,1
CHEMBL3109531,1
CHEMBL3109528,1
CHEMBL1835182,1
CHEMBL3217270,1
CHEMBL3120849,1
CHEMBL2334051,2
CHEMBL3409902,1
CHEMBL3416734,1
CHEMBL3416745,1
CHEMBL274670,1
CHEMBL325991,2
CHEMBL3116379,1
CHEMBL3116394,1
CHEMBL512200,1
CHEMBL458203,1
CHEMBL562098,2
CHEMBL551552,1
CHEMBL21408,1
CHEMBL22405,1
CHEMBL36758,1
CHEMBL3144164,3
CHEMBL3216531,2
CHEMBL1834947,1
CHEMBL3408756,1
CHEMBL35205,1
CHEMBL3417443,1
CHEMBL3417371,1
CHEMBL458213,1
CHEMBL365742,1
CHEMBL571770,2
CHEMBL4062810,1
CHEMBL4069733,2
CHEMBL3215800,1
CHEMBL22357,1
CHEMBL330847,1
CHEMBL4085214,1
CHEMBL4060076,1
CHEMBL4071448,1
CHEMBL2391945,1
CHEMBL2391940,1
CHEMBL2391941,1
CHEMBL3098963,2
CHEMBL3098958,2
CHEMBL3098956,1
CHEMBL3038043,1
CHEMBL593688,1
CHEMBL3238536,1
CHEMBL578046,1
CHEMBL567860,1
CHEMBL111746,1
CHEMBL440892,1
CHEMBL3099045,1
CHEMBL3098967,1
CHEMBL3098966,1
CHEMBL3098953,1
CHEMBL4782523,1
CHEMBL446533,1
CHEMBL4065993,2
CHEMBL4793788,1
CHEMBL4877315,2
CHEMBL282275,1
CHEMBL3416373,1
CHEMBL3416379,1
CHEMBL3416388,1
CHEMBL4639976,3
CHEMBL3288914,1
CHEMBL3288921,1
CHEMBL3288925,1
CHEMBL3781365,1
CHEMBL3780012,1
CHEMBL1765480,1
CHEMBL1773911,1
CHEMBL1761016,1
CHEMBL1256925,1
CHEMBL1237164,7
CHEMBL878,1
CHEMBL3977530,1
CHEMBL3969139,2
CHEMBL3354294,1
CHEMBL3354292,1
CHEMBL2368872,2
CHEMBL1275764,1
CHEMBL3577191,2
CHEMBL3577187,1
CHEMBL2408433,1
CHEMBL1807209,1
CHEMBL1927693,2
CHEMBL1835285,1
CHEMBL248405,1
CHEMBL1927124,1
CHEMBL1927126,1
CHEMBL4636532,2
CHEMBL1289720,1
CHEMBL1289046,1
CHEMBL1289508,1
CHEMBL1289336,2
CHEMBL223593,2
CHEMBL221773,1
CHEMBL366463,1
CHEMBL315975,1
CHEMBL1258540,1
CHEMBL2368862,2
CHEMBL3349385,1
CHEMBL4639467,1
CHEMBL95179,1
CHEMBL1276869,1
CHEMBL5189979,2
CHEMBL1928412,1
CHEMBL289581,1
CHEMBL1773679,1
CHEMBL1822430,1
CHEMBL1770928,1
CHEMBL1770810,2
CHEMBL1773914,1
CHEMBL1807204,1
CHEMBL2315387,2
CHEMBL1807206,1
CHEMBL1807207,1
CHEMBL4648869,1
CHEMBL342230,1
CHEMBL1803106,1
CHEMBL1830113,1
CHEMBL22039,1
CHEMBL1813087,2
CHEMBL3353302,1
CHEMBL4632397,1
CHEMBL2041385,2
CHEMBL301267,10
CHEMBL2435764,1
CHEMBL52248,1
CHEMBL2368853,1
CHEMBL288868,1
CHEMBL5183385,3
CHEMBL5192558,4
CHEMBL5193076,1
CHEMBL1774683,1
CHEMBL3120847,1
CHEMBL5196325,2
CHEMBL330705,1
CHEMBL3133581,1
CHEMBL2418041,1
CHEMBL2368838,1
CHEMBL3132888,1
CHEMBL3132903,1
CHEMBL3132889,1
CHEMBL3132916,1
CHEMBL3132922,1
CHEMBL3132919,1
CHEMBL3132918,1
CHEMBL2087259,1
CHEMBL4637990,4
CHEMBL4636827,2
CHEMBL4634377,4
CHEMBL2057533,1
CHEMBL423346,1
CHEMBL1774687,1
CHEMBL2381930,1
CHEMBL367014,1
CHEMBL2314627,1
CHEMBL3125843,1
CHEMBL1773681,2
CHEMBL1773682,1
CHEMBL97472,1
CHEMBL1834941,1
CHEMBL208338,1
CHEMBL557734,1
CHEMBL4586469,2
CHEMBL3409904,1
CHEMBL314302,1
CHEMBL3353928,1
CHEMBL3402975,1
CHEMBL3402979,1
CHEMBL3402989,1
CHEMBL456028,1
CHEMBL541936,1
CHEMBL240419,1
CHEMBL4591240,2
CHEMBL4563920,1
CHEMBL4450443,1
CHEMBL4458512,1
CHEMBL4468199,1
CHEMBL73090,2
CHEMBL252706,1
CHEMBL253057,1
CHEMBL2113948,3
CHEMBL571863,1
CHEMBL2368835,2
CHEMBL1089741,1
CHEMBL1093027,1
CHEMBL3338031,1
CHEMBL446772,1
CHEMBL254315,2
CHEMBL4581046,1
CHEMBL1258122,1
CHEMBL4483800,1
CHEMBL1255725,2
CHEMBL4539921,1
CHEMBL4572396,1
CHEMBL4541719,1
CHEMBL4571711,1
CHEMBL3337970,1
CHEMBL3337966,1
CHEMBL3337964,1
CHEMBL3314959,1
CHEMBL218750,2
CHEMBL3342258,2
CHEMBL3338044,1
CHEMBL4643050,2
CHEMBL215692,3
CHEMBL3343692,1
CHEMBL3343687,1
CHEMBL1214372,3
CHEMBL1198874,1
CHEMBL3601698,1
CHEMBL2113949,1
CHEMBL3603985,2
CHEMBL221654,5
CHEMBL3604003,1
CHEMBL3343725,1
CHEMBL3343808,1
CHEMBL218630,2
CHEMBL2087250,1
CHEMBL2087253,1
CHEMBL2087265,1
CHEMBL5077151,1
CHEMBL2017961,1
CHEMBL1951745,1
CHEMBL111647,2
CHEMBL3112877,1
CHEMBL3112875,1
CHEMBL3319132,1
CHEMBL4436604,2
CHEMBL540229,3
CHEMBL1796406,1
CHEMBL1780212,1
CHEMBL1780213,1
CHEMBL1780223,1
CHEMBL1770923,1
CHEMBL536144,3
CHEMBL386423,2
CHEMBL3797682,1
CHEMBL1668793,1
CHEMBL1668808,1
CHEMBL3329579,2
CHEMBL3329596,2
CHEMBL3329589,2
CHEMBL404612,1
CHEMBL4440232,1
CHEMBL2377302,1
CHEMBL3329593,2
CHEMBL3404040,1
CHEMBL3397101,2
CHEMBL3893335,1
CHEMBL4759831,2
CHEMBL382040,1
CHEMBL264313,1
CHEMBL2314638,1
CHEMBL3409914,1
CHEMBL3408762,1
CHEMBL3326562,1
CHEMBL3309581,1
CHEMBL572274,1
CHEMBL2314149,1
CHEMBL2314405,1
CHEMBL2314399,1
CHEMBL2314395,1
CHEMBL3356383,2
CHEMBL1098810,1
CHEMBL1095667,1
CHEMBL388567,1
CHEMBL593072,1
CHEMBL244417,2
CHEMBL512241,1
CHEMBL3394330,2
CHEMBL4065089,2
CHEMBL4081536,2
CHEMBL4071302,2
CHEMBL4089514,1
CHEMBL4097733,2
CHEMBL4094102,1
CHEMBL4094774,1
CHEMBL2169992,1
CHEMBL1770813,1
CHEMBL4068055,1
CHEMBL3216753,2
CHEMBL1780225,1
CHEMBL3417366,1
CHEMBL4062160,2
CHEMBL1782108,1
CHEMBL1614912,1
CHEMBL3601853,2
CHEMBL2021966,1
CHEMBL2022210,1
CHEMBL2024106,1
CHEMBL2030005,1
CHEMBL2030037,1
CHEMBL588058,1
CHEMBL2030294,1
CHEMBL2030297,2
CHEMBL3088361,1
CHEMBL3088355,2
CHEMBL3088354,1
CHEMBL2023443,2
CHEMBL4868526,2
CHEMBL4854616,2
CHEMBL3884749,1
CHEMBL3883531,1
CHEMBL3883924,1
CHEMBL4061724,1
CHEMBL4871929,2
CHEMBL66616,2
CHEMBL421751,1
CHEMBL34843,1
CHEMBL4067702,2
CHEMBL134305,1
CHEMBL1276509,2
CHEMBL1277828,1
CHEMBL135686,1
CHEMBL367022,1
CHEMBL1780011,1
CHEMBL1780016,1
CHEMBL1780196,1
CHEMBL3216976,2
CHEMBL1256844,4
CHEMBL1256984,3
CHEMBL772,7
CHEMBL2029598,1
CHEMBL2029742,1
CHEMBL2029748,1
CHEMBL2029751,1
CHEMBL1256726,6
CHEMBL1232182,1
CHEMBL2030298,9
CHEMBL2017482,1
CHEMBL1256910,7
CHEMBL2112903,4
CHEMBL1255586,7
CHEMBL1922279,1
CHEMBL3093741,2
CHEMBL3093744,2
CHEMBL1256804,7
CHEMBL3318700,1
CHEMBL3401706,3
CHEMBL3393851,2
CHEMBL4860772,2
CHEMBL3233370,1
CHEMBL3233375,1
CHEMBL3233382,1
CHEMBL2063623,2
CHEMBL4876283,1
CHEMBL3260212,2
CHEMBL3261974,2
CHEMBL4849683,1
CHEMBL525702,3
CHEMBL152861,1
CHEMBL3235270,2
CHEMBL3261885,1
CHEMBL3261886,1
CHEMBL3261888,1
CHEMBL288084,1
CHEMBL379738,1
CHEMBL383726,1
CHEMBL1277432,1
CHEMBL1078477,1
CHEMBL1092239,1
CHEMBL557938,1
CHEMBL3222267,1
CHEMBL574447,1
CHEMBL3314082,1
CHEMBL3314071,1
CHEMBL4522595,2
CHEMBL3326158,1
CHEMBL501901,2
CHEMBL4760947,1
CHEMBL4780432,1
CHEMBL2169976,1
CHEMBL3217130,1
CHEMBL3216691,1
CHEMBL3216246,1
CHEMBL3216693,1
CHEMBL2113924,1
CHEMBL3103566,2
CHEMBL3216458,1
CHEMBL3215589,1
CHEMBL241509,1
CHEMBL1213851,1
CHEMBL1214043,1
CHEMBL1214171,1
CHEMBL1213665,1
CHEMBL3634067,1
CHEMBL3109527,1
CHEMBL3109555,1
CHEMBL3109551,1
CHEMBL3109540,1
CHEMBL3109537,1
CHEMBL1090971,1
CHEMBL1085827,1
CHEMBL1276957,1
CHEMBL1277943,1
CHEMBL1091117,1
CHEMBL2087256,1
CHEMBL3109535,1
CHEMBL3109533,1
CHEMBL4436844,2
CHEMBL3120265,2
CHEMBL3120264,2
CHEMBL3120848,1
CHEMBL14255,1
CHEMBL3098962,2
CHEMBL3087889,1
CHEMBL3628404,1
CHEMBL2436077,2
CHEMBL2146553,2
CHEMBL1774685,1
CHEMBL3217034,1
CHEMBL3581610,1
CHEMBL594270,1
CHEMBL1095666,1
CHEMBL3416741,1
CHEMBL3417435,1
CHEMBL3417372,1
CHEMBL3338903,2
CHEMBL3393860,1
CHEMBL554927,1
CHEMBL148139,3
CHEMBL4127931,1
CHEMBL348737,1
CHEMBL3116365,1
CHEMBL1091436,1
CHEMBL1090700,1
CHEMBL3235277,1
CHEMBL3221773,1
CHEMBL3221771,1
CHEMBL3221765,1
CHEMBL1092059,1
CHEMBL1092060,1
CHEMBL3120850,1
CHEMBL3120831,1
CHEMBL559255,1
CHEMBL3127250,2
CHEMBL3401423,1
CHEMBL4788771,1
CHEMBL568424,1
CHEMBL510457,3
CHEMBL4750460,2
CHEMBL4782651,2
CHEMBL4743859,1
CHEMBL4746305,2
CHEMBL3404047,1
CHEMBL1214172,1
CHEMBL3401707,3
CHEMBL4758947,1
CHEMBL3133573,1
CHEMBL1774509,1
CHEMBL4784205,1
CHEMBL2169979,1
CHEMBL411646,2
CHEMBL1821734,1
CHEMBL3338919,2
CHEMBL3740035,2
CHEMBL3335097,2
CHEMBL3600550,1
CHEMBL410770,1
CHEMBL4846070,1
CHEMBL4854393,1
CHEMBL3235649,1
CHEMBL4751811,1
CHEMBL4800507,1
CHEMBL4757453,1
CHEMBL4788690,1
CHEMBL4749901,1
CHEMBL4780826,1
CHEMBL3298967,1
CHEMBL3217178,1
CHEMBL3216295,1
CHEMBL3321979,2
CHEMBL3358144,1
CHEMBL3337957,1
CHEMBL3343682,1
CHEMBL3949878,2
CHEMBL3098954,2
CHEMBL3604005,1
CHEMBL3344514,1
CHEMBL3936898,2
CHEMBL3235654,1
CHEMBL3235636,1
CHEMBL3235272,2
CHEMBL3353670,2
CHEMBL3353676,2
CHEMBL2441894,1
CHEMBL3338023,2
CHEMBL3314083,1
CHEMBL3775650,1
CHEMBL3775794,1
CHEMBL3813968,4
CHEMBL1098809,1
CHEMBL3216696,1
CHEMBL3218315,1
CHEMBL385657,1
CHEMBL3220274,1
CHEMBL3220276,1
CHEMBL3220290,1
CHEMBL3220292,1
CHEMBL213095,1
CHEMBL3264812,1
CHEMBL315083,1
CHEMBL3238450,1
CHEMBL1812878,2
CHEMBL1834212,1
CHEMBL3235643,1
CHEMBL1821995,1
CHEMBL4075180,1
CHEMBL3329582,2
CHEMBL3358140,2
CHEMBL3338028,1
CHEMBL4172839,1
CHEMBL3337956,1
CHEMBL3358141,2
CHEMBL3352874,1
CHEMBL119457,1
CHEMBL134784,1
CHEMBL3338934,1
CHEMBL3814114,1
CHEMBL2391955,1
CHEMBL2391958,1
CHEMBL3343951,2
CHEMBL3799911,1
CHEMBL3798946,1
CHEMBL2398504,1
CHEMBL3215693,1
CHEMBL3217254,1
CHEMBL251113,2
CHEMBL32255,3
CHEMBL252726,1
CHEMBL4098525,1
CHEMBL4082025,1
CHEMBL183893,1
CHEMBL4129321,1
CHEMBL3234089,2
CHEMBL2087241,1
CHEMBL2087246,1
CHEMBL4644082,4
CHEMBL4638186,4
CHEMBL524742,3
CHEMBL4163930,1
CHEMBL580816,3
CHEMBL602226,3
CHEMBL526418,3
CHEMBL530887,3
CHEMBL546398,3
CHEMBL3884848,1
CHEMBL3885012,1
CHEMBL3884240,1
CHEMBL549246,1
CHEMBL4059863,1
CHEMBL563691,1
CHEMBL4632440,2
CHEMBL4757839,1
CHEMBL1213854,1
CHEMBL1213926,1
CHEMBL1213512,1
CHEMBL1171866,1
CHEMBL4634180,4
CHEMBL2158236,1
CHEMBL596483,1
CHEMBL1214044,1
CHEMBL1214234,1
CHEMBL1214235,1
CHEMBL1210088,1
CHEMBL2436078,2
CHEMBL1214299,1
CHEMBL2063620,2
CHEMBL4746607,1
CHEMBL3309531,2
CHEMBL2391240,2
CHEMBL306472,2
CHEMBL3290612,2
CHEMBL2435753,1
CHEMBL2435769,1
CHEMBL2435703,1
CHEMBL2435699,1
CHEMBL2391244,1
CHEMBL2431013,2
CHEMBL2393337,1
CHEMBL3309530,2
CHEMBL5313921,4
CHEMBL2436437,1
CHEMBL3603863,1
CHEMBL1407588,1
CHEMBL2386191,1
CHEMBL2377312,1
CHEMBL2377309,1
CHEMBL2377306,1
CHEMBL2377301,1
CHEMBL3403498,1
CHEMBL3617663,2
CHEMBL3601442,2
CHEMBL3093737,1
CHEMBL3093731,1
CHEMBL3093729,1
CHEMBL3338905,1
CHEMBL3338915,2
CHEMBL3628968,1
CHEMBL4742008,1
CHEMBL4760054,1
CHEMBL4743588,1
CHEMBL5075532,1
CHEMBL5200010,1
CHEMBL5189166,3
CHEMBL3099042,1
CHEMBL2046606,1
CHEMBL3601447,2
CHEMBL3601452,1
CHEMBL2058675,1
CHEMBL3600555,1
CHEMBL253677,4
CHEMBL242759,1
CHEMBL1835167,1
CHEMBL2063022,2
CHEMBL137913,2
CHEMBL1835288,1
CHEMBL1835171,1
CHEMBL4765204,2
CHEMBL4776200,2
CHEMBL4788235,2
CHEMBL4745176,1
CHEMBL3319136,1
CHEMBL3319118,1
CHEMBL3112870,1
CHEMBL1951740,1
CHEMBL1949682,1
CHEMBL2023444,2
CHEMBL2113984,1
CHEMBL2042181,1
CHEMBL2042188,1
CHEMBL4796555,2
CHEMBL2030031,1
CHEMBL2030295,1
CHEMBL3220268,1
CHEMBL4852152,1
CHEMBL4876958,2
CHEMBL4870248,2
CHEMBL4851661,2
CHEMBL2088683,2
CHEMBL2030014,1
CHEMBL2030033,1
CHEMBL4865127,2
CHEMBL4872706,2
CHEMBL4853530,2
CHEMBL4866911,1
CHEMBL4879217,2
CHEMBL4875424,2
CHEMBL1780214,1
CHEMBL4799330,1
CHEMBL4875142,1
CHEMBL4776814,1
CHEMBL4739985,2
CHEMBL2180994,1
CHEMBL3634148,1
CHEMBL3634150,1
CHEMBL4849072,1
CHEMBL3617342,2
CHEMBL4765063,1
CHEMBL4786954,1
CHEMBL4786099,1
CHEMBL4213680,1
CHEMBL4876240,1
CHEMBL4791716,1
CHEMBL4764630,1
CHEMBL4744575,1
CHEMBL1172881,1
CHEMBL2087262,1
CHEMBL3343805,1
CHEMBL3343807,1
CHEMBL4649836,1
CHEMBL3814328,1
CHEMBL3815012,1
CHEMBL3814549,1
CHEMBL3890155,1
CHEMBL587610,2
CHEMBL596639,3
CHEMBL526813,3
CHEMBL4083011,2
CHEMBL3337971,1
CHEMBL4764980,1
CHEMBL4780444,1
CHEMBL4754472,1
CHEMBL5280724,1
CHEMBL5271677,1
CHEMBL5271630,1
CHEMBL4781568,1
CHEMBL288114,2
CHEMBL3409771,3
CHEMBL4764813,1
CHEMBL4789764,1
CHEMBL4755381,1
CHEMBL4741933,1
CHEMBL4794835,1
CHEMBL2169986,1
CHEMBL2181345,1
CHEMBL2381864,1
CHEMBL4209437,1
CHEMBL4205770,1
CHEMBL4743551,2
CHEMBL3124993,2
CHEMBL4751038,2
CHEMBL4076916,1
CHEMBL4070000,1
CHEMBL4085977,1
CHEMBL4074699,1
CHEMBL4093664,1
CHEMBL4753275,1
CHEMBL4105597,1
CHEMBL4063801,1
CHEMBL4748870,2
CHEMBL4758128,2
CHEMBL2418015,1
CHEMBL2049233,1
CHEMBL2409001,1
CHEMBL2408798,1
CHEMBL4760326,1
CHEMBL4746251,2
CHEMBL4740153,2
CHEMBL4748989,1
CHEMBL4742955,1
CHEMBL3261883,1
CHEMBL1269712,2
CHEMBL2169980,1
CHEMBL1668804,1
CHEMBL1668821,1
CHEMBL4176883,1
CHEMBL4167339,1
CHEMBL4165731,2
CHEMBL3600462,1
CHEMBL1688673,1
CHEMBL1688677,1
CHEMBL1688686,1
CHEMBL1688690,1
CHEMBL476633,2
CHEMBL3601444,1
CHEMBL1277524,2
CHEMBL3617669,1
CHEMBL1682247,2
CHEMBL1682248,2
CHEMBL4203326,1
CHEMBL1917536,1
CHEMBL275787,1
CHEMBL2113988,1
CHEMBL207990,3
CHEMBL2041952,1
CHEMBL2041946,1
CHEMBL2041769,1
CHEMBL3109532,1
CHEMBL50,7
CHEMBL297453,5
CHEMBL3115462,1
CHEMBL3104736,1
CHEMBL3109554,1
CHEMBL3120167,1
CHEMBL3109524,1
CHEMBL3109522,1
CHEMBL1077224,1
CHEMBL4988652,4
CHEMBL1081967,1
CHEMBL1076049,1
CHEMBL4592955,11
CHEMBL5201572,1
CHEMBL5208429,1
CHEMBL5188479,1
CHEMBL5171529,1
CHEMBL346085,2
CHEMBL4974338,3
CHEMBL4969148,3
CHEMBL4922609,3
CHEMBL4969657,4
CHEMBL4915187,4
CHEMBL4976653,3
CHEMBL4983088,4
CHEMBL4967973,3
CHEMBL4898267,4
CHEMBL5022232,4
CHEMBL4901184,3
CHEMBL1617702,3
CHEMBL4936230,4
CHEMBL4069204,2
CHEMBL5191783,2
CHEMBL4743531,1
CHEMBL4583913,1
CHEMBL4581261,1
CHEMBL3235276,1
CHEMBL218703,1
CHEMBL4071869,2
CHEMBL523408,1
CHEMBL4084888,2
CHEMBL1289924,1
CHEMBL4763524,1
CHEMBL4748175,1
CHEMBL4756131,1
CHEMBL1171868,1
CHEMBL3581799,1
CHEMBL3234073,2
CHEMBL3326563,1
CHEMBL3326561,1
CHEMBL3235658,1
CHEMBL1256649,1
CHEMBL3222265,1
CHEMBL1215309,1
CHEMBL1215698,1
CHEMBL1214885,1
CHEMBL4923884,3
CHEMBL4944802,4
CHEMBL4947086,3
CHEMBL1198307,4
CHEMBL5017333,4
CHEMBL4998890,4
CHEMBL5019621,3
CHEMBL1619446,3
CHEMBL4065566,2
CHEMBL4902170,2
CHEMBL4966941,3
CHEMBL4937057,4
CHEMBL4971286,2
CHEMBL4941958,4
CHEMBL4907878,4
CHEMBL4999196,1
CHEMBL4947465,4
CHEMBL4896054,4
CHEMBL4974716,4
CHEMBL4962438,3
CHEMBL4954353,4
CHEMBL4923488,2
CHEMBL1223943,1
CHEMBL1224128,1
CHEMBL1224206,1
CHEMBL4937228,3
CHEMBL4913213,2
CHEMBL4942805,4
CHEMBL4936004,4
CHEMBL5018284,2
CHEMBL3127923,1
CHEMBL4524732,1
CHEMBL1200383,7
CHEMBL1812337,2
CHEMBL1812340,1
CHEMBL1812342,1
CHEMBL373635,1
CHEMBL216723,1
CHEMBL1393,5
CHEMBL219398,1
CHEMBL220930,2
CHEMBL183536,1
CHEMBL181102,1
CHEMBL3289164,1
CHEMBL103675,2
CHEMBL451630,1
CHEMBL480683,1
CHEMBL4642330,1
CHEMBL4637566,1
CHEMBL1162135,1
CHEMBL3233379,1
CHEMBL3401425,1
CHEMBL4639323,4
CHEMBL4551861,2
CHEMBL3099602,1
CHEMBL3099601,1
CHEMBL1162154,1
CHEMBL3104735,1
CHEMBL1950996,1
CHEMBL244987,1
CHEMBL249517,1
CHEMBL4962574,2
CHEMBL4442854,2
CHEMBL261295,2
CHEMBL397552,1
CHEMBL4947550,5
CHEMBL4995910,4
CHEMBL4289642,2
CHEMBL3104871,1
CHEMBL3309589,1
CHEMBL4751257,1
CHEMBL4441467,2
CHEMBL4466991,2
CHEMBL4558554,1
CHEMBL218897,1
CHEMBL3298963,1
CHEMBL31000,8
CHEMBL3338033,1
CHEMBL514022,1
CHEMBL484527,1
CHEMBL3338019,1
CHEMBL3338030,1
CHEMBL3319133,1
CHEMBL3338932,2
CHEMBL3298968,1
CHEMBL3298971,1
CHEMBL3298972,1
CHEMBL3337962,1
CHEMBL1916912,1
CHEMBL3325930,1
CHEMBL241698,1
CHEMBL1812352,2
CHEMBL1807628,1
CHEMBL1812344,2
CHEMBL358087,1
CHEMBL394565,1
CHEMBL227513,1
CHEMBL571880,1
CHEMBL220134,1
CHEMBL385783,1
CHEMBL5092951,2
CHEMBL5088081,1
CHEMBL4871751,2
CHEMBL4876217,1
CHEMBL4854237,1
CHEMBL4846149,1
CHEMBL4862528,1
CHEMBL4853995,2
CHEMBL4539855,1
CHEMBL4744748,1
CHEMBL4752262,1
CHEMBL4476063,2
CHEMBL4458556,1
CHEMBL2036055,1
CHEMBL1950416,1
CHEMBL1950430,1
CHEMBL1917519,2
CHEMBL4095485,2
CHEMBL374975,7
CHEMBL4087466,2
CHEMBL3581787,3
CHEMBL3581847,1
CHEMBL4164728,1
CHEMBL4977924,5
CHEMBL4915892,4
CHEMBL4909993,4
CHEMBL4081880,2
CHEMBL3401419,1
CHEMBL3401428,1
CHEMBL4101516,2
CHEMBL4073682,2
CHEMBL4062326,2
CHEMBL4126000,1
CHEMBL4129447,1
CHEMBL4125883,1
CHEMBL4095500,1
CHEMBL3581813,1
CHEMBL3581812,1
CHEMBL3581806,1
CHEMBL3581800,1
CHEMBL3581797,1
CHEMBL3321980,2
CHEMBL550408,1
CHEMBL3325934,1
CHEMBL1215344,1
CHEMBL1215500,1
CHEMBL3342259,2
CHEMBL1214696,1
CHEMBL1224807,1
CHEMBL1224809,1
CHEMBL4097315,1
CHEMBL353048,2
CHEMBL4748011,1
CHEMBL4749236,2
CHEMBL4073143,2
CHEMBL4159738,2
CHEMBL486287,1
CHEMBL3338032,1
CHEMBL3319140,1
CHEMBL3319137,1
CHEMBL3319130,1
CHEMBL3326564,1
CHEMBL4645747,4
CHEMBL4647566,4
CHEMBL4796502,2
CHEMBL3941858,2
CHEMBL3342260,2
CHEMBL3309529,2
CHEMBL4213344,1
CHEMBL4218661,1
CHEMBL107867,1
CHEMBL1215307,1
CHEMBL1212959,1
CHEMBL389218,1
CHEMBL3883770,1
CHEMBL1214458,1
CHEMBL3315005,1
CHEMBL2024109,1
CHEMBL4639342,2
CHEMBL3601448,1
CHEMBL3617676,2
CHEMBL2374207,1
CHEMBL5204238,1
CHEMBL592449,1
CHEMBL2334371,1
CHEMBL4527573,2
CHEMBL2022209,1
CHEMBL2022215,1
CHEMBL2022221,1
CHEMBL4450315,2
CHEMBL1289003,1
CHEMBL4635507,2
CHEMBL4637090,4
CHEMBL4648678,4
CHEMBL4649202,4
CHEMBL4633934,1
CHEMBL4638364,1
CHEMBL4644159,4
CHEMBL4554944,2
CHEMBL4854035,2
CHEMBL4878008,2
CHEMBL1200795,9
CHEMBL2030309,1
CHEMBL2030323,1
CHEMBL2030007,1
CHEMBL2030004,1
CHEMBL2024434,2
CHEMBL2024436,2
CHEMBL2024440,2
CHEMBL3819340,2
CHEMBL2030044,1
CHEMBL2030330,1
CHEMBL4639326,4
CHEMBL4643264,4
CHEMBL1173475,7
CHEMBL4648084,1
CHEMBL237931,1
CHEMBL2023449,2
CHEMBL3581490,1
CHEMBL3581499,2
CHEMBL4644326,1
CHEMBL1173449,1
CHEMBL1171272,1
CHEMBL5413001,1
CHEMBL5425479,1
CHEMBL5290238,1
CHEMBL5432548,2
CHEMBL4593333,1
CHEMBL4447618,1
CHEMBL4763382,1
CHEMBL4742965,1
CHEMBL5201073,1
CHEMBL5177013,1
CHEMBL5398379,2
CHEMBL5397701,2
CHEMBL4530341,2
CHEMBL4748263,2
CHEMBL3581618,1
CHEMBL3581486,2
CHEMBL3589933,1
CHEMBL99,3
CHEMBL2414899,1
CHEMBL2430916,1
CHEMBL4759602,2
CHEMBL4752299,1
CHEMBL4758933,1
CHEMBL4757215,2
CHEMBL2442154,2
CHEMBL4633661,1
CHEMBL4648406,1
CHEMBL1079520,1
CHEMBL1079521,1
CHEMBL1078760,1
CHEMBL1258434,1
CHEMBL1215381,1
CHEMBL1215458,1
CHEMBL1215532,1
CHEMBL2408982,1
CHEMBL2408992,1
CHEMBL597625,1
CHEMBL1076011,1
CHEMBL1214463,1
CHEMBL587503,1
CHEMBL2386194,1
CHEMBL1277993,1
CHEMBL2029757,1
CHEMBL2029761,1
CHEMBL3581480,1
CHEMBL1761274,2
CHEMBL2203515,1
CHEMBL598404,1
CHEMBL598180,1
CHEMBL601914,1
CHEMBL2314625,1
CHEMBL1083219,1
CHEMBL1094403,1
CHEMBL1099121,1
CHEMBL501353,1
CHEMBL509559,1
CHEMBL4776278,1
CHEMBL4755329,1
CHEMBL4063338,1
CHEMBL1669713,1
CHEMBL4436687,1
CHEMBL4444704,1
CHEMBL4090011,1
CHEMBL3818864,2
CHEMBL5311843,3
CHEMBL5312678,3
CHEMBL4084973,1
CHEMBL5311894,3
CHEMBL4436660,1
CHEMBL4284947,1
CHEMBL4293198,1
CHEMBL4293277,1
CHEMBL4293660,1
CHEMBL4285784,2
CHEMBL4282170,1
CHEMBL4240668,2
CHEMBL5311402,2
CHEMBL5072645,3
CHEMBL2063625,2
CHEMBL2057819,1
CHEMBL1668754,1
CHEMBL5312352,4
CHEMBL5314095,3
CHEMBL5310762,4
CHEMBL5310670,3
CHEMBL5310083,3
CHEMBL5313520,4
CHEMBL2088292,2
CHEMBL2030030,1
CHEMBL4474145,1
CHEMBL4238777,1
CHEMBL5271194,1
CHEMBL3759744,2
CHEMBL4780455,1
CHEMBL4754317,1
CHEMBL4741392,1
CHEMBL4756227,1
CHEMBL4792759,1
CHEMBL4792015,1
CHEMBL1812880,1
CHEMBL1813068,1
CHEMBL4794183,2
CHEMBL4083259,1
CHEMBL2041098,1
CHEMBL3417440,1
CHEMBL3417432,1
CHEMBL1641676,2
CHEMBL593010,2
CHEMBL4536392,1
CHEMBL3577239,1
CHEMBL1643748,1
CHEMBL1644944,2
CHEMBL33256,2
CHEMBL1643747,1
CHEMBL1643753,1
CHEMBL334234,1
CHEMBL4438337,1
CHEMBL4571374,1
CHEMBL3409901,1
CHEMBL3409897,1
CHEMBL4540861,1
CHEMBL4445252,2
CHEMBL4565928,2
CHEMBL136256,1
CHEMBL139479,2
CHEMBL4536832,1
CHEMBL4522703,1
CHEMBL4544670,1
CHEMBL4765105,1
CHEMBL203854,1
CHEMBL4645638,1
CHEMBL4635523,1
CHEMBL4087257,1
CHEMBL580059,1
CHEMBL4062637,2
CHEMBL1905600,1
CHEMBL2442610,1
CHEMBL145251,4
CHEMBL2063629,2
CHEMBL2071264,2
CHEMBL3628970,1
CHEMBL1088962,1
CHEMBL1088968,1
CHEMBL1088523,1
CHEMBL1094284,1
CHEMBL3416736,1
CHEMBL3416742,1
CHEMBL3416743,1
CHEMBL1088952,1
CHEMBL1088954,1
CHEMBL1288764,2
CHEMBL1290201,2
CHEMBL1290485,1
CHEMBL1288845,1
CHEMBL1289161,1
CHEMBL1288844,1
CHEMBL227903,1
CHEMBL3417362,1
CHEMBL3409906,1
CHEMBL2087251,1
CHEMBL2087252,1
CHEMBL5175601,1
CHEMBL5178451,2
CHEMBL3924927,2
CHEMBL1956290,2
CHEMBL1200392,4
CHEMBL2367863,1
CHEMBL1257006,1
CHEMBL1257007,1
CHEMBL1256518,1
CHEMBL1097092,1
CHEMBL2251240,1
CHEMBL1257068,2
CHEMBL5289705,2
CHEMBL1213794,1
CHEMBL1082725,1
CHEMBL1213511,1
CHEMBL465295,1
CHEMBL3918277,1
CHEMBL3985684,2
CHEMBL3925426,2
CHEMBL5220570,2
CHEMBL5218774,2
CHEMBL5221115,2
CHEMBL5218927,2
CHEMBL5219083,2
CHEMBL5287398,2
CHEMBL1917683,1
CHEMBL1944820,1
CHEMBL68178,1
CHEMBL2030315,1
CHEMBL139374,1
CHEMBL2113968,1
CHEMBL2113976,1
CHEMBL3706809,1
CHEMBL600687,1
CHEMBL590127,1
CHEMBL356811,2
CHEMBL5309888,2
CHEMBL5311253,4
CHEMBL2181338,1
CHEMBL1077519,1
CHEMBL1078459,1
CHEMBL329354,2
CHEMBL2041099,1
CHEMBL176787,1
CHEMBL361638,1
CHEMBL94429,1
CHEMBL2030290,1
CHEMBL2030293,1
CHEMBL2030325,1
CHEMBL5437764,2
CHEMBL5418171,2
CHEMBL3221162,1
CHEMBL469648,1
CHEMBL2087248,1
CHEMBL2087254,1
CHEMBL2087260,1
CHEMBL2113964,1
CHEMBL2113981,1
CHEMBL2113932,1
CHEMBL2089248,2
CHEMBL2089232,2
CHEMBL2089237,2
CHEMBL258765,6
CHEMBL4069571,2
CHEMBL4061435,2
CHEMBL4093666,1
CHEMBL5021103,5
CHEMBL4987022,4
CHEMBL5007962,4
CHEMBL5001249,5
CHEMBL5017039,3
CHEMBL4984823,4
CHEMBL5191320,2
CHEMBL5193417,1
CHEMBL3092108,1
CHEMBL5184837,2
CHEMBL4967583,4
CHEMBL4991368,3
CHEMBL477442,1
CHEMBL4995824,4
CHEMBL5005166,3
CHEMBL1834213,1
CHEMBL2153158,2
CHEMBL5169854,1
CHEMBL5178367,2
CHEMBL5209415,1
CHEMBL5078055,2
CHEMBL5076570,2
CHEMBL428,7
CHEMBL4635270,2
CHEMBL5276915,1
CHEMBL5267679,1
CHEMBL3261728,1
CHEMBL5271798,1
CHEMBL2391090,2
CHEMBL5182500,2
CHEMBL2391252,1
CHEMBL4749310,1
CHEMBL4763559,1
CHEMBL4791404,1
CHEMBL3343689,1
CHEMBL3589914,1
CHEMBL166256,1
CHEMBL2030055,2
CHEMBL1290153,1
CHEMBL2030032,1
CHEMBL2030040,1
CHEMBL2030059,1
CHEMBL195752,1
CHEMBL5022013,4
CHEMBL4928063,3
CHEMBL5014733,4
CHEMBL4952500,3
CHEMBL184280,1
CHEMBL317958,1
CHEMBL329816,1
CHEMBL317348,1
CHEMBL396474,1
CHEMBL230955,1
CHEMBL228147,1
CHEMBL227465,1
CHEMBL389221,1
CHEMBL357254,1
CHEMBL5011155,5
CHEMBL4889055,4
CHEMBL4951544,3
CHEMBL4903619,4
CHEMBL137846,1
CHEMBL4948220,4
CHEMBL1917679,1
CHEMBL2441613,1
CHEMBL2414265,2
CHEMBL2408796,2
CHEMBL5266326,2
CHEMBL3221778,1
CHEMBL2181483,2
CHEMBL2426547,1
CHEMBL2414896,1
CHEMBL3215933,1
CHEMBL3215934,1
CHEMBL2435435,1
CHEMBL586456,1
CHEMBL5190319,2
CHEMBL2036059,1
CHEMBL2063015,2
CHEMBL1773678,1
CHEMBL442947,1
CHEMBL1770920,1
CHEMBL1780017,1
CHEMBL1813071,1
CHEMBL3132901,1
CHEMBL3132914,1
CHEMBL3132913,1
CHEMBL3132912,1
CHEMBL3132909,1
CHEMBL3132905,1
CHEMBL4556898,1
CHEMBL4533343,1
CHEMBL4554126,1
CHEMBL4445607,1
CHEMBL5309258,3
CHEMBL2418055,1
CHEMBL1289882,2
CHEMBL5414934,2
CHEMBL358287,1
CHEMBL5209326,2
CHEMBL4101142,1
CHEMBL4087746,1
CHEMBL5193010,1
CHEMBL1928842,1
CHEMBL4095969,1
CHEMBL532011,1
CHEMBL4065931,1
CHEMBL528502,1
CHEMBL4074557,1
CHEMBL4101275,1
CHEMBL580701,1
CHEMBL4590587,1
CHEMBL217786,2
CHEMBL2263229,2
CHEMBL2046605,1
CHEMBL4564453,1
CHEMBL4561773,1
CHEMBL4561196,1
CHEMBL4571885,1
CHEMBL4281113,1
CHEMBL4285987,1
CHEMBL4281447,1
CHEMBL5272942,3
CHEMBL2237706,2
CHEMBL2237712,1
CHEMBL2237689,2
CHEMBL4160829,1
CHEMBL5427493,2
CHEMBL5421484,2
CHEMBL4161428,1
CHEMBL591637,2
CHEMBL4286136,1
CHEMBL2208225,1
CHEMBL253717,5
CHEMBL5197321,1
CHEMBL5199085,1
CHEMBL5074607,2
CHEMBL2391096,2
CHEMBL2391092,1
CHEMBL4285008,2
CHEMBL3925968,2
CHEMBL4278441,2
CHEMBL1321310,2
CHEMBL2391242,2
CHEMBL5070419,1
CHEMBL5091816,1
CHEMBL2398507,1
CHEMBL4546538,1
CHEMBL5088974,2
CHEMBL5199291,1
CHEMBL5173877,2
CHEMBL2391943,1
CHEMBL2391961,1
CHEMBL4467123,2
CHEMBL4564002,2
CHEMBL1910156,1
CHEMBL4472785,2
CHEMBL4470645,2
CHEMBL4560172,1
CHEMBL4864373,2
CHEMBL4860386,2
CHEMBL4852812,2
CHEMBL4873325,1
CHEMBL3634139,1
CHEMBL3634149,1
CHEMBL1290044,1
CHEMBL4589398,1
CHEMBL5287020,3
CHEMBL4534852,1
CHEMBL5023206,3
CHEMBL5004866,3
CHEMBL572368,1
CHEMBL2180992,1
CHEMBL3634143,1
CHEMBL4865588,2
CHEMBL3221173,1
CHEMBL3401424,1
CHEMBL3417442,1
CHEMBL2314145,1
CHEMBL4075894,1
CHEMBL5002873,4
CHEMBL4068384,1
CHEMBL4467899,2
CHEMBL1823926,1
CHEMBL546162,1
CHEMBL3401414,1
CHEMBL2386132,1
CHEMBL458701,1
CHEMBL4574287,1
CHEMBL3408759,1
CHEMBL4544917,1
CHEMBL3335112,2
CHEMBL3621580,1
CHEMBL4290452,1
CHEMBL3409900,1
CHEMBL4078007,2
CHEMBL5439518,2
CHEMBL5313739,4
CHEMBL3581803,1
CHEMBL2181342,1
CHEMBL4644177,1
CHEMBL4645798,1
CHEMBL4645714,1
CHEMBL4647241,1
CHEMBL4636674,1
CHEMBL998,7
CHEMBL328710,6
CHEMBL431733,7
CHEMBL445102,7
CHEMBL1448,14
CHEMBL1256667,3
CHEMBL3338913,2
CHEMBL5309642,3
CHEMBL3116363,1
CHEMBL3116378,1
CHEMBL53898,7
CHEMBL71752,6
CHEMBL1200757,1
CHEMBL1696,7
CHEMBL501701,6
CHEMBL3298603,2
CHEMBL3361343,2
CHEMBL1255620,1
CHEMBL1824449,1
CHEMBL2403408,1
CHEMBL2403394,1
CHEMBL4279738,1
CHEMBL4290251,1
CHEMBL1213959,1
CHEMBL91664,1
CHEMBL3581482,2
CHEMBL3581500,2
CHEMBL3581487,2
CHEMBL3786476,2
CHEMBL4863267,2
CHEMBL4873869,2
CHEMBL4866408,1
CHEMBL5437766,2
CHEMBL2314406,1
CHEMBL452252,2
CHEMBL5310503,3
CHEMBL5312316,3
CHEMBL5310737,4
CHEMBL2337294,1
CHEMBL2336169,2
CHEMBL1738786,1
CHEMBL14762,8
CHEMBL1671,7
CHEMBL4159431,1
CHEMBL554190,14
CHEMBL464538,14
CHEMBL26915,6
CHEMBL78150,7
CHEMBL97760,5
CHEMBL1256689,7
CHEMBL165,2
CHEMBL1256701,3
CHEMBL4066100,1
CHEMBL4064420,2
CHEMBL2207879,1
CHEMBL201515,2
CHEMBL182971,1
CHEMBL4641047,1
CHEMBL4640440,1
CHEMBL460418,2
CHEMBL4130250,1
CHEMBL1082607,7
CHEMBL554054,6
CHEMBL1256020,6
CHEMBL1542,5
CHEMBL2334427,1
CHEMBL2334425,1
CHEMBL2338120,1
CHEMBL5407096,2
CHEMBL5396997,2
CHEMBL5313528,3
CHEMBL3127938,1
CHEMBL3132898,1
CHEMBL3132897,1
CHEMBL3132917,1
CHEMBL3132908,1
CHEMBL3132920,1
CHEMBL3758943,3
CHEMBL542493,7
CHEMBL1256697,5
CHEMBL1201023,5
CHEMBL1256687,7
CHEMBL1071,6
CHEMBL1256841,3
CHEMBL6206,2
CHEMBL1256702,2
CHEMBL490129,7
CHEMBL1256752,7
CHEMBL1116,7
CHEMBL1534525,7
CHEMBL28564,7
CHEMBL329577,1
CHEMBL1256760,6
CHEMBL1256659,7
CHEMBL3221164,1
CHEMBL3221167,1
CHEMBL134980,1
CHEMBL4548998,2
CHEMBL4546777,2
CHEMBL4483547,1
CHEMBL4555323,1
CHEMBL4473776,2
CHEMBL4459470,2
CHEMBL4444771,2
CHEMBL3603883,1
CHEMBL3037959,1
CHEMBL4461106,1
CHEMBL3601866,1
CHEMBL585237,1
CHEMBL3601598,1
CHEMBL53370,1
CHEMBL4856394,1
CHEMBL4869345,1
CHEMBL4862830,2
CHEMBL302151,1
CHEMBL3628221,2
CHEMBL85223,3
CHEMBL378915,1
CHEMBL380349,1
CHEMBL3604378,2
CHEMBL2029591,1
CHEMBL2029595,1
CHEMBL2029764,1
CHEMBL3581833,1
CHEMBL3581820,1
CHEMBL3581801,1
CHEMBL3581796,1
CHEMBL2381687,2
CHEMBL1275866,1
CHEMBL1276830,1
CHEMBL391515,2
CHEMBL2408817,2
CHEMBL3353306,1
CHEMBL236563,2
CHEMBL533667,1
CHEMBL2391093,1
CHEMBL2391091,1
CHEMBL2391245,1
CHEMBL1277226,1
CHEMBL1240,7
CHEMBL1200902,6
CHEMBL641,4
CHEMBL1200948,6
CHEMBL1200450,4
CHEMBL1256814,6
CHEMBL1271565,2
CHEMBL2146551,2
CHEMBL2030015,1
CHEMBL2036056,1
CHEMBL2036057,1
CHEMBL3581292,1
CHEMBL3581288,1
CHEMBL1289393,1
CHEMBL511692,1
CHEMBL3221139,1
CHEMBL3221159,1
CHEMBL45281,7
CHEMBL21241,2
CHEMBL3581830,1
CHEMBL3581819,1
CHEMBL1224512,6
CHEMBL1117,14
CHEMBL3581343,1
CHEMBL1256663,7
CHEMBL1256842,5
CHEMBL1200479,7
CHEMBL935,14
CHEMBL1256696,6
CHEMBL129795,8
CHEMBL275938,5
CHEMBL285819,6
CHEMBL428647,15
CHEMBL378544,14
CHEMBL1409,6
CHEMBL3187985,7
CHEMBL296586,9
CHEMBL3216054,3
CHEMBL1256753,7
CHEMBL1256661,7
CHEMBL102714,5
CHEMBL3221776,1
CHEMBL3221766,2
CHEMBL3127937,1
CHEMBL3127934,1
CHEMBL4207081,2
CHEMBL3581501,2
CHEMBL3634142,1
CHEMBL60796,3
CHEMBL1290154,1
CHEMBL1288841,1
CHEMBL1288840,1
CHEMBL221655,6
CHEMBL3601449,1
CHEMBL3353307,1
CHEMBL3221787,1
CHEMBL3220265,1
CHEMBL3220272,1
CHEMBL3220273,1
CHEMBL3220278,1
CHEMBL3220283,1
CHEMBL3220287,1
CHEMBL3354296,1
CHEMBL3354293,1
CHEMBL3354288,1
CHEMBL204432,1
CHEMBL1593765,6
CHEMBL1405,5
CHEMBL1200561,7
CHEMBL2089246,2
CHEMBL530160,3
CHEMBL3288198,1
CHEMBL2391241,2
CHEMBL5022370,4
CHEMBL3353925,1
CHEMBL4952849,3
CHEMBL4980720,2
CHEMBL4902391,5
CHEMBL4890308,3
CHEMBL5008524,4
CHEMBL4172272,2
CHEMBL4164515,1
CHEMBL3353310,1
CHEMBL3353316,1
CHEMBL4160029,2
CHEMBL4159174,1
CHEMBL5000185,2
CHEMBL4988627,4
CHEMBL3581827,1
CHEMBL535502,1
CHEMBL3581798,1
CHEMBL202,1
CHEMBL3603972,1
CHEMBL3604113,1
CHEMBL3604008,1
CHEMBL3604006,1
CHEMBL4956432,4
CHEMBL3604004,1
CHEMBL3603997,1
CHEMBL3603995,1
CHEMBL4893154,4
CHEMBL4954707,2
CHEMBL4923825,3
CHEMBL5001223,3
CHEMBL4927115,4
CHEMBL5018439,4
CHEMBL4948633,4
CHEMBL1198905,2
CHEMBL1172874,1
CHEMBL4785056,1
CHEMBL4741641,1
CHEMBL4781909,1
CHEMBL182888,1
CHEMBL365549,1
CHEMBL3132896,1
CHEMBL3132862,1
CHEMBL5279896,1
CHEMBL3120284,1
CHEMBL5277791,1
CHEMBL5267202,1
CHEMBL5289472,1
CHEMBL5278844,3
CHEMBL2062886,2
CHEMBL2407194,1
CHEMBL3127932,1
CHEMBL5180720,1
CHEMBL3132899,1
CHEMBL3127255,2
CHEMBL3603880,1
CHEMBL3603885,1
CHEMBL3603899,1
CHEMBL5085274,2
CHEMBL2418038,1
CHEMBL3707184,1
CHEMBL2418052,1
CHEMBL3217056,1
CHEMBL3116034,1
CHEMBL3581340,1
CHEMBL5091547,2
CHEMBL5079038,2
CHEMBL3617333,1
CHEMBL3617337,1
CHEMBL5172359,1
CHEMBL3612291,1
CHEMBL1170012,1
CHEMBL5198999,1
CHEMBL3426262,4
CHEMBL1852652,2
CHEMBL5200968,2
CHEMBL3084645,1
CHEMBL443728,4
CHEMBL3392292,1
CHEMBL1256979,1
CHEMBL1863845,1
CHEMBL298470,5
CHEMBL5281453,1
CHEMBL5280033,1
CHEMBL3604374,2
CHEMBL5284641,1
CHEMBL5283817,2
CHEMBL3612289,1
CHEMBL5276577,1
CHEMBL5280889,2
CHEMBL3220291,1
CHEMBL4170285,1
CHEMBL1187001,1
CHEMBL2059372,1
CHEMBL3758907,3
CHEMBL1706506,5
CHEMBL3289813,2
CHEMBL56585,4
CHEMBL1200633,12
CHEMBL308333,7
CHEMBL1725279,5
CHEMBL7917,7
CHEMBL126077,9
CHEMBL1677,7
CHEMBL1082832,2
CHEMBL434063,3
CHEMBL1255664,4
CHEMBL327708,1
CHEMBL1255796,2
CHEMBL63329,2
CHEMBL1480516,7
CHEMBL2028085,6
CHEMBL928,6
CHEMBL45245,2
CHEMBL3216363,7
CHEMBL1255944,1
CHEMBL299613,1
CHEMBL2146146,2
CHEMBL538798,2
CHEMBL88553,5
CHEMBL207179,1
CHEMBL198051,1
CHEMBL197886,1
CHEMBL94,6
CHEMBL593781,7
CHEMBL1200606,3
CHEMBL425990,1
CHEMBL374418,1
CHEMBL219031,1
CHEMBL2331690,1
CHEMBL1277911,1
CHEMBL465226,2
CHEMBL464825,1
CHEMBL4071956,1
CHEMBL4083758,2
CHEMBL2374078,7
CHEMBL1946696,1
CHEMBL1946887,1
CHEMBL74300,6
CHEMBL109405,1
CHEMBL191734,2
CHEMBL3426261,4
CHEMBL1928653,1
CHEMBL3815119,1
CHEMBL1256879,5
CHEMBL517229,1
CHEMBL1213729,1
CHEMBL119701,2
CHEMBL1094992,2
CHEMBL389344,2
CHEMBL1213730,1
CHEMBL1214040,1
CHEMBL1214109,1
CHEMBL4637565,1
CHEMBL2064265,1
CHEMBL501868,1
CHEMBL2207907,1
CHEMBL4857256,1
CHEMBL443178,1
CHEMBL468757,1
CHEMBL4868855,2
CHEMBL4869901,1
CHEMBL4865497,1
CHEMBL261059,1
CHEMBL259792,1
CHEMBL410334,2
CHEMBL236690,1
CHEMBL2337381,1
CHEMBL3264503,6
CHEMBL343692,2
CHEMBL2334005,1
CHEMBL2334026,1
CHEMBL2337375,1
CHEMBL484328,1
CHEMBL1253351,2
CHEMBL12014,8
CHEMBL1200822,2
CHEMBL3899075,1
CHEMBL76904,3
CHEMBL202701,3
CHEMBL3925001,1
CHEMBL284237,4
CHEMBL527,3
CHEMBL1569,2
CHEMBL1256686,14
CHEMBL1201156,7
CHEMBL1200323,6
CHEMBL1133,7
CHEMBL16687,4
CHEMBL1256985,2
CHEMBL288174,6
CHEMBL1256955,5
CHEMBL1256913,6
CHEMBL1200560,7
CHEMBL535286,3
CHEMBL3637899,1
CHEMBL2316809,2
CHEMBL2316804,1
CHEMBL2316522,2
CHEMBL602219,1
CHEMBL2322506,1
CHEMBL4069353,1
CHEMBL4068842,1
CHEMBL4100499,2
CHEMBL4091806,2
CHEMBL4064284,2
CHEMBL4100572,2
CHEMBL4066457,2
CHEMBL4080502,2
CHEMBL2322981,2
CHEMBL2314407,1
CHEMBL569864,6
CHEMBL2314647,1
CHEMBL2314632,1
CHEMBL2316666,1
CHEMBL2316653,1
CHEMBL2316652,1
CHEMBL1851615,1
CHEMBL1852279,1
CHEMBL1237054,2
CHEMBL53463,1
CHEMBL3601840,2
CHEMBL3601850,1
CHEMBL3215684,1
CHEMBL1946929,1
CHEMBL1946884,1
CHEMBL2207701,1
CHEMBL2207694,1
CHEMBL2334387,2
CHEMBL3219153,9
CHEMBL4877388,1
CHEMBL1813069,1
CHEMBL3338054,2
CHEMBL2012823,2
CHEMBL486179,1
CHEMBL3217019,1
CHEMBL2324441,1
CHEMBL220818,2
CHEMBL2374205,1
CHEMBL226715,3
CHEMBL237994,1
CHEMBL376236,1
CHEMBL381463,1
CHEMBL2177353,1
CHEMBL1946826,1
CHEMBL7005,2
CHEMBL4798356,1
CHEMBL4800473,1
CHEMBL120711,1
CHEMBL1707,7
CHEMBL193,5
CHEMBL1620,4
CHEMBL4790518,1
CHEMBL18132,1
CHEMBL1200791,4
CHEMBL380797,3
CHEMBL258805,7
CHEMBL440765,4
CHEMBL479234,2
CHEMBL1200418,6
CHEMBL578741,14
CHEMBL1256647,14
CHEMBL1428,7
CHEMBL554891,1
CHEMBL3356378,2
CHEMBL1237135,7
CHEMBL1200873,2
CHEMBL295212,4
CHEMBL308954,5
CHEMBL568601,1
CHEMBL4105176,1
CHEMBL4073686,1
CHEMBL4064623,1
CHEMBL4078238,1
CHEMBL581728,1
CHEMBL581434,1
CHEMBL191843,1
CHEMBL370298,1
CHEMBL4104709,1
CHEMBL504183,1
CHEMBL520624,1
CHEMBL443659,2
CHEMBL34431,6
CHEMBL1200469,7
CHEMBL1204337,5
CHEMBL561438,1
CHEMBL1698,3
CHEMBL310798,7
CHEMBL1276308,7
CHEMBL1062,2
CHEMBL1256364,7
CHEMBL42,5
CHEMBL280065,7
CHEMBL1200326,7
CHEMBL4792658,1
CHEMBL4786886,1
CHEMBL4762813,1
CHEMBL4759429,1
CHEMBL1235242,5
CHEMBL484928,2
CHEMBL932,8
CHEMBL263972,15
CHEMBL543876,7
CHEMBL391997,7
CHEMBL384903,7
CHEMBL51085,7
CHEMBL559612,7
CHEMBL538542,7
CHEMBL323356,6
CHEMBL1256917,7
CHEMBL249474,1
CHEMBL204300,1
CHEMBL557665,1
CHEMBL50300,3
CHEMBL8747,7
CHEMBL47814,1
CHEMBL494887,2
CHEMBL1255749,4
CHEMBL1113,7
CHEMBL1256924,4
CHEMBL135989,1
CHEMBL2368222,1
CHEMBL492924,1
CHEMBL4161239,1
CHEMBL501933,4
CHEMBL71659,2
CHEMBL492920,1
CHEMBL199799,1
CHEMBL495688,1
CHEMBL519745,1
CHEMBL2368405,1
CHEMBL203118,1
CHEMBL221531,2
CHEMBL444201,1
CHEMBL465559,2
CHEMBL517042,2
CHEMBL1092,7
CHEMBL1627290,1
CHEMBL539313,4
CHEMBL1257008,1
CHEMBL1257131,1
CHEMBL534232,1
CHEMBL1256719,5
CHEMBL1214773,1
CHEMBL1214847,1
CHEMBL1214987,1
CHEMBL1214670,1
CHEMBL1215630,1
CHEMBL1215631,1
CHEMBL1215063,1
CHEMBL1215569,1
CHEMBL1215423,1
CHEMBL1214454,1
CHEMBL1214459,1
CHEMBL3108885,2
CHEMBL1214817,1
CHEMBL1215696,1
CHEMBL1215764,1
CHEMBL1214462,1
CHEMBL1214512,1
CHEMBL1086478,1
CHEMBL1956285,4
CHEMBL1256698,7
CHEMBL441618,7
CHEMBL4967968,4
CHEMBL5019322,3
CHEMBL4909449,4
CHEMBL3799415,1
CHEMBL1482630,3
CHEMBL319244,7
CHEMBL4980566,5
CHEMBL4921532,3
CHEMBL4931168,4
CHEMBL632,5
CHEMBL4964090,3
CHEMBL4920363,4
CHEMBL5001623,4
CHEMBL4949743,4
CHEMBL4943877,4
CHEMBL4924299,5
CHEMBL4888787,4
CHEMBL4982051,4
CHEMBL4921972,4
CHEMBL1256715,7
CHEMBL1256478,6
CHEMBL157101,7
CHEMBL1200750,7
CHEMBL672,7
CHEMBL1456417,7
CHEMBL4895640,4
CHEMBL1275788,1
CHEMBL1277829,1
CHEMBL379005,1
CHEMBL587050,1
CHEMBL1254709,3
CHEMBL389893,1
CHEMBL1172965,1
CHEMBL1289616,1
CHEMBL452663,2
CHEMBL3969652,1
CHEMBL3962244,1
CHEMBL3901662,1
CHEMBL473491,1
CHEMBL484526,1
CHEMBL519342,1
CHEMBL485019,1
CHEMBL521169,1
CHEMBL151,3
CHEMBL379064,1
CHEMBL36327,2
CHEMBL2435440,1
CHEMBL536151,2
CHEMBL4916783,4
CHEMBL5002197,3
CHEMBL5012952,3
CHEMBL4955147,3
CHEMBL4903337,4
CHEMBL4929596,4
CHEMBL4982266,5
CHEMBL4913908,3
CHEMBL4942806,4
CHEMBL5023481,4
CHEMBL4947872,3
CHEMBL4967632,5
CHEMBL4922693,3
CHEMBL4920023,3
CHEMBL5015117,4
CHEMBL4173158,1
CHEMBL4932008,4
CHEMBL4890001,3
CHEMBL4909580,4
CHEMBL1946928,1
CHEMBL3116040,2
CHEMBL3233369,2
CHEMBL453066,4
CHEMBL472,1
CHEMBL1777836,1
CHEMBL274826,1
CHEMBL1449651,6
CHEMBL178,2
CHEMBL1256749,7
CHEMBL1255837,7
CHEMBL1256655,7
CHEMBL258893,7
CHEMBL1257041,7
CHEMBL1659,7
CHEMBL1204148,4
CHEMBL1256818,4
CHEMBL1319362,1
CHEMBL39879,1
CHEMBL76589,1
CHEMBL1201006,3
CHEMBL415324,2
CHEMBL2059460,1
CHEMBL1688688,1
CHEMBL278041,7
CHEMBL1256646,6
CHEMBL434435,6
CHEMBL1095292,6
CHEMBL1255650,3
CHEMBL253144,2
CHEMBL1255758,3
CHEMBL80155,4
CHEMBL56393,7
CHEMBL161343,6
CHEMBL270299,7
CHEMBL52,7
CHEMBL2063170,1
CHEMBL5432170,2
CHEMBL1452638,1
CHEMBL3758906,2
CHEMBL3601843,1
CHEMBL3605030,2
CHEMBL2089242,2
CHEMBL2089245,2
CHEMBL4915836,2
CHEMBL5023684,4
CHEMBL4934170,4
CHEMBL4968838,4
CHEMBL4989180,3
CHEMBL5020386,4
CHEMBL4970917,5
CHEMBL4159652,1
CHEMBL4212122,1
CHEMBL4206316,1
CHEMBL5083038,2
CHEMBL5091626,2
CHEMBL5085365,2
CHEMBL5085547,2
CHEMBL4515750,1
CHEMBL4536504,1
CHEMBL4585037,1
CHEMBL4564441,1
CHEMBL4472748,1
CHEMBL4171860,1
CHEMBL4161838,1
CHEMBL546780,1
CHEMBL4571945,2
CHEMBL4755458,1
CHEMBL4644187,1
CHEMBL4633647,1
CHEMBL4643268,1
CHEMBL4642401,1
CHEMBL4105332,2
CHEMBL1823925,1
CHEMBL2334400,2
CHEMBL3289671,1
CHEMBL4288738,3
CHEMBL22693,1
CHEMBL1520143,1
CHEMBL2312168,1
CHEMBL22271,1
CHEMBL276915,1
CHEMBL4075657,1
CHEMBL4084851,2
CHEMBL320497,2
CHEMBL4591573,1
CHEMBL4447882,1
CHEMBL4475292,2
CHEMBL581128,3
CHEMBL567341,3
CHEMBL76897,7
CHEMBL529986,6
CHEMBL552659,7
CHEMBL1237082,2
CHEMBL24983,1
CHEMBL1256674,5
CHEMBL1448187,7
CHEMBL4469599,1
CHEMBL3612293,1
CHEMBL4558267,2
CHEMBL4443926,2
CHEMBL4468890,2
CHEMBL1480,7
CHEMBL90796,1
CHEMBL4445291,2
CHEMBL4457955,2
CHEMBL56556,1
CHEMBL2207919,1
CHEMBL4176046,1
CHEMBL2207912,1
CHEMBL2207914,1
CHEMBL2207894,1
CHEMBL2207896,1
CHEMBL2207901,1
CHEMBL4171743,1
CHEMBL4165970,1
CHEMBL4864278,2
CHEMBL4160530,1
CHEMBL4549151,1
CHEMBL4574743,1
CHEMBL4534483,1
CHEMBL4520375,2
CHEMBL1256612,1
CHEMBL4129777,1
CHEMBL3233368,1
CHEMBL4067316,1
CHEMBL4083352,1
CHEMBL480882,1
CHEMBL4647047,1
CHEMBL1580671,3
CHEMBL2312004,1
CHEMBL4584449,1
CHEMBL4873741,1
CHEMBL4554179,1
CHEMBL475144,1
CHEMBL489291,1
CHEMBL2381928,1
CHEMBL4528118,1
CHEMBL453122,1
CHEMBL4549025,1
CHEMBL4445308,1
CHEMBL27,2
CHEMBL4470196,1
CHEMBL4459297,1
CHEMBL254218,1
CHEMBL2393340,1
CHEMBL513747,1
CHEMBL1682449,3
CHEMBL1650070,1
CHEMBL5430837,1
CHEMBL5428776,1
CHEMBL5426597,1
CHEMBL4868476,1
CHEMBL5438713,1
CHEMBL294083,2
CHEMBL5394707,4
CHEMBL5425869,2
CHEMBL5430463,1
CHEMBL5290761,2
CHEMBL4446397,1
CHEMBL144472,1
CHEMBL4557688,2
CHEMBL4446324,1
CHEMBL36984,1
CHEMBL4204006,2
CHEMBL4463515,2
CHEMBL31,1
CHEMBL2042187,1
CHEMBL273094,3
CHEMBL17468,6
CHEMBL1256940,7
CHEMBL806,4
CHEMBL63154,7
CHEMBL140711,1
CHEMBL540445,6
CHEMBL10284,7
CHEMBL1255865,6
CHEMBL544713,6
CHEMBL1256716,2
CHEMBL207538,5
CHEMBL1200961,6
CHEMBL1691,3
CHEMBL4785200,2
CHEMBL7301,7
CHEMBL1208,3
CHEMBL2107804,3
CHEMBL1434496,1
CHEMBL3581491,2
CHEMBL3754121,2
CHEMBL4070644,1
CHEMBL1200494,6
CHEMBL1716,7
CHEMBL269592,1
CHEMBL1256179,7
CHEMBL475534,7
CHEMBL1255662,4
CHEMBL3815015,2
CHEMBL73800,1
CHEMBL115585,10
CHEMBL2409062,1
CHEMBL4756565,1
CHEMBL1076048,1
CHEMBL474102,1
CHEMBL561822,1
CHEMBL564475,1
CHEMBL458215,1
CHEMBL4745851,1
CHEMBL4755529,1
CHEMBL2087266,1
CHEMBL513084,1
CHEMBL1081752,1
CHEMBL204745,1
CHEMBL593,1
CHEMBL521501,1
CHEMBL1770713,1
CHEMBL477053,1
CHEMBL331627,1
CHEMBL476115,2
CHEMBL439424,5
CHEMBL1171238,1
CHEMBL5171291,1
CHEMBL5410260,2
CHEMBL5421105,2
CHEMBL1256754,7
CHEMBL594719,2
CHEMBL1256737,7
CHEMBL5312606,3
CHEMBL5309021,4
CHEMBL176045,2
CHEMBL1255935,2
CHEMBL1562872,1
CHEMBL1172329,1
CHEMBL4590353,1
CHEMBL276473,2
CHEMBL1271901,2
CHEMBL193161,1
CHEMBL4871435,2
CHEMBL4859951,2
CHEMBL1099120,1
CHEMBL1277712,1
CHEMBL611324,2
CHEMBL4546198,1
CHEMBL3885448,2
CHEMBL1241727,2
CHEMBL1210146,1
CHEMBL1210211,1
CHEMBL4634780,4
CHEMBL2106732,4
CHEMBL1256845,7
CHEMBL1256835,5
CHEMBL31574,3
CHEMBL1230705,1
CHEMBL1233097,2
CHEMBL415711,1
CHEMBL1171804,1
CHEMBL164422,1
CHEMBL1213927,1
CHEMBL1213929,1
CHEMBL1214170,1
CHEMBL1095669,1
CHEMBL5170629,1
CHEMBL5185895,1
CHEMBL4581169,1
CHEMBL1289049,4
CHEMBL4435860,2
CHEMBL4537254,2
CHEMBL5413987,2
CHEMBL5396868,2
CHEMBL4281593,2
CHEMBL1290244,1
CHEMBL1278028,1
CHEMBL1965543,2
CHEMBL1272119,1
CHEMBL1271462,2
CHEMBL5420628,2
CHEMBL16807,1
CHEMBL5401460,1
CHEMBL5419218,2
CHEMBL580910,2
CHEMBL3911173,1
CHEMBL3927353,1
CHEMBL3899314,1
CHEMBL556563,1
CHEMBL270900,1
CHEMBL513164,1
CHEMBL468638,1
CHEMBL468343,1
CHEMBL1231795,3
CHEMBL4521643,1
CHEMBL4547426,1
CHEMBL587278,1
CHEMBL4278663,2
CHEMBL5417990,2
CHEMBL4067864,1
CHEMBL4090006,2
CHEMBL244948,7
CHEMBL1256484,6
CHEMBL1257005,7
CHEMBL578481,2
CHEMBL429711,4
CHEMBL4470241,2
CHEMBL4527332,2
CHEMBL4447304,2
CHEMBL4446852,2
CHEMBL4571121,2
CHEMBL4452909,2
CHEMBL4471362,2
CHEMBL1255940,1
CHEMBL1256873,3
CHEMBL294590,1
CHEMBL3104874,2
CHEMBL4438726,1
CHEMBL429023,6
CHEMBL43064,6
CHEMBL1159,3
CHEMBL1524185,7
CHEMBL481537,6
CHEMBL1200523,1
CHEMBL4639240,4
CHEMBL4637212,4
CHEMBL4640537,4
CHEMBL4641224,4
CHEMBL4640206,4
CHEMBL4636890,4
CHEMBL1256180,7
CHEMBL4283874,1
CHEMBL3291280,1
CHEMBL1398126,7
CHEMBL139835,6
CHEMBL1255663,3
CHEMBL1255756,2
CHEMBL181480,1
CHEMBL4518048,1
CHEMBL4098887,1
CHEMBL4078437,1
CHEMBL2430989,1
CHEMBL2430907,2
CHEMBL1945174,2
CHEMBL4073299,1
CHEMBL4070429,2
CHEMBL4061808,2
CHEMBL4099546,2
CHEMBL4070246,2
CHEMBL4099838,2
CHEMBL4640944,1
CHEMBL4635829,1
CHEMBL4635190,1
CHEMBL435295,1
CHEMBL1256365,1
CHEMBL1284,1
CHEMBL68738,1
CHEMBL4292918,1
CHEMBL498894,1
CHEMBL5408819,2
CHEMBL4649720,4
CHEMBL451713,2
CHEMBL3818712,2
CHEMBL1336,4
CHEMBL216579,2
CHEMBL5280222,2
CHEMBL2367871,1
CHEMBL5269881,3
CHEMBL4435310,1
CHEMBL4555968,2
CHEMBL4447018,1
CHEMBL5411755,2
CHEMBL4474628,1
CHEMBL73758,1
CHEMBL5393909,1
CHEMBL4858266,1
CHEMBL602365,1
CHEMBL3098691,1
CHEMBL3353926,1
CHEMBL2419445,2
CHEMBL399043,2
CHEMBL4592354,2
CHEMBL2430991,1
CHEMBL5192816,1
CHEMBL4562883,1
CHEMBL4560389,1
CHEMBL4577563,1
CHEMBL4584462,1
CHEMBL142884,2
CHEMBL393474,3
CHEMBL4468677,1
CHEMBL4456895,1
CHEMBL401482,1
CHEMBL3919871,2
CHEMBL5091298,1
CHEMBL5083161,1
CHEMBL205596,1
CHEMBL329687,2
CHEMBL469649,1
CHEMBL4640173,1
CHEMBL2057816,1
CHEMBL135059,1
CHEMBL330383,1
CHEMBL475131,1
CHEMBL445089,1
CHEMBL280074,4
CHEMBL1256921,7
CHEMBL517986,6
CHEMBL423192,5
CHEMBL1731099,5
CHEMBL13791,2
CHEMBL261131,4
CHEMBL67182,1
CHEMBL4089743,1
CHEMBL4919744,2
CHEMBL5422158,1
CHEMBL5431529,1
CHEMBL5271344,1
CHEMBL5003158,4
CHEMBL5422608,2
CHEMBL304784,1
CHEMBL3585412,2
CHEMBL5394073,2
CHEMBL5404868,2
CHEMBL5436793,1
CHEMBL5409500,1
CHEMBL5409165,1
CHEMBL2207915,1
CHEMBL5399291,3
CHEMBL5078298,1
CHEMBL414883,2
CHEMBL5402485,1
CHEMBL515,5
CHEMBL542448,1
CHEMBL543467,5
CHEMBL4289151,2
CHEMBL1256819,6
CHEMBL4162282,2
CHEMBL17157,7
CHEMBL423911,1
CHEMBL1255842,3
CHEMBL1200964,6
CHEMBL319111,6
CHEMBL196776,1
CHEMBL4587779,2
CHEMBL66432,1
CHEMBL77387,1
CHEMBL96926,11
CHEMBL1558,7
CHEMBL69863,7
CHEMBL56543,7
CHEMBL5421256,1
CHEMBL3765688,1
CHEMBL1256776,7
CHEMBL3634070,1
CHEMBL3634080,1
CHEMBL3634087,1
CHEMBL3634280,1
CHEMBL1609891,2
CHEMBL1275664,2
CHEMBL5178624,1
CHEMBL365916,1
CHEMBL3935784,1
CHEMBL3774555,1
CHEMBL4555011,1
CHEMBL3637930,2
CHEMBL1213751,1
CHEMBL1761206,1
CHEMBL4282756,1
CHEMBL4919608,2
CHEMBL4281519,1
CHEMBL4294283,1
CHEMBL4435569,1
CHEMBL450,1
CHEMBL4176711,1
CHEMBL4279252,1
CHEMBL3601600,1
CHEMBL3601504,1
CHEMBL2207918,1
CHEMBL2207892,1
CHEMBL2207899,1
CHEMBL3338026,2
CHEMBL5026600,3
CHEMBL3621579,1
CHEMBL4281773,1
CHEMBL4291579,1
CHEMBL4276830,1
CHEMBL4283782,1
CHEMBL4517311,1
CHEMBL289191,2
CHEMBL3628971,1
CHEMBL588619,7
CHEMBL4785364,1
CHEMBL4756059,1
CHEMBL4764477,1
CHEMBL4793735,1
CHEMBL4758351,1
CHEMBL3103258,1
CHEMBL4216428,1
CHEMBL400092,1
CHEMBL504256,2
CHEMBL299491,1
CHEMBL11608,1
CHEMBL4471549,1
CHEMBL4583753,1
CHEMBL1256784,7
CHEMBL50498,1
CHEMBL1289827,4
CHEMBL4165341,1
CHEMBL7130,2
CHEMBL44789,4
CHEMBL119096,7
CHEMBL21396,1
CHEMBL1651057,1
CHEMBL2312003,1
CHEMBL2312006,1
CHEMBL240597,1
CHEMBL84010,1
CHEMBL1928659,1
CHEMBL1928845,1
CHEMBL923,3
CHEMBL4640614,1
CHEMBL4634678,1
CHEMBL4646244,1
CHEMBL4649077,1
CHEMBL4648980,1
CHEMBL91889,1
CHEMBL4635671,1
CHEMBL67356,1
CHEMBL4646473,1
CHEMBL4435950,2
CHEMBL66998,2
CHEMBL4128068,1
CHEMBL1774613,1
CHEMBL643,1
CHEMBL2057815,1
CHEMBL2064162,1
CHEMBL493439,1
CHEMBL43128,4
CHEMBL5430578,2
CHEMBL3922098,2
CHEMBL264938,2
CHEMBL3359691,1
CHEMBL3359700,1
CHEMBL3343684,1
CHEMBL586311,1
CHEMBL524204,3
CHEMBL528507,1
CHEMBL3827380,1
CHEMBL258767,7
CHEMBL2418035,1
CHEMBL1256911,7
CHEMBL489525,1
CHEMBL423112,7
CHEMBL4554564,2
CHEMBL1256028,6
CHEMBL1255867,5
CHEMBL538104,1
CHEMBL1423,7
CHEMBL382905,1
CHEMBL1256192,7
CHEMBL5435939,2
CHEMBL5399729,1
CHEMBL1255834,6
CHEMBL5274985,2
CHEMBL5273227,2
CHEMBL480,6
CHEMBL1200710,7
CHEMBL3217039,1
CHEMBL5398487,1
CHEMBL5399942,2
CHEMBL3084891,5
CHEMBL1256757,6
CHEMBL413376,5
CHEMBL275311,1
CHEMBL1539,3
CHEMBL3099603,1
CHEMBL3416973,1
CHEMBL1201103,1
CHEMBL48217,3
CHEMBL236757,3
CHEMBL144686,3
CHEMBL197308,1
CHEMBL483254,3
CHEMBL1650667,1
CHEMBL4550522,3
CHEMBL4070737,1
CHEMBL3585404,2
CHEMBL445477,2
CHEMBL5426372,1
CHEMBL3318701,1
CHEMBL3338911,1
CHEMBL3359699,1
CHEMBL533017,1
CHEMBL3116364,1
CHEMBL3116392,1
CHEMBL3115471,2
CHEMBL3216170,1
CHEMBL351051,1
CHEMBL2441157,1
CHEMBL3104428,1
CHEMBL3127950,1
CHEMBL3585410,2
CHEMBL3581789,1
CHEMBL3343960,1
CHEMBL3404042,1
CHEMBL5438997,1
CHEMBL4852122,1
CHEMBL4853258,1
CHEMBL4089691,2
CHEMBL168777,2
CHEMBL3216983,1
CHEMBL2418024,1
CHEMBL2418032,1
CHEMBL3103563,1
CHEMBL3216167,1
CHEMBL3115465,1
CHEMBL3115457,1
CHEMBL4454298,1
CHEMBL3417367,1
CHEMBL3417364,1
CHEMBL571224,1
CHEMBL563880,1
CHEMBL524276,2
CHEMBL2418026,1
CHEMBL3633235,1
CHEMBL497294,1
CHEMBL450565,1
CHEMBL4542001,1
CHEMBL4566524,2
CHEMBL3087757,1
CHEMBL497656,1
CHEMBL525162,1
CHEMBL4515567,1
CHEMBL455191,1
CHEMBL488897,1
CHEMBL488896,1
CHEMBL454729,1
CHEMBL2407835,4
CHEMBL3108887,3
CHEMBL3603960,1
CHEMBL3604107,1
CHEMBL3604007,1
CHEMBL1852149,1
CHEMBL1851731,2
CHEMBL1199247,1
CHEMBL2442605,1
CHEMBL2403406,1
CHEMBL2407193,1
CHEMBL1484978,1
CHEMBL2381929,1
CHEMBL488578,1
CHEMBL484619,1
CHEMBL2381815,1
CHEMBL3601696,1
CHEMBL3601842,2
CHEMBL3601856,2
CHEMBL3601834,1
CHEMBL4483788,1
CHEMBL4061210,1
CHEMBL2229596,1
CHEMBL3810102,1
CHEMBL3604962,2
CHEMBL3604963,2
CHEMBL1256959,5
CHEMBL3589934,1
CHEMBL2391950,1
CHEMBL394171,5
CHEMBL103379,1
CHEMBL1257086,1
CHEMBL3581488,2
CHEMBL2391942,1
CHEMBL2391964,1
CHEMBL2391956,1
CHEMBL550121,1
CHEMBL552015,1
CHEMBL416230,3
CHEMBL4473938,1
CHEMBL4463020,1
CHEMBL4856841,1
CHEMBL443677,1
CHEMBL2408803,2
CHEMBL4635156,1
CHEMBL4852040,1
CHEMBL4635417,1
CHEMBL4576672,1
CHEMBL4567098,1
CHEMBL4536478,1
CHEMBL28,7
CHEMBL218097,2
CHEMBL224543,1
CHEMBL4283980,2
CHEMBL1255866,6
CHEMBL1257039,7
CHEMBL4632400,1
CHEMBL28079,4
CHEMBL1613539,7
CHEMBL4634737,1
CHEMBL78257,7
CHEMBL4645860,1
CHEMBL289277,3
CHEMBL333121,4
CHEMBL4163029,1
CHEMBL585793,1
CHEMBL4555678,1
CHEMBL4169757,1
CHEMBL1162155,1
CHEMBL259591,1
CHEMBL4440450,2
CHEMBL4583978,1
CHEMBL4591372,1
CHEMBL4563638,1
CHEMBL29292,7
CHEMBL4643279,2
CHEMBL4642041,1
CHEMBL41631,2
CHEMBL4455223,2
CHEMBL4518817,2
CHEMBL4525064,2
CHEMBL88673,1
CHEMBL479457,1
CHEMBL1256849,1
CHEMBL4846026,1
CHEMBL4933046,4
CHEMBL4943449,3
CHEMBL4954551,4
CHEMBL4890797,4
CHEMBL4955527,4
CHEMBL4996121,5
CHEMBL4970975,2
CHEMBL5011058,3
CHEMBL4856317,1
CHEMBL508185,1
CHEMBL4872351,1
CHEMBL4965968,3
CHEMBL5027096,3
CHEMBL4909857,3
CHEMBL5013072,4
CHEMBL4958436,3
CHEMBL5027006,3
CHEMBL4921765,4
CHEMBL1618874,3
CHEMBL4900944,3
CHEMBL4979552,5
CHEMBL4940671,4
CHEMBL1616375,3
CHEMBL87110,2
CHEMBL5075086,2
CHEMBL251077,1
CHEMBL3215927,1
CHEMBL2418029,1
CHEMBL2418020,1
CHEMBL443430,1
CHEMBL4644361,4
CHEMBL2312165,1
CHEMBL2441923,2
CHEMBL1807203,1
CHEMBL4459223,1
CHEMBL4927188,2
CHEMBL5409103,1
CHEMBL5398205,1
CHEMBL4914444,4
CHEMBL4955825,5
CHEMBL5027205,5
CHEMBL1773680,1
CHEMBL3908366,1
CHEMBL2312005,1
CHEMBL3260664,1
CHEMBL4647834,1
CHEMBL4632975,1
CHEMBL5090521,1
CHEMBL4636742,2
CHEMBL5412729,1
CHEMBL5409138,1
CHEMBL4873978,1
CHEMBL4854563,1
CHEMBL4858540,1
CHEMBL3124981,2
CHEMBL2377294,1
CHEMBL4647043,4
CHEMBL2431495,1
CHEMBL4646723,1
CHEMBL4445554,1
CHEMBL4579067,2
CHEMBL2334380,1
CHEMBL381399,1
CHEMBL1287849,1
CHEMBL1813070,1
CHEMBL4518109,1
CHEMBL4286765,1
CHEMBL58025,1
CHEMBL4742048,1
CHEMBL4758165,1
CHEMBL5398826,2
CHEMBL5409289,2
CHEMBL5402132,1
CHEMBL5417973,1
CHEMBL5397896,1
CHEMBL192627,1
CHEMBL5437288,1
CHEMBL1733474,1
CHEMBL4649167,1
CHEMBL4634864,1
CHEMBL5313534,6
CHEMBL3793563,1
CHEMBL5416547,1
CHEMBL2430913,1
CHEMBL499739,1
CHEMBL4878472,1
CHEMBL4875302,2
CHEMBL428496,5
CHEMBL101168,6
CHEMBL13470,7
CHEMBL13828,7
CHEMBL9352,1
CHEMBL467981,2
CHEMBL1213666,1
CHEMBL15571,1
CHEMBL4639249,4
CHEMBL5410898,2
CHEMBL2398508,1
CHEMBL3216815,1
CHEMBL3216356,1
CHEMBL1256792,3
CHEMBL5434989,1
CHEMBL4471898,1
CHEMBL4593437,1
CHEMBL4582536,1
CHEMBL126486,2
CHEMBL338227,2
CHEMBL4284447,3
CHEMBL2203510,1
CHEMBL2203509,1
CHEMBL2203507,1
CHEMBL1669220,1
CHEMBL4215216,2
CHEMBL4126568,1
CHEMBL5184874,2
CHEMBL2408948,2
CHEMBL4168113,1
CHEMBL1711,2
CHEMBL2058100,2
CHEMBL5219351,2
CHEMBL2089231,2
CHEMBL2089235,2
CHEMBL4444780,2
CHEMBL1883437,1
CHEMBL4469152,1
CHEMBL3409895,1
CHEMBL4462663,1
CHEMBL5219192,2
CHEMBL4564866,1
CHEMBL4521120,1
CHEMBL4453508,1
CHEMBL4567328,1
CHEMBL3260660,1
CHEMBL3260663,1
CHEMBL4555634,1
CHEMBL4290298,2
CHEMBL4276912,1
CHEMBL3098695,1
CHEMBL4463598,1
CHEMBL4585813,1
CHEMBL4452018,2
CHEMBL4577286,2
CHEMBL4292637,3
CHEMBL4472784,2
CHEMBL2316645,1
CHEMBL2316643,1
CHEMBL2316642,1
CHEMBL2316639,1
CHEMBL2316657,1
CHEMBL2316655,1
CHEMBL4278342,1
CHEMBL1209890,1
CHEMBL5287802,1
CHEMBL5284518,1
CHEMBL5284329,2
CHEMBL5274192,1
CHEMBL3814964,1
CHEMBL3814935,1
CHEMBL3814278,1
CHEMBL3813838,1
CHEMBL3338907,1
CHEMBL4637267,1
CHEMBL4642873,1
CHEMBL4459624,2
CHEMBL4463829,1
CHEMBL3759184,2
CHEMBL3759341,2
CHEMBL4472851,1
CHEMBL4437261,1
CHEMBL4519750,1
CHEMBL4542374,1
CHEMBL3234048,2
CHEMBL4454984,1
CHEMBL1269039,2
CHEMBL2368398,1
CHEMBL3116367,1
CHEMBL3116366,1
CHEMBL5185034,1
CHEMBL5201784,1
CHEMBL5286764,1
CHEMBL5270185,1
CHEMBL5405050,4
CHEMBL532497,2
CHEMBL5274818,2
CHEMBL1189234,2
CHEMBL3758840,3
CHEMBL211313,2
CHEMBL2435436,1
CHEMBL2435419,1
CHEMBL3814548,2
CHEMBL2441919,2
CHEMBL5171206,1
CHEMBL5195659,1
CHEMBL5206223,1
CHEMBL2442612,1
CHEMBL4067099,1
CHEMBL4981282,4
CHEMBL5169459,1
CHEMBL5179365,3
CHEMBL5178490,1
CHEMBL1301756,1
CHEMBL1317916,1
CHEMBL5406445,1
CHEMBL5436946,1
CHEMBL5201370,1
CHEMBL5206690,1
CHEMBL5308899,4
CHEMBL5182643,2
CHEMBL3337954,1
CHEMBL4094002,1
CHEMBL4521665,3
CHEMBL4465825,1
CHEMBL4589392,2
CHEMBL5195391,1
CHEMBL5184369,1
CHEMBL4532597,2
CHEMBL4126626,1
CHEMBL4756391,1
CHEMBL5403581,1
CHEMBL5012817,3
CHEMBL4938751,3
CHEMBL55810,1
CHEMBL5414631,2
CHEMBL486985,2
CHEMBL5416602,2
CHEMBL5181845,1
CHEMBL5436114,1
CHEMBL4533198,1
CHEMBL4443005,1
CHEMBL4761116,1
CHEMBL4765089,1
CHEMBL4749922,1
CHEMBL4569739,1
CHEMBL4442584,1
CHEMBL4800676,1
CHEMBL4537343,1
CHEMBL4439319,1
CHEMBL4438736,1
CHEMBL4476145,1
CHEMBL4746422,1
CHEMBL4102692,1
CHEMBL4964507,4
CHEMBL5018385,4
CHEMBL4848859,1
CHEMBL4104673,1
CHEMBL4849109,1
CHEMBL4866832,1
CHEMBL4852828,1
CHEMBL4877660,1
CHEMBL4877529,1
CHEMBL4854967,1
CHEMBL4858878,1
CHEMBL5026706,3
CHEMBL4579272,1
CHEMBL261691,1
CHEMBL4871069,1
CHEMBL4846594,1
CHEMBL4850316,1
CHEMBL4872525,1
CHEMBL4878292,2
CHEMBL4448380,2
CHEMBL4937636,4
CHEMBL3632752,1
CHEMBL3601451,1
CHEMBL2430915,1
CHEMBL5093343,2
CHEMBL3628852,1
CHEMBL3589003,1
CHEMBL4166452,2
CHEMBL5201659,1
CHEMBL2414902,1
CHEMBL1257967,2
CHEMBL1822318,2
CHEMBL598533,2
CHEMBL601724,1
CHEMBL464355,1
CHEMBL4550497,1
CHEMBL3956344,2
CHEMBL455170,1
CHEMBL572077,2
CHEMBL5429182,2
CHEMBL5394532,4
CHEMBL308767,1
CHEMBL75389,1
CHEMBL447553,2
CHEMBL4126392,1
CHEMBL457049,1
CHEMBL256797,1
CHEMBL5430891,2
CHEMBL2409056,1
CHEMBL520530,3
CHEMBL5408264,2
CHEMBL5434194,2
CHEMBL1521758,1
CHEMBL5310690,3
CHEMBL5312405,4
CHEMBL5311766,3
CHEMBL5267570,1
CHEMBL3215935,1
CHEMBL3217037,1
CHEMBL3217241,1
CHEMBL3215925,1
CHEMBL2398506,1
CHEMBL2398505,1
CHEMBL3216348,1
CHEMBL3215694,1
CHEMBL5271991,1
CHEMBL3215705,1
CHEMBL5310754,3
CHEMBL2391089,2
CHEMBL496321,1
CHEMBL423698,2
CHEMBL4648910,1
CHEMBL5409606,2
CHEMBL5419116,2
CHEMBL4635723,4
CHEMBL5402006,2
CHEMBL5429623,2
CHEMBL5431954,2
CHEMBL5419255,2
CHEMBL5427367,1
CHEMBL5310656,4
CHEMBL106408,2
CHEMBL5273497,2
CHEMBL3133768,4
CHEMBL5435269,2
CHEMBL5403858,2
CHEMBL578061,1
CHEMBL278315,7
CHEMBL5402173,1
CHEMBL5418909,1
CHEMBL2017315,1
CHEMBL2017317,1
CHEMBL2017321,1
CHEMBL2017469,1
CHEMBL2017481,1
CHEMBL2017487,1
CHEMBL1097236,1
CHEMBL4859115,2
CHEMBL518262,1
CHEMBL430060,3
CHEMBL56073,1
CHEMBL3819014,1
CHEMBL1093451,1
CHEMBL1088811,1
CHEMBL5402542,1
CHEMBL2088685,1
CHEMBL4458103,1
CHEMBL1090038,1
CHEMBL1090281,1
CHEMBL4569377,1
CHEMBL4790374,1
CHEMBL4851749,1
CHEMBL5406078,1
CHEMBL4856116,1
CHEMBL3827798,2
CHEMBL5401464,1
CHEMBL5403877,1
CHEMBL2203516,1
CHEMBL4283416,2
CHEMBL1619097,3
CHEMBL4983734,3
CHEMBL4904172,3
CHEMBL4997409,4
CHEMBL4950217,2
CHEMBL4888713,2
CHEMBL4957824,2
CHEMBL5007440,2
CHEMBL5439796,1
CHEMBL3216537,1
CHEMBL1813268,1
CHEMBL2057810,1
CHEMBL1807210,1
CHEMBL5400726,1
CHEMBL5397929,1
CHEMBL4462089,1
CHEMBL5395525,1
CHEMBL5415491,1
CHEMBL5395561,2
CHEMBL5400091,2
CHEMBL219271,2
CHEMBL4537881,1
CHEMBL4521877,1
CHEMBL5194326,4
CHEMBL5186818,2
CHEMBL5439358,1
CHEMBL3884111,2
CHEMBL3883626,1
CHEMBL4159624,1
CHEMBL4172694,1
CHEMBL5429926,1
CHEMBL5410047,1
CHEMBL269277,3
CHEMBL546204,1
CHEMBL3799944,1
CHEMBL4062813,1
CHEMBL4074246,2
CHEMBL4740256,1
CHEMBL1330352,1
CHEMBL2236207,2
CHEMBL4920334,3
CHEMBL5024141,3
CHEMBL5271363,3
CHEMBL5403746,2
CHEMBL5401056,1
CHEMBL4208533,2
CHEMBL3314965,1
CHEMBL2153490,1
CHEMBL3338005,1
CHEMBL3338024,1
CHEMBL3109559,1
CHEMBL2437288,1
CHEMBL2435774,1
CHEMBL4562998,1
CHEMBL3238539,1
CHEMBL4641520,2
CHEMBL3133774,6
CHEMBL3827282,1
CHEMBL4890158,3
CHEMBL4975421,2
CHEMBL5008263,2
CHEMBL4898173,2
CHEMBL4995739,3
CHEMBL5013188,4
CHEMBL4869115,1
CHEMBL4967611,3
CHEMBL4944437,2
CHEMBL5005658,3
CHEMBL374107,2
CHEMBL1689608,1
CHEMBL2374211,1
CHEMBL4527558,1
CHEMBL2333006,2
CHEMBL3799049,1
CHEMBL3797847,1
CHEMBL3799772,1
CHEMBL3797306,1
CHEMBL3797643,1
CHEMBL3799588,1
CHEMBL3797970,1
CHEMBL3797730,1
CHEMBL3799717,1
CHEMBL3797697,1
CHEMBL4858386,1
CHEMBL4855977,1
CHEMBL1641672,2
CHEMBL93655,6
CHEMBL68534,7
CHEMBL5201902,1
CHEMBL5181218,1
CHEMBL2203522,1
CHEMBL576034,1
CHEMBL7973,1
CHEMBL3116375,1
CHEMBL3359696,1
CHEMBL2169987,1
CHEMBL3290638,1
CHEMBL63479,1
CHEMBL359994,1
CHEMBL267936,1
CHEMBL305419,3
CHEMBL1172333,1
CHEMBL4872463,1
CHEMBL1223945,1
CHEMBL1214169,1
CHEMBL1214453,1
CHEMBL1214464,1
CHEMBL1214518,1
CHEMBL1215382,1
CHEMBL416552,1
CHEMBL290766,1
CHEMBL589509,1
CHEMBL4443390,2
CHEMBL582570,1
CHEMBL603826,1
CHEMBL3216920,1
CHEMBL3215593,1
CHEMBL565415,1
CHEMBL388978,2
CHEMBL44,1
CHEMBL3798326,1
CHEMBL3797278,1
CHEMBL457149,1
CHEMBL3814914,1
CHEMBL3814637,1
CHEMBL4580780,2
CHEMBL478723,1
CHEMBL3637888,1
CHEMBL3780795,1
CHEMBL3780246,1
CHEMBL3781576,1
CHEMBL3781195,1
CHEMBL563206,1
CHEMBL3605028,2
CHEMBL3814777,1
CHEMBL3814029,1
CHEMBL3814971,1
CHEMBL3577234,1
CHEMBL3581788,1
CHEMBL4467658,1
CHEMBL4534181,1
CHEMBL594331,1
CHEMBL594374,1
CHEMBL595021,1
CHEMBL4466828,1
CHEMBL4560791,1
CHEMBL4547758,1
CHEMBL3785802,1
CHEMBL514677,1
CHEMBL307765,1
CHEMBL3127945,1
CHEMBL463937,1
CHEMBL458028,1
CHEMBL4446041,1
CHEMBL4280840,2
CHEMBL4063658,2
CHEMBL4750566,1
CHEMBL4789606,1
CHEMBL4434756,2
CHEMBL4545990,2
CHEMBL3108888,1
CHEMBL3132891,1
CHEMBL3132890,1
CHEMBL3132906,1
CHEMBL4289576,1
CHEMBL3581476,2
CHEMBL3581287,1
CHEMBL3601858,1
CHEMBL4285392,1
CHEMBL3581825,1
CHEMBL4748502,1
CHEMBL4759046,2
CHEMBL3581613,1
CHEMBL4451077,1
CHEMBL4577853,1
CHEMBL449690,2
CHEMBL494163,1
CHEMBL302755,1
CHEMBL3603877,1
CHEMBL3603878,1
CHEMBL3632753,1
CHEMBL4853205,1
CHEMBL4856504,1
CHEMBL4858666,1
CHEMBL211120,1
CHEMBL218577,6
CHEMBL4758789,1
CHEMBL3797588,1
CHEMBL3800536,1
CHEMBL4165010,1
CHEMBL4177439,1
CHEMBL4167014,1
CHEMBL3884574,1
CHEMBL1078476,1
CHEMBL3589921,1
CHEMBL3589936,1
CHEMBL1077543,1
CHEMBL190461,1
CHEMBL2418010,1
CHEMBL3221135,1
CHEMBL241083,2
CHEMBL241098,1
CHEMBL5207836,2
CHEMBL2374206,1
CHEMBL5198995,1
CHEMBL3104423,1
CHEMBL4641319,1
CHEMBL4555047,1
CHEMBL486391,1
CHEMBL2316620,1
CHEMBL4926201,2
CHEMBL21494,1
CHEMBL4514131,1
CHEMBL4551603,1
CHEMBL4644401,1
CHEMBL2064163,1
CHEMBL3112868,1
CHEMBL4636443,1
CHEMBL503999,2
CHEMBL4516164,1
CHEMBL4592336,1
CHEMBL3288913,1
CHEMBL3288917,1
CHEMBL453867,1
CHEMBL4647784,1
CHEMBL4632728,2
CHEMBL4549756,2
CHEMBL4640991,1
CHEMBL4637089,1
CHEMBL5416548,2
CHEMBL108041,1
CHEMBL4286180,2
CHEMBL4527906,1
CHEMBL4452609,2
CHEMBL22901,1
CHEMBL3814400,1
CHEMBL261720,1
CHEMBL3601846,1
CHEMBL164,8
CHEMBL1256876,7
CHEMBL1370,7
CHEMBL1256027,4
CHEMBL1256024,4
CHEMBL1255755,3
CHEMBL799,5
CHEMBL540848,3
CHEMBL388806,1
CHEMBL45068,5
CHEMBL1255739,4
CHEMBL1108,7
CHEMBL40275,1
CHEMBL5397266,1
CHEMBL3765154,1
CHEMBL249089,2
CHEMBL1699,4
CHEMBL35482,2
CHEMBL4286352,2
CHEMBL4998334,4
CHEMBL3125599,1
CHEMBL5419400,1
CHEMBL4986928,4
CHEMBL3589930,1
CHEMBL69503,1
CHEMBL2408947,1
CHEMBL3217018,1
CHEMBL4472344,1
CHEMBL522145,1
CHEMBL3233371,1
CHEMBL3233354,1
CHEMBL312687,1
CHEMBL4902261,4
CHEMBL4927872,2
CHEMBL4892667,3
CHEMBL70227,2
CHEMBL4970094,1
CHEMBL5003580,3
CHEMBL4925021,4
CHEMBL4969435,2
CHEMBL5011057,4
CHEMBL5024998,2
CHEMBL4923208,3
CHEMBL3144165,2
CHEMBL257183,2
CHEMBL476716,2
CHEMBL4128793,1
CHEMBL1469728,3
CHEMBL5419323,1
CHEMBL489290,1
CHEMBL5421475,1
CHEMBL459437,2
CHEMBL1172098,1
CHEMBL4542733,1
CHEMBL4545662,1
CHEMBL61559,2
CHEMBL5078930,1
CHEMBL2322983,1
CHEMBL4163981,1
CHEMBL559800,1
CHEMBL4172699,1
CHEMBL3338022,2
CHEMBL1753,7
CHEMBL180239,2
CHEMBL539632,1
CHEMBL5290932,3
CHEMBL3781912,1
CHEMBL3780486,1
CHEMBL3781203,1
CHEMBL3781490,1
CHEMBL1687,1
CHEMBL449174,1
CHEMBL4645994,1
CHEMBL4283545,2
CHEMBL4288798,2
CHEMBL4280083,2
CHEMBL4793227,1
CHEMBL4475069,1
CHEMBL4249696,1
CHEMBL4244656,1
CHEMBL3112872,1
CHEMBL4547807,1
CHEMBL294740,1
CHEMBL4453682,1
CHEMBL4434681,1
CHEMBL4457347,1
CHEMBL1257013,1
CHEMBL3109556,1
CHEMBL3109549,1
CHEMBL4286582,1
CHEMBL408982,3
CHEMBL1200895,2
CHEMBL322970,3
CHEMBL48278,1
CHEMBL572145,1
CHEMBL2435755,1
CHEMBL1256148,4
CHEMBL9514,4
CHEMBL1369632,1
CHEMBL1256919,1
CHEMBL541521,1
CHEMBL1200411,1
CHEMBL1200413,1
CHEMBL1255646,1
CHEMBL276711,1
CHEMBL1200870,1
CHEMBL4643399,1
CHEMBL4091532,1
CHEMBL4289834,1
CHEMBL4290963,1
CHEMBL4290591,1
CHEMBL4278552,1
CHEMBL4292248,2
CHEMBL3337961,1
CHEMBL4290757,2
CHEMBL4290344,2
CHEMBL4286356,1
CHEMBL4279944,1
CHEMBL4293575,2
CHEMBL4292566,2
CHEMBL4281904,2
CHEMBL4282326,1
CHEMBL4291066,1
CHEMBL4279323,1
CHEMBL4861409,2
CHEMBL390154,1
CHEMBL4283010,2
CHEMBL4098388,2
CHEMBL20649,1
CHEMBL21313,1
CHEMBL4516720,1
CHEMBL67122,3
CHEMBL4474404,1
CHEMBL4515885,1
CHEMBL5312868,3
CHEMBL3893766,1
CHEMBL3932159,1
CHEMBL3902744,1
CHEMBL489880,2
CHEMBL3823791,1
CHEMBL377582,1
CHEMBL4450197,2
CHEMBL4540009,2
CHEMBL3359690,1
CHEMBL3359688,1
CHEMBL113208,1
CHEMBL1256191,7
CHEMBL3814137,1
CHEMBL3815016,1
CHEMBL3814063,1
CHEMBL3338009,1
CHEMBL3338020,1
CHEMBL4063999,1
CHEMBL4764680,1
CHEMBL4761755,1
CHEMBL460432,1
CHEMBL3216334,1
CHEMBL229885,1
CHEMBL466512,1
CHEMBL4635804,1
CHEMBL4800485,1
CHEMBL4784746,1
CHEMBL4781179,1
CHEMBL4781176,1
CHEMBL4754190,1
CHEMBL4780238,1
CHEMBL3236233,1
CHEMBL3236262,1
CHEMBL4577488,1
CHEMBL4916634,3
CHEMBL5023404,5
CHEMBL4977093,3
CHEMBL4898293,2
CHEMBL4915162,2
CHEMBL4899416,3
CHEMBL3814983,1
CHEMBL4935137,2
CHEMBL5001205,3
CHEMBL4933459,3
CHEMBL4990318,3
CHEMBL4995487,4
CHEMBL4915728,2
CHEMBL844,3
CHEMBL964,5
CHEMBL4533927,1
CHEMBL1255743,5
CHEMBL223344,1
CHEMBL3775477,1
CHEMBL1214684,4
CHEMBL402468,6
CHEMBL2314401,1
CHEMBL1256916,7
CHEMBL5009372,3
CHEMBL3120830,1
CHEMBL404184,1
CHEMBL3781067,1
CHEMBL3797972,1
CHEMBL3800544,1
CHEMBL3799107,1
CHEMBL3799380,1
CHEMBL3797653,1
CHEMBL3799922,1
CHEMBL3798898,1
CHEMBL3797448,1
CHEMBL3798765,1
CHEMBL3799272,1
CHEMBL3799445,1
CHEMBL5279364,1
CHEMBL2435704,1
CHEMBL4471333,1
CHEMBL2442608,1
CHEMBL2442604,1
CHEMBL2442601,1
CHEMBL5197679,2
CHEMBL3233985,1
CHEMBL4074118,1
CHEMBL4640983,4
CHEMBL4083133,1
CHEMBL3601860,1
CHEMBL4072656,2
CHEMBL4095589,1
CHEMBL4103333,1
CHEMBL4104555,1
CHEMBL4101177,1
CHEMBL3580676,1
CHEMBL3589929,1
CHEMBL3589981,1
CHEMBL279998,4
CHEMBL3634065,1
CHEMBL2203851,1
CHEMBL2207905,1
CHEMBL2207910,1
CHEMBL600161,1
CHEMBL5409978,2
CHEMBL5416653,2
CHEMBL3771265,1
CHEMBL5426224,1
CHEMBL5428042,2
CHEMBL5411779,1
CHEMBL5428635,2
CHEMBL5411048,2
CHEMBL5184142,2
CHEMBL5081909,2
CHEMBL4644427,1
CHEMBL4634976,1
CHEMBL374741,1
CHEMBL227582,2
CHEMBL4798554,1
CHEMBL146137,4
CHEMBL1835280,1
CHEMBL4798259,1
CHEMBL4891458,4
CHEMBL3216127,1
CHEMBL3217225,1
CHEMBL4896445,3
CHEMBL3827879,1
CHEMBL1951742,1
CHEMBL2347234,1
CHEMBL4752054,1
CHEMBL4998811,2
CHEMBL4987686,3
CHEMBL4846590,1
CHEMBL4866642,1
CHEMBL1088953,1
CHEMBL1088963,1
CHEMBL1088967,1
CHEMBL1089060,1
CHEMBL4877171,1
CHEMBL3221651,1
CHEMBL4559720,2
CHEMBL4475962,1
CHEMBL4474349,2
CHEMBL4575022,1
CHEMBL4534533,1
CHEMBL2435770,1
CHEMBL4291253,1
CHEMBL4291478,2
CHEMBL3233349,1
CHEMBL3813736,1
CHEMBL4279349,2
CHEMBL4283702,2
CHEMBL4292245,2
CHEMBL570120,2
CHEMBL4276894,1
CHEMBL2089261,1
CHEMBL3814373,1
CHEMBL3338908,1
CHEMBL2088686,1
CHEMBL65260,2
CHEMBL210411,1
CHEMBL394001,2
CHEMBL4515188,1
CHEMBL5403585,1
CHEMBL4877211,1
CHEMBL5406152,1
CHEMBL3353311,1
CHEMBL3581791,1
CHEMBL1425,2
CHEMBL5418543,1
CHEMBL5182907,1
CHEMBL1812351,1
CHEMBL1812348,2
CHEMBL3774436,1
CHEMBL272041,1
CHEMBL4557884,1
CHEMBL219444,1
CHEMBL442471,1
CHEMBL15193,3
CHEMBL4921082,2
CHEMBL4919483,3
CHEMBL4986437,2
CHEMBL179732,2
CHEMBL73160,1
CHEMBL32823,2
CHEMBL3759740,3
CHEMBL3759887,3
CHEMBL4643812,2
CHEMBL4648223,1
CHEMBL3233355,1
CHEMBL150,1
CHEMBL8145,1
CHEMBL3262100,1
CHEMBL3394326,2
CHEMBL255168,1
CHEMBL4472124,2
CHEMBL5027570,2
CHEMBL4950800,4
CHEMBL43,1
CHEMBL4100468,1
CHEMBL4064641,2
CHEMBL4917407,2
CHEMBL4900613,4
CHEMBL4947057,4
CHEMBL1649745,1
CHEMBL5013338,4
CHEMBL121305,1
CHEMBL1181887,1
CHEMBL2314634,1
CHEMBL2314628,1
CHEMBL4641611,2
CHEMBL3633234,1
CHEMBL3775666,1
CHEMBL4075495,1
CHEMBL2237703,1
CHEMBL2237914,2
CHEMBL2237711,2
CHEMBL3233358,1
CHEMBL4868778,1
CHEMBL4860815,1
CHEMBL4876061,1
CHEMBL3315016,1
CHEMBL3327050,1
CHEMBL3321976,1
CHEMBL4202777,1
CHEMBL564,1
CHEMBL4646533,1
CHEMBL4640883,1
CHEMBL4647207,1
CHEMBL3343729,1
CHEMBL3343804,1
CHEMBL4522997,1
CHEMBL3219637,1
CHEMBL3233984,1
CHEMBL4451094,1
CHEMBL729,1
CHEMBL2377305,1
CHEMBL2435779,1
CHEMBL3133568,1
CHEMBL2311803,1
CHEMBL5312263,4
CHEMBL5312848,2
CHEMBL5310806,4
CHEMBL4869308,1
CHEMBL4244830,2
CHEMBL478530,1
CHEMBL478348,1
CHEMBL516895,1
CHEMBL4575484,2
CHEMBL2094001,1
CHEMBL457050,1
CHEMBL4855871,1
CHEMBL4868494,1
CHEMBL3402044,1
CHEMBL4516866,1
CHEMBL4548118,1
CHEMBL1081958,1
CHEMBL3823825,1
CHEMBL504972,1
CHEMBL514648,1
CHEMBL511932,1
CHEMBL2203519,1
CHEMBL3233374,1
CHEMBL367149,2
CHEMBL483572,1
CHEMBL213377,2
CHEMBL4439171,1
CHEMBL488656,1
CHEMBL522350,1
CHEMBL197925,1
CHEMBL311498,4
CHEMBL203648,1
CHEMBL501746,1
CHEMBL2441183,1
CHEMBL1739045,1
CHEMBL4095630,1
CHEMBL450602,1
CHEMBL3115461,1
CHEMBL3109519,1
CHEMBL3109536,1
CHEMBL450678,2
CHEMBL271534,1
CHEMBL1653,4
CHEMBL1255841,3
CHEMBL570383,1
CHEMBL389621,1
CHEMBL485479,1
CHEMBL145090,1
CHEMBL1290028,1
CHEMBL499211,1
CHEMBL4438910,1
CHEMBL252331,1
CHEMBL2063969,1
CHEMBL4976502,4
CHEMBL4967714,4
CHEMBL5414306,1
CHEMBL4643668,2
CHEMBL463958,1
CHEMBL5414354,1
CHEMBL2207885,1
CHEMBL441986,1
CHEMBL4647787,1
CHEMBL4647824,1
CHEMBL1835968,2
CHEMBL337821,1
CHEMBL468198,1
CHEMBL1258541,1
CHEMBL4639851,1
CHEMBL4641338,1
CHEMBL4644908,1
CHEMBL5285063,3
CHEMBL3799766,2
CHEMBL75274,2
CHEMBL55659,1
CHEMBL28626,2
CHEMBL1098670,1
CHEMBL4082449,1
CHEMBL328742,1
CHEMBL5018489,2
CHEMBL4928484,3
CHEMBL4923450,2
CHEMBL4796774,1
CHEMBL4757108,1
CHEMBL4780255,1
CHEMBL563704,1
CHEMBL550873,1
CHEMBL562279,1
CHEMBL562398,1
CHEMBL4969354,2
CHEMBL4974285,4
CHEMBL5181295,2
CHEMBL3781706,1
CHEMBL4873354,2
CHEMBL5407993,1
CHEMBL1873576,2
CHEMBL5418465,1
CHEMBL5407214,1
CHEMBL3216336,1
CHEMBL2334428,1
CHEMBL446918,3
CHEMBL4940692,2
CHEMBL4969023,4
CHEMBL4089580,1
CHEMBL207517,1
CHEMBL3262118,1
CHEMBL4176685,1
CHEMBL4171280,1
CHEMBL4163374,1
CHEMBL4168328,1
CHEMBL4166886,1
CHEMBL4750866,1
CHEMBL476220,1
CHEMBL4871489,1
CHEMBL2377314,1
CHEMBL4875062,1
CHEMBL5220197,2
CHEMBL5207162,2
CHEMBL4525956,1
CHEMBL4554313,1
CHEMBL4471848,1
CHEMBL4449146,1
CHEMBL4438670,1
CHEMBL4577315,1
CHEMBL4464680,1
CHEMBL5219672,2
CHEMBL4944482,3
CHEMBL5180189,1
CHEMBL3221166,1
CHEMBL539947,7
CHEMBL4855638,1
CHEMBL4857511,1
CHEMBL5175465,1
CHEMBL5207478,1
CHEMBL3235631,1
CHEMBL5412131,1
CHEMBL5086557,1
CHEMBL1257031,6
CHEMBL3235668,1
CHEMBL3235628,1
CHEMBL3221169,1
CHEMBL4983424,4
CHEMBL4917697,5
CHEMBL5405531,1
CHEMBL5434578,2
CHEMBL5433072,2
CHEMBL5401128,2
CHEMBL5417220,1
CHEMBL5309377,2
CHEMBL5268569,1
CHEMBL5311065,4
CHEMBL5288678,2
CHEMBL4576184,1
CHEMBL1258319,1
CHEMBL241806,2
CHEMBL2324188,1
CHEMBL4852173,1
CHEMBL4858018,1
CHEMBL4845852,1
CHEMBL5395763,2
CHEMBL4465893,1
CHEMBL5397154,2
CHEMBL5426561,1
CHEMBL5284904,4
CHEMBL5399864,1
CHEMBL5440218,1
CHEMBL5404134,1
CHEMBL5397904,2
CHEMBL3233378,1
CHEMBL3290611,1
CHEMBL5427002,1
CHEMBL5414075,1
CHEMBL4785276,1
CHEMBL4521990,1
CHEMBL4472541,1
CHEMBL4747206,1
CHEMBL5208929,1
CHEMBL5176221,1
CHEMBL2322216,4
CHEMBL5426037,1
CHEMBL5410648,1
CHEMBL5427152,1
CHEMBL4872709,1
CHEMBL5274300,1
CHEMBL4871227,1
CHEMBL4871162,1
CHEMBL1237212,4
CHEMBL1271785,1
CHEMBL1271844,1
CHEMBL1272172,1
CHEMBL4544687,1
CHEMBL1078783,1
CHEMBL1077541,1
CHEMBL1097906,1
CHEMBL5424434,1
CHEMBL5411052,1
CHEMBL5430411,1
CHEMBL592303,1
CHEMBL4848637,1
CHEMBL4873522,1
CHEMBL602103,1
CHEMBL3632750,1
CHEMBL5198589,1
CHEMBL5204629,1
CHEMBL5192358,1
CHEMBL3127942,1
CHEMBL329373,1
CHEMBL281375,1
CHEMBL3133578,1
CHEMBL5404916,2
CHEMBL5425323,1
CHEMBL4763074,2
CHEMBL5275652,3
CHEMBL5401824,4
CHEMBL5412100,2
CHEMBL5420166,1
CHEMBL5396503,1
CHEMBL5417101,1
CHEMBL5431420,1
CHEMBL5431588,1
CHEMBL5438199,1
CHEMBL5421146,1
CHEMBL5398395,1
CHEMBL5406003,1
CHEMBL5413219,2
CHEMBL5424835,1
CHEMBL5427770,2
CHEMBL5402494,1
CHEMBL5424121,1
CHEMBL5434212,1
CHEMBL4452174,1
CHEMBL5272098,1
CHEMBL3120842,1
CHEMBL2098466,1
CHEMBL3109550,1
CHEMBL3104733,1
CHEMBL3798718,2
CHEMBL3798376,2
CHEMBL3798543,2
CHEMBL236564,2
CHEMBL1761009,1
CHEMBL1761021,1
CHEMBL612054,2
CHEMBL2418046,1
CHEMBL3928628,2
CHEMBL5410554,2
CHEMBL5427475,2
CHEMBL5411698,2
CHEMBL5439230,2
CHEMBL1426948,4
CHEMBL1256022,3
CHEMBL87285,2
CHEMBL539507,1
CHEMBL1256291,1
CHEMBL1232046,1
CHEMBL5414878,1
CHEMBL4853880,1
CHEMBL5432011,1
CHEMBL344151,3
CHEMBL1472989,1
CHEMBL64119,2
CHEMBL1256176,1
CHEMBL4939905,4
CHEMBL279492,1
CHEMBL3604397,1
CHEMBL3601693,1
CHEMBL3601848,1
CHEMBL3601851,1
CHEMBL5422159,1
CHEMBL5406362,1
CHEMBL5422185,2
CHEMBL3590067,1
CHEMBL21799,1
CHEMBL4437978,1
CHEMBL3589924,1
CHEMBL5400017,1
CHEMBL5406969,1
CHEMBL5428710,1
CHEMBL5438209,1
CHEMBL3603875,1
CHEMBL3603884,1
CHEMBL3603888,1
CHEMBL405110,4
CHEMBL2229118,1
CHEMBL463001,1
CHEMBL518094,1
CHEMBL3617345,1
CHEMBL3617350,1
CHEMBL3617352,1
CHEMBL3617453,1
CHEMBL6231,2
CHEMBL5273487,1
CHEMBL4793368,1
CHEMBL4874210,1
CHEMBL4855749,1
CHEMBL4853411,1
CHEMBL84567,6
CHEMBL3628219,1
CHEMBL206555,1
CHEMBL3634146,1
CHEMBL3634147,1
CHEMBL4129314,1
CHEMBL4127953,1
CHEMBL4637385,2
CHEMBL4170645,1
CHEMBL4174469,1
CHEMBL3309924,1
CHEMBL5185659,1
CHEMBL5413165,1
CHEMBL5405218,1
CHEMBL1794051,6
CHEMBL3814302,1
CHEMBL4165378,1
CHEMBL404431,5
CHEMBL3753684,1
CHEMBL582308,1
CHEMBL3899199,1
CHEMBL82918,1
CHEMBL561079,1
CHEMBL561077,1
CHEMBL1394319,1
CHEMBL5186379,2
CHEMBL4792049,2
CHEMBL1289858,2
CHEMBL2207897,1
CHEMBL4214244,1
CHEMBL5290580,2
CHEMBL4105233,2
CHEMBL1946686,1
CHEMBL4127220,1
CHEMBL4128508,1
CHEMBL1510065,1
CHEMBL4215518,1
CHEMBL4636833,1
CHEMBL4982613,5
CHEMBL4537061,1
CHEMBL2316800,2
CHEMBL5173097,1
CHEMBL5311488,4
CHEMBL3920979,1
CHEMBL4941445,2
CHEMBL3800323,1
CHEMBL3797894,1
CHEMBL4932697,2
CHEMBL3823158,1
CHEMBL286080,1
CHEMBL23507,1
CHEMBL95,1
CHEMBL5423095,2
CHEMBL1997540,2
CHEMBL5436053,1
CHEMBL5400380,1
CHEMBL5405051,1
CHEMBL484522,2
CHEMBL3780967,1
CHEMBL3781793,1
CHEMBL3780142,1
CHEMBL3780909,1
CHEMBL3779990,1
CHEMBL3780135,1
CHEMBL588815,2
CHEMBL1256662,7
CHEMBL548610,1
CHEMBL5431976,1
CHEMBL5398495,2
CHEMBL5433443,2
CHEMBL5434118,2
CHEMBL5432326,2
CHEMBL5418235,2
CHEMBL3800393,1
CHEMBL3798486,1
CHEMBL309176,5
CHEMBL1802542,1
CHEMBL3233376,1
CHEMBL2253272,1
CHEMBL1200399,2
CHEMBL5417784,2
CHEMBL1077545,1
CHEMBL547367,1
CHEMBL530167,1
CHEMBL528047,1
CHEMBL4287702,2
CHEMBL4466226,1
CHEMBL4543707,1
CHEMBL4578079,1
CHEMBL4517797,1
CHEMBL4758851,1
CHEMBL4741878,1
CHEMBL4754935,1
CHEMBL4787216,1
CHEMBL183,2
CHEMBL1272069,2
CHEMBL1256295,1
CHEMBL744,1
CHEMBL4213795,1
CHEMBL4202585,1
CHEMBL4590343,2
CHEMBL286534,1
CHEMBL2316514,1
CHEMBL4781467,2
CHEMBL5311076,4
CHEMBL4567697,2
CHEMBL4289118,2
CHEMBL5267185,1
CHEMBL5287964,1
CHEMBL152052,2
CHEMBL2314233,1
CHEMBL2311795,1
CHEMBL403651,1
CHEMBL72631,4
CHEMBL1083993,7
CHEMBL4084045,2
CHEMBL4454715,2
CHEMBL4970379,3
CHEMBL4995037,2
CHEMBL4293645,1
CHEMBL4284108,1
CHEMBL4283414,1
CHEMBL4935778,3
CHEMBL4997086,3
CHEMBL4894922,4
CHEMBL5014206,3
CHEMBL4929083,2
CHEMBL4467953,2
CHEMBL4945061,3
CHEMBL4892340,2
CHEMBL4453528,1
CHEMBL4583115,1
CHEMBL4593263,1
CHEMBL584437,1
CHEMBL5422134,2
CHEMBL5434820,2
CHEMBL5438827,2
CHEMBL5394318,2
CHEMBL5434359,2
CHEMBL5413377,1
CHEMBL5408959,1
CHEMBL5417467,1
CHEMBL5438722,1
CHEMBL4789733,1
CHEMBL34941,1
CHEMBL290441,1
CHEMBL5189619,2
CHEMBL1504080,1
CHEMBL4870154,1
CHEMBL35241,1
CHEMBL4552192,1
CHEMBL258981,1
CHEMBL4859817,1
CHEMBL3318702,1
CHEMBL3318694,1
CHEMBL4514829,1
CHEMBL4281110,1
CHEMBL4292073,1
CHEMBL4278919,1
CHEMBL4282380,1
CHEMBL4441627,1
CHEMBL4468270,1
CHEMBL4978687,2
CHEMBL85139,1
CHEMBL219883,2
CHEMBL4590672,1
CHEMBL4576283,1
CHEMBL4567567,1
CHEMBL175691,4
CHEMBL4447192,1
CHEMBL4536495,1
CHEMBL4438166,1
CHEMBL5282342,1
CHEMBL464525,2
CHEMBL471432,2
CHEMBL5287948,1
CHEMBL5275583,2
CHEMBL5273748,1
CHEMBL5270015,2
CHEMBL5272240,2
CHEMBL5273979,1
CHEMBL5267450,1
CHEMBL1326,3
CHEMBL417675,3
CHEMBL3989558,6
CHEMBL1256665,2
CHEMBL5282658,2
CHEMBL2012943,2
CHEMBL3953869,1
CHEMBL3898573,1
CHEMBL5266139,1
CHEMBL5271845,1
CHEMBL5289189,1
CHEMBL5410152,1
CHEMBL122334,1
CHEMBL5422497,1
CHEMBL5435699,1
CHEMBL5434602,1
CHEMBL5398857,1
CHEMBL98114,1
CHEMBL117,1
CHEMBL516268,1
CHEMBL5309833,4
CHEMBL5393929,1
CHEMBL5423558,1
CHEMBL5431730,2
CHEMBL465767,1
CHEMBL5399215,1
CHEMBL5269049,2
CHEMBL5291488,1
CHEMBL5281091,1
CHEMBL5397048,1
CHEMBL5431282,2
CHEMBL5406938,2
CHEMBL5408972,2
CHEMBL5412320,2
CHEMBL5429173,1
CHEMBL34704,7
CHEMBL5170714,1
CHEMBL5203838,1
CHEMBL485212,1
CHEMBL5397589,1
CHEMBL5417741,1
CHEMBL5403713,1
CHEMBL5192514,1
CHEMBL1908063,1
CHEMBL5396614,1
CHEMBL5438664,1
CHEMBL4644960,1
CHEMBL5408887,1
CHEMBL4953096,1
CHEMBL4928340,3
CHEMBL4926045,4
CHEMBL138662,1
CHEMBL449782,3
CHEMBL508781,2
CHEMBL5015631,2
CHEMBL4437034,2
CHEMBL1242973,2
CHEMBL4986458,1
CHEMBL405081,1
CHEMBL5074962,1
CHEMBL487518,1
CHEMBL4208355,1
CHEMBL4212778,1
CHEMBL4897117,4
CHEMBL4971082,3
CHEMBL4214479,1
CHEMBL4207168,1
CHEMBL5289190,1
CHEMBL4059870,1
CHEMBL4171349,1
CHEMBL3098961,2
CHEMBL2435694,1
CHEMBL258741,2
CHEMBL181529,2
CHEMBL5195831,2
CHEMBL5181490,1
CHEMBL4854793,1
CHEMBL532369,3
CHEMBL3775449,1
CHEMBL583824,1
CHEMBL3885179,1
CHEMBL3797742,1
CHEMBL3798241,1
CHEMBL3799484,1
CHEMBL3797517,1
CHEMBL5275229,1
CHEMBL5280675,1
CHEMBL5271660,1
CHEMBL5176098,2
CHEMBL5285944,1
CHEMBL5286757,2
CHEMBL4637440,4
CHEMBL5290984,1
CHEMBL5285626,1
CHEMBL447943,2
CHEMBL3354990,1
CHEMBL2234182,1
CHEMBL110739,3
CHEMBL5269121,2
CHEMBL354676,1
CHEMBL4211940,1
CHEMBL5424232,2
CHEMBL450175,2
CHEMBL4163740,1
CHEMBL4748472,1
CHEMBL4746399,1
CHEMBL4784436,1
CHEMBL4796304,1
CHEMBL5266732,1
CHEMBL3559406,1
CHEMBL4173731,1
CHEMBL4163432,1
CHEMBL470514,2
CHEMBL4751146,1
CHEMBL5283526,1
CHEMBL629,1
CHEMBL1652265,1
CHEMBL5180480,2
CHEMBL1213257,2
CHEMBL4483709,1
CHEMBL306946,2
CHEMBL4521554,1
CHEMBL3137651,1
CHEMBL4545863,1
CHEMBL4469345,2
CHEMBL4242138,1
CHEMBL4242704,2
CHEMBL4241601,1
CHEMBL2333012,2
CHEMBL5439063,1
CHEMBL5282438,3
CHEMBL5283038,3
CHEMBL4291744,1
CHEMBL4281116,1
CHEMBL5416883,2
CHEMBL5429662,1
CHEMBL5421187,1
CHEMBL22146,1
CHEMBL2431813,3
CHEMBL526138,2
CHEMBL23013,1
CHEMBL473929,1
CHEMBL1427,1
CHEMBL130,2
CHEMBL5404383,1
CHEMBL5290806,1
CHEMBL219416,2
CHEMBL5393780,1
CHEMBL5411530,1
CHEMBL5399251,1
CHEMBL5437917,1
CHEMBL1692,6
CHEMBL285629,1
CHEMBL976,2
CHEMBL1256885,7
CHEMBL441282,1
CHEMBL23455,2
CHEMBL578211,1
CHEMBL4911062,3
CHEMBL90969,1
CHEMBL2435429,1
CHEMBL4648773,2
CHEMBL4637578,2
CHEMBL4453248,1
CHEMBL4456345,1
CHEMBL463690,1
CHEMBL4560277,1
CHEMBL3797218,1
CHEMBL3798009,1
CHEMBL3798981,1
CHEMBL3799353,1
CHEMBL3800319,1
CHEMBL3813814,1
CHEMBL3799322,1
CHEMBL3814194,1
CHEMBL1487271,1
CHEMBL2316649,1
CHEMBL3827197,1
CHEMBL3781410,1
CHEMBL1946741,1
CHEMBL3133771,4
CHEMBL4518197,1
CHEMBL5281458,1
CHEMBL5275788,3
CHEMBL5423848,1
CHEMBL5291419,1
CHEMBL226553,1
CHEMBL4283052,1
CHEMBL4288397,1
CHEMBL4764306,1
CHEMBL4762946,1
CHEMBL4743538,1
CHEMBL4286398,1
CHEMBL585180,1
CHEMBL4286764,1
CHEMBL4286868,1
CHEMBL4293686,1
CHEMBL3621482,1
CHEMBL4531762,1
CHEMBL4218788,1
CHEMBL4203015,1
CHEMBL4239506,1
CHEMBL4285616,2
CHEMBL4789400,1
CHEMBL4798602,1
CHEMBL4793967,1
CHEMBL4789622,1
CHEMBL4743472,1
CHEMBL4763813,1
CHEMBL4293817,1
CHEMBL4282536,1
CHEMBL176570,1
CHEMBL4208371,1
CHEMBL4204785,1
CHEMBL4208682,1
CHEMBL4216215,1
CHEMBL4277524,2
CHEMBL5426061,1
CHEMBL5421742,1
CHEMBL5420047,1
CHEMBL5437752,1
CHEMBL4560133,1
CHEMBL5415506,1
CHEMBL5416860,1
CHEMBL5397008,1
CHEMBL5435980,2
CHEMBL4089808,1
CHEMBL5411036,1
CHEMBL5432833,1
CHEMBL5187200,1
CHEMBL5177220,1
CHEMBL5208544,1
CHEMBL5200294,1
CHEMBL4166803,1
CHEMBL4174732,1
CHEMBL4783797,1
CHEMBL4781248,1
CHEMBL4758495,1
CHEMBL4778940,1
CHEMBL4784098,1
CHEMBL468455,1
CHEMBL5276941,1
CHEMBL4589334,1
CHEMBL4529523,1
CHEMBL4534910,1
CHEMBL5410103,1
CHEMBL5169850,2
CHEMBL1611210,1
CHEMBL4521899,1
CHEMBL131921,1
CHEMBL485117,1
CHEMBL1950462,2
CHEMBL4243512,1
CHEMBL4250118,1
CHEMBL4238534,1
CHEMBL4243968,1
CHEMBL2207911,1
CHEMBL2207594,1
CHEMBL3980769,1
CHEMBL3981194,1
CHEMBL4557449,2
CHEMBL4568390,1
CHEMBL5429167,1
CHEMBL4636041,1
CHEMBL191703,1
CHEMBL5172071,1
CHEMBL5193350,1
CHEMBL3884036,1
CHEMBL505435,1
CHEMBL5093478,2
CHEMBL487182,1
CHEMBL4941390,1
CHEMBL77966,1
CHEMBL348436,1
CHEMBL1644112,1
CHEMBL3338053,2
CHEMBL5395790,1
CHEMBL5420361,1
CHEMBL4095443,1
CHEMBL2435427,1
CHEMBL349609,1
CHEMBL12089,1
CHEMBL443099,1
CHEMBL253896,2
CHEMBL456870,1
CHEMBL410525,3
CHEMBL4549463,1
CHEMBL5290954,1
CHEMBL1173442,2
CHEMBL5419399,1
CHEMBL299988,2
CHEMBL4879046,1
CHEMBL5425284,2
CHEMBL5393898,2
CHEMBL5398444,2
CHEMBL441861,2
CHEMBL35,3
CHEMBL4251480,1
CHEMBL462188,1
CHEMBL1256775,6
CHEMBL222863,2
CHEMBL318384,1
CHEMBL333985,3
CHEMBL5188075,1
CHEMBL1184821,1
CHEMBL4240284,1
CHEMBL132530,1
CHEMBL1200787,5
CHEMBL4848964,1
CHEMBL4848243,1
CHEMBL4168528,1
CHEMBL2042557,1
CHEMBL2203502,1
CHEMBL2207700,1
CHEMBL2207697,1
CHEMBL2207695,1
CHEMBL3109521,1
CHEMBL582580,1
CHEMBL2314391,1
CHEMBL5273255,1
CHEMBL68285,1
CHEMBL5187727,3
CHEMBL5440382,2
CHEMBL5206265,1
CHEMBL4441266,1
CHEMBL4566159,1
CHEMBL304747,1
CHEMBL135287,1
CHEMBL4864214,1
CHEMBL5281522,1
CHEMBL4849091,1
CHEMBL4454892,1
CHEMBL4453653,1
CHEMBL4437272,1
CHEMBL3116372,1
CHEMBL5271497,2
CHEMBL4458564,2
CHEMBL5413597,2
CHEMBL95965,2
CHEMBL1995433,1
CHEMBL49247,3
CHEMBL438428,1
CHEMBL4091762,2
CHEMBL3775335,1
CHEMBL4787962,1
CHEMBL4454909,1
CHEMBL3774923,1
CHEMBL4543844,1
CHEMBL5401766,1
CHEMBL9395,1
CHEMBL3330912,1
CHEMBL4741444,1
CHEMBL4792929,1
CHEMBL5080014,1
CHEMBL5416315,1
CHEMBL4167270,1
CHEMBL3404020,1
CHEMBL5430432,1
CHEMBL2041119,1
CHEMBL3815079,1
CHEMBL168,2
CHEMBL1255660,4
CHEMBL264512,1
CHEMBL509849,2
CHEMBL596251,2
CHEMBL5438612,1
CHEMBL3897892,1
CHEMBL4448405,1
CHEMBL5410453,1
CHEMBL5415942,1
CHEMBL5420619,1
CHEMBL3112879,1
CHEMBL1951744,1
CHEMBL4291475,1
CHEMBL4250066,1
CHEMBL136175,1
CHEMBL1197398,1
CHEMBL1197435,1
CHEMBL5412468,1
CHEMBL4535717,1
CHEMBL3133770,2
CHEMBL5418160,1
CHEMBL5394329,1
CHEMBL4279590,1
CHEMBL4292456,1
CHEMBL4291748,1
CHEMBL4293202,1
CHEMBL4293996,1
CHEMBL4283093,1
CHEMBL4282018,1
CHEMBL217893,1
CHEMBL5394102,1
CHEMBL5220944,1
CHEMBL5218731,1
CHEMBL5221060,1
CHEMBL5219319,1
CHEMBL3116042,4
CHEMBL5276853,1
CHEMBL5265775,1
CHEMBL4545745,2
CHEMBL3774619,1
CHEMBL3086341,2
CHEMBL528132,1
CHEMBL4537179,1
CHEMBL1971775,2
CHEMBL3108889,1
CHEMBL3329258,1
CHEMBL3799313,1
CHEMBL2314147,1
CHEMBL3883418,2
CHEMBL3885108,2
CHEMBL3913871,2
CHEMBL2237710,2
CHEMBL4561440,1
CHEMBL469284,1
CHEMBL511822,1
CHEMBL472879,4
CHEMBL2314403,1
CHEMBL4570699,1
CHEMBL375673,3
CHEMBL4583217,1
CHEMBL5287248,1
CHEMBL5272123,2
CHEMBL5270576,1
CHEMBL5279040,1
CHEMBL4459933,1
CHEMBL4575198,1
CHEMBL5412670,1
CHEMBL2367855,1
CHEMBL4452356,1
CHEMBL1336959,1
CHEMBL3084303,1
CHEMBL2349416,1
CHEMBL378900,2
CHEMBL5276681,1
CHEMBL402471,1
CHEMBL2207903,1
CHEMBL250450,2
CHEMBL4172204,1
CHEMBL4162714,1
CHEMBL1951749,1
CHEMBL3787331,1
CHEMBL3786695,1
CHEMBL1271568,2
CHEMBL395187,2
CHEMBL1255778,1
CHEMBL1255647,1
CHEMBL2062335,2
CHEMBL30,1
CHEMBL1256693,2
CHEMBL376180,2
CHEMBL93403,2
CHEMBL4473642,1
CHEMBL4204916,1
CHEMBL4213308,1
CHEMBL2203503,1
CHEMBL2203512,1
CHEMBL449062,1
CHEMBL4080773,1
CHEMBL4094141,1
CHEMBL150643,1
CHEMBL4088451,2
CHEMBL4868299,1
CHEMBL4859481,1
CHEMBL4872473,1
CHEMBL4863301,1
CHEMBL374245,1
CHEMBL5403948,1
CHEMBL2435696,1
CHEMBL2435698,1
CHEMBL501413,2
CHEMBL3799273,1
CHEMBL3885292,1
CHEMBL3822853,1
CHEMBL3822704,1
CHEMBL6742,2
CHEMBL482494,1
CHEMBL520012,1
CHEMBL4206490,1
CHEMBL4202813,1
CHEMBL3330910,1
CHEMBL3220020,1
CHEMBL4760392,1
CHEMBL4211096,1
CHEMBL140130,2
CHEMBL450917,1
CHEMBL4218865,1
CHEMBL269163,1
CHEMBL5208215,1
CHEMBL5207456,1
CHEMBL7004,2
CHEMBL66816,1
CHEMBL5172640,1
CHEMBL5193216,1
CHEMBL5218652,2
CHEMBL5220409,2
CHEMBL4556237,1
CHEMBL4203342,1
CHEMBL4217626,1
CHEMBL4207496,2
CHEMBL4167797,1
CHEMBL1830119,1
CHEMBL5291236,1
CHEMBL4175150,2
CHEMBL3108884,2
CHEMBL237950,1
CHEMBL5438628,1
CHEMBL5414656,1
CHEMBL5404318,2
CHEMBL5397558,1
CHEMBL4786319,1
CHEMBL2089272,1
CHEMBL4781752,1
CHEMBL1836630,1
CHEMBL5198268,1
CHEMBL5218836,2
CHEMBL538157,1
CHEMBL4763633,2
CHEMBL5184408,2
CHEMBL302791,2
CHEMBL1875655,1
CHEMBL54004,1
CHEMBL5078419,2
CHEMBL4294768,1
CHEMBL4294728,1
CHEMBL4290900,1
CHEMBL4289406,1
CHEMBL2435706,1
CHEMBL4847944,1
CHEMBL5288883,1
CHEMBL5207239,1
CHEMBL5289387,1
CHEMBL4483516,2
CHEMBL5183845,1
CHEMBL5425261,1
CHEMBL5093293,2
CHEMBL70663,1
CHEMBL2387271,3
CHEMBL242580,1
CHEMBL5432365,1
CHEMBL4105454,2
CHEMBL5194751,1
CHEMBL5175567,1
CHEMBL5180513,1
CHEMBL5177680,1
CHEMBL5175883,1
CHEMBL540,1
CHEMBL1562,1
CHEMBL1257092,1
CHEMBL478358,1
CHEMBL1257003,2
CHEMBL1200495,1
CHEMBL1643,1
CHEMBL4566141,2
CHEMBL75773,1
CHEMBL1276127,1
CHEMBL1172810,1
CHEMBL395827,1
CHEMBL54893,1
CHEMBL139679,2
CHEMBL533404,1
CHEMBL3581341,1
CHEMBL3116033,1
CHEMBL3215901,1
CHEMBL4558721,1
CHEMBL3906094,1
CHEMBL3943056,1
CHEMBL3960502,1
CHEMBL3946361,1
CHEMBL2314239,1
CHEMBL3884615,1
CHEMBL3330911,1
CHEMBL3330913,1
CHEMBL5219009,2
CHEMBL5204975,1
CHEMBL5174788,1
CHEMBL5208117,1
CHEMBL5169911,1
CHEMBL390195,1
CHEMBL5196122,1
CHEMBL5203502,1
CHEMBL5207292,1
CHEMBL4640046,2
CHEMBL3359091,1
CHEMBL5086837,1
CHEMBL5181756,1
CHEMBL5200497,1
CHEMBL5191936,1
CHEMBL5188063,4
CHEMBL3780620,1
CHEMBL530942,1
CHEMBL524565,1
CHEMBL82507,1
CHEMBL85002,1
CHEMBL5206495,1
CHEMBL546009,1
CHEMBL5281965,1
CHEMBL4103119,1
CHEMBL4066468,1
CHEMBL4130262,1
CHEMBL5425924,1
CHEMBL4950133,2
CHEMBL3144163,2
CHEMBL5278234,1
CHEMBL5276272,1
CHEMBL5282075,1
CHEMBL5290056,1
CHEMBL5278388,1
CHEMBL5290015,1
CHEMBL5177110,1
CHEMBL107,6
CHEMBL5013968,2
CHEMBL4989571,2
CHEMBL5429029,1
CHEMBL3104427,1
CHEMBL5418337,1
CHEMBL4756670,1
CHEMBL4785243,1
CHEMBL21778,1
CHEMBL463903,1
CHEMBL416376,1
CHEMBL4211205,1
CHEMBL4216062,1
CHEMBL3291250,1
CHEMBL388322,1
CHEMBL4204088,1
CHEMBL485903,1
CHEMBL490592,1
CHEMBL522502,1
CHEMBL53439,1
CHEMBL4206377,1
CHEMBL4207768,1
CHEMBL4205691,1
CHEMBL2312167,1
CHEMBL2312163,1
CHEMBL585651,1
CHEMBL4791436,1
CHEMBL4799082,1
CHEMBL4784051,2
CHEMBL4743866,1
CHEMBL4759439,1
CHEMBL3357560,2
CHEMBL571869,1
CHEMBL21885,1
CHEMBL401340,1
CHEMBL397036,1
CHEMBL428441,2
CHEMBL5414797,1
CHEMBL4751310,1
CHEMBL45152,1
CHEMBL274346,1
CHEMBL399293,1
CHEMBL1224061,1
CHEMBL2062275,1
CHEMBL1526084,1
CHEMBL5174469,1
CHEMBL5189670,2
CHEMBL5202036,1
CHEMBL5198591,1
CHEMBL3669181,3
CHEMBL25306,1
CHEMBL5194274,1
CHEMBL5189333,1
CHEMBL5193306,2
CHEMBL1812338,1
CHEMBL5275301,3
CHEMBL405015,2
CHEMBL465591,2
CHEMBL490533,1
CHEMBL1288972,1
CHEMBL367738,2
CHEMBL3775503,1
CHEMBL1535,2
CHEMBL5203458,1
CHEMBL84824,1
CHEMBL4986979,2
CHEMBL377233,1
CHEMBL5275533,1
CHEMBL5283199,1
CHEMBL187460,1
CHEMBL4872202,1
CHEMBL486393,1
CHEMBL4071316,2
CHEMBL4079866,1
CHEMBL9657,1
CHEMBL287889,1
CHEMBL4900073,4
CHEMBL1951751,1
CHEMBL2048508,1
CHEMBL513328,1
CHEMBL2203514,1
CHEMBL416373,1
CHEMBL21357,1
CHEMBL138314,1
CHEMBL70880,1
CHEMBL2403407,1
CHEMBL1200425,1
CHEMBL473324,1
CHEMBL107047,2
CHEMBL5416083,1
CHEMBL5431626,1
CHEMBL5409707,1
CHEMBL5431815,2
CHEMBL5405588,1
CHEMBL5433601,1
CHEMBL5418374,1
CHEMBL1271673,2
CHEMBL5397555,1
CHEMBL1256839,1
CHEMBL1257015,1
CHEMBL5430583,1
CHEMBL5395383,1
CHEMBL2236206,2
CHEMBL404606,1
CHEMBL5191996,1
CHEMBL5408808,1
CHEMBL25719,1
CHEMBL165542,1
CHEMBL5435585,2
CHEMBL548436,1
CHEMBL5271025,1
CHEMBL5289626,1
CHEMBL5274838,1
CHEMBL5266131,1
CHEMBL5273788,1
CHEMBL275638,2
CHEMBL110097,2
CHEMBL5290880,1
CHEMBL1672002,2
CHEMBL3290635,1
CHEMBL1140,1
CHEMBL5273679,1
CHEMBL461133,1
CHEMBL5394818,1
CHEMBL5404833,1
CHEMBL4290406,1
CHEMBL4286160,1
CHEMBL468637,1
CHEMBL1209804,1
CHEMBL442487,1
CHEMBL3938070,1
CHEMBL3112878,1
CHEMBL63840,2
CHEMBL3112874,1
CHEMBL332524,1
CHEMBL77030,1
CHEMBL1256920,1
CHEMBL98123,1
CHEMBL1304263,1
CHEMBL1773677,1
CHEMBL2088546,1
CHEMBL17201,1
CHEMBL3233362,1
CHEMBL136728,1
CHEMBL3216101,1
CHEMBL3217187,1
CHEMBL5197373,1
CHEMBL5198475,1
CHEMBL5274929,1
CHEMBL2057817,1
CHEMBL223228,1
CHEMBL4634480,1
CHEMBL2207887,1
CHEMBL4643004,1
CHEMBL358086,3
CHEMBL4640956,1
CHEMBL4649434,1
CHEMBL4640530,1
CHEMBL298852,1
CHEMBL77670,1
CHEMBL506363,2
CHEMBL235083,2
CHEMBL514456,2
CHEMBL5283432,1
CHEMBL424707,2
CHEMBL4216774,2
CHEMBL269732,1
CHEMBL2312164,1
CHEMBL4090056,1
CHEMBL1255656,1
CHEMBL286136,1
CHEMBL1951746,1
CHEMBL2435434,1
CHEMBL5288027,1
CHEMBL5271809,1
CHEMBL3593600,2
CHEMBL193803,1
CHEMBL5417182,1
CHEMBL5426007,1
CHEMBL1255618,1
CHEMBL4517791,1
CHEMBL4559788,1
CHEMBL9806,1
CHEMBL4571144,3
CHEMBL1242095,1
CHEMBL32,1
CHEMBL406393,1
CHEMBL3261887,1
CHEMBL581278,1
CHEMBL5270451,1
CHEMBL5271005,1
CHEMBL5287547,1
CHEMBL5269510,1
CHEMBL3288196,1
CHEMBL482920,1
CHEMBL2316662,1
CHEMBL567967,1
CHEMBL1479119,1
CHEMBL1673062,1
CHEMBL5268527,1
CHEMBL558012,1
CHEMBL4845682,4
CHEMBL5283894,1
CHEMBL1394088,1
CHEMBL5406941,1
CHEMBL5431581,1
CHEMBL5406726,1
CHEMBL5408582,1
CHEMBL5438586,1
CHEMBL600589,2
CHEMBL5400718,1
CHEMBL5424414,1
CHEMBL5429006,1
CHEMBL3905889,1
CHEMBL5218647,2
CHEMBL5199762,1
CHEMBL513000,1
CHEMBL4164243,1
CHEMBL2207886,1
CHEMBL3291243,1
CHEMBL3291249,1
CHEMBL5437096,1
CHEMBL5427141,1
CHEMBL5426781,1
CHEMBL5170446,1
CHEMBL5439013,1
CHEMBL520043,1
CHEMBL382849,2
CHEMBL140,1
CHEMBL3786929,1
CHEMBL5412304,1
CHEMBL5398954,1
CHEMBL5422873,2
CHEMBL163104,1
CHEMBL426110,1
CHEMBL2158134,1
CHEMBL2147682,1
CHEMBL4461459,1
CHEMBL20307,1
CHEMBL59977,1
CHEMBL4443250,1
CHEMBL1255967,4
CHEMBL3884203,1
CHEMBL3885376,1
CHEMBL508468,1
CHEMBL5289842,1
CHEMBL5291451,1
CHEMBL445503,1
CHEMBL5290591,1
CHEMBL5290884,1
CHEMBL5187229,1
CHEMBL5287541,1
CHEMBL5273991,1
CHEMBL5290592,1
CHEMBL1172285,1
CHEMBL98350,1
CHEMBL1231418,1
CHEMBL2094559,1
CHEMBL468639,1
CHEMBL4095773,1
CHEMBL362573,1
CHEMBL262597,1
CHEMBL5283151,1
CHEMBL5282389,1
CHEMBL340244,1
CHEMBL5267539,2
CHEMBL5207809,1
CHEMBL41092,1
CHEMBL4643491,1
CHEMBL4634698,1
CHEMBL274303,1
CHEMBL4647448,1
CHEMBL4643059,1
CHEMBL302625,3
CHEMBL4450010,1
CHEMBL1950459,2
CHEMBL1090914,1
CHEMBL522887,1
CHEMBL139460,1
CHEMBL4163097,1
CHEMBL3330906,1
CHEMBL4245127,1
CHEMBL4924953,1
CHEMBL4749091,1
CHEMBL450675,1
CHEMBL2203495,1
CHEMBL2203508,1
CHEMBL5440966,1
CHEMBL5420797,1
CHEMBL210276,1
CHEMBL309490,1
CHEMBL4173361,2
CHEMBL243664,1
CHEMBL2316661,1
CHEMBL63976,1
CHEMBL1256837,1
CHEMBL4876574,1
CHEMBL4878339,1
CHEMBL5268961,1
CHEMBL5272579,1
CHEMBL5267477,1
CHEMBL338790,1
CHEMBL3759536,3
CHEMBL3330900,1
CHEMBL3330903,1
CHEMBL2203501,1
CHEMBL2203499,1
CHEMBL155265,1
CHEMBL1200798,1
CHEMBL1224806,1
CHEMBL5200924,1
CHEMBL5281196,1
CHEMBL5277337,1
CHEMBL5289580,1
CHEMBL5275108,1
CHEMBL66347,1
CHEMBL57,1
CHEMBL5190199,1
CHEMBL5201440,2
CHEMBL3262098,1
CHEMBL598855,1
CHEMBL5181656,1
CHEMBL587104,2
CHEMBL55359,1
CHEMBL4559067,3
CHEMBL517778,1
CHEMBL268559,1
CHEMBL5397950,1
CHEMBL4173419,1
CHEMBL1335718,1
CHEMBL5439199,1
CHEMBL5396686,1
CHEMBL5394349,1
CHEMBL5409625,1
CHEMBL2252966,1
CHEMBL2252967,1
CHEMBL5179921,1
CHEMBL1946927,1
CHEMBL2316641,1
CHEMBL3398294,1
CHEMBL3398292,1
CHEMBL487887,1
CHEMBL431525,1
CHEMBL272621,1
CHEMBL413,1
CHEMBL4939535,1
CHEMBL5428237,1
CHEMBL5406989,1
CHEMBL5403751,1
CHEMBL452483,1
CHEMBL5286781,1
CHEMBL71851,1
CHEMBL5430963,1
CHEMBL5281650,1
CHEMBL4644374,1
CHEMBL4642400,1
CHEMBL4642967,1
CHEMBL4642962,1
CHEMBL5438283,1
CHEMBL489140,1
CHEMBL4643481,1
CHEMBL4636150,1
CHEMBL525626,1
CHEMBL1312050,1
CHEMBL5178869,1
CHEMBL4869885,2
CHEMBL2012486,1
CHEMBL3799800,1
CHEMBL1288971,1
CHEMBL3330905,1
CHEMBL3220025,1
CHEMBL4524625,2
CHEMBL4089086,2
CHEMBL4851392,1
CHEMBL1872842,1
CHEMBL2316640,1
CHEMBL2316665,1
CHEMBL416301,1
CHEMBL3330902,1
CHEMBL3251700,1
CHEMBL139814,3
CHEMBL257234,4
CHEMBL5205720,1
CHEMBL5197537,1
CHEMBL5184935,1
CHEMBL5192261,1
CHEMBL4638197,2
CHEMBL5286516,1
CHEMBL5285301,1
CHEMBL5281070,1
CHEMBL5176785,1
CHEMBL5279554,2
CHEMBL5081190,1
CHEMBL5074822,1
CHEMBL2316650,1
CHEMBL922,1
CHEMBL5174832,1
CHEMBL5175311,1
CHEMBL3814557,1
CHEMBL1895209,1
CHEMBL581850,1
CHEMBL1830117,1
CHEMBL528696,2
CHEMBL3211519,1
CHEMBL327844,1
CHEMBL4169239,1
CHEMBL465,2
CHEMBL457092,1
CHEMBL2087114,3
CHEMBL5274289,2
CHEMBL5411115,1
CHEMBL4548520,1
CHEMBL524326,1
CHEMBL3885085,1
CHEMBL1946738,1
CHEMBL3330907,1
CHEMBL1256759,1
CHEMBL1200618,1
CHEMBL3797470,1
CHEMBL2180993,1
CHEMBL534881,1
CHEMBL206646,1
CHEMBL1476463,1
CHEMBL62084,1
CHEMBL4542499,1
CHEMBL376915,1
CHEMBL267648,2
CHEMBL4562265,2
CHEMBL4166627,1
CHEMBL218291,1
CHEMBL5084805,1
CHEMBL4642265,1
CHEMBL2105734,2
CHEMBL4528333,2
CHEMBL3774517,1
CHEMBL3359320,1
CHEMBL2203513,1
CHEMBL2316636,1
CHEMBL4290379,1
CHEMBL2435426,1
CHEMBL225422,1
CHEMBL2324177,1
CHEMBL3262107,1
CHEMBL487392,1
