Molecule_ChEMBL_ID,Molecule_Name,Molecule Max Phase,Molecular Weight,#RO5 Violations,AlogP,Compound Key,Smiles,Standard Type,Standard Relation,Standard_Value,Standard Units,pChEMBL Value,Data Validity Comment,Comment,Uo Units,Potential Duplicate,Assay ChEMBL ID,BAO Label,Assay Cell Type,Document ChEMBL ID,Source ID,Source Description,Document Journal,Cell ChEMBL ID,Assay Description,Standardized_Strain,Unique_Chemicals,Unique_Strains,Final Count,Unnamed: 30,Unnamed: 31,Scaffold
CHEMBL76216,,,207.27,0.0,-0.02,8,CC(C)(C)OOCN(CCO)CCO,IC50,'=',22000.0,nM,4.657577319,,,,0,CHEMBL762022,organism-based format,,CHEMBL1133927,1,Scientific Literature,Bioorg Med Chem Lett,,In vitro schizont maturation inhibition for chloroquine-sensitive Plasmodium falciparum FJB D9,FJB D9,,,,Predicted,Actual,
CHEMBL165107,,,274.44,1.0,5.24,2n,CCCCCCCCCCCCOOC(C)(C)OC,IC50,'=',670.0,nM,6.173925197,,,UO_0000065,0,CHEMBL763541,organism-based format,,CHEMBL1136364,1,Scientific Literature,Bioorg Med Chem Lett,,In vitro +Z363antimalarial activity against Plasmodium falciparum FCR3,FcR3,,,,,,
CHEMBL348399,TERT-BUTYL HYDROPEROXIDE,,90.12,0.0,1.27,3,CC(C)(C)OO,IC50,'=',203000.0,nM,3.692503962,Outside typical range,,UO_0000065,0,CHEMBL767007,organism-based format,,CHEMBL1124338,1,Scientific Literature,J Med Chem,,In vitro antimalarial activity against Plasmodium falciparum D6,D6,,,,,,
CHEMBL1086066,,,249.18,0.0,0.09,rac-5b,CC(=O)N(O)CCC(F)P(=O)(O)O.N.N,IC50,'=',700.0,nM,6.15490196,,,UO_0000065,0,CHEMBL1118494,organism-based format,,CHEMBL1155443,1,Scientific Literature,J Med Chem,,Antiplasmodial activity against Plasmodium falciparum Ghana by micro dilution assay,GHA,,,,,,
CHEMBL406117,GUSPERIMUS,3.0,387.53,1.0,-1.31,"DSG, 15-Deoxyspergualin",N=C(N)NCCCCCCC(=O)NC(O)C(=O)NCCCCNCCCN,IC50,'=',443000.0,nM,3.353596274,Outside typical range,,UO_0000065,0,CHEMBL996023,organism-based format,,CHEMBL1156431,1,Scientific Literature,J Biol Chem,,Inhibition of protein synthesis in Plasmodium falciparum FCK2 by [35S]methionine uptake,FCK2,,,,,,
CHEMBL537662,,,468.47,0.0,3.06,A22,CN(C)C(=N)NCCCCCCCCCCCCNC(=N)N(C)C.I,IC50,'=',1.6,nM,8.795880017,,,UO_0000065,0,CHEMBL902564,organism-based format,,CHEMBL1138331,1,Scientific Literature,J Med Chem,,Antimalarial activity against Plasmodium falciparum Nigerian in human erythrocytes after 48 hrs,Nigerian,,,,,,
CHEMBL396533,,,192.3,0.0,3.33,2a,C#CCO[C@@](C)(C=C)CCC=C(C)C,IC50,'=',39000.0,nM,4.408935393,,,UO_0000065,0,CHEMBL900468,organism-based format,,CHEMBL1137552,1,Scientific Literature,Bioorg Med Chem Lett,,Antiplasmodial activity after 48 hrs against chloroquine-resistant Plasmodium falciparum FcM29-Cameroon by [3H]hypoxanthine uptake,FcM29,,,,,,
CHEMBL245042,,,282.48,0.0,4.06,M64,CC(=N)NCCCCCCCCCCCCNC(C)=N,IC50,'=',4.0,nM,8.397940009,,,UO_0000065,0,CHEMBL905875,organism-based format,,CHEMBL1143795,1,Scientific Literature,Bioorg Med Chem Lett,,Antimalarial activity against Plasmodium falciparum FCM29,FcM29,,,,,,
CHEMBL75215,,,301.47,0.0,3.76,14,CC(C)=CCCC(C)CCN(CCO)COOC(C)(C)C,IC50,'=',3800.0,nM,5.420216403,,,,0,CHEMBL762025,organism-based format,,CHEMBL1133927,1,Scientific Literature,Bioorg Med Chem Lett,,In vitro total parasite growth inhibition for chloroquine-sensitive Plasmodium falciparum FSH 14,FSH 14,,,,,,
CHEMBL457429,,,199.32,0.0,1.94,3b,CC(C)=CCC/C(C)=N\NC(N)=S,IC50,'=',12600.0,nM,4.899629455,,,UO_0000065,0,CHEMBL979943,organism-based format,,CHEMBL1140974,1,Scientific Literature,Eur J Med Chem,,Antimalarial activity against chloroquine-resistant Plasmodium falciparum W2 in human erythrocytes by [3H]hypoxanthine uptake,W2,,,,,,
CHEMBL4447874,,,479.56,0.0,2.94,19g,CCOC(=O)[C@H](CC(C)C)NP(=O)(CCCC(=O)N(C)O)N[C@@H](CC(C)C)C(=O)OCC,IC50,'=',3910.0,nM,5.407823243,,,UO_0000065,0,CHEMBL4424188,organism-based format,,CHEMBL4422657,1,Scientific Literature,Bioorg Med Chem,,Antiplasmodial activity against chloroquine-resistant Plasmodium falciparum K1 infected in human erythrocytes measured after 72 hrs Malstat/NBT reagent based assay,K1,,,,,,
CHEMBL2408977,,,306.43,0.0,-0.26,n-PanAm-18,CCSCCNC(=O)CCNC(=O)[C@H](O)C(C)(C)CO,IC50,'=',87000.0,nM,4.060480747,,,UO_0000065,0,CHEMBL2410786,organism-based format,,CHEMBL2407032,1,Scientific Literature,ACS Med Chem Lett,,Antiplasmodial activity against intraerythrocytic Plasmodium falciparum 3D7 infected in human erythrocytes in fresh RPMI-1640 culture medium assessed as parasite growth inhibition after 96 hrs by microscopic analysis,3D7,,,,,,
CHEMBL2408815,,,302.42,0.0,0.57,n-PanAm-4,CCCCCCNC(=O)CCNC(=O)[C@H](O)C(C)(C)CO,IC50,'=',550.0,nM,6.259637311,,,UO_0000065,0,CHEMBL2410785,organism-based format,,CHEMBL2407032,1,Scientific Literature,ACS Med Chem Lett,,Antiplasmodial activity against intraerythrocytic Plasmodium falciparum 3D7 infected in human erythrocytes in heat treated RPMI-1640 culture medium assessed as parasite growth inhibition after 96 hrs by microscopic analysis,3D7,,,,,,
CHEMBL2408996,,,288.39,0.0,0.18,alpha-PanAm-4,CCCCCCNC(=O)CNC(=O)[C@H](O)C(C)(C)CO,IC50,'=',4700.0,nM,5.327902142,,,UO_0000065,0,CHEMBL2410786,organism-based format,,CHEMBL2407032,1,Scientific Literature,ACS Med Chem Lett,,Antiplasmodial activity against intraerythrocytic Plasmodium falciparum 3D7 infected in human erythrocytes in fresh RPMI-1640 culture medium assessed as parasite growth inhibition after 96 hrs by microscopic analysis,3D7,,,,,,
CHEMBL1951761,ENIGMOL,,301.52,0.0,4.15,"1, Enigmol",CCCCCCCCCCCCC[C@H](O)C[C@H](O)[C@H](C)N,IC50,'=',7400.0,nM,5.13076828,,,UO_0000065,0,CHEMBL2039434,organism-based format,,CHEMBL2034950,1,Scientific Literature,ACS Med Chem Lett,,Antimalarial activity against chloroquine-resistant Plasmodium falciparum W2 infected in O-positive human RBC assessed as [3H]-hypoxanthine incorporation after 48 hrs by scintillation counting,W2,,,,,,
CHEMBL1951762,,,301.52,0.0,4.15,4,CCCCCCCCCCCCC[C@@H](O)C[C@H](O)[C@H](C)N,IC50,'=',8200.0,nM,5.086186148,,,UO_0000065,0,CHEMBL2039434,organism-based format,,CHEMBL2034950,1,Scientific Literature,ACS Med Chem Lett,,Antimalarial activity against chloroquine-resistant Plasmodium falciparum W2 infected in O-positive human RBC assessed as [3H]-hypoxanthine incorporation after 48 hrs by scintillation counting,W2,,,,,,
CHEMBL2035995,,,351.52,0.0,4.65,9,CCCCCCCC(F)(F)CCCCC[C@H](O)C[C@H](O)[C@H](C)NC,IC50,'=',7300.0,nM,5.13667714,,,UO_0000065,0,CHEMBL2039435,organism-based format,,CHEMBL2034950,1,Scientific Literature,ACS Med Chem Lett,,Antimalarial activity against chloroquine-sensitive Plasmodium falciparum D6 infected in O-positive human RBC assessed as [3H]-hypoxanthine incorporation after 48 hrs by scintillation counting,D6,,,,,,
CHEMBL2408794,,,302.42,0.0,0.42,HoPanAm-11,CC(C)CCNC(=O)CCCNC(=O)[C@H](O)C(C)(C)CO,IC50,'=',8900.0,nM,5.050609993,,,UO_0000065,0,CHEMBL2410786,organism-based format,,CHEMBL2407032,1,Scientific Literature,ACS Med Chem Lett,,Antiplasmodial activity against intraerythrocytic Plasmodium falciparum 3D7 infected in human erythrocytes in fresh RPMI-1640 culture medium assessed as parasite growth inhibition after 96 hrs by microscopic analysis,3D7,,,,,,
CHEMBL2408996,,,288.39,0.0,0.18,alpha-PanAm-4,CCCCCCNC(=O)CNC(=O)[C@H](O)C(C)(C)CO,IC50,'=',7900.0,nM,5.102372909,,,UO_0000065,0,CHEMBL2410785,organism-based format,,CHEMBL2407032,1,Scientific Literature,ACS Med Chem Lett,,Antiplasmodial activity against intraerythrocytic Plasmodium falciparum 3D7 infected in human erythrocytes in heat treated RPMI-1640 culture medium assessed as parasite growth inhibition after 96 hrs by microscopic analysis,3D7,,,,,,
CHEMBL403076,,,494.76,1.0,5.91,27,C/C(=C\CC/C=C(\C)CC/C=C(\C)CC[C@@H](O)[C@@](C)(O)CO)CC/C=C(\C)CC[C@@H](O)C(C)(C)O,IC50,'=',18000.0,nM,4.744727495,,,UO_0000065,0,CHEMBL934790,organism-based format,,CHEMBL1144785,1,Scientific Literature,J Nat Prod,,Antiplasmodial activity against chloroquine-susceptible Plasmodium falciparum FCR3,FcR3,,,,,,
CHEMBL255487,EKEBERIN D5,,536.79,2.0,6.48,10,CC(=O)OC[C@](C)(O)[C@H](O)CC/C(C)=C/CC/C(C)=C/CC/C=C(\C)CC/C=C(\C)CC[C@@H](O)C(C)(C)O,IC50,'=',137000.0,nM,3.863279433,Outside typical range,,UO_0000065,0,CHEMBL929449,organism-based format,,CHEMBL1144785,1,Scientific Literature,J Nat Prod,,Antiplasmodial activity against chloroquine-resistant Plasmodium falciparum K1,K1,,,,,,
CHEMBL1134,DECAMETHONIUM BROMIDE,4.0,418.3,0.0,3.52,3h,C[N+](C)(C)CCCCCCCCCC[N+](C)(C)C.[Br-].[Br-],IC50,'=',911.0,nM,6.040481623,,,UO_0000065,0,CHEMBL1121088,organism-based format,,CHEMBL1158566,1,Scientific Literature,Bioorg Med Chem,,Antiplasmodial activity against chloroquine-sensitive Plasmodium falciparum 3D7 assessed as parasite-specific LDH release after 72 hrs by Malstat assay,3D7,,,,,,
CHEMBL1256761,,,436.08,1.0,5.56,NCGC00094252-01,CCCCCCCCCCCCCCCC(=O)OC(CC(=O)O)C[N+](C)(C)C.[Cl-],IC50,'=',15848.93,nM,4.800000053,,,UO_0000065,0,CHEMBL1267245,organism-based format,,CHEMBL1255382,1,Scientific Literature,Nat Chem Biol,,Antiplasmodial activity against Plasmodium falciparum 3D7 after 72 hrs by SYBR green assay,3D7,,,,,,
CHEMBL1255757,,,127.53,0.0,-1.04,NCGC00093533-01,Cl.NOCC(=O)O,IC50,'=',12589.25,nM,4.900000142,,,UO_0000065,0,CHEMBL1267251,organism-based format,,CHEMBL1255382,1,Scientific Literature,Nat Chem Biol,,Antiplasmodial activity against Plasmodium falciparum W2 after 72 hrs by SYBR green assay,W2,,,,,,
CHEMBL452459,,,260.33,0.0,-0.6,n-PanAm-1,CCCNC(=O)CCNC(=O)[C@H](O)C(C)(C)CO,IC50,'=',199000.0,nM,3.701146924,Outside typical range,,UO_0000065,0,CHEMBL2410786,organism-based format,,CHEMBL2407032,1,Scientific Literature,ACS Med Chem Lett,,Antiplasmodial activity against intraerythrocytic Plasmodium falciparum 3D7 infected in human erythrocytes in fresh RPMI-1640 culture medium assessed as parasite growth inhibition after 96 hrs by microscopic analysis,3D7,,,,,,
CHEMBL2408995,,,274.36,0.0,-0.21,alpha-PanAm-3,CCCCCNC(=O)CNC(=O)[C@H](O)C(C)(C)CO,IC50,'=',142000.0,nM,3.847711656,Outside typical range,,UO_0000065,0,CHEMBL2410784,organism-based format,,CHEMBL2407032,1,Scientific Literature,ACS Med Chem Lett,,Antiplasmodial activity against intraerythrocytic Plasmodium falciparum 3D7 infected in human erythrocytes in fresh RPMI-1640 culture medium assessed as parasite growth inhibition after 96 hrs by microscopic analysis in presence of pantetheinase,3D7,,,,,,
CHEMBL1256761,,,436.08,1.0,5.56,NCGC00094252-01,CCCCCCCCCCCCCCCC(=O)OC(CC(=O)O)C[N+](C)(C)C.[Cl-],IC50,'=',12589.25,nM,4.900000142,,,UO_0000065,0,CHEMBL1267251,organism-based format,,CHEMBL1255382,1,Scientific Literature,Nat Chem Biol,,Antiplasmodial activity against Plasmodium falciparum W2 after 72 hrs by SYBR green assay,W2,,,,,,
CHEMBL1255757,,,127.53,0.0,-1.04,NCGC00093533-01,Cl.NOCC(=O)O,IC50,'=',10000.0,nM,5.0,,,UO_0000065,0,CHEMBL1267245,organism-based format,,CHEMBL1255382,1,Scientific Literature,Nat Chem Biol,,Antiplasmodial activity against Plasmodium falciparum 3D7 after 72 hrs by SYBR green assay,3D7,,,,,,
CHEMBL448741,DIHYDROSPINGOSINE,,301.52,0.0,4.15,NCGC00093867-01,CCCCCCCCCCCCCCC[C@@H](O)[C@@H](N)CO,IC50,'=',12589.25,nM,4.900000142,,,UO_0000065,0,CHEMBL1267247,organism-based format,,CHEMBL1255382,1,Scientific Literature,Nat Chem Biol,,Antiplasmodial activity against Plasmodium falciparum D10 after 72 hrs by SYBR green assay,D10,,,,,,
CHEMBL1951761,ENIGMOL,,301.52,0.0,4.15,"1, Enigmol",CCCCCCCCCCCCC[C@H](O)C[C@H](O)[C@H](C)N,IC50,'=',12600.0,nM,4.899629455,,,UO_0000065,0,CHEMBL2039435,organism-based format,,CHEMBL2034950,1,Scientific Literature,ACS Med Chem Lett,,Antimalarial activity against chloroquine-sensitive Plasmodium falciparum D6 infected in O-positive human RBC assessed as [3H]-hypoxanthine incorporation after 48 hrs by scintillation counting,D6,,,,,,
CHEMBL1951761,ENIGMOL,,301.52,0.0,4.15,"1, Enigmol",CCCCCCCCCCCCC[C@H](O)C[C@H](O)[C@H](C)N,IC50,'=',5300.0,nM,5.27572413,,,UO_0000065,0,CHEMBL2039533,organism-based format,,CHEMBL2034950,1,Scientific Literature,ACS Med Chem Lett,,Antimalarial activity against chloroquine-sensitive Plasmodium falciparum D6 infected in O-positive human RBC assessed as [3H]-hypoxanthine incorporation after 48 hrs by scintillation counting in presence of BSA,D6,,,,,,
CHEMBL1766465,,,314.43,0.0,0.73,1,C=CC[C@](C)(CO)[C@@H](O)C(=O)NCCC(=O)NCCCCC,IC50,'=',31000.0,nM,4.508638306,,,UO_0000065,0,CHEMBL3373874,organism-based format,,CHEMBL3352628,1,Scientific Literature,Bioorg Med Chem Lett,,Antimicrobial activity against chloroquine-sensitive Plasmodium falciparum 3D7 ring stage parasite assessed as reduction in parasite proliferation after 96 hrs in presence of 1 uM pantothenate by SYBR Safe DNA gel staining based assay,3D7,,,,,,
CHEMBL2036000,,,329.57,0.0,4.8,21,CCCCCCCCCCCCC[C@H](O)C[C@H](O)C(C)(C)NC,IC50,'=',700.0,nM,6.15490196,,,UO_0000065,0,CHEMBL2039533,organism-based format,,CHEMBL2034950,1,Scientific Literature,ACS Med Chem Lett,,Antimalarial activity against chloroquine-sensitive Plasmodium falciparum D6 infected in O-positive human RBC assessed as [3H]-hypoxanthine incorporation after 48 hrs by scintillation counting in presence of BSA,D6,,,,,,
CHEMBL2036002,,,328.54,1.0,5.01,22,CCCCCCCCCCCCCC(O)C/C(=N\O)C(C)(C)N,IC50,'=',7440.0,nM,5.128427064,,,UO_0000065,0,CHEMBL2039533,organism-based format,,CHEMBL2034950,1,Scientific Literature,ACS Med Chem Lett,,Antimalarial activity against chloroquine-sensitive Plasmodium falciparum D6 infected in O-positive human RBC assessed as [3H]-hypoxanthine incorporation after 48 hrs by scintillation counting in presence of BSA,D6,,,,,,
CHEMBL2035998,,,315.54,0.0,4.54,17,CCCCCCCCCCCCC[C@H](O)C[C@H](O)C(C)(C)N,IC50,'=',4700.0,nM,5.327902142,,,UO_0000065,0,CHEMBL2039532,organism-based format,,CHEMBL2034950,1,Scientific Literature,ACS Med Chem Lett,,Antimalarial activity against chloroquine-resistant Plasmodium falciparum W2 infected in O-positive human RBC assessed as [3H]-hypoxanthine incorporation after 48 hrs by scintillation counting in presence of BSA,W2,,,,,,
CHEMBL2036000,,,329.57,0.0,4.8,21,CCCCCCCCCCCCC[C@H](O)C[C@H](O)C(C)(C)NC,IC50,'=',250.0,nM,6.602059991,,,UO_0000065,0,CHEMBL2039532,organism-based format,,CHEMBL2034950,1,Scientific Literature,ACS Med Chem Lett,,Antimalarial activity against chloroquine-resistant Plasmodium falciparum W2 infected in O-positive human RBC assessed as [3H]-hypoxanthine incorporation after 48 hrs by scintillation counting in presence of BSA,W2,,,,,,
CHEMBL75215,,,301.47,0.0,3.76,14,CC(C)=CCCC(C)CCN(CCO)COOC(C)(C)C,IC50,'=',3200.0,nM,5.494850022,,,,0,CHEMBL762022,organism-based format,,CHEMBL1133927,1,Scientific Literature,Bioorg Med Chem Lett,,In vitro schizont maturation inhibition for chloroquine-sensitive Plasmodium falciparum FJB D9,FJB D9,,,,,,
CHEMBL1091437,,,328.37,0.0,0.2,10,CCOC(=O)/C=C/C(=O)N[C@@H](CCC(N)=O)C(=O)OC(C)(C)C,IC50,'=',75300.0,nM,4.123205024,,,UO_0000065,0,CHEMBL1105398,organism-based format,,CHEMBL1156268,1,Scientific Literature,J Med Chem,,Antiplasmodial activity against Plasmodium falciparum W2 by flow cytometry,W2,,,,,,
CHEMBL348399,TERT-BUTYL HYDROPEROXIDE,,90.12,0.0,1.27,3,CC(C)(C)OO,IC50,'=',240000.0,nM,3.619788758,Outside typical range,,UO_0000065,0,CHEMBL767876,organism-based format,,CHEMBL1124338,1,Scientific Literature,J Med Chem,,In vivo antimalarial activity against Plasmodium falciparum W-2,W2,,,,,,
CHEMBL1852280,,,432.75,1.0,2.25,39,CCCNC(=S)NCCCNCCCCCCNCCCNC(=S)NCCC,IC50,'=',425.0,nM,6.37161107,,,UO_0000065,0,CHEMBL3599168,organism-based format,,CHEMBL3596171,1,Scientific Literature,Bioorg Med Chem,,Antiplasmodial activity against asexual intraerythrocytic ring stage of chloroquine-sensitive Plasmodium falciparum 3D7 infected in human O+ erythrocytes assessed as inhibition of parasitic proliferation after 96 hrs by SYBR Green-1 based fluorescence assay,3D7,,,,,,
CHEMBL3597024,,,272.4,1.0,-1.7,56,N=C(N)NCCCNCCCNCCCNC(=N)N,IC50,'=',147000.0,nM,3.832682665,Outside typical range,,UO_0000065,0,CHEMBL3599168,organism-based format,,CHEMBL3596171,1,Scientific Literature,Bioorg Med Chem,,Antiplasmodial activity against asexual intraerythrocytic ring stage of chloroquine-sensitive Plasmodium falciparum 3D7 infected in human O+ erythrocytes assessed as inhibition of parasitic proliferation after 96 hrs by SYBR Green-1 based fluorescence assay,3D7,,,,,,
CHEMBL2408797,,,320.46,0.0,0.13,HoPanAm-18,CCSCCNC(=O)CCCNC(=O)[C@H](O)C(C)(C)CO,IC50,'=',169000.0,nM,3.772113295,Outside typical range,,UO_0000065,0,CHEMBL2410784,organism-based format,,CHEMBL2407032,1,Scientific Literature,ACS Med Chem Lett,,Antiplasmodial activity against intraerythrocytic Plasmodium falciparum 3D7 infected in human erythrocytes in fresh RPMI-1640 culture medium assessed as parasite growth inhibition after 96 hrs by microscopic analysis in presence of pantetheinase,3D7,,,,,,
CHEMBL2408815,,,302.42,0.0,0.57,n-PanAm-4,CCCCCCNC(=O)CCNC(=O)[C@H](O)C(C)(C)CO,IC50,'=',134000.0,nM,3.872895202,Outside typical range,,UO_0000065,0,CHEMBL2410786,organism-based format,,CHEMBL2407032,1,Scientific Literature,ACS Med Chem Lett,,Antiplasmodial activity against intraerythrocytic Plasmodium falciparum 3D7 infected in human erythrocytes in fresh RPMI-1640 culture medium assessed as parasite growth inhibition after 96 hrs by microscopic analysis,3D7,,,,,,
CHEMBL2408997,,,302.42,0.0,0.57,alpha-PanAm-5,CCCCCCCNC(=O)CNC(=O)[C@H](O)C(C)(C)CO,IC50,'=',46000.0,nM,4.337242168,,,UO_0000065,0,CHEMBL2410786,organism-based format,,CHEMBL2407032,1,Scientific Literature,ACS Med Chem Lett,,Antiplasmodial activity against intraerythrocytic Plasmodium falciparum 3D7 infected in human erythrocytes in fresh RPMI-1640 culture medium assessed as parasite growth inhibition after 96 hrs by microscopic analysis,3D7,,,,,,
CHEMBL2408998,,,260.33,0.0,-0.75,alpha-PanAm-9,CC(C)CNC(=O)CNC(=O)[C@H](O)C(C)(C)CO,IC50,'=',18000.0,nM,4.744727495,,,UO_0000065,0,CHEMBL2410786,organism-based format,,CHEMBL2407032,1,Scientific Literature,ACS Med Chem Lett,,Antiplasmodial activity against intraerythrocytic Plasmodium falciparum 3D7 infected in human erythrocytes in fresh RPMI-1640 culture medium assessed as parasite growth inhibition after 96 hrs by microscopic analysis,3D7,,,,,,
CHEMBL2408999,,,274.36,0.0,-0.36,alpha-PanAm-11,CC(C)CCNC(=O)CNC(=O)[C@H](O)C(C)(C)CO,IC50,'=',12000.0,nM,4.920818754,,,UO_0000065,0,CHEMBL2410786,organism-based format,,CHEMBL2407032,1,Scientific Literature,ACS Med Chem Lett,,Antiplasmodial activity against intraerythrocytic Plasmodium falciparum 3D7 infected in human erythrocytes in fresh RPMI-1640 culture medium assessed as parasite growth inhibition after 96 hrs by microscopic analysis,3D7,,,,,,
CHEMBL2408991,,,330.47,0.0,1.35,HoPanAm-5,CCCCCCCNC(=O)CCCNC(=O)[C@H](O)C(C)(C)CO,IC50,'=',11000.0,nM,4.958607315,,,UO_0000065,0,CHEMBL2410786,organism-based format,,CHEMBL2407032,1,Scientific Literature,ACS Med Chem Lett,,Antiplasmodial activity against intraerythrocytic Plasmodium falciparum 3D7 infected in human erythrocytes in fresh RPMI-1640 culture medium assessed as parasite growth inhibition after 96 hrs by microscopic analysis,3D7,,,,,,
CHEMBL2408988,,,288.39,0.0,0.18,HoPanAm-2,CCCCNC(=O)CCCNC(=O)[C@H](O)C(C)(C)CO,IC50,'=',11000.0,nM,4.958607315,,,UO_0000065,0,CHEMBL2410786,organism-based format,,CHEMBL2407032,1,Scientific Literature,ACS Med Chem Lett,,Antiplasmodial activity against intraerythrocytic Plasmodium falciparum 3D7 infected in human erythrocytes in fresh RPMI-1640 culture medium assessed as parasite growth inhibition after 96 hrs by microscopic analysis,3D7,,,,,,
CHEMBL2409002,,,292.4,0.0,-0.65,alpha-PanAm-18,CCSCCNC(=O)CNC(=O)[C@H](O)C(C)(C)CO,IC50,'=',10000.0,nM,5.0,,,UO_0000065,0,CHEMBL2410786,organism-based format,,CHEMBL2407032,1,Scientific Literature,ACS Med Chem Lett,,Antiplasmodial activity against intraerythrocytic Plasmodium falciparum 3D7 infected in human erythrocytes in fresh RPMI-1640 culture medium assessed as parasite growth inhibition after 96 hrs by microscopic analysis,3D7,,,,,,
CHEMBL163150,,,176.26,0.0,2.36,2a,COC(C)(C)OOCCC(C)C,IC50,'=',1650.0,nM,5.782516056,,,UO_0000065,0,CHEMBL763541,organism-based format,,CHEMBL1136364,1,Scientific Literature,Bioorg Med Chem Lett,,In vitro antimalarial activity against Plasmodium falciparum FCR3,FcR3,,,,,,
CHEMBL205338,FR-900098,,197.13,0.0,-0.21,FR-900098,CC(=O)N(O)CCCP(=O)(O)O,IC50,'=',180.0,nM,6.744727495,,,UO_0000065,0,CHEMBL860878,organism-based format,,CHEMBL1146140,1,Scientific Literature,Bioorg Med Chem Lett,,Antimalarial activity against Plasmodium falciparum Dd2,Dd2,,,,,,
CHEMBL4206644,,,271.06,0.0,0.46,12b,O=C(N(O)C/C=C/P(=O)([O-])O)C(F)(F)F.[Na+],IC50,'=',113300.0,nM,3.94577009,Outside typical range,,UO_0000065,0,CHEMBL4201411,organism-based format,,CHEMBL4196192,1,Scientific Literature,J Med Chem,,Growth inhibition of Plasmodium falciparum 3D7 asynchronous cultures by PicoGreen dye based assay,3D7,,,,,,
CHEMBL3310175,,,314.43,0.0,0.73,2,C=CC[C@@](C)(CO)[C@@H](O)C(=O)NCCC(=O)NCCCCC,IC50,'=',2400.0,nM,5.619788758,,,UO_0000065,0,CHEMBL3373874,organism-based format,,CHEMBL3352628,1,Scientific Literature,Bioorg Med Chem Lett,,Antimicrobial activity against chloroquine-sensitive Plasmodium falciparum 3D7 ring stage parasite assessed as reduction in parasite proliferation after 96 hrs in presence of 1 uM pantothenate by SYBR Safe DNA gel staining based assay,3D7,,,,,,
CHEMBL4440334,,,395.39,0.0,0.89,28,CCOC(=O)[C@H](C)NP(=O)(CCCC(=O)N(C)O)N[C@@H](C)C(=O)OCC,IC50,'=',5060.0,nM,5.295849483,,,UO_0000065,0,CHEMBL4424188,organism-based format,,CHEMBL4422657,1,Scientific Literature,Bioorg Med Chem,,Antiplasmodial activity against chloroquine-resistant Plasmodium falciparum K1 infected in human erythrocytes measured after 72 hrs Malstat/NBT reagent based assay,K1,,,,,,
CHEMBL5430987,,,569.63,3.0,6.78,13m,CCCCCCCCOC(=O)OCOP(=O)(CCCC(=O)N(C)O)OCOC(=O)OCCCCCCCC,IC50,'=',70.0,nM,7.15490196,,,UO_0000065,0,CHEMBL5387098,organism-based format,,CHEMBL5385862,1,Scientific Literature,Eur J Med Chem,,Antiplasmodial activity against asexual blood stage Plasmodium falciparum K1 assessed as inhibition of parasitic growth,K1,,,,,,
CHEMBL3410325,,,411.39,0.0,2.54,1c,CC(C)(C)C(=O)OCOP(=O)(CCCN(O)C=O)OCOC(=O)C(C)(C)C,IC50,'=',1800.0,nM,5.744727495,,,UO_0000065,0,CHEMBL3411608,organism-based format,,CHEMBL3407342,1,Scientific Literature,J Med Chem,,Antiplasmodial activity against blood stage forms of chloroquine-sensitive Plasmodium falciparum D10 incubated for 3 days by HRP2 detection based ELISA method,D10,,,,,,
CHEMBL535406,,,518.49,0.0,2.86,A24,CN(C)/C(=N\C#N)NCCCCCCCCCCCCN/C(=N\C#N)N(C)C.I,IC50,'=',8500.0,nM,5.070581074,,,UO_0000065,0,CHEMBL902564,organism-based format,,CHEMBL1138331,1,Scientific Literature,J Med Chem,,Antimalarial activity against Plasmodium falciparum Nigerian in human erythrocytes after 48 hrs,Nigerian,,,,,,
CHEMBL3216419,,,383.45,1.0,5.1,A2,Cl.Cl.N=C(N)CCCCCCCCCCCCCCCCC(=N)N,IC50,'=',100.0,nM,7.0,,,UO_0000065,0,CHEMBL902564,organism-based format,,CHEMBL1138331,1,Scientific Literature,J Med Chem,,Antimalarial activity against Plasmodium falciparum Nigerian in human erythrocytes after 48 hrs,Nigerian,,,,,,
CHEMBL203125,FOSMIDOMYCIN,3.0,183.1,0.0,-0.6,59,O=CN(O)CCCP(=O)(O)O,IC50,'=',290.0,nM,6.537602002,,,UO_0000065,0,CHEMBL4425220,organism-based format,,CHEMBL4425082,1,Scientific Literature,J Med Chem,,Antimalarial activity against Plasmodium falciparum Dd2 assessed as reduction in parasite viability by [3H]-hypoxanthine incorporation assay,Dd2,,,,,,
CHEMBL3597023,,,286.43,1.0,-1.31,55,N=C(N)NCCCNCCCCNCCCNC(=N)N,IC50,'=',80000.0,nM,4.096910013,,,UO_0000065,0,CHEMBL3599168,organism-based format,,CHEMBL3596171,1,Scientific Literature,Bioorg Med Chem,,Antiplasmodial activity against asexual intraerythrocytic ring stage of chloroquine-sensitive Plasmodium falciparum 3D7 infected in human O+ erythrocytes assessed as inhibition of parasitic proliferation after 96 hrs by SYBR Green-1 based fluorescence assay,3D7,,,,,,
CHEMBL1162134,,,994.51,3.0,7.81,4,NCCCCCCCCCCCC(=O)NC(CCCCN)C(=O)NCCCCCCCCCCCC(=O)NC(CCCCN)C(=O)NCCCCCCCCCCCC(=O)NC(CCCCN)C(=O)O,IC50,'=',140.0,nM,6.853871964,,,UO_0000065,0,CHEMBL952919,organism-based format,,CHEMBL1143839,1,Scientific Literature,Antimicrob Agents Chemother,,Antiplasmodial activity against Plasmodium falciparum W2 as reduced [3H]thymidine uptake after 18 hrs,W2,,,,,,
CHEMBL1162121,,,471.69,1.0,2.16,9,NCCCCC(N)C(=O)NCCCCCCCCCCCC(=O)NC(CCCCN)C(=O)O,IC50,'=',68200.0,nM,4.166215625,,,UO_0000065,0,CHEMBL952919,organism-based format,,CHEMBL1143839,1,Scientific Literature,Antimicrob Agents Chemother,,Antiplasmodial activity against Plasmodium falciparum W2 as reduced [3H]thymidine uptake after 18 hrs,W2,,,,,,
CHEMBL480837,,,442.6,0.0,2.37,10,CS(=O)(=O)O/N=C(/N)CCCCCCCCCCCCC(=N)NOS(C)(=O)=O,IC50,'=',2.5,nM,8.602059991,,,UO_0000065,0,CHEMBL1023752,organism-based format,,CHEMBL1143339,1,Scientific Literature,Bioorg Med Chem Lett,,Antimalarial activity after 48 hrs against chloroquine-sensitive Plasmodium falciparum Nigerian by [3H]hypoxanthine uptake,Nigerian,,,,,,
CHEMBL244356,,,149.62,0.0,0.36,4g,C=CCNCC(O)CCl,IC50,'=',23800.0,nM,4.623423043,,,UO_0000065,0,CHEMBL894418,organism-based format,,CHEMBL1148739,1,Scientific Literature,J Med Chem,,Antimalarial activity against Plasmodium falciparum FCR3 after 72 hrs,FcR3,,,,,,
CHEMBL3593459,,,475.54,1.0,7.45,4c,C/C=C/C=C/C=C/C[N+](C)(C)CCCCCCCCCCCCCC.[I-],IC50,'=',530.0,nM,6.27572413,,,UO_0000065,0,CHEMBL3594597,organism-based format,,CHEMBL3593187,1,Scientific Literature,Bioorg Med Chem,,Antiplasmodial activity against chloroquine-resistant Plasmodium falciparum W2 assessed as inhibition of parasite growth after 72 hrs by parasite lactate dehydrogenase assay,W2,,,,,,
CHEMBL3593461,,,531.65,1.0,9.01,4e,C/C=C/C=C/C=C/C[N+](C)(C)CCCCCCCCCCCCCCCCCC.[I-],IC50,'=',1530.0,nM,5.815308569,,,UO_0000065,0,CHEMBL3594597,organism-based format,,CHEMBL3593187,1,Scientific Literature,Bioorg Med Chem,,Antiplasmodial activity against chloroquine-resistant Plasmodium falciparum W2 assessed as inhibition of parasite growth after 72 hrs by parasite lactate dehydrogenase assay,W2,,,,,,
CHEMBL1852844,,,400.61,1.0,1.92,53,CCCNC(=O)NCCCNCCCCCCNCCCNC(=O)NCCC,IC50,'=',14084.0,nM,4.851273984,,,UO_0000065,0,CHEMBL3599168,organism-based format,,CHEMBL3596171,1,Scientific Literature,Bioorg Med Chem,,Antiplasmodial activity against asexual intraerythrocytic ring stage of chloroquine-sensitive Plasmodium falciparum 3D7 infected in human O+ erythrocytes assessed as inhibition of parasitic proliferation after 96 hrs by SYBR Green-1 based fluorescence assay,3D7,,,,,,
CHEMBL255487,EKEBERIN D5,,536.79,2.0,6.48,10,CC(=O)OC[C@](C)(O)[C@H](O)CC/C(C)=C/CC/C(C)=C/CC/C=C(\C)CC/C=C(\C)CC[C@@H](O)C(C)(C)O,IC50,'=',55000.0,nM,4.259637311,,,UO_0000065,0,CHEMBL934790,organism-based format,,CHEMBL1144785,1,Scientific Literature,J Nat Prod,,Antiplasmodial activity against chloroquine-susceptible Plasmodium falciparum FCR3,FcR3,,,,,,
CHEMBL535182,,,365.36,1.0,1.85,A21,Br.N=C(N)NCCCCCCCCCCCCNC(=N)N,IC50,'=',0.35,nM,9.455931956,,,UO_0000065,0,CHEMBL902564,organism-based format,,CHEMBL1138331,1,Scientific Literature,J Med Chem,,Antimalarial activity against Plasmodium falciparum Nigerian in human erythrocytes after 48 hrs,Nigerian,,,,,,
CHEMBL3593457,,,447.49,1.0,6.67,4a,C/C=C/C=C/C=C/C[N+](C)(C)CCCCCCCCCCCC.[I-],IC50,'=',4280.0,nM,5.368556231,,,UO_0000065,0,CHEMBL3594596,organism-based format,,CHEMBL3593187,1,Scientific Literature,Bioorg Med Chem,,Antiplasmodial activity against chloroquine-sensitive Plasmodium falciparum D10 assessed as inhibition of parasite growth after 72 hrs by parasite lactate dehydrogenase assay,D10,,,,,,
CHEMBL191881,LEUPEPTIN,,426.56,1.0,0.02,Leupeptin,CC(=O)N[C@@H](CC(C)C)C(=O)N[C@@H](CC(C)C)C(=O)N[C@H](C=O)CCCNC(=N)N,IC50,'=',18000.0,nM,4.744727495,,,UO_0000065,0,CHEMBL1697474,organism-based format,,CHEMBL1687707,1,Scientific Literature,Antimicrob Agents Chemother,,Antimicrobial activity against wild type Plasmodium falciparum HB3 infected in erythrocytes assessed as growth inhibition after 72 hrs by SYBR Green I-based fluorescence assay,HB3,,,,,,
CHEMBL296588,PEPSTATIN,2.0,685.9,2.0,1.47,Pepstatin A,CC(C)CC(=O)N[C@H](C(=O)N[C@H](C(=O)N[C@@H](CC(C)C)[C@@H](O)CC(=O)N[C@@H](C)C(=O)N[C@@H](CC(C)C)[C@@H](O)CC(=O)O)C(C)C)C(C)C,IC50,'=',29360.0,nM,4.532243949,,,UO_0000065,0,CHEMBL1697472,organism-based format,,CHEMBL1687707,1,Scientific Literature,Antimicrob Agents Chemother,,Antimicrobial activity against leupeptin resistant-Plasmodium falciparum HB3-leuR1 mutant infected in erythrocytes assessed as growth inhibition after 72 hrs by SYBR Green I-based fluorescence assay,HB3-leuR1,,,,,,
CHEMBL1922604,,,219.11,0.0,-0.21,FR-900098; 1b,CC(=O)N(O)CCCP(=O)([O-])O.[Na+],IC50,'=',511.0,nM,6.2915791,,,UO_0000065,0,CHEMBL4201411,organism-based format,,CHEMBL4196192,1,Scientific Literature,J Med Chem,,Growth inhibition of Plasmodium falciparum 3D7 asynchronous cultures by PicoGreen dye based assay,3D7,,,,,,
CHEMBL4172565,,,245.27,0.0,-0.44,"(R,E)-1c",CCOC(=O)/C=C/NC(=O)[C@H](O)C(C)(C)CO,IC50,'=',159000.0,nM,3.798602876,Outside typical range,,UO_0000065,0,CHEMBL4143868,organism-based format,,CHEMBL4138249,1,Scientific Literature,Eur J Med Chem,,Antimalarial activity against Plasmodium falciparum 3D7 infected in human erythrocytes after 96 hrs in presence of 1 uM pantothenate by SYBR green fluorescence-based method,3D7,,,,,,
CHEMBL4173385,,,273.33,0.0,0.34,"(R,Z)-1e",CC(C)(C)OC(=O)/C=C\NC(=O)[C@H](O)C(C)(C)CO,IC50,'=',39000.0,nM,4.408935393,,,UO_0000065,0,CHEMBL4143868,organism-based format,,CHEMBL4138249,1,Scientific Literature,Eur J Med Chem,,Antimalarial activity against Plasmodium falciparum 3D7 infected in human erythrocytes after 96 hrs in presence of 1 uM pantothenate by SYBR green fluorescence-based method,3D7,,,,,,
CHEMBL243561,,,398.55,0.0,3.86,3,CC(=O)O/N=C(\C)NCCCCCCCCCCCCN/C(C)=N/OC(C)=O,IC50,'=',1800.0,nM,5.744727495,,,UO_0000065,0,CHEMBL905874,organism-based format,,CHEMBL1143795,1,Scientific Literature,Bioorg Med Chem Lett,,Antimalarial activity against Plasmodium falciparum Nigerian,Nigerian,,,,,,
CHEMBL412612,,,342.53,0.0,4.03,2,CO/N=C(\C)NCCCCCCCCCCCCN/C(C)=N/OC,IC50,'=',4350.0,nM,5.361510743,,,UO_0000065,0,CHEMBL905874,organism-based format,,CHEMBL1143795,1,Scientific Literature,Bioorg Med Chem Lett,,Antimalarial activity against Plasmodium falciparum Nigerian,Nigerian,,,,,,
CHEMBL2164257,FOSMIDOMYCIN SODIUM,,205.08,0.0,-0.6,1a,O=CN(O)CCCP(=O)([O-])O.[Na+],IC50,'=',1087.0,nM,5.963770456,,,UO_0000065,0,CHEMBL4201411,organism-based format,,CHEMBL4196192,1,Scientific Literature,J Med Chem,,Growth inhibition of Plasmodium falciparum 3D7 asynchronous cultures by PicoGreen dye based assay,3D7,,,,,,
CHEMBL245042,,,282.48,0.0,4.06,M64,CC(=N)NCCCCCCCCCCCCNC(C)=N,IC50,'=',2.0,nM,8.698970004,,,UO_0000065,0,CHEMBL905874,organism-based format,,CHEMBL1143795,1,Scientific Literature,Bioorg Med Chem Lett,,Antimalarial activity against Plasmodium falciparum Nigerian,Nigerian,,,,,,
CHEMBL406117,GUSPERIMUS,3.0,387.53,1.0,-1.31,"DSG, 15-Deoxyspergualin",N=C(N)NCCCCCCC(=O)NC(O)C(=O)NCCCCNCCCN,IC50,'=',148.0,nM,6.829738285,,,UO_0000065,0,CHEMBL996022,organism-based format,,CHEMBL1156431,1,Scientific Literature,J Biol Chem,,Antimalarial activity against Plasmodium falciparum FCK2 by [3H]hypoxanthine uptake,FCK2,,,,,,
CHEMBL236689,,,192.3,0.0,3.33,1a,C#CCOC/C=C(\C)CCC=C(C)C,IC50,'=',122000.0,nM,3.913640169,Outside typical range,,UO_0000065,0,CHEMBL900468,organism-based format,,CHEMBL1137552,1,Scientific Literature,Bioorg Med Chem Lett,,Antiplasmodial activity after 48 hrs against chloroquine-resistant Plasmodium falciparum FcM29-Cameroon by [3H]hypoxanthine uptake,FcM29,,,,,,
CHEMBL191881,LEUPEPTIN,,426.56,1.0,0.02,Leupeptin,CC(=O)N[C@@H](CC(C)C)C(=O)N[C@@H](CC(C)C)C(=O)N[C@H](C=O)CCCNC(=N)N,IC50,'=',74000.0,nM,4.13076828,,,UO_0000065,0,CHEMBL1697472,organism-based format,,CHEMBL1687707,1,Scientific Literature,Antimicrob Agents Chemother,,Antimicrobial activity against leupeptin resistant-Plasmodium falciparum HB3-leuR1 mutant infected in erythrocytes assessed as growth inhibition after 72 hrs by SYBR Green I-based fluorescence assay,HB3-leuR1,,,,,,
CHEMBL165486,,,330.55,1.0,6.8,2o,CCCCCCCCCCCCCCCCOOC(C)(C)OC,IC50,'=',440.0,nM,6.356547324,,,UO_0000065,0,CHEMBL763541,organism-based format,,CHEMBL1136364,1,Scientific Literature,Bioorg Med Chem Lett,,In vitro antimalarial activity against Plasmodium falciparum FCR3,FcR3,,,,,,
CHEMBL2408797,,,320.46,0.0,0.13,HoPanAm-18,CCSCCNC(=O)CCCNC(=O)[C@H](O)C(C)(C)CO,IC50,'=',2000.0,nM,5.698970004,,,UO_0000065,0,CHEMBL2410786,organism-based format,,CHEMBL2407032,1,Scientific Literature,ACS Med Chem Lett,,Antiplasmodial activity against intraerythrocytic Plasmodium falciparum 3D7 infected in human erythrocytes in fresh RPMI-1640 culture medium assessed as parasite growth inhibition after 96 hrs by microscopic analysis,3D7,,,,,,
CHEMBL2035994,,,337.49,0.0,4.39,8,CCCCCCCC(F)(F)CCCCC[C@H](O)C[C@H](O)[C@H](C)N,IC50,'=',12700.0,nM,4.896196279,,,UO_0000065,0,CHEMBL2039435,organism-based format,,CHEMBL2034950,1,Scientific Literature,ACS Med Chem Lett,,Antimalarial activity against chloroquine-sensitive Plasmodium falciparum D6 infected in O-positive human RBC assessed as [3H]-hypoxanthine incorporation after 48 hrs by scintillation counting,D6,,,,,,
CHEMBL3597025,,,328.51,1.0,-0.14,57,N=C(N)NCCCNCCCCCCCNCCCNC(=N)N,IC50,'=',70300.0,nM,4.153044675,,,UO_0000065,0,CHEMBL3599170,organism-based format,,CHEMBL3596171,1,Scientific Literature,Bioorg Med Chem,,Antiplasmodial activity against asexual intraerythrocytic ring stage of antifolate-resistant Plasmodium falciparum HB3 infected in human O+ erythrocytes assessed as inhibition of parasitic proliferation after 96 hrs by SYBR Green-1 based fluorescence assay,HB3,,,,,,
CHEMBL578572,,,327.34,0.0,3.54,A1,Cl.Cl.N=C(N)CCCCCCCCCCCCC(=N)N,IC50,'=',0.3,nM,9.522878745,,,UO_0000065,0,CHEMBL902564,organism-based format,,CHEMBL1138331,1,Scientific Literature,J Med Chem,,Antimalarial activity against Plasmodium falciparum Nigerian in human erythrocytes after 48 hrs,Nigerian,,,,,,
CHEMBL1162124,,,653.99,3.0,6.24,8,CCCCCCCCCCCC(=O)NC(CCCCN)C(=O)NCCCCCCCCCCCC(=O)NC(CCCCN)C(=O)O,IC50,'=',3540.0,nM,5.450996738,,,UO_0000065,0,CHEMBL952919,organism-based format,,CHEMBL1143839,1,Scientific Literature,Antimicrob Agents Chemother,,Antiplasmodial activity against Plasmodium falciparum W2 as reduced [3H]thymidine uptake after 18 hrs,W2,,,,,,
CHEMBL1162129,,,797.18,2.0,4.79,6,NCCCCC(N)C(=O)NCCCCCCCCCCCC(=O)NC(CCCCN)C(=O)NCCCCCCCCCCCC(=O)NC(CCCCN)C(=O)O,IC50,'=',7850.0,nM,5.105130343,,,UO_0000065,0,CHEMBL952919,organism-based format,,CHEMBL1143839,1,Scientific Literature,Antimicrob Agents Chemother,,Antiplasmodial activity against Plasmodium falciparum W2 as reduced [3H]thymidine uptake after 18 hrs,W2,,,,,,
CHEMBL2408978,,,306.43,0.0,-0.26,n-PanAm-20,CSCCCNC(=O)CCNC(=O)[C@H](O)C(C)(C)CO,IC50,'=',230.0,nM,6.638272164,,,UO_0000065,0,CHEMBL2410785,organism-based format,,CHEMBL2407032,1,Scientific Literature,ACS Med Chem Lett,,Antiplasmodial activity against intraerythrocytic Plasmodium falciparum 3D7 infected in human erythrocytes in heat treated RPMI-1640 culture medium assessed as parasite growth inhibition after 96 hrs by microscopic analysis,3D7,,,,,,
CHEMBL2408977,,,306.43,0.0,-0.26,n-PanAm-18,CCSCCNC(=O)CCNC(=O)[C@H](O)C(C)(C)CO,IC50,'=',280.0,nM,6.552841969,,,UO_0000065,0,CHEMBL2410785,organism-based format,,CHEMBL2407032,1,Scientific Literature,ACS Med Chem Lett,,Antiplasmodial activity against intraerythrocytic Plasmodium falciparum 3D7 infected in human erythrocytes in heat treated RPMI-1640 culture medium assessed as parasite growth inhibition after 96 hrs by microscopic analysis,3D7,,,,,,
CHEMBL348399,TERT-BUTYL HYDROPEROXIDE,,90.12,0.0,1.27,44,CC(C)(C)OO,IC50,'=',240000.0,nM,3.619788758,Outside typical range,,UO_0000065,0,CHEMBL5334340,organism-based format,,CHEMBL5331119,1,Scientific Literature,J Med Chem,,Antiplasmodial activity against Plasmodium falciparum W2,W2,,,,,,
CHEMBL481617,,,314.47,0.0,3.71,9,CO/N=C(/N)CCCCCCCCCCCCC(=N)NOC,IC50,'=',6800.0,nM,5.167491087,,,UO_0000065,0,CHEMBL1023752,organism-based format,,CHEMBL1143339,1,Scientific Literature,Bioorg Med Chem Lett,,Antimalarial activity after 48 hrs against chloroquine-sensitive Plasmodium falciparum Nigerian by [3H]hypoxanthine uptake,Nigerian,,,,,,
CHEMBL2408994,,,260.33,0.0,-0.6,alpha-PanAm-2,CCCCNC(=O)CNC(=O)[C@H](O)C(C)(C)CO,IC50,'=',5300.0,nM,5.27572413,,,UO_0000065,0,CHEMBL2410786,organism-based format,,CHEMBL2407032,1,Scientific Literature,ACS Med Chem Lett,,Antiplasmodial activity against intraerythrocytic Plasmodium falciparum 3D7 infected in human erythrocytes in fresh RPMI-1640 culture medium assessed as parasite growth inhibition after 96 hrs by microscopic analysis,3D7,,,,,,
CHEMBL447056,,,286.42,0.0,3.16,2a,N/C(CCCCCCCCCCCC/C(N)=N/O)=N\O,IC50,'=',3500.0,nM,5.455931956,,,UO_0000065,0,CHEMBL1047150,organism-based format,,CHEMBL1155337,1,Scientific Literature,Bioorg Med Chem Lett,,Antimalarial activity against chloroquine-sensitive Plasmodium falciparum Nigerian,Nigerian,,,,,,
CHEMBL571511,,,314.47,0.0,3.68,2c,CN/C(CCCCCCCCCCCC/C(=N/O)NC)=N\O,IC50,'=',10100.0,nM,4.995678626,,,UO_0000065,0,CHEMBL1047150,organism-based format,,CHEMBL1155337,1,Scientific Literature,Bioorg Med Chem Lett,,Antimalarial activity against chloroquine-sensitive Plasmodium falciparum Nigerian,Nigerian,,,,,,
CHEMBL75215,,,301.47,0.0,3.76,14,CC(C)=CCCC(C)CCN(CCO)COOC(C)(C)C,IC50,'=',7800.0,nM,5.107905397,,,,0,CHEMBL762024,organism-based format,,CHEMBL1133927,1,Scientific Literature,Bioorg Med Chem Lett,,In vitro total parasite growth inhibition for chloroquine-sensitive Plasmodium falciparum FJB D9,FJB D9,,,,,,
CHEMBL2314144,,,213.13,0.0,-0.89,10a,CC(=O)N(O)CCC(O)P(=O)(O)O,IC50,'=',1820.0,nM,5.739928612,,,UO_0000065,0,CHEMBL2320618,organism-based format,,CHEMBL2311477,1,Scientific Literature,J Med Chem,,Antimalarial activity against Plasmodium falciparum K1 infected in human erythrocytes assessed as parasite growth inhibition,K1,,,,,,
CHEMBL387813,,,314.47,0.0,3.68,1,C/C(=N\O)NCCCCCCCCCCCCN/C(C)=N/O,IC50,'=',310.0,nM,6.508638306,,,UO_0000065,0,CHEMBL905874,organism-based format,,CHEMBL1143795,1,Scientific Literature,Bioorg Med Chem Lett,,Antimalarial activity against Plasmodium falciparum Nigerian,Nigerian,,,,,,
CHEMBL3597023,,,286.43,1.0,-1.31,55,N=C(N)NCCCNCCCCNCCCNC(=N)N,IC50,'=',14200.0,nM,4.847711656,,,UO_0000065,0,CHEMBL3599170,organism-based format,,CHEMBL3596171,1,Scientific Literature,Bioorg Med Chem,,Antiplasmodial activity against asexual intraerythrocytic ring stage of antifolate-resistant Plasmodium falciparum HB3 infected in human O+ erythrocytes assessed as inhibition of parasitic proliferation after 96 hrs by SYBR Green-1 based fluorescence assay,HB3,,,,,,
CHEMBL578572,,,327.34,0.0,3.54,M34,Cl.Cl.N=C(N)CCCCCCCCCCCCC(=N)N,IC50,'=',0.3,nM,9.522878745,,,UO_0000065,0,CHEMBL1047150,organism-based format,,CHEMBL1155337,1,Scientific Literature,Bioorg Med Chem Lett,,Antimalarial activity against chloroquine-sensitive Plasmodium falciparum Nigerian,Nigerian,,,,,,
CHEMBL205338,FR-900098,,197.13,0.0,-0.21,"2, FR900098",CC(=O)N(O)CCCP(=O)(O)O,IC50,'=',420.0,nM,6.37675071,,,UO_0000065,0,CHEMBL2320618,organism-based format,,CHEMBL2311477,1,Scientific Literature,J Med Chem,,Antimalarial activity against Plasmodium falciparum K1 infected in human erythrocytes assessed as parasite growth inhibition,K1,,,,,,
CHEMBL568669,,,355.4,0.0,4.06,3c,CNC(=N)CCCCCCCCCCCCC(=N)NC.Cl.Cl,IC50,'=',14.4,nM,7.841637508,,,UO_0000065,0,CHEMBL1047150,organism-based format,,CHEMBL1155337,1,Scientific Literature,Bioorg Med Chem Lett,,Antimalarial activity against chloroquine-sensitive Plasmodium falciparum Nigerian,Nigerian,,,,,,
CHEMBL3597024,,,272.4,1.0,-1.7,56,N=C(N)NCCCNCCCNCCCNC(=N)N,IC50,'=',109500.0,nM,3.960585881,Outside typical range,,UO_0000065,0,CHEMBL3599170,organism-based format,,CHEMBL3596171,1,Scientific Literature,Bioorg Med Chem,,Antiplasmodial activity against asexual intraerythrocytic ring stage of antifolate-resistant Plasmodium falciparum HB3 infected in human O+ erythrocytes assessed as inhibition of parasitic proliferation after 96 hrs by SYBR Green-1 based fluorescence assay,HB3,,,,,,
CHEMBL1085096,,,249.18,0.0,0.09,rac-6,CN(O)C(=O)CCC(F)P(=O)(O)O.N.N,IC50,'=',310.0,nM,6.508638306,,,UO_0000065,0,CHEMBL1118495,organism-based format,,CHEMBL1155443,1,Scientific Literature,J Med Chem,,Antiplasmodial activity against Plasmodium falciparum K1 by micro dilution assay,K1,,,,,,
CHEMBL1256147,,,173.58,0.0,0.24,"NCGC00093599-01, SKF-97541 hydrochloride",CP(=O)(O)CCCN.Cl,IC50,'=',2511.89,nM,5.599999383,,,UO_0000065,0,CHEMBL1267251,organism-based format,,CHEMBL1255382,1,Scientific Literature,Nat Chem Biol,,Antiplasmodial activity against Plasmodium falciparum W2 after 72 hrs by SYBR green assay,W2,,,,,,
CHEMBL4514191,,,467.45,0.0,3.02,6a,CC(=O)ON(C)C(=O)CCCP(=O)(OCOC(=O)C(C)(C)C)OCOC(=O)C(C)(C)C,IC50,'=',1340.0,nM,5.872895202,,,UO_0000065,0,CHEMBL4321411,organism-based format,,CHEMBL4316625,1,Scientific Literature,Bioorg Med Chem Lett,,Antiplasmodial activity against Plasmodium falciparum K1 infected in human erythrocytes assessed as reduction in parasite multiplication incubated for 72 hrs by Malstat method,K1,,,,,,
CHEMBL2036002,,,328.54,1.0,5.01,22,CCCCCCCCCCCCCC(O)C/C(=N\O)C(C)(C)N,IC50,'=',10000.0,nM,5.0,,,UO_0000065,0,CHEMBL2039532,organism-based format,,CHEMBL2034950,1,Scientific Literature,ACS Med Chem Lett,,Antimalarial activity against chloroquine-resistant Plasmodium falciparum W2 infected in O-positive human RBC assessed as [3H]-hypoxanthine incorporation after 48 hrs by scintillation counting in presence of BSA,W2,,,,,,
CHEMBL3335273,,,527.74,1.0,3.58,"1, MDN-0104",CCCCCCCCCCC/C=C(\C)C(=O)C(C)(C)C(=O)OC[C@@H](O)COCC[C@@H](C(=O)[O-])[N+](C)(C)C,IC50,'=',7000.0,nM,5.15490196,,,UO_0000065,0,CHEMBL3374670,organism-based format,,CHEMBL3352318,1,Scientific Literature,J Nat Prod,,Antiplasmodial activity against Plasmodium falciparum 3D7 late ring stages and early trophozoites forms infected in human erythrocytes assessed as parasite growth inhibition by LDH release assay,3D7,,,,,,
CHEMBL1162138,,,1304.99,,,2,CCCCCCCCCCCC(=O)NC(CCCCN)C(=O)NCCCCCCCCCCCC(=O)NC(CCCCN)C(=O)NCCCCCCCCCCCC(=O)NC(CCCCN)C(=O)NCCCCCCCCCCCC(=O)NC(CCCCN)C(=O)O,IC50,'=',80.0,nM,7.096910013,,,UO_0000065,0,CHEMBL952919,organism-based format,,CHEMBL1143839,1,Scientific Literature,Antimicrob Agents Chemother,,Antiplasmodial activity against Plasmodium falciparum W2 as reduced [3H]thymidine uptake after 18 hrs,W2,,,,,,
CHEMBL243346,,,470.66,0.0,2.69,8,C/C(=N\OS(C)(=O)=O)NCCCCCCCCCCCCN/C(C)=N/OS(C)(=O)=O,IC50,'=',12.0,nM,7.920818754,,,UO_0000065,0,CHEMBL905874,organism-based format,,CHEMBL1143795,1,Scientific Literature,Bioorg Med Chem Lett,,Antimalarial activity against Plasmodium falciparum Nigerian,Nigerian,,,,,,
CHEMBL396198,,,586.65,2.0,7.13,7,CCOP(=O)(OCC)O/N=C(\C)NCCCCCCCCCCCCN/C(C)=N/OP(=O)(OCC)OCC,IC50,'=',9.6,nM,8.017728767,,,UO_0000065,0,CHEMBL905874,organism-based format,,CHEMBL1143795,1,Scientific Literature,Bioorg Med Chem Lett,,Antimalarial activity against Plasmodium falciparum Nigerian,Nigerian,,,,,,
CHEMBL243781,,,456.63,0.0,4.23,5,CCNC(=O)O/N=C(\C)NCCCCCCCCCCCCN/C(C)=N/OC(=O)NCC,IC50,'=',93.0,nM,7.031517051,,,UO_0000065,0,CHEMBL905874,organism-based format,,CHEMBL1143795,1,Scientific Literature,Bioorg Med Chem Lett,,Antimalarial activity against Plasmodium falciparum Nigerian,Nigerian,,,,,,
CHEMBL245042,,,282.48,0.0,4.06,M64,CC(=N)NCCCCCCCCCCCCNC(C)=N,IC50,'=',8.1,nM,8.091514981,,,UO_0000065,0,CHEMBL905876,organism-based format,,CHEMBL1143795,1,Scientific Literature,Bioorg Med Chem Lett,,Antimalarial activity against Plasmodium falciparum W2,W2,,,,,,
CHEMBL429678,,,478.76,1.0,6.94,26,C/C(=C\CC/C=C(\C)CC/C=C(\C)CC[C@@H](O)C(C)(C)O)CC/C=C(\C)CC[C@@H](O)C(C)(C)O,IC50,'=',59000.0,nM,4.229147988,,,UO_0000065,0,CHEMBL929449,organism-based format,,CHEMBL1144785,1,Scientific Literature,J Nat Prod,,Antiplasmodial activity against chloroquine-resistant Plasmodium falciparum K1,K1,,,,,,
CHEMBL222824,SUCCINYLACETONE,,158.15,0.0,0.4,succinylacetone,CC(=O)CC(=O)CCC(=O)O,IC50,'=',17782800.0,nM,1.749999856,Outside typical range,,UO_0000065,0,CHEMBL912647,organism-based format,,CHEMBL1142150,1,Scientific Literature,Antimicrob Agents Chemother,,Inhibition of Plasmodium falciparum FCK2 growth as [3H]hypoxanthine uptake after 48 hrs,FCK2,,,,,,
CHEMBL160974,,,220.26,0.0,1.66,2i,CCOC(=O)CCCOOC(C)(C)OC,IC50,'=',6950.0,nM,5.158015195,,,UO_0000065,0,CHEMBL763541,organism-based format,,CHEMBL1136364,1,Scientific Literature,Bioorg Med Chem Lett,,In vitro antimalarial activity against Plasmodium falciparum FCR3,FcR3,,,,,,
CHEMBL2408797,,,320.46,0.0,0.13,HoPanAm-18,CCSCCNC(=O)CCCNC(=O)[C@H](O)C(C)(C)CO,IC50,'=',1900.0,nM,5.721246399,,,UO_0000065,0,CHEMBL2410785,organism-based format,,CHEMBL2407032,1,Scientific Literature,ACS Med Chem Lett,,Antiplasmodial activity against intraerythrocytic Plasmodium falciparum 3D7 infected in human erythrocytes in heat treated RPMI-1640 culture medium assessed as parasite growth inhibition after 96 hrs by microscopic analysis,3D7,,,,,,
CHEMBL2036001,,,313.53,0.0,4.74,16,CCCCCCCCCCCCCC(O)CC(=O)C(C)(C)N,IC50,'=',2600.0,nM,5.585026652,,,UO_0000065,0,CHEMBL2039532,organism-based format,,CHEMBL2034950,1,Scientific Literature,ACS Med Chem Lett,,Antimalarial activity against chloroquine-resistant Plasmodium falciparum W2 infected in O-positive human RBC assessed as [3H]-hypoxanthine incorporation after 48 hrs by scintillation counting in presence of BSA,W2,,,,,,
CHEMBL4174181,,,273.33,0.0,0.34,"(R,E)-1e",CC(C)(C)OC(=O)/C=C/NC(=O)[C@H](O)C(C)(C)CO,IC50,'=',42000.0,nM,4.37675071,,,UO_0000065,0,CHEMBL4143868,organism-based format,,CHEMBL4138249,1,Scientific Literature,Eur J Med Chem,,Antimalarial activity against Plasmodium falciparum 3D7 infected in human erythrocytes after 96 hrs in presence of 1 uM pantothenate by SYBR green fluorescence-based method,3D7,,,,,,
CHEMBL261794,,,199.1,0.0,-1.01,13,CN(O)C(=O)COCP(=O)(O)O,IC50,'=',240.0,nM,6.619788758,,,UO_0000065,0,CHEMBL922680,organism-based format,,CHEMBL1143891,1,Scientific Literature,Bioorg Med Chem,,Antimalarial activity against Plasmodium falciparum 3D7 in infected human erythrocytes after 48 hrs,3D7,,,,,,
CHEMBL4875922,,,288.39,0.0,0.18,CXP18.6-013,CCCCCC(=O)NCCNC(=O)[C@H](O)C(C)(C)CO,IC50,'=',630.0,nM,6.200659451,,,UO_0000065,0,CHEMBL4808839,organism-based format,Erythrocyte,CHEMBL4808174,1,Scientific Literature,J Med Chem,,Antiplasmodial activity against ring stage Plasmodium falciparum NF54 infected in human erythrocytes assessed as inhibition of parasite growth incubated for 72 hrs in presence of pantothenate by SYBR Green dye based fluorescence assay,NF54,,,,,,
CHEMBL164830,,,358.61,1.0,7.58,2p,CCCCCCCCCCCCCCCCCCOOC(C)(C)OC,IC50,'=',1330.0,nM,5.876148359,,,UO_0000065,0,CHEMBL763541,organism-based format,,CHEMBL1136364,1,Scientific Literature,Bioorg Med Chem Lett,,In vitro antimalarial activity against Plasmodium falciparum FCR3,FcR3,,,,,,
CHEMBL4278442,,,445.51,1.0,5.14,20c,CCCCCCCCCCCCOCCCOP(=O)([O-])CCCC(=O)N(C)O.[Na+],IC50,'=',820.0,nM,6.086186148,,,UO_0000065,0,CHEMBL4269457,organism-based format,,CHEMBL4266002,1,Scientific Literature,ACS Med Chem Lett,,Antiplasmodial activity against chloroquine-resistant Plasmodium falciparum K1 infected in human erythrocytes measured after 72 hrs Malstat/NBT reagent based assay,K1,,,,,,
CHEMBL3310175,,,314.43,0.0,0.73,2,C=CC[C@@](C)(CO)[C@@H](O)C(=O)NCCC(=O)NCCCCC,IC50,'=',13000.0,nM,4.886056648,,,UO_0000065,0,CHEMBL3373875,organism-based format,,CHEMBL3352628,1,Scientific Literature,Bioorg Med Chem Lett,,Antimicrobial activity against chloroquine-sensitive Plasmodium falciparum 3D7 ring stage parasite assessed as reduction in parasite proliferation after 96 hrs in presence of 50 uM pantothenate by SYBR Safe DNA gel staining based assay,3D7,,,,,,
CHEMBL1673218,,,359.34,0.0,2.74,BPH-943,CCCCCCCCCCN(C)CC(P(=O)(O)O)P(=O)(O)O,IC50,'=',450.0,nM,6.346787486,,,UO_0000065,0,CHEMBL1676988,organism-based format,,CHEMBL1671697,1,Scientific Literature,Antimicrob Agents Chemother,,Antiplasmodial activity against chloroquine-sensitive Plasmodium falciparum 3D7 assessed as suppression of parasitemia by microscopic analysis,3D7,,,,,,
CHEMBL3144388,,,206.18,0.0,1.29,NCGC00094045-01,CC(C)C[C@H](N)CS.Cl.Cl,IC50,'=',12589.25,nM,4.900000142,,,UO_0000065,0,CHEMBL1267245,organism-based format,,CHEMBL1255382,1,Scientific Literature,Nat Chem Biol,,Antiplasmodial activity against Plasmodium falciparum 3D7 after 72 hrs by SYBR green assay,3D7,,,,,,
CHEMBL3144388,,,206.18,0.0,1.29,NCGC00094045-01,CC(C)C[C@H](N)CS.Cl.Cl,IC50,'=',12589.25,nM,4.900000142,,,UO_0000065,0,CHEMBL1267246,organism-based format,,CHEMBL1255382,1,Scientific Literature,Nat Chem Biol,,Antiplasmodial activity against Plasmodium falciparum 7G8 after 72 hrs by SYBR green assay,7G8,,,,,,
CHEMBL1644938,,,210.32,0.0,3.63,2,CCCCCC/C=C/C=C/C(=O)OCC,IC50,'=',900.0,nM,6.045757491,,,UO_0000065,0,CHEMBL1645801,organism-based format,,CHEMBL1641553,1,Scientific Literature,Bioorg Med Chem,,Antimalarial activity against chloroquine-sensitive Plasmodium falciparum D10 infected in human A-positive red blood cells after 72 hrs by lactate dehydrogenase assay,D10,,,,,,
CHEMBL88621,,,169.07,0.0,-1.42,APPA,NC(CP(=O)(O)O)C(=O)O,IC50,'=',47.1,nM,7.326979093,,,UO_0000065,0,CHEMBL1112874,organism-based format,,CHEMBL1157896,1,Scientific Literature,J Med Chem,,Antimalarial activity against multidrug-resistant Plasmodium falciparum isolate 208432 infected in human erythrocytes after 48 hrs by flow-cytometry,208432,,,,,,
CHEMBL489497,,,174.24,0.0,-0.4,4d,CC(CN)CCC(C)(O)C(N)=O,IC50,'=',14600.0,nM,4.835647144,,,UO_0000065,0,CHEMBL944269,organism-based format,,CHEMBL1140898,1,Scientific Literature,J Med Chem,,Antimalarial activity against chloroquine-sensitive Plasmodium falciparum W2 by [3H]hypoxanthine uptake,W2,,,,,,
CHEMBL2314143,,,272.2,0.0,0.43,9,CC(=O)N(O)CCC(N=[N+]=[N-])P(=O)(O)O.N.N,IC50,'=',1980.0,nM,5.70333481,,,UO_0000065,0,CHEMBL2320618,organism-based format,,CHEMBL2311477,1,Scientific Literature,J Med Chem,,Antimalarial activity against Plasmodium falciparum K1 infected in human erythrocytes assessed as parasite growth inhibition,K1,,,,,,
CHEMBL75215,,,301.47,0.0,3.76,14,CC(C)=CCCC(C)CCN(CCO)COOC(C)(C)C,IC50,'=',1400.0,nM,5.853871964,,,,0,CHEMBL762023,organism-based format,,CHEMBL1133927,1,Scientific Literature,Bioorg Med Chem Lett,,In vitro schizont maturation inhibition for chloroquine-sensitive Plasmodium falciparum FSH 14,FSH 14,,,,,,
CHEMBL576913,,,402.58,0.0,3.72,2e,COCCN/C(CCCCCCCCCCCC/C(=N/O)NCCOC)=N\O,IC50,'=',2950.0,nM,5.530177984,,,UO_0000065,0,CHEMBL1047150,organism-based format,,CHEMBL1155337,1,Scientific Literature,Bioorg Med Chem Lett,,Antimalarial activity against chloroquine-sensitive Plasmodium falciparum Nigerian,Nigerian,,,,,,
CHEMBL355822,,,204.31,0.0,3.29,2c,CCCCCCCOOC(C)(C)OC,IC50,'=',800.0,nM,6.096910013,,,UO_0000065,0,CHEMBL763541,organism-based format,,CHEMBL1136364,1,Scientific Literature,Bioorg Med Chem Lett,,In vitro antimalarial activity against Plasmodium falciparum FCR3,FcR3,,,,,,
CHEMBL1086066,,,249.18,0.0,0.09,rac-5b,CC(=O)N(O)CCC(F)P(=O)(O)O.N.N,IC50,'=',290.0,nM,6.537602002,,,UO_0000065,0,CHEMBL1118495,organism-based format,,CHEMBL1155443,1,Scientific Literature,J Med Chem,,Antiplasmodial activity against Plasmodium falciparum K1 by micro dilution assay,K1,,,,,,
CHEMBL2012484,,,425.42,0.0,2.93,13a,CN(O)C(=O)CCCP(=O)(OCOC(=O)C(C)(C)C)OCOC(=O)C(C)(C)C,IC50,'=',860.0,nM,6.065501549,,,UO_0000065,0,CHEMBL5387098,organism-based format,,CHEMBL5385862,1,Scientific Literature,Eur J Med Chem,,Antiplasmodial activity against asexual blood stage Plasmodium falciparum K1 assessed as inhibition of parasitic growth,K1,,,,,,
CHEMBL1688687,,,298.37,1.0,-0.49,13,N=C(N)NCCCCCCNC(=N)N.O=S(=O)(O)O,IC50,'=',445.0,nM,6.351639989,,,UO_0000065,0,CHEMBL1697540,organism-based format,,CHEMBL1687739,1,Scientific Literature,Antimicrob Agents Chemother,,Antiplasmodial activity against erythrocytic stage of chloroquine - and pyrimethamine-resistant Plasmodium falciparum K1 assessed as [3H]hypoxanthine incorporation after 48 hrs,K1,,,,,,
CHEMBL164724,,,190.28,0.0,2.9,2b,CCCCCCOOC(C)(C)OC,IC50,'=',1550.0,nM,5.809668302,,,UO_0000065,0,CHEMBL763541,organism-based format,,CHEMBL1136364,1,Scientific Literature,Bioorg Med Chem Lett,,In vitro antimalarial activity against Plasmodium falciparum FCR3,FcR3,,,,,,
CHEMBL1162128,,,979.49,3.0,8.87,5,CCCCCCCCCCCC(=O)NC(CCCCN)C(=O)NCCCCCCCCCCCC(=O)NC(CCCCN)C(=O)NCCCCCCCCCCCC(=O)NC(CCCCN)C(=O)O,IC50,'=',850.0,nM,6.070581074,,,UO_0000065,0,CHEMBL952919,organism-based format,,CHEMBL1143839,1,Scientific Literature,Antimicrob Agents Chemother,,Antiplasmodial activity against Plasmodium falciparum W2 as reduced [3H]thymidine uptake after 18 hrs,W2,,,,,,
CHEMBL429678,,,478.76,1.0,6.94,26,C/C(=C\CC/C=C(\C)CC/C=C(\C)CC[C@@H](O)C(C)(C)O)CC/C=C(\C)CC[C@@H](O)C(C)(C)O,IC50,'=',55000.0,nM,4.259637311,,,UO_0000065,0,CHEMBL934790,organism-based format,,CHEMBL1144785,1,Scientific Literature,J Nat Prod,,Antiplasmodial activity against chloroquine-susceptible Plasmodium falciparum FCR3,FcR3,,,,,,
CHEMBL402771,,,578.83,2.0,7.05,27a,CC(=O)OC[C@](C)(O)[C@@H](CC/C(C)=C/CC/C(C)=C/CC/C=C(\C)CC/C=C(\C)CC[C@@H](O)C(C)(C)O)OC(C)=O,IC50,'=',97000.0,nM,4.013228266,,,UO_0000065,0,CHEMBL929449,organism-based format,,CHEMBL1144785,1,Scientific Literature,J Nat Prod,,Antiplasmodial activity against chloroquine-resistant Plasmodium falciparum K1,K1,,,,,,
CHEMBL260214,,,199.1,0.0,-0.67,11,CC(=O)N(O)COCP(=O)(O)O,IC50,'=',360.0,nM,6.443697499,,,UO_0000065,0,CHEMBL922680,organism-based format,,CHEMBL1143891,1,Scientific Literature,Bioorg Med Chem,,Antimalarial activity against Plasmodium falciparum 3D7 in infected human erythrocytes after 48 hrs,3D7,,,,,,
CHEMBL205338,FR-900098,,197.13,0.0,-0.21,FR-900098,CC(=O)N(O)CCCP(=O)(O)O,IC50,'=',280.0,nM,6.552841969,,,UO_0000065,0,CHEMBL870711,organism-based format,,CHEMBL1146121,1,Scientific Literature,J Med Chem,,Inhibition of Plasmodium falciparum Dd2,Dd2,,,,,,
CHEMBL567595,,,342.53,0.0,4.46,2d,CCN/C(CCCCCCCCCCCC/C(=N/O)NCC)=N\O,IC50,'=',6200.0,nM,5.207608311,,,UO_0000065,0,CHEMBL1047150,organism-based format,,CHEMBL1155337,1,Scientific Literature,Bioorg Med Chem Lett,,Antimalarial activity against chloroquine-sensitive Plasmodium falciparum Nigerian,Nigerian,,,,,,
CHEMBL4211531,,,245.17,0.0,0.14,12c,COC(=O)N(O)C/C=C/P(=O)(O)O.N.N,IC50,'=',28600.0,nM,4.543633967,,,UO_0000065,0,CHEMBL4201411,organism-based format,,CHEMBL4196192,1,Scientific Literature,J Med Chem,,Growth inhibition of Plasmodium falciparum 3D7 asynchronous cultures by PicoGreen dye based assay,3D7,,,,,,
CHEMBL52761,,,234.08,0.0,-0.21,4,CCCC(O)(P(=O)(O)O)P(=O)(O)O,IC50,'=',130000.0,nM,3.886056648,Outside typical range,,UO_0000065,0,CHEMBL753354,organism-based format,,CHEMBL1134372,1,Scientific Literature,J Med Chem,,Inhibition of Plasmodium falciparum 3D7 in erythrocytes,3D7,,,,,,
CHEMBL407837,BIS(PIVALOYLOXYMETHYL)ESTER,,427.39,0.0,2.13,17,CN(O)C(=O)COCP(=O)(OCOC(=O)C(C)(C)C)OCOC(=O)C(C)(C)C,IC50,'=',51.0,nM,7.292429824,,,UO_0000065,0,CHEMBL922680,organism-based format,,CHEMBL1143891,1,Scientific Literature,Bioorg Med Chem,,Antimalarial activity against Plasmodium falciparum 3D7 in infected human erythrocytes after 48 hrs,3D7,,,,,,
CHEMBL1162141,,,1320.0,,,1,NCCCCCCCCCCCC(=O)NC(CCCCN)C(=O)NCCCCCCCCCCCC(=O)NC(CCCCN)C(=O)NCCCCCCCCCCCC(=O)NC(CCCCN)C(=O)NCCCCCCCCCCCC(=O)NC(CCCCN)C(=O)O,IC50,'=',1590.0,nM,5.798602876,,,UO_0000065,0,CHEMBL952919,organism-based format,,CHEMBL1143839,1,Scientific Literature,Antimicrob Agents Chemother,,Antiplasmodial activity against Plasmodium falciparum W2 as reduced [3H]thymidine uptake after 18 hrs,W2,,,,,,
CHEMBL2164257,FOSMIDOMYCIN SODIUM,,205.08,0.0,-0.6,1,O=CN(O)CCCP(=O)([O-])O.[Na+],IC50,'=',1100.0,nM,5.958607315,,,UO_0000065,0,CHEMBL5387095,organism-based format,,CHEMBL5385862,1,Scientific Literature,Eur J Med Chem,,Antiplasmodial activity against asexual blood stage chloroquine-resistant Plasmodium falciparum Dd2 assessed as inhibition of parasitic growth,Dd2,,,,,,
CHEMBL2408989,,,302.42,0.0,0.57,HoPanAm-3,CCCCCNC(=O)CCCNC(=O)[C@H](O)C(C)(C)CO,IC50,'=',195000.0,nM,3.709965389,Outside typical range,,UO_0000065,0,CHEMBL2410784,organism-based format,,CHEMBL2407032,1,Scientific Literature,ACS Med Chem Lett,,Antiplasmodial activity against intraerythrocytic Plasmodium falciparum 3D7 infected in human erythrocytes in fresh RPMI-1640 culture medium assessed as parasite growth inhibition after 96 hrs by microscopic analysis in presence of pantetheinase,3D7,,,,,,
CHEMBL1162127,,,669.01,3.0,5.18,7,NCCCCCCCCCCCC(=O)NC(CCCCN)C(=O)NCCCCCCCCCCCC(=O)NC(CCCCN)C(=O)O,IC50,'=',4630.0,nM,5.334419009,,,UO_0000065,0,CHEMBL952919,organism-based format,,CHEMBL1143839,1,Scientific Literature,Antimicrob Agents Chemother,,Antiplasmodial activity against Plasmodium falciparum W2 as reduced [3H]thymidine uptake after 18 hrs,W2,,,,,,
CHEMBL460690,,,227.38,0.0,2.58,4b,CC/C(=N/NC(N)=S)C(C)CC=C(C)C,IC50,'=',9200.0,nM,5.036212173,,,UO_0000065,0,CHEMBL979943,organism-based format,,CHEMBL1140974,1,Scientific Literature,Eur J Med Chem,,Antimalarial activity against chloroquine-resistant Plasmodium falciparum W2 in human erythrocytes by [3H]hypoxanthine uptake,W2,,,,,,
CHEMBL1085096,,,249.18,0.0,0.09,rac-6,CN(O)C(=O)CCC(F)P(=O)(O)O.N.N,IC50,'=',730.0,nM,6.13667714,,,UO_0000065,0,CHEMBL1118494,organism-based format,,CHEMBL1155443,1,Scientific Literature,J Med Chem,,Antiplasmodial activity against Plasmodium falciparum Ghana by micro dilution assay,GHA,,,,,,
CHEMBL76216,,,207.27,0.0,-0.02,8,CC(C)(C)OOCN(CCO)CCO,IC50,'=',10000.0,nM,5.0,,,,0,CHEMBL762023,organism-based format,,CHEMBL1133927,1,Scientific Literature,Bioorg Med Chem Lett,,In vitro schizont maturation inhibition for chloroquine-sensitive Plasmodium falciparum FSH 14,FSH 14,,,,,,
CHEMBL1673217,,,331.29,0.0,1.96,BPH-942,CCCCCCCCN(C)CC(P(=O)(O)O)P(=O)(O)O,IC50,'=',2000.0,nM,5.698970004,,,UO_0000065,0,CHEMBL1676989,organism-based format,,CHEMBL1671697,1,Scientific Literature,Antimicrob Agents Chemother,,Antiplasmodial activity against chloroquine-resistant Plasmodium falciparum W2mef assessed as suppression of parasitemia by microscopic analysis,W2mef,,,,,,
CHEMBL88621,,,169.07,0.0,-1.42,APPA,NC(CP(=O)(O)O)C(=O)O,IC50,'=',60.3,nM,7.219682688,,,UO_0000065,0,CHEMBL1112872,organism-based format,,CHEMBL1157896,1,Scientific Literature,J Med Chem,,Antimalarial activity against Plasmodium falciparum 3D7 infected in human erythrocytes after 48 hrs by flow-cytometry,3D7,,,,,,
CHEMBL3144388,,,206.18,0.0,1.29,NCGC00094045-01,CC(C)C[C@H](N)CS.Cl.Cl,IC50,'=',12589.25,nM,4.900000142,,,UO_0000065,0,CHEMBL1267247,organism-based format,,CHEMBL1255382,1,Scientific Literature,Nat Chem Biol,,Antiplasmodial activity against Plasmodium falciparum D10 after 72 hrs by SYBR green assay,D10,,,,,,
CHEMBL489497,,,174.24,0.0,-0.4,4d,CC(CN)CCC(C)(O)C(N)=O,IC50,'=',24700.0,nM,4.607303047,,,UO_0000065,0,CHEMBL944270,organism-based format,,CHEMBL1140898,1,Scientific Literature,J Med Chem,,Antimalarial activity against chloroquine-resistant Plasmodium falciparum D6 by [3H]hypoxanthine uptake,D6,,,,,,
CHEMBL1831287,,,306.89,1.0,0.51,21,CC(=N)NCCCNCCCNCCCNC(C)=N.Cl,IC50,'=',109500.0,nM,3.960585881,Outside typical range,,UO_0000065,0,CHEMBL1832682,organism-based format,,CHEMBL1828516,1,Scientific Literature,J Med Chem,,Antimalarial activity against chloroquine-resistant Plasmodium falciparum HB3 infected in human erythrocytes after 96 hrs by SYBR Green I-based fluorescence assay,HB3,,,,,,
CHEMBL1085945,,,265.63,0.0,0.36,rac-5a,CC(=O)N(O)CCC(Cl)P(=O)(O)O.N.N,IC50,'=',300.0,nM,6.522878745,,,UO_0000065,0,CHEMBL1118495,organism-based format,,CHEMBL1155443,1,Scientific Literature,J Med Chem,,Antiplasmodial activity against Plasmodium falciparum K1 by micro dilution assay,K1,,,,,,
CHEMBL261371,,,425.42,0.0,2.93,16,CC(=O)N(O)CCCP(=O)(OCOC(=O)C(C)(C)C)OCOC(=O)C(C)(C)C,IC50,'=',99.0,nM,7.004364805,,,UO_0000065,0,CHEMBL922680,organism-based format,,CHEMBL1143891,1,Scientific Literature,Bioorg Med Chem,,Antimalarial activity against Plasmodium falciparum 3D7 in infected human erythrocytes after 48 hrs,3D7,,,,,,
CHEMBL403076,,,494.76,1.0,5.91,27,C/C(=C\CC/C=C(\C)CC/C=C(\C)CC[C@@H](O)[C@@](C)(O)CO)CC/C=C(\C)CC[C@@H](O)C(C)(C)O,IC50,'=',7000.0,nM,5.15490196,,,UO_0000065,0,CHEMBL929449,organism-based format,,CHEMBL1144785,1,Scientific Literature,J Nat Prod,,Antiplasmodial activity against chloroquine-resistant Plasmodium falciparum K1,K1,,,,,,
CHEMBL2408995,,,274.36,0.0,-0.21,alpha-PanAm-3,CCCCCNC(=O)CNC(=O)[C@H](O)C(C)(C)CO,IC50,'=',7000.0,nM,5.15490196,,,UO_0000065,0,CHEMBL2410786,organism-based format,,CHEMBL2407032,1,Scientific Literature,ACS Med Chem Lett,,Antiplasmodial activity against intraerythrocytic Plasmodium falciparum 3D7 infected in human erythrocytes in fresh RPMI-1640 culture medium assessed as parasite growth inhibition after 96 hrs by microscopic analysis,3D7,,,,,,
CHEMBL2408993,,,246.31,0.0,-0.99,alpha-PanAm-1,CCCNC(=O)CNC(=O)[C@H](O)C(C)(C)CO,IC50,'=',13000.0,nM,4.886056648,,,UO_0000065,0,CHEMBL2410786,organism-based format,,CHEMBL2407032,1,Scientific Literature,ACS Med Chem Lett,,Antiplasmodial activity against intraerythrocytic Plasmodium falciparum 3D7 infected in human erythrocytes in fresh RPMI-1640 culture medium assessed as parasite growth inhibition after 96 hrs by microscopic analysis,3D7,,,,,,
CHEMBL3215867,,,473.53,1.0,1.92,35,CCCNC(=O)NCCCNCCCCCCNCCCNC(=O)NCCC.Cl.Cl,IC50,'=',14084.0,nM,4.851273984,,,UO_0000065,0,CHEMBL1832683,organism-based format,,CHEMBL1828516,1,Scientific Literature,J Med Chem,,Antimalarial activity against drug-sensitive Plasmodium falciparum 3D7 infected in human erythrocytes after 96 hrs by SYBR Green I-based fluorescence assay,3D7,,,,,,
CHEMBL1831289,,,362.99,1.0,2.07,24,CC(=N)NCCCNCCCCCCCNCCCNC(C)=N.Cl,IC50,'=',70300.0,nM,4.153044675,,,UO_0000065,0,CHEMBL1832682,organism-based format,,CHEMBL1828516,1,Scientific Literature,J Med Chem,,Antimalarial activity against chloroquine-resistant Plasmodium falciparum HB3 infected in human erythrocytes after 96 hrs by SYBR Green I-based fluorescence assay,HB3,,,,,,
CHEMBL3410325,,,411.39,0.0,2.54,1c,CC(C)(C)C(=O)OCOP(=O)(CCCN(O)C=O)OCOC(=O)C(C)(C)C,IC50,'=',490.0,nM,6.30980392,,,UO_0000065,0,CHEMBL3411606,organism-based format,,CHEMBL3407342,1,Scientific Literature,J Med Chem,,Antiplasmodial activity against blood stage forms of multidrug-resistant Plasmodium falciparum Dd2 incubated for 3 days by HRP2 detection based ELISA method,Dd2,,,,,,
CHEMBL205338,FR-900098,,197.13,0.0,-0.21,"2, FR900098",CC(=O)N(O)CCCP(=O)(O)O,IC50,'=',350.0,nM,6.455931956,,,UO_0000065,0,CHEMBL3411608,organism-based format,,CHEMBL3407342,1,Scientific Literature,J Med Chem,,Antiplasmodial activity against blood stage forms of chloroquine-sensitive Plasmodium falciparum D10 incubated for 3 days by HRP2 detection based ELISA method,D10,,,,,,
CHEMBL205338,FR-900098,,197.13,0.0,-0.21,"2, FR900098",CC(=O)N(O)CCCP(=O)(O)O,IC50,'=',160.0,nM,6.795880017,,,UO_0000065,0,CHEMBL3411606,organism-based format,,CHEMBL3407342,1,Scientific Literature,J Med Chem,,Antiplasmodial activity against blood stage forms of multidrug-resistant Plasmodium falciparum Dd2 incubated for 3 days by HRP2 detection based ELISA method,Dd2,,,,,,
CHEMBL3410325,,,411.39,0.0,2.54,1c,CC(C)(C)C(=O)OCOP(=O)(CCCN(O)C=O)OCOC(=O)C(C)(C)C,IC50,'=',480.0,nM,6.318758763,,,UO_0000065,0,CHEMBL3411607,organism-based format,,CHEMBL3407342,1,Scientific Literature,J Med Chem,,Antiplasmodial activity against blood stage forms of chloroquine-sensitive Plasmodium falciparum 3D7 incubated for 3 days by HRP2 detection based ELISA method,3D7,,,,,,
CHEMBL203125,FOSMIDOMYCIN,3.0,183.1,0.0,-0.6,1,O=CN(O)CCCP(=O)(O)O,IC50,'=',1300.0,nM,5.886056648,,,UO_0000065,0,CHEMBL3411608,organism-based format,,CHEMBL3407342,1,Scientific Literature,J Med Chem,,Antiplasmodial activity against blood stage forms of chloroquine-sensitive Plasmodium falciparum D10 incubated for 3 days by HRP2 detection based ELISA method,D10,,,,,,
CHEMBL1688689,,,340.45,1.0,0.68,15,N=C(N)NCCCCCCCCCNC(=N)N.O=S(=O)(O)O,IC50,'=',84.0,nM,7.075720714,,,UO_0000065,0,CHEMBL1697540,organism-based format,,CHEMBL1687739,1,Scientific Literature,Antimicrob Agents Chemother,,Antiplasmodial activity against erythrocytic stage of chloroquine - and pyrimethamine-resistant Plasmodium falciparum K1 assessed as [3H]hypoxanthine incorporation after 48 hrs,K1,,,,,,
CHEMBL236530,,,618.62,1.0,6.67,G7,CC[N+](CC)(CC)CCOCCCCCCCCCCCCOCC[N+](CC)(CC)CC.[Br-].[Br-],IC50,'=',3.3,nM,8.48148606,,,UO_0000065,0,CHEMBL902564,organism-based format,,CHEMBL1138331,1,Scientific Literature,J Med Chem,,Antimalarial activity against Plasmodium falciparum Nigerian in human erythrocytes after 48 hrs,Nigerian,,,,,,
CHEMBL1095390,,,404.28,0.0,3.13,3g,C[N+](C)(C)CCCCCCCCC[N+](C)(C)C.[Br-].[Br-],IC50,'=',892.0,nM,6.049635146,,,UO_0000065,0,CHEMBL1121088,organism-based format,,CHEMBL1158566,1,Scientific Literature,Bioorg Med Chem,,Antiplasmodial activity against chloroquine-sensitive Plasmodium falciparum 3D7 assessed as parasite-specific LDH release after 72 hrs by Malstat assay,3D7,,,,,,
CHEMBL4208741,,,439.4,0.0,3.28,18c,COC(=O)N(O)C/C=C/P(=O)(OCOC(=O)C(C)(C)C)OCOC(=O)C(C)(C)C,IC50,'=',23700.0,nM,4.625251654,,,UO_0000065,0,CHEMBL4201411,organism-based format,,CHEMBL4196192,1,Scientific Literature,J Med Chem,,Growth inhibition of Plasmodium falciparum 3D7 asynchronous cultures by PicoGreen dye based assay,3D7,,,,,,
CHEMBL3103256,,,217.09,0.0,-0.08,2,CC(=O)N(O)C/C=C/P(=O)([O-])O.[Na+],IC50,'=',202.0,nM,6.694648631,,,UO_0000065,0,CHEMBL4201411,organism-based format,,CHEMBL4196192,1,Scientific Literature,J Med Chem,,Growth inhibition of Plasmodium falciparum 3D7 asynchronous cultures by PicoGreen dye based assay,3D7,,,,,,
CHEMBL395841,,,473.61,1.0,5.6,C7,CCN(CC)CCOCCCCCCCCCCCCOCCN(CC)CC.Cl.Cl,IC50,'=',120.0,nM,6.920818754,,,UO_0000065,0,CHEMBL902564,organism-based format,,CHEMBL1138331,1,Scientific Literature,J Med Chem,,Antimalarial activity against Plasmodium falciparum Nigerian in human erythrocytes after 48 hrs,Nigerian,,,,,,
CHEMBL1831288,,,320.91,1.0,0.9,22,CC(=N)NCCCNCCCCNCCCNC(C)=N.Cl,IC50,'=',14200.0,nM,4.847711656,,,UO_0000065,0,CHEMBL1832682,organism-based format,,CHEMBL1828516,1,Scientific Literature,J Med Chem,,Antimalarial activity against chloroquine-resistant Plasmodium falciparum HB3 infected in human erythrocytes after 96 hrs by SYBR Green I-based fluorescence assay,HB3,,,,,,
CHEMBL450072,2-NONENAL,,140.23,0.0,2.71,1,CCCCCC/C=C/C=O,IC50,'=',390.0,nM,6.408935393,,,UO_0000065,0,CHEMBL1645802,organism-based format,,CHEMBL1641553,1,Scientific Literature,Bioorg Med Chem,,Antimalarial activity against chloroquine-resistant Plasmodium falciparum W2 infected in human A-positive red blood cells after 72 hrs by lactate dehydrogenase assay,W2,,,,,,
CHEMBL571290,,,443.5,0.0,4.09,3e,COCCNC(=N)CCCCCCCCCCCCC(=N)NCCOC.Cl.Cl,IC50,'=',9.2,nM,8.036212173,,,UO_0000065,0,CHEMBL1047150,organism-based format,,CHEMBL1155337,1,Scientific Literature,Bioorg Med Chem Lett,,Antimalarial activity against chloroquine-sensitive Plasmodium falciparum Nigerian,Nigerian,,,,,,
CHEMBL1095391,,,432.33,0.0,3.91,3i,C[N+](C)(C)CCCCCCCCCCC[N+](C)(C)C.[Br-].[Br-],IC50,'=',755.0,nM,6.122053048,,,UO_0000065,0,CHEMBL1121088,organism-based format,,CHEMBL1158566,1,Scientific Literature,Bioorg Med Chem,,Antiplasmodial activity against chloroquine-sensitive Plasmodium falciparum 3D7 assessed as parasite-specific LDH release after 72 hrs by Malstat assay,3D7,,,,,,
CHEMBL480242,TETRADECANEBIS(IMIDAMIDE),,254.42,0.0,3.54,M34,N=C(N)CCCCCCCCCCCCC(=N)N,IC50,'=',0.3,nM,9.522878745,,,UO_0000065,0,CHEMBL1023752,organism-based format,,CHEMBL1143339,1,Scientific Literature,Bioorg Med Chem Lett,,Antimalarial activity after 48 hrs against chloroquine-sensitive Plasmodium falciparum Nigerian by [3H]hypoxanthine uptake,Nigerian,,,,,,
CHEMBL447056,,,286.42,0.0,3.16,1,N/C(CCCCCCCCCCCC/C(N)=N/O)=N\O,IC50,'=',3500.0,nM,5.455931956,,,UO_0000065,0,CHEMBL1023752,organism-based format,,CHEMBL1143339,1,Scientific Literature,Bioorg Med Chem Lett,,Antimalarial activity after 48 hrs against chloroquine-sensitive Plasmodium falciparum Nigerian by [3H]hypoxanthine uptake,Nigerian,,,,,,
CHEMBL1951763,,,301.52,0.0,4.15,2,CCCCCCCCCCCCC[C@H](O)C[C@@H](O)[C@H](C)N,IC50,'=',9200.0,nM,5.036212173,,,UO_0000065,0,CHEMBL2039434,organism-based format,,CHEMBL2034950,1,Scientific Literature,ACS Med Chem Lett,,Antimalarial activity against chloroquine-resistant Plasmodium falciparum W2 infected in O-positive human RBC assessed as [3H]-hypoxanthine incorporation after 48 hrs by scintillation counting,W2,,,,,,
CHEMBL2035994,,,337.49,0.0,4.39,8,CCCCCCCC(F)(F)CCCCC[C@H](O)C[C@H](O)[C@H](C)N,IC50,'=',5600.0,nM,5.251811973,,,UO_0000065,0,CHEMBL2039434,organism-based format,,CHEMBL2034950,1,Scientific Literature,ACS Med Chem Lett,,Antimalarial activity against chloroquine-resistant Plasmodium falciparum W2 infected in O-positive human RBC assessed as [3H]-hypoxanthine incorporation after 48 hrs by scintillation counting,W2,,,,,,
CHEMBL2035996,,,343.55,0.0,4.32,10,CCCCCCCCCCCCC[C@H](O)C[C@H](O)[C@H](C)NC(C)=O,IC50,'=',11100.0,nM,4.954677021,,,UO_0000065,0,CHEMBL2039435,organism-based format,,CHEMBL2034950,1,Scientific Literature,ACS Med Chem Lett,,Antimalarial activity against chloroquine-sensitive Plasmodium falciparum D6 infected in O-positive human RBC assessed as [3H]-hypoxanthine incorporation after 48 hrs by scintillation counting,D6,,,,,,
CHEMBL2035999,,,315.54,0.0,4.54,18,CCCCCCCCCCCCC[C@@H](O)C[C@H](O)C(C)(C)N,IC50,'=',7400.0,nM,5.13076828,,,UO_0000065,0,CHEMBL2039532,organism-based format,,CHEMBL2034950,1,Scientific Literature,ACS Med Chem Lett,,Antimalarial activity against chloroquine-resistant Plasmodium falciparum W2 infected in O-positive human RBC assessed as [3H]-hypoxanthine incorporation after 48 hrs by scintillation counting in presence of BSA,W2,,,,,,
CHEMBL1831288,,,320.91,1.0,0.9,22,CC(=N)NCCCNCCCCNCCCNC(C)=N.Cl,IC50,'=',80000.0,nM,4.096910013,,,UO_0000065,0,CHEMBL1832683,organism-based format,,CHEMBL1828516,1,Scientific Literature,J Med Chem,,Antimalarial activity against drug-sensitive Plasmodium falciparum 3D7 infected in human erythrocytes after 96 hrs by SYBR Green I-based fluorescence assay,3D7,,,,,,
CHEMBL4287850,,,389.41,0.0,3.58,20b,CCCCCCCCOCCCOP(=O)([O-])CCCC(=O)N(C)O.[Na+],IC50,'=',1900.0,nM,5.721246399,,,UO_0000065,0,CHEMBL4269457,organism-based format,,CHEMBL4266002,1,Scientific Literature,ACS Med Chem Lett,,Antiplasmodial activity against chloroquine-resistant Plasmodium falciparum K1 infected in human erythrocytes measured after 72 hrs Malstat/NBT reagent based assay,K1,,,,,,
CHEMBL2164257,FOSMIDOMYCIN SODIUM,,205.08,0.0,-0.6,1,O=CN(O)CCCP(=O)([O-])O.[Na+],IC50,'=',880.0,nM,6.055517328,,,UO_0000065,0,CHEMBL4407819,organism-based format,,CHEMBL4406820,1,Scientific Literature,Eur J Med Chem,,Antimalarial activity against asexual blood stages of Plasmodium falciparum 3D7 infected in human erythrocytes incubated for 3 days by ELISA,3D7,,,,,,
CHEMBL4469928,,,509.59,1.0,1.11,19e,CCOC(=O)[C@H](CCCCN)NP(=O)(CCCC(=O)N(C)O)N[C@@H](CCCCN)C(=O)OCC,IC50,'=',960.0,nM,6.017728767,,,UO_0000065,0,CHEMBL4424188,organism-based format,,CHEMBL4422657,1,Scientific Literature,Bioorg Med Chem,,Antiplasmodial activity against chloroquine-resistant Plasmodium falciparum K1 infected in human erythrocytes measured after 72 hrs Malstat/NBT reagent based assay,K1,,,,,,
CHEMBL2164257,FOSMIDOMYCIN SODIUM,,205.08,0.0,-0.6,1,O=CN(O)CCCP(=O)([O-])O.[Na+],IC50,'=',810.0,nM,6.091514981,,,UO_0000065,0,CHEMBL4407820,organism-based format,,CHEMBL4406820,1,Scientific Literature,Eur J Med Chem,,Antimalarial activity against asexual blood stages of Plasmodium falciparum Dd2 infected in human erythrocytes incubated for 3 days by ELISA,Dd2,,,,,,
CHEMBL2035992,,,329.57,0.0,4.75,6,CCCCCCCCCCCCC[C@H](O)C[C@H](O)[C@H](C)N(C)C,IC50,'=',7000.0,nM,5.15490196,,,UO_0000065,0,CHEMBL2039435,organism-based format,,CHEMBL2034950,1,Scientific Literature,ACS Med Chem Lett,,Antimalarial activity against chloroquine-sensitive Plasmodium falciparum D6 infected in O-positive human RBC assessed as [3H]-hypoxanthine incorporation after 48 hrs by scintillation counting,D6,,,,,,
CHEMBL1951765,,,315.54,0.0,4.41,5,CCCCCCCCCCCCC[C@H](O)C[C@H](O)[C@H](C)NC,IC50,'=',900.0,nM,6.045757491,,,UO_0000065,0,CHEMBL2039532,organism-based format,,CHEMBL2034950,1,Scientific Literature,ACS Med Chem Lett,,Antimalarial activity against chloroquine-resistant Plasmodium falciparum W2 infected in O-positive human RBC assessed as [3H]-hypoxanthine incorporation after 48 hrs by scintillation counting in presence of BSA,W2,,,,,,
CHEMBL2035998,,,315.54,0.0,4.54,17,CCCCCCCCCCCCC[C@H](O)C[C@H](O)C(C)(C)N,IC50,'=',5200.0,nM,5.283996656,,,UO_0000065,0,CHEMBL2039533,organism-based format,,CHEMBL2034950,1,Scientific Literature,ACS Med Chem Lett,,Antimalarial activity against chloroquine-sensitive Plasmodium falciparum D6 infected in O-positive human RBC assessed as [3H]-hypoxanthine incorporation after 48 hrs by scintillation counting in presence of BSA,D6,,,,,,
CHEMBL3309600,,,255.32,0.0,1.8,16b,CC[C@H](C)[C@H](NC(=O)OC(C)(C)C)C(=O)C=[N+]=[N-],IC50,'=',168.0,nM,6.774690718,,,UO_0000065,0,CHEMBL3362374,organism-based format,,CHEMBL3352032,1,Scientific Literature,Bioorg Med Chem,,Antiplasmodial activity against chloroquine-resistant Plasmodium falciparum K1 after 72 hrs by SYBR Green-1 staining-based fluorescence assay,K1,,,,,,
CHEMBL3144388,,,206.18,0.0,1.29,NCGC00094045-01,CC(C)C[C@H](N)CS.Cl.Cl,IC50,'=',10000.0,nM,5.0,,,UO_0000065,0,CHEMBL1267249,organism-based format,,CHEMBL1255382,1,Scientific Literature,Nat Chem Biol,,Antiplasmodial activity against Plasmodium falciparum GB4 after 72 hrs by SYBR green assay,GB4,,,,,,
CHEMBL2035999,,,315.54,0.0,4.54,18,CCCCCCCCCCCCC[C@@H](O)C[C@H](O)C(C)(C)N,IC50,'=',4100.0,nM,5.387216143,,,UO_0000065,0,CHEMBL2039533,organism-based format,,CHEMBL2034950,1,Scientific Literature,ACS Med Chem Lett,,Antimalarial activity against chloroquine-sensitive Plasmodium falciparum D6 infected in O-positive human RBC assessed as [3H]-hypoxanthine incorporation after 48 hrs by scintillation counting in presence of BSA,D6,,,,,,
CHEMBL3216647,,,383.45,0.0,4.75,A3,CN(C)C(=N)CCCCCCCCCCCCC(=N)N(C)C.Cl.Cl,IC50,'=',6.3,nM,8.200659451,,,UO_0000065,0,CHEMBL902564,organism-based format,,CHEMBL1138331,1,Scientific Literature,J Med Chem,,Antimalarial activity against Plasmodium falciparum Nigerian in human erythrocytes after 48 hrs,Nigerian,,,,,,
CHEMBL1673218,,,359.34,0.0,2.74,BPH-943,CCCCCCCCCCN(C)CC(P(=O)(O)O)P(=O)(O)O,IC50,'=',2200.0,nM,5.657577319,,,UO_0000065,0,CHEMBL1676989,organism-based format,,CHEMBL1671697,1,Scientific Literature,Antimicrob Agents Chemother,,Antiplasmodial activity against chloroquine-resistant Plasmodium falciparum W2mef assessed as suppression of parasitemia by microscopic analysis,W2mef,,,,,,
CHEMBL1673217,,,331.29,0.0,1.96,BPH-942,CCCCCCCCN(C)CC(P(=O)(O)O)P(=O)(O)O,IC50,'=',650.0,nM,6.187086643,,,UO_0000065,0,CHEMBL1676988,organism-based format,,CHEMBL1671697,1,Scientific Literature,Antimicrob Agents Chemother,,Antiplasmodial activity against chloroquine-sensitive Plasmodium falciparum 3D7 assessed as suppression of parasitemia by microscopic analysis,3D7,,,,,,
CHEMBL504565,,,428.58,0.0,3.91,8,CCNC(=O)O/N=C(/N)CCCCCCCCCCCCC(=N)NOC(=O)NCC,IC50,'=',180.0,nM,6.744727495,,,UO_0000065,0,CHEMBL1023752,organism-based format,,CHEMBL1143339,1,Scientific Literature,Bioorg Med Chem Lett,,Antimalarial activity after 48 hrs against chloroquine-sensitive Plasmodium falciparum Nigerian by [3H]hypoxanthine uptake,Nigerian,,,,,,
CHEMBL1831287,,,306.89,1.0,0.51,21,CC(=N)NCCCNCCCNCCCNC(C)=N.Cl,IC50,'=',147000.0,nM,3.832682665,Outside typical range,,UO_0000065,0,CHEMBL1832683,organism-based format,,CHEMBL1828516,1,Scientific Literature,J Med Chem,,Antimalarial activity against drug-sensitive Plasmodium falciparum 3D7 infected in human erythrocytes after 96 hrs by SYBR Green I-based fluorescence assay,3D7,,,,,,
CHEMBL165502,,,164.2,0.0,0.96,2g,COCCOOC(C)(C)OC,IC50,'=',3200.0,nM,5.494850022,,,UO_0000065,0,CHEMBL763541,organism-based format,,CHEMBL1136364,1,Scientific Literature,Bioorg Med Chem Lett,,In vitro antimalarial activity against Plasmodium falciparum FCR3,FcR3,,,,,,
CHEMBL235896,,,385.51,1.0,5.57,C2,CCN(CC)CCCCCCCCCCCCN(CC)CC.Cl.Cl,IC50,'=',540.0,nM,6.26760624,,,UO_0000065,0,CHEMBL902564,organism-based format,,CHEMBL1138331,1,Scientific Literature,J Med Chem,,Antimalarial activity against Plasmodium falciparum Nigerian in human erythrocytes after 48 hrs,Nigerian,,,,,,
CHEMBL1203947,TETRADECANEDIIMIDIC ACID DIETHYL ESTER DIHYDROCHLORIDE,,385.42,1.0,5.7,11,CCOC(=N)CCCCCCCCCCCCC(=N)OCC.Cl.Cl,IC50,'=',52000.0,nM,4.283996656,,,UO_0000065,0,CHEMBL902564,organism-based format,,CHEMBL1138331,1,Scientific Literature,J Med Chem,,Antimalarial activity against Plasmodium falciparum Nigerian in human erythrocytes after 48 hrs,Nigerian,,,,,,
CHEMBL236321,,,624.52,1.0,7.13,C3,CCN(CC)CCCCCCCCCCCCCCCCN(CC)CC.I.I,IC50,'=',110.0,nM,6.958607315,,,UO_0000065,0,CHEMBL902564,organism-based format,,CHEMBL1138331,1,Scientific Literature,J Med Chem,,Antimalarial activity against Plasmodium falciparum Nigerian in human erythrocytes after 48 hrs,Nigerian,,,,,,
CHEMBL4206225,,,409.37,0.0,2.67,18a,CC(C)(C)C(=O)OCOP(=O)(/C=C/CN(O)C=O)OCOC(=O)C(C)(C)C,IC50,'=',13.0,nM,7.886056648,,,UO_0000065,0,CHEMBL4201411,organism-based format,,CHEMBL4196192,1,Scientific Literature,J Med Chem,,Growth inhibition of Plasmodium falciparum 3D7 asynchronous cultures by PicoGreen dye based assay,3D7,,,,,,
CHEMBL1256182,,,281.02,0.0,-0.43,NCGC00093585-01,Br.Br.N=C(N)SCCN,IC50,'=',12589.25,nM,4.900000142,,,UO_0000065,0,CHEMBL1267250,organism-based format,,CHEMBL1255382,1,Scientific Literature,Nat Chem Biol,,Antiplasmodial activity against Plasmodium falciparum HB3 after 72 hrs by SYBR green assay,HB3,,,,,,
CHEMBL3216529,,,477.62,1.0,1.47,32,CCNC(=S)NCCCNCCCCCCNCCCNC(=S)NCC.Cl.Cl,IC50,'=',1353.0,nM,5.868702203,,,UO_0000065,0,CHEMBL1832683,organism-based format,,CHEMBL1828516,1,Scientific Literature,J Med Chem,,Antimalarial activity against drug-sensitive Plasmodium falciparum 3D7 infected in human erythrocytes after 96 hrs by SYBR Green I-based fluorescence assay,3D7,,,,,,
CHEMBL3593458,,,461.52,1.0,7.06,4b,C/C=C/C=C/C=C/C[N+](C)(C)CCCCCCCCCCCCC.[I-],IC50,'=',360.0,nM,6.443697499,,,UO_0000065,0,CHEMBL3594596,organism-based format,,CHEMBL3593187,1,Scientific Literature,Bioorg Med Chem,,Antiplasmodial activity against chloroquine-sensitive Plasmodium falciparum D10 assessed as inhibition of parasite growth after 72 hrs by parasite lactate dehydrogenase assay,D10,,,,,,
CHEMBL1928649,,,377.46,0.0,0.63,1a,CC(C)C[C@H](NC(=O)OC(C)(C)C)C(=O)NNC(=O)/C=C/S(C)(=O)=O,IC50,'=',34200.0,nM,4.465973894,,,UO_0000065,0,CHEMBL1930546,organism-based format,,CHEMBL1926620,1,Scientific Literature,Bioorg Med Chem,,Antiplasmodial activity against ring stage Plasmodium falciparum W2 infected in human red blood cells after 48 hrs by flow cytometry,W2,,,,,,
CHEMBL245042,,,282.48,0.0,4.06,A14,CC(=N)NCCCCCCCCCCCCNC(C)=N,IC50,'=',2.0,nM,8.698970004,,,UO_0000065,0,CHEMBL902564,organism-based format,,CHEMBL1138331,1,Scientific Literature,J Med Chem,,Antimalarial activity against Plasmodium falciparum Nigerian in human erythrocytes after 48 hrs,Nigerian,,,,,,
CHEMBL2409003,,,292.4,0.0,-0.65,alpha-PanAm-20,CSCCCNC(=O)CNC(=O)[C@H](O)C(C)(C)CO,IC50,'=',38000.0,nM,4.420216403,,,UO_0000065,0,CHEMBL2410786,organism-based format,,CHEMBL2407032,1,Scientific Literature,ACS Med Chem Lett,,Antiplasmodial activity against intraerythrocytic Plasmodium falciparum 3D7 infected in human erythrocytes in fresh RPMI-1640 culture medium assessed as parasite growth inhibition after 96 hrs by microscopic analysis,3D7,,,,,,
CHEMBL2408995,,,274.36,0.0,-0.21,alpha-PanAm-3,CCCCCNC(=O)CNC(=O)[C@H](O)C(C)(C)CO,IC50,'=',14000.0,nM,4.853871964,,,UO_0000065,0,CHEMBL2410785,organism-based format,,CHEMBL2407032,1,Scientific Literature,ACS Med Chem Lett,,Antiplasmodial activity against intraerythrocytic Plasmodium falciparum 3D7 infected in human erythrocytes in heat treated RPMI-1640 culture medium assessed as parasite growth inhibition after 96 hrs by microscopic analysis,3D7,,,,,,
CHEMBL2408987,,,274.36,0.0,-0.21,HoPanAm-1,CCCNC(=O)CCCNC(=O)[C@H](O)C(C)(C)CO,IC50,'=',13000.0,nM,4.886056648,,,UO_0000065,0,CHEMBL2410786,organism-based format,,CHEMBL2407032,1,Scientific Literature,ACS Med Chem Lett,,Antiplasmodial activity against intraerythrocytic Plasmodium falciparum 3D7 infected in human erythrocytes in fresh RPMI-1640 culture medium assessed as parasite growth inhibition after 96 hrs by microscopic analysis,3D7,,,,,,
CHEMBL2408990,,,316.44,0.0,0.96,HoPanAm-4,CCCCCCNC(=O)CCCNC(=O)[C@H](O)C(C)(C)CO,IC50,'=',8000.0,nM,5.096910013,,,UO_0000065,0,CHEMBL2410786,organism-based format,,CHEMBL2407032,1,Scientific Literature,ACS Med Chem Lett,,Antiplasmodial activity against intraerythrocytic Plasmodium falciparum 3D7 infected in human erythrocytes in fresh RPMI-1640 culture medium assessed as parasite growth inhibition after 96 hrs by microscopic analysis,3D7,,,,,,
CHEMBL453487,,,228.38,0.0,3.86,5,CCCCCCCCCCCC(=O)CCO,IC50,'=',68000.0,nM,4.167491087,,,UO_0000065,0,CHEMBL965139,organism-based format,,CHEMBL1150639,1,Scientific Literature,J Nat Prod,,Antiplasmodial activity against chloroquine-sensitive Plasmodium falciparum 3D7,3D7,,,,,,
CHEMBL1256147,,,173.58,0.0,0.24,"NCGC00093599-01, SKF-97541 hydrochloride",CP(=O)(O)CCCN.Cl,IC50,'=',3981.07,nM,5.400000186,,,UO_0000065,0,CHEMBL1267245,organism-based format,,CHEMBL1255382,1,Scientific Literature,Nat Chem Biol,,Antiplasmodial activity against Plasmodium falciparum 3D7 after 72 hrs by SYBR green assay,3D7,,,,,,
CHEMBL5178907,,,837.16,1.0,2.55,4,CC[C@H](C)[C@@H](C(=O)N(C)[C@H](C(=O)NC)[C@@H](C)CC)N(C)C(=O)[C@H](C(C)C)N(C)C(=O)[C@H](C)N(C)C(=O)[C@H](C(C)C)N(C)C(=O)[C@H](C(C)C)N(C)C(=O)[C@@H](NC=O)C(C)C,IC50,'=',4370.0,nM,5.359518563,,,UO_0000065,0,CHEMBL5143317,organism-based format,,CHEMBL5137130,1,Scientific Literature,J Nat Prod,,Antimalarial activity against blood stage chloroquine-resistant Plasmodium falciparum Dd2 assessed as reduction in parasite growth incubated for 72 hrs by SYBR Green dye based fluorescence assay,Dd2,,,,,,
CHEMBL3593460,,,503.6,1.0,8.23,4d,C/C=C/C=C/C=C/C[N+](C)(C)CCCCCCCCCCCCCCCC.[I-],IC50,'=',620.0,nM,6.207608311,,,UO_0000065,0,CHEMBL3594596,organism-based format,,CHEMBL3593187,1,Scientific Literature,Bioorg Med Chem,,Antiplasmodial activity against chloroquine-sensitive Plasmodium falciparum D10 assessed as inhibition of parasite growth after 72 hrs by parasite lactate dehydrogenase assay,D10,,,,,,
CHEMBL1851618,,,404.69,1.0,1.47,50,CCNC(=S)NCCCNCCCCCCNCCCNC(=S)NCC,IC50,'=',1353.0,nM,5.868702203,,,UO_0000065,0,CHEMBL3599168,organism-based format,,CHEMBL3596171,1,Scientific Literature,Bioorg Med Chem,,Antiplasmodial activity against asexual intraerythrocytic ring stage of chloroquine-sensitive Plasmodium falciparum 3D7 infected in human O+ erythrocytes assessed as inhibition of parasitic proliferation after 96 hrs by SYBR Green-1 based fluorescence assay,3D7,,,,,,
CHEMBL2035991,,,315.54,0.0,4.41,3,CCCCCCCCCCCCC[C@H](O)C[C@@H](O)[C@H](C)NC,IC50,'=',8100.0,nM,5.091514981,,,UO_0000065,0,CHEMBL2039434,organism-based format,,CHEMBL2034950,1,Scientific Literature,ACS Med Chem Lett,,Antimalarial activity against chloroquine-resistant Plasmodium falciparum W2 infected in O-positive human RBC assessed as [3H]-hypoxanthine incorporation after 48 hrs by scintillation counting,W2,,,,,,
CHEMBL2035992,,,329.57,0.0,4.75,6,CCCCCCCCCCCCC[C@H](O)C[C@H](O)[C@H](C)N(C)C,IC50,'=',4400.0,nM,5.356547324,,,UO_0000065,0,CHEMBL2039434,organism-based format,,CHEMBL2034950,1,Scientific Literature,ACS Med Chem Lett,,Antimalarial activity against chloroquine-resistant Plasmodium falciparum W2 infected in O-positive human RBC assessed as [3H]-hypoxanthine incorporation after 48 hrs by scintillation counting,W2,,,,,,
CHEMBL2035995,,,351.52,0.0,4.65,9,CCCCCCCC(F)(F)CCCCC[C@H](O)C[C@H](O)[C@H](C)NC,IC50,'=',2400.0,nM,5.619788758,,,UO_0000065,0,CHEMBL2039434,organism-based format,,CHEMBL2034950,1,Scientific Literature,ACS Med Chem Lett,,Antimalarial activity against chloroquine-resistant Plasmodium falciparum W2 infected in O-positive human RBC assessed as [3H]-hypoxanthine incorporation after 48 hrs by scintillation counting,W2,,,,,,
CHEMBL2035996,,,343.55,0.0,4.32,10,CCCCCCCCCCCCC[C@H](O)C[C@H](O)[C@H](C)NC(C)=O,IC50,'=',13100.0,nM,4.882728704,,,UO_0000065,0,CHEMBL2039434,organism-based format,,CHEMBL2034950,1,Scientific Literature,ACS Med Chem Lett,,Antimalarial activity against chloroquine-resistant Plasmodium falciparum W2 infected in O-positive human RBC assessed as [3H]-hypoxanthine incorporation after 48 hrs by scintillation counting,W2,,,,,,
CHEMBL2035991,,,315.54,0.0,4.41,3,CCCCCCCCCCCCC[C@H](O)C[C@@H](O)[C@H](C)NC,IC50,'=',14600.0,nM,4.835647144,,,UO_0000065,0,CHEMBL2039435,organism-based format,,CHEMBL2034950,1,Scientific Literature,ACS Med Chem Lett,,Antimalarial activity against chloroquine-sensitive Plasmodium falciparum D6 infected in O-positive human RBC assessed as [3H]-hypoxanthine incorporation after 48 hrs by scintillation counting,D6,,,,,,
CHEMBL1951762,,,301.52,0.0,4.15,4,CCCCCCCCCCCCC[C@@H](O)C[C@H](O)[C@H](C)N,IC50,'=',12700.0,nM,4.896196279,,,UO_0000065,0,CHEMBL2039435,organism-based format,,CHEMBL2034950,1,Scientific Literature,ACS Med Chem Lett,,Antimalarial activity against chloroquine-sensitive Plasmodium falciparum D6 infected in O-positive human RBC assessed as [3H]-hypoxanthine incorporation after 48 hrs by scintillation counting,D6,,,,,,
CHEMBL2408990,,,316.44,0.0,0.96,HoPanAm-4,CCCCCCNC(=O)CCCNC(=O)[C@H](O)C(C)(C)CO,IC50,'=',14000.0,nM,4.853871964,,,UO_0000065,0,CHEMBL2410785,organism-based format,,CHEMBL2407032,1,Scientific Literature,ACS Med Chem Lett,,Antiplasmodial activity against intraerythrocytic Plasmodium falciparum 3D7 infected in human erythrocytes in heat treated RPMI-1640 culture medium assessed as parasite growth inhibition after 96 hrs by microscopic analysis,3D7,,,,,,
CHEMBL1093338,,,344.36,0.0,0.42,24,CCOC(=O)/C=C/COC(=O)[C@H](CC(N)=O)NC(=O)OC(C)(C)C,IC50,'=',34800.0,nM,4.458420756,,,UO_0000065,0,CHEMBL1105398,organism-based format,,CHEMBL1156268,1,Scientific Literature,J Med Chem,,Antiplasmodial activity against Plasmodium falciparum W2 by flow cytometry,W2,,,,,,
CHEMBL122587,,,390.25,0.0,2.74,3f,C[N+](C)(C)CCCCCCCC[N+](C)(C)C.[Br-].[Br-],IC50,'=',12000.0,nM,4.920818754,,,UO_0000065,0,CHEMBL1121089,organism-based format,,CHEMBL1158566,1,Scientific Literature,Bioorg Med Chem,,Antiplasmodial activity against chloroquine-sensitive Plasmodium falciparum 3D7 by micro dilution assay,3D7,,,,,,
CHEMBL404612,,,185.07,0.0,-1.06,10,O=CN(O)COCP(=O)(O)O,IC50,'=',4900.0,nM,5.30980392,,,UO_0000065,0,CHEMBL922680,organism-based format,,CHEMBL1143891,1,Scientific Literature,Bioorg Med Chem,,Antimalarial activity against Plasmodium falciparum 3D7 in infected human erythrocytes after 48 hrs,3D7,,,,,,
CHEMBL1091117,,,542.63,1.0,0.84,30,CCOC(=O)/C=C/COC(=O)[C@H](CCC(N)=O)NC(=O)[C@H](CC(C)C)NC(=O)[C@H](C)NC(=O)OC(C)(C)C,IC50,'=',20800.0,nM,4.681936665,,,UO_0000065,0,CHEMBL1105398,organism-based format,,CHEMBL1156268,1,Scientific Literature,J Med Chem,,Antiplasmodial activity against Plasmodium falciparum W2 by flow cytometry,W2,,,,,,
CHEMBL348737,,,173.21,0.0,1.62,2h,COC(C)(C)OOCCCC#N,IC50,'=',12800.0,nM,4.89279003,,,UO_0000065,0,CHEMBL763541,organism-based format,,CHEMBL1136364,1,Scientific Literature,Bioorg Med Chem Lett,,In vitro antimalarial activity against Plasmodium falciparum FCR3,FcR3,,,,,,
CHEMBL205338,FR-900098,,197.13,0.0,-0.21,"2, FR900098",CC(=O)N(O)CCCP(=O)(O)O,IC50,'=',160.0,nM,6.795880017,,,UO_0000065,0,CHEMBL3411607,organism-based format,,CHEMBL3407342,1,Scientific Literature,J Med Chem,,Antiplasmodial activity against blood stage forms of chloroquine-sensitive Plasmodium falciparum 3D7 incubated for 3 days by HRP2 detection based ELISA method,3D7,,,,,,
CHEMBL4213680,,,477.37,0.0,3.6,18b,CC(C)(C)C(=O)OCOP(=O)(/C=C/CN(O)C(=O)C(F)(F)F)OCOC(=O)C(C)(C)C,IC50,'=',14300.0,nM,4.844663963,,,UO_0000065,0,CHEMBL4201411,organism-based format,,CHEMBL4196192,1,Scientific Literature,J Med Chem,,Growth inhibition of Plasmodium falciparum 3D7 asynchronous cultures by PicoGreen dye based assay,3D7,,,,,,
CHEMBL2408990,,,316.44,0.0,0.96,HoPanAm-4,CCCCCCNC(=O)CCCNC(=O)[C@H](O)C(C)(C)CO,IC50,'=',199000.0,nM,3.701146924,Outside typical range,,UO_0000065,0,CHEMBL2410784,organism-based format,,CHEMBL2407032,1,Scientific Literature,ACS Med Chem Lett,,Antiplasmodial activity against intraerythrocytic Plasmodium falciparum 3D7 infected in human erythrocytes in fresh RPMI-1640 culture medium assessed as parasite growth inhibition after 96 hrs by microscopic analysis in presence of pantetheinase,3D7,,,,,,
CHEMBL2408996,,,288.39,0.0,0.18,alpha-PanAm-4,CCCCCCNC(=O)CNC(=O)[C@H](O)C(C)(C)CO,IC50,'=',104000.0,nM,3.982966661,Outside typical range,,UO_0000065,0,CHEMBL2410784,organism-based format,,CHEMBL2407032,1,Scientific Literature,ACS Med Chem Lett,,Antiplasmodial activity against intraerythrocytic Plasmodium falciparum 3D7 infected in human erythrocytes in fresh RPMI-1640 culture medium assessed as parasite growth inhibition after 96 hrs by microscopic analysis in presence of pantetheinase,3D7,,,,,,
CHEMBL2408798,,,320.46,0.0,0.13,HoPanAm-20,CSCCCNC(=O)CCCNC(=O)[C@H](O)C(C)(C)CO,IC50,'=',7700.0,nM,5.113509275,,,UO_0000065,0,CHEMBL2410786,organism-based format,,CHEMBL2407032,1,Scientific Literature,ACS Med Chem Lett,,Antiplasmodial activity against intraerythrocytic Plasmodium falciparum 3D7 infected in human erythrocytes in fresh RPMI-1640 culture medium assessed as parasite growth inhibition after 96 hrs by microscopic analysis,3D7,,,,,,
CHEMBL1688690,AMINO(TRIDECYLAMINO)METHANIMINIUM HYDROGENSULFATE,,339.5,0.0,3.78,16,CCCCCCCCCCCCCNC(=N)N.O=S(=O)(O)O,IC50,'=',7980.0,nM,5.097997109,,,UO_0000065,0,CHEMBL1697540,organism-based format,,CHEMBL1687739,1,Scientific Literature,Antimicrob Agents Chemother,,Antiplasmodial activity against erythrocytic stage of chloroquine - and pyrimethamine-resistant Plasmodium falciparum K1 assessed as [3H]hypoxanthine incorporation after 48 hrs,K1,,,,,,
CHEMBL1162135,,,1122.68,,,3,NCCCCC(N)C(=O)NCCCCCCCCCCCC(=O)NC(CCCCN)C(=O)NCCCCCCCCCCCC(=O)NC(CCCCN)C(=O)NCCCCCCCCCCCC(=O)NC(CCCCN)C(=O)O,IC50,'=',1720.0,nM,5.764471553,,,UO_0000065,0,CHEMBL952919,organism-based format,,CHEMBL1143839,1,Scientific Literature,Antimicrob Agents Chemother,,Antiplasmodial activity against Plasmodium falciparum W2 as reduced [3H]thymidine uptake after 18 hrs,W2,,,,,,
CHEMBL2409002,,,292.4,0.0,-0.65,alpha-PanAm-18,CCSCCNC(=O)CNC(=O)[C@H](O)C(C)(C)CO,IC50,'=',200000.0,nM,3.698970004,Outside typical range,,UO_0000065,0,CHEMBL2410784,organism-based format,,CHEMBL2407032,1,Scientific Literature,ACS Med Chem Lett,,Antiplasmodial activity against intraerythrocytic Plasmodium falciparum 3D7 infected in human erythrocytes in fresh RPMI-1640 culture medium assessed as parasite growth inhibition after 96 hrs by microscopic analysis in presence of pantetheinase,3D7,,,,,,
CHEMBL2409002,,,292.4,0.0,-0.65,alpha-PanAm-18,CCSCCNC(=O)CNC(=O)[C@H](O)C(C)(C)CO,IC50,'=',11000.0,nM,4.958607315,,,UO_0000065,0,CHEMBL2410785,organism-based format,,CHEMBL2407032,1,Scientific Literature,ACS Med Chem Lett,,Antiplasmodial activity against intraerythrocytic Plasmodium falciparum 3D7 infected in human erythrocytes in heat treated RPMI-1640 culture medium assessed as parasite growth inhibition after 96 hrs by microscopic analysis,3D7,,,,,,
CHEMBL2408992,,,288.39,0.0,0.03,HoPanAm-9,CC(C)CNC(=O)CCCNC(=O)[C@H](O)C(C)(C)CO,IC50,'=',11000.0,nM,4.958607315,,,UO_0000065,0,CHEMBL2410786,organism-based format,,CHEMBL2407032,1,Scientific Literature,ACS Med Chem Lett,,Antiplasmodial activity against intraerythrocytic Plasmodium falciparum 3D7 infected in human erythrocytes in fresh RPMI-1640 culture medium assessed as parasite growth inhibition after 96 hrs by microscopic analysis,3D7,,,,,,
CHEMBL3577239,,,785.0,2.0,-0.72,1a,CC[C@H](C)[C@H](N)C(=O)N[C@@H](CC(C)C)C(=O)NCC(=O)N[C@@H](CO)C(=O)N[C@H](C(=O)N[C@H](C(=O)N[C@@H](CC(C)C)C(=O)NCC(=O)O)[C@@H](C)CC)[C@@H](C)CC,IC50,'=',519000.0,nM,3.284832642,Outside typical range,,UO_0000065,0,CHEMBL3580326,organism-based format,,CHEMBL3576762,1,Scientific Literature,J Nat Prod,,Antimalarial activity against chloroquine-sensitive Plasmodium falciparum 3D7 infected in erythrocytes by Giemsa-stained blood smears under microscopy,3D7,,,,,,
CHEMBL1644938,,,210.32,0.0,3.63,2,CCCCCC/C=C/C=C/C(=O)OCC,IC50,'=',430.0,nM,6.366531544,,,UO_0000065,0,CHEMBL1645802,organism-based format,,CHEMBL1641553,1,Scientific Literature,Bioorg Med Chem,,Antimalarial activity against chloroquine-resistant Plasmodium falciparum W2 infected in human A-positive red blood cells after 72 hrs by lactate dehydrogenase assay,W2,,,,,,
CHEMBL166256,,,218.34,0.0,3.68,2d,CCCCCCCCOOC(C)(C)OC,IC50,'=',2600.0,nM,5.585026652,,,UO_0000065,0,CHEMBL763541,organism-based format,,CHEMBL1136364,1,Scientific Literature,Bioorg Med Chem Lett,,In vitro antimalarial activity against Plasmodium falciparum FCR3,FcR3,,,,,,
CHEMBL3144388,,,206.18,0.0,1.29,NCGC00094045-01,CC(C)C[C@H](N)CS.Cl.Cl,IC50,'=',12589.25,nM,4.900000142,,,UO_0000065,0,CHEMBL1267251,organism-based format,,CHEMBL1255382,1,Scientific Literature,Nat Chem Biol,,Antiplasmodial activity against Plasmodium falciparum W2 after 72 hrs by SYBR green assay,W2,,,,,,
CHEMBL2314145,,,227.15,0.0,-0.24,10b,COC(CCN(O)C(C)=O)P(=O)(O)O,IC50,'=',4000.0,nM,5.397940009,,,UO_0000065,0,CHEMBL2320618,organism-based format,,CHEMBL2311477,1,Scientific Literature,J Med Chem,,Antimalarial activity against Plasmodium falciparum K1 infected in human erythrocytes assessed as parasite growth inhibition,K1,,,,,,
CHEMBL3593461,,,531.65,1.0,9.01,4e,C/C=C/C=C/C=C/C[N+](C)(C)CCCCCCCCCCCCCCCCCC.[I-],IC50,'=',1150.0,nM,5.93930216,,,UO_0000065,0,CHEMBL3594596,organism-based format,,CHEMBL3593187,1,Scientific Literature,Bioorg Med Chem,,Antiplasmodial activity against chloroquine-sensitive Plasmodium falciparum D10 assessed as inhibition of parasite growth after 72 hrs by parasite lactate dehydrogenase assay,D10,,,,,,
CHEMBL2036001,,,313.53,0.0,4.74,16,CCCCCCCCCCCCCC(O)CC(=O)C(C)(C)N,IC50,'=',2500.0,nM,5.602059991,,,UO_0000065,0,CHEMBL2039533,organism-based format,,CHEMBL2034950,1,Scientific Literature,ACS Med Chem Lett,,Antimalarial activity against chloroquine-sensitive Plasmodium falciparum D6 infected in O-positive human RBC assessed as [3H]-hypoxanthine incorporation after 48 hrs by scintillation counting in presence of BSA,D6,,,,,,
CHEMBL3593460,,,503.6,1.0,8.23,4d,C/C=C/C=C/C=C/C[N+](C)(C)CCCCCCCCCCCCCCCC.[I-],IC50,'=',950.0,nM,6.022276395,,,UO_0000065,0,CHEMBL3594597,organism-based format,,CHEMBL3593187,1,Scientific Literature,Bioorg Med Chem,,Antiplasmodial activity against chloroquine-resistant Plasmodium falciparum W2 assessed as inhibition of parasite growth after 72 hrs by parasite lactate dehydrogenase assay,W2,,,,,,
CHEMBL2408817,,,274.36,0.0,-0.36,n-PanAm-9,CC(C)CNC(=O)CCNC(=O)[C@H](O)C(C)(C)CO,IC50,'=',1100.0,nM,5.958607315,,,UO_0000065,0,CHEMBL2410785,organism-based format,,CHEMBL2407032,1,Scientific Literature,ACS Med Chem Lett,,Antiplasmodial activity against intraerythrocytic Plasmodium falciparum 3D7 infected in human erythrocytes in heat treated RPMI-1640 culture medium assessed as parasite growth inhibition after 96 hrs by microscopic analysis,3D7,,,,,,
CHEMBL448741,DIHYDROSPINGOSINE,,301.52,0.0,4.15,NCGC00093867-01,CCCCCCCCCCCCCCC[C@@H](O)[C@@H](N)CO,IC50,'=',12589.25,nM,4.900000142,,,UO_0000065,0,CHEMBL1267251,organism-based format,,CHEMBL1255382,1,Scientific Literature,Nat Chem Biol,,Antiplasmodial activity against Plasmodium falciparum W2 after 72 hrs by SYBR green assay,W2,,,,,,
CHEMBL203125,FOSMIDOMYCIN,3.0,183.1,0.0,-0.6,1,O=CN(O)CCCP(=O)(O)O,IC50,'=',880.0,nM,6.055517328,,,UO_0000065,0,CHEMBL3411607,organism-based format,,CHEMBL3407342,1,Scientific Literature,J Med Chem,,Antiplasmodial activity against blood stage forms of chloroquine-sensitive Plasmodium falciparum 3D7 incubated for 3 days by HRP2 detection based ELISA method,3D7,,,,,,
CHEMBL119701,,,446.36,0.0,4.3,3k,C[N+](C)(C)CCCCCCCCCCCC[N+](C)(C)C.[Br-].[Br-],IC50,'=',90.0,nM,7.045757491,,,UO_0000065,0,CHEMBL1121089,organism-based format,,CHEMBL1158566,1,Scientific Literature,Bioorg Med Chem,,Antiplasmodial activity against chloroquine-sensitive Plasmodium falciparum 3D7 by micro dilution assay,3D7,,,,,,
CHEMBL450072,2-NONENAL,,140.23,0.0,2.71,1,CCCCCC/C=C/C=O,IC50,'=',870.0,nM,6.060480747,,,UO_0000065,0,CHEMBL1645801,organism-based format,,CHEMBL1641553,1,Scientific Literature,Bioorg Med Chem,,Antimalarial activity against chloroquine-sensitive Plasmodium falciparum D10 infected in human A-positive red blood cells after 72 hrs by lactate dehydrogenase assay,D10,,,,,,
CHEMBL280065,OLEOYLETHANOLAMIDE,,325.54,1.0,5.13,N-Oleoylethanolamine,CCCCCCCC/C=C\CCCCCCCC(=O)NCCO,IC50,'=',3162.28,nM,5.499999679,,,UO_0000065,0,CHEMBL1267249,organism-based format,,CHEMBL1255382,1,Scientific Literature,Nat Chem Biol,,Antiplasmodial activity against Plasmodium falciparum GB4 after 72 hrs by SYBR green assay,GB4,,,,,,
CHEMBL280065,OLEOYLETHANOLAMIDE,,325.54,1.0,5.13,NCGC00025182-02,CCCCCCCC/C=C\CCCCCCCC(=O)NCCO,IC50,'=',1995.26,nM,5.700000504,,,UO_0000065,0,CHEMBL1267251,organism-based format,,CHEMBL1255382,1,Scientific Literature,Nat Chem Biol,,Antiplasmodial activity against Plasmodium falciparum W2 after 72 hrs by SYBR green assay,W2,,,,,,
CHEMBL1134,DECAMETHONIUM BROMIDE,4.0,418.3,0.0,3.52,NCGC00093814-01,C[N+](C)(C)CCCCCCCCCC[N+](C)(C)C.[Br-].[Br-],IC50,'=',398.11,nM,6.399996913,,,UO_0000065,0,CHEMBL1267245,organism-based format,,CHEMBL1255382,1,Scientific Literature,Nat Chem Biol,,Antiplasmodial activity against Plasmodium falciparum 3D7 after 72 hrs by SYBR green assay,3D7,,,,,,
CHEMBL50300,FOSFONET,2.0,140.03,0.0,-0.75,NCGC00094288-01,O=C(O)CP(=O)(O)O,IC50,'=',10000.0,nM,5.0,,,UO_0000065,0,CHEMBL1267251,organism-based format,,CHEMBL1255382,1,Scientific Literature,Nat Chem Biol,,Antiplasmodial activity against Plasmodium falciparum W2 after 72 hrs by SYBR green assay,W2,,,,,,
CHEMBL494887,TETRAISOPROPYL PYROPHOSPHORAMIDE,,342.36,0.0,3.21,NCGC00094438-01,CC(C)NP(=O)(NC(C)C)OP(=O)(NC(C)C)NC(C)C,IC50,'=',10000.0,nM,5.0,,,UO_0000065,0,CHEMBL1267245,organism-based format,,CHEMBL1255382,1,Scientific Literature,Nat Chem Biol,,Antiplasmodial activity against Plasmodium falciparum 3D7 after 72 hrs by SYBR green assay,3D7,,,,,,
CHEMBL1627290,,,222.31,0.0,0.64,NCGC00093696-01,CCCC[S+](=N)([O-])CCC(N)C(=O)O,IC50,'=',15848.93,nM,4.800000053,,,UO_0000065,0,CHEMBL1267246,organism-based format,,CHEMBL1255382,1,Scientific Literature,Nat Chem Biol,,Antiplasmodial activity against Plasmodium falciparum 7G8 after 72 hrs by SYBR green assay,7G8,,,,,,
CHEMBL2012484,,,425.42,0.0,2.93,5,CN(O)C(=O)CCCP(=O)(OCOC(=O)C(C)(C)C)OCOC(=O)C(C)(C)C,IC50,'=',730.0,nM,6.13667714,,,UO_0000065,0,CHEMBL4321411,organism-based format,,CHEMBL4316625,1,Scientific Literature,Bioorg Med Chem Lett,,Antiplasmodial activity against Plasmodium falciparum K1 infected in human erythrocytes assessed as reduction in parasite multiplication incubated for 72 hrs by Malstat method,K1,,,,,,
CHEMBL1256182,,,281.02,0.0,-0.43,NCGC00093585-01,Br.Br.N=C(N)SCCN,IC50,'=',10000.0,nM,5.0,,,UO_0000065,0,CHEMBL1267245,organism-based format,,CHEMBL1255382,1,Scientific Literature,Nat Chem Biol,,Antiplasmodial activity against Plasmodium falciparum 3D7 after 72 hrs by SYBR green assay,3D7,,,,,,
CHEMBL1256147,,,173.58,0.0,0.24,"NCGC00093599-01, SKF-97541 hydrochloride",CP(=O)(O)CCCN.Cl,IC50,'=',2511.89,nM,5.599999383,,,UO_0000065,0,CHEMBL1267250,organism-based format,,CHEMBL1255382,1,Scientific Literature,Nat Chem Biol,,Antiplasmodial activity against Plasmodium falciparum HB3 after 72 hrs by SYBR green assay,HB3,,,,,,
CHEMBL205338,FR-900098,,197.13,0.0,-0.21,FR-900098,CC(=O)N(O)CCCP(=O)(O)O,IC50,'=',320.0,nM,6.494850022,,,UO_0000065,0,CHEMBL860879,organism-based format,,CHEMBL1146140,1,Scientific Literature,Bioorg Med Chem Lett,,Antimalarial activity against Plasmodium falciparum 3D7,3D7,,,,,,
CHEMBL1688688,,,326.42,1.0,0.29,14,N=C(N)NCCCCCCCCNC(=N)N.O=S(=O)(O)O,IC50,'=',106.0,nM,6.974694135,,,UO_0000065,0,CHEMBL1697540,organism-based format,,CHEMBL1687739,1,Scientific Literature,Antimicrob Agents Chemother,,Antiplasmodial activity against erythrocytic stage of chloroquine - and pyrimethamine-resistant Plasmodium falciparum K1 assessed as [3H]hypoxanthine incorporation after 48 hrs,K1,,,,,,
CHEMBL434435,TETRAETHYLAMMONIUM CHLORIDE,-1.0,165.71,0.0,1.88,NCGC00094439-01,CC[N+](CC)(CC)CC.[Cl-],IC50,'=',12589.25,nM,4.900000142,,,UO_0000065,0,CHEMBL1267247,organism-based format,,CHEMBL1255382,1,Scientific Literature,Nat Chem Biol,,Antiplasmodial activity against Plasmodium falciparum D10 after 72 hrs by SYBR green assay,D10,,,,,,
CHEMBL434435,TETRAETHYLAMMONIUM CHLORIDE,-1.0,165.71,0.0,1.88,NCGC00094439-01,CC[N+](CC)(CC)CC.[Cl-],IC50,'=',12589.25,nM,4.900000142,,,UO_0000065,0,CHEMBL1267251,organism-based format,,CHEMBL1255382,1,Scientific Literature,Nat Chem Biol,,Antiplasmodial activity against Plasmodium falciparum W2 after 72 hrs by SYBR green assay,W2,,,,,,
CHEMBL161343,ARACHIDONOYL GLYCINE,,361.53,1.0,5.33,NCGC00093582-01,CCCCC/C=C\C/C=C\C/C=C\C/C=C\CCCC(=O)NCC(=O)O,IC50,'=',15848.93,nM,4.800000053,,,UO_0000065,0,CHEMBL1267249,organism-based format,,CHEMBL1255382,1,Scientific Literature,Nat Chem Biol,,Antiplasmodial activity against Plasmodium falciparum GB4 after 72 hrs by SYBR green assay,GB4,,,,,,
CHEMBL320497,SUBEROHYDROXAMIC ACID,,204.23,0.0,0.34,SAHA,O=C(CCCCCCC(=O)NO)NO,IC50,'=',1780.0,nM,5.749579998,,,UO_0000065,0,CHEMBL1261994,organism-based format,,CHEMBL1255291,1,Scientific Literature,Antimicrob Agents Chemother,,Antimalarial activity against chloroquine-resistant Plasmodium falciparum W2 infected in O+ human erythrocytes by [3H]hypoxanthine incorporation assay,W2,,,,,,
CHEMBL1134,DECAMETHONIUM BROMIDE,4.0,418.3,0.0,3.52,NCGC00093814-01,C[N+](C)(C)CCCCCCCCCC[N+](C)(C)C.[Br-].[Br-],IC50,'=',1584.89,nM,5.800000875,,,UO_0000065,0,CHEMBL1267250,organism-based format,,CHEMBL1255382,1,Scientific Literature,Nat Chem Biol,,Antiplasmodial activity against Plasmodium falciparum HB3 after 72 hrs by SYBR green assay,HB3,,,,,,
CHEMBL448741,DIHYDROSPINGOSINE,,301.52,0.0,4.15,NCGC00093867-01,CCCCCCCCCCCCCCC[C@@H](O)[C@@H](N)CO,IC50,'=',10000.0,nM,5.0,,,UO_0000065,0,CHEMBL1267246,organism-based format,,CHEMBL1255382,1,Scientific Literature,Nat Chem Biol,,Antiplasmodial activity against Plasmodium falciparum 7G8 after 72 hrs by SYBR green assay,7G8,,,,,,
CHEMBL205338,FR-900098,,197.13,0.0,-0.21,FR-900098,CC(=O)N(O)CCCP(=O)(O)O,IC50,'=',240.0,nM,6.619788758,,,UO_0000065,0,CHEMBL870712,organism-based format,,CHEMBL1146121,1,Scientific Literature,J Med Chem,,Inhibition of Plasmodium falciparum 3D7,3D7,,,,,,
CHEMBL50300,FOSFONET,2.0,140.03,0.0,-0.75,NCGC00094288-01,O=C(O)CP(=O)(O)O,IC50,'=',10000.0,nM,5.0,,,UO_0000065,0,CHEMBL1267245,organism-based format,,CHEMBL1255382,1,Scientific Literature,Nat Chem Biol,,Antiplasmodial activity against Plasmodium falciparum 3D7 after 72 hrs by SYBR green assay,3D7,,,,,,
CHEMBL402771,,,578.83,2.0,7.05,27a,CC(=O)OC[C@](C)(O)[C@@H](CC/C(C)=C/CC/C(C)=C/CC/C=C(\C)CC/C=C(\C)CC[C@@H](O)C(C)(C)O)OC(C)=O,IC50,'=',113000.0,nM,3.946921557,Outside typical range,,UO_0000065,0,CHEMBL934790,organism-based format,,CHEMBL1144785,1,Scientific Literature,J Nat Prod,,Antiplasmodial activity against chloroquine-susceptible Plasmodium falciparum FCR3,FcR3,,,,,,
CHEMBL3144388,,,206.18,0.0,1.29,NCGC00094045-01,CC(C)C[C@H](N)CS.Cl.Cl,IC50,'=',10000.0,nM,5.0,,,UO_0000065,0,CHEMBL1267248,organism-based format,,CHEMBL1255382,1,Scientific Literature,Nat Chem Biol,,Antiplasmodial activity against Plasmodium falciparum Dd2 after 72 hrs by SYBR green assay,Dd2,,,,,,
CHEMBL280065,OLEOYLETHANOLAMIDE,,325.54,1.0,5.13,NCGC00025182-02,CCCCCCCC/C=C\CCCCCCCC(=O)NCCO,IC50,'=',6309.57,nM,5.200000237,,,UO_0000065,0,CHEMBL1267247,organism-based format,,CHEMBL1255382,1,Scientific Literature,Nat Chem Biol,,Antiplasmodial activity against Plasmodium falciparum D10 after 72 hrs by SYBR green assay,D10,,,,,,
CHEMBL304784,,,383.53,0.0,1.94,ALLN,CCCC[C@@H](C=O)NC(=O)[C@H](CC(C)C)NC(=O)[C@H](CC(C)C)NC(C)=O,IC50,'=',640.0,nM,6.193820026,,,UO_0000065,0,CHEMBL2341234,cell-based format,,CHEMBL2331171,1,Scientific Literature,Bioorg Med Chem Lett,,Antimalarial activity against Plasmodium falciparum FCR-3 infected in erythrocytes assessed as reduction in parasitemia after 72 hrs by light microscopic analysis,FcR3,,,,,,
CHEMBL542448,HYDROXYLAMMONIUM CHLORIDE,,69.49,0.0,-0.67,NCGC00094004-01,Cl.NO,IC50,'=',10000.0,nM,5.0,,,UO_0000065,0,CHEMBL1267245,organism-based format,,CHEMBL1255382,1,Scientific Literature,Nat Chem Biol,,Antiplasmodial activity against Plasmodium falciparum 3D7 after 72 hrs by SYBR green assay,3D7,,,,,,
CHEMBL1255757,,,127.53,0.0,-1.04,NCGC00093533-01,Cl.NOCC(=O)O,IC50,'=',10000.0,nM,5.0,,,UO_0000065,0,CHEMBL1267247,organism-based format,,CHEMBL1255382,1,Scientific Literature,Nat Chem Biol,,Antiplasmodial activity against Plasmodium falciparum D10 after 72 hrs by SYBR green assay,D10,,,,,,
CHEMBL280065,OLEOYLETHANOLAMIDE,,325.54,1.0,5.13,NCGC00025182-02,CCCCCCCC/C=C\CCCCCCCC(=O)NCCO,IC50,'=',7943.28,nM,5.100000128,,,UO_0000065,0,CHEMBL1267248,organism-based format,,CHEMBL1255382,1,Scientific Literature,Nat Chem Biol,,Antiplasmodial activity against Plasmodium falciparum Dd2 after 72 hrs by SYBR green assay,Dd2,,,,,,
CHEMBL348399,TERT-BUTYL HYDROPEROXIDE,,90.12,0.0,1.27,44,CC(C)(C)OO,IC50,'=',203000.0,nM,3.692503962,Outside typical range,,UO_0000065,0,CHEMBL5334339,organism-based format,,CHEMBL5331119,1,Scientific Literature,J Med Chem,,Antiplasmodial activity against Plasmodium falciparum D6,D6,,,,,,
CHEMBL1609891,BUTHIONINE SULFOXIMINE,1.0,222.31,0.0,0.64,NCGC00093690-01,CCCC[S+](=N)([O-])CC[C@H](N)C(=O)O,IC50,'=',7943.28,nM,5.100000128,,,UO_0000065,0,CHEMBL1267251,organism-based format,,CHEMBL1255382,1,Scientific Literature,Nat Chem Biol,,Antiplasmodial activity against Plasmodium falciparum W2 after 72 hrs by SYBR green assay,W2,,,,,,
CHEMBL4279252,,,762.15,2.0,13.62,21d,CCCCCCCCCCCCCCCCOCCCOP(=O)(CCCC(=O)N(C)O)OCCCOCCCCCCCCCCCCCCCC,IC50,'=',42000.0,nM,4.37675071,,,UO_0000065,0,CHEMBL4269457,organism-based format,,CHEMBL4266002,1,Scientific Literature,ACS Med Chem Lett,,Antiplasmodial activity against chloroquine-resistant Plasmodium falciparum K1 infected in human erythrocytes measured after 72 hrs Malstat/NBT reagent based assay,K1,,,,,,
CHEMBL3103258,,,423.4,0.0,3.06,3,CC(=O)N(O)C/C=C/P(=O)(OCOC(=O)C(C)(C)C)OCOC(=O)C(C)(C)C,IC50,'=',18.0,nM,7.744727495,,,UO_0000065,0,CHEMBL4201411,organism-based format,,CHEMBL4196192,1,Scientific Literature,J Med Chem,,Growth inhibition of Plasmodium falciparum 3D7 asynchronous cultures by PicoGreen dye based assay,3D7,,,,,,
CHEMBL299491,,,248.11,0.0,0.18,16,CCCCC(O)(P(=O)(O)O)P(=O)(O)O,IC50,'=',56700.0,nM,4.246416941,,,UO_0000065,0,CHEMBL753354,organism-based format,,CHEMBL1134372,1,Scientific Literature,J Med Chem,,Inhibition of Plasmodium falciparum 3D7 in erythrocytes,3D7,,,,,,
CHEMBL203125,FOSMIDOMYCIN,3.0,183.1,0.0,-0.6,fosmidomycin,O=CN(O)CCCP(=O)(O)O,IC50,'=',1100.0,nM,5.958607315,,,UO_0000065,0,CHEMBL860879,organism-based format,,CHEMBL1146140,1,Scientific Literature,Bioorg Med Chem Lett,,Antimalarial activity against Plasmodium falciparum 3D7,3D7,,,,,,
CHEMBL1256147,,,173.58,0.0,0.24,"NCGC00093599-01, SKF-97541 hydrochloride",CP(=O)(O)CCCN.Cl,IC50,'=',3162.28,nM,5.499999679,,,UO_0000065,0,CHEMBL1267246,organism-based format,,CHEMBL1255382,1,Scientific Literature,Nat Chem Biol,,Antiplasmodial activity against Plasmodium falciparum 7G8 after 72 hrs by SYBR green assay,7G8,,,,,,
CHEMBL434435,TETRAETHYLAMMONIUM CHLORIDE,-1.0,165.71,0.0,1.88,NCGC00094439-01,CC[N+](CC)(CC)CC.[Cl-],IC50,'=',12589.25,nM,4.900000142,,,UO_0000065,0,CHEMBL1267249,organism-based format,,CHEMBL1255382,1,Scientific Literature,Nat Chem Biol,,Antiplasmodial activity against Plasmodium falciparum GB4 after 72 hrs by SYBR green assay,GB4,,,,,,
CHEMBL4447874,,,479.56,0.0,2.94,4,CCOC(=O)[C@H](CC(C)C)NP(=O)(CCCC(=O)N(C)O)N[C@@H](CC(C)C)C(=O)OCC,IC50,'=',4830.0,nM,5.316052869,,,UO_0000065,0,CHEMBL4321384,organism-based format,,CHEMBL4316623,1,Scientific Literature,Bioorg Med Chem Lett,,Antimalarial activity against Chloroquine-resistant Plasmodium falciparum K1 measured after 72 hrs by malstat/NBT dye based assay,K1,,,,,,
CHEMBL3216983,,,505.67,1.0,2.25,33,CCCNC(=S)NCCCNCCCCCCNCCCNC(=S)NCCC.Cl.Cl,IC50,'=',425.0,nM,6.37161107,,,UO_0000065,0,CHEMBL1832683,organism-based format,,CHEMBL1828516,1,Scientific Literature,J Med Chem,,Antimalarial activity against drug-sensitive Plasmodium falciparum 3D7 infected in human erythrocytes after 96 hrs by SYBR Green I-based fluorescence assay,3D7,,,,,,
CHEMBL2164257,FOSMIDOMYCIN SODIUM,,205.08,0.0,-0.6,1,O=CN(O)CCCP(=O)([O-])O.[Na+],IC50,'=',1730.0,nM,5.761953897,,,UO_0000065,0,CHEMBL4321411,organism-based format,,CHEMBL4316625,1,Scientific Literature,Bioorg Med Chem Lett,,Antiplasmodial activity against Plasmodium falciparum K1 infected in human erythrocytes assessed as reduction in parasite multiplication incubated for 72 hrs by Malstat method,K1,,,,,,
CHEMBL4473938,,,496.49,0.0,3.21,6e,CCNC(=O)ON(C)C(=O)CCCP(=O)(OCOC(=O)C(C)(C)C)OCOC(=O)C(C)(C)C,IC50,'=',2520.0,nM,5.598599459,,,UO_0000065,0,CHEMBL4321411,organism-based format,,CHEMBL4316625,1,Scientific Literature,Bioorg Med Chem Lett,,Antiplasmodial activity against Plasmodium falciparum K1 infected in human erythrocytes assessed as reduction in parasite multiplication incubated for 72 hrs by Malstat method,K1,,,,,,
CHEMBL1085945,,,265.63,0.0,0.36,rac-5a,CC(=O)N(O)CCC(Cl)P(=O)(O)O.N.N,IC50,'=',820.0,nM,6.086186148,,,UO_0000065,0,CHEMBL1118494,organism-based format,,CHEMBL1155443,1,Scientific Literature,J Med Chem,,Antiplasmodial activity against Plasmodium falciparum Ghana by micro dilution assay,GHA,,,,,,
CHEMBL119701,,,446.36,0.0,4.3,3k,C[N+](C)(C)CCCCCCCCCCCC[N+](C)(C)C.[Br-].[Br-],IC50,'=',395.0,nM,6.403402904,,,UO_0000065,0,CHEMBL1121088,organism-based format,,CHEMBL1158566,1,Scientific Literature,Bioorg Med Chem,,Antiplasmodial activity against chloroquine-sensitive Plasmodium falciparum 3D7 assessed as parasite-specific LDH release after 72 hrs by Malstat assay,3D7,,,,,,
CHEMBL479457,,,370.49,0.0,3.55,5,CC(=O)O/N=C(/N)CCCCCCCCCCCCC(=N)NOC(C)=O,IC50,'=',1400.0,nM,5.853871964,,,UO_0000065,0,CHEMBL1023752,organism-based format,,CHEMBL1143339,1,Scientific Literature,Bioorg Med Chem Lett,,Antimalarial activity after 48 hrs against chloroquine-sensitive Plasmodium falciparum Nigerian by [3H]hypoxanthine uptake,Nigerian,,,,,,
CHEMBL245042,,,282.48,0.0,4.06,M64,CC(=N)NCCCCCCCCCCCCNC(C)=N,IC50,'=',2.0,nM,8.698970004,,,UO_0000065,0,CHEMBL1023752,organism-based format,,CHEMBL1143339,1,Scientific Literature,Bioorg Med Chem Lett,,Antimalarial activity after 48 hrs against chloroquine-sensitive Plasmodium falciparum Nigerian by [3H]hypoxanthine uptake,Nigerian,,,,,,
CHEMBL161343,ARACHIDONOYL GLYCINE,,361.53,1.0,5.33,NCGC00093582-01,CCCCC/C=C\C/C=C\C/C=C\C/C=C\CCCC(=O)NCC(=O)O,IC50,'=',15848.93,nM,4.800000053,,,UO_0000065,0,CHEMBL1267245,organism-based format,,CHEMBL1255382,1,Scientific Literature,Nat Chem Biol,,Antiplasmodial activity against Plasmodium falciparum 3D7 after 72 hrs by SYBR green assay,3D7,,,,,,
CHEMBL2408978,,,306.43,0.0,-0.26,n-PanAm-20,CSCCCNC(=O)CCNC(=O)[C@H](O)C(C)(C)CO,IC50,'=',143000.0,nM,3.844663963,Outside typical range,,UO_0000065,0,CHEMBL2410786,organism-based format,,CHEMBL2407032,1,Scientific Literature,ACS Med Chem Lett,,Antiplasmodial activity against intraerythrocytic Plasmodium falciparum 3D7 infected in human erythrocytes in fresh RPMI-1640 culture medium assessed as parasite growth inhibition after 96 hrs by microscopic analysis,3D7,,,,,,
CHEMBL2408817,,,274.36,0.0,-0.36,n-PanAm-9,CC(C)CNC(=O)CCNC(=O)[C@H](O)C(C)(C)CO,IC50,'=',200000.0,nM,3.698970004,Outside typical range,,UO_0000065,0,CHEMBL2410786,organism-based format,,CHEMBL2407032,1,Scientific Literature,ACS Med Chem Lett,,Antiplasmodial activity against intraerythrocytic Plasmodium falciparum 3D7 infected in human erythrocytes in fresh RPMI-1640 culture medium assessed as parasite growth inhibition after 96 hrs by microscopic analysis,3D7,,,,,,
CHEMBL4521120,,,565.64,2.0,5.75,6b,CCCCCCCCC(=O)ON(C)C(=O)CCCP(=O)(OCOC(=O)C(C)(C)C)OCOC(=O)C(C)(C)C,IC50,'=',1410.0,nM,5.850780887,,,UO_0000065,0,CHEMBL4321411,organism-based format,,CHEMBL4316625,1,Scientific Literature,Bioorg Med Chem Lett,,Antiplasmodial activity against Plasmodium falciparum K1 infected in human erythrocytes assessed as reduction in parasite multiplication incubated for 72 hrs by Malstat method,K1,,,,,,
CHEMBL55810,,,374.35,0.0,3.69,NBP11,CCCCCCCCCCCCCC(O)(P(=O)(O)O)P(=O)(O)O,IC50,'=',2120.0,nM,5.673664139,,,UO_0000065,0,CHEMBL5150360,organism-based format,Erythrocyte,CHEMBL5149966,1,Scientific Literature,J Med Chem,CHEMBL3833281,Antiparasitic activity against Plasmodium falciparum 3D7 infected in human erythrocyte assessed as intraerythrocytic growth inhibition incubated for 24 hrs followed by [3H]hypoxanthine addition by microbeta scintillation counter analysis,3D7,,,,,,
CHEMBL4439319,,,507.61,1.0,3.72,19h,CC(C)C[C@H](NP(=O)(CCCC(=O)N(C)O)N[C@@H](CC(C)C)C(=O)OC(C)C)C(=O)OC(C)C,IC50,'=',4970.0,nM,5.303643611,,,UO_0000065,0,CHEMBL4424188,organism-based format,,CHEMBL4422657,1,Scientific Literature,Bioorg Med Chem,,Antiplasmodial activity against chloroquine-resistant Plasmodium falciparum K1 infected in human erythrocytes measured after 72 hrs Malstat/NBT reagent based assay,K1,,,,,,
CHEMBL203125,FOSMIDOMYCIN,3.0,183.1,0.0,-0.6,"fosmidomycin, 4",O=CN(O)CCCP(=O)(O)O,IC50,'=',1200.0,nM,5.920818754,,,UO_0000065,0,CHEMBL922680,organism-based format,,CHEMBL1143891,1,Scientific Literature,Bioorg Med Chem,,Antimalarial activity against Plasmodium falciparum 3D7 in infected human erythrocytes after 48 hrs,3D7,,,,,,
CHEMBL203125,FOSMIDOMYCIN,3.0,183.1,0.0,-0.6,1,O=CN(O)CCCP(=O)(O)O,IC50,'=',810.0,nM,6.091514981,,,UO_0000065,0,CHEMBL3411606,organism-based format,,CHEMBL3407342,1,Scientific Literature,J Med Chem,,Antiplasmodial activity against blood stage forms of multidrug-resistant Plasmodium falciparum Dd2 incubated for 3 days by HRP2 detection based ELISA method,Dd2,,,,,,
CHEMBL1951765,,,315.54,0.0,4.41,5,CCCCCCCCCCCCC[C@H](O)C[C@H](O)[C@H](C)NC,IC50,'=',1700.0,nM,5.769551079,,,UO_0000065,0,CHEMBL2039533,organism-based format,,CHEMBL2034950,1,Scientific Literature,ACS Med Chem Lett,,Antimalarial activity against chloroquine-sensitive Plasmodium falciparum D6 infected in O-positive human RBC assessed as [3H]-hypoxanthine incorporation after 48 hrs by scintillation counting in presence of BSA,D6,,,,,,
CHEMBL222824,SUCCINYLACETONE,,158.15,0.0,0.4,succinylacetone,CC(=O)CC(=O)CCC(=O)O,IC50,'=',17378000.0,nM,1.760000207,Outside typical range,,UO_0000065,0,CHEMBL912648,organism-based format,,CHEMBL1142150,1,Scientific Literature,Antimicrob Agents Chemother,,Inhibition of Plasmodium falciparum FCK2 growth as [3H]hypoxanthine uptake after 96 hrs,FCK2,,,,,,
CHEMBL2164257,FOSMIDOMYCIN SODIUM,,205.08,0.0,-0.6,1,O=CN(O)CCCP(=O)([O-])O.[Na+],IC50,'=',1100.0,nM,5.958607315,,,UO_0000065,0,CHEMBL5387096,organism-based format,,CHEMBL5385862,1,Scientific Literature,Eur J Med Chem,,Antiplasmodial activity against asexual blood stage pyrimethamine-resistant Plasmodium falciparum Dd2 assessed as inhibition of parasitic growth,Dd2,,,,,,
CHEMBL2164257,FOSMIDOMYCIN SODIUM,,205.08,0.0,-0.6,1,O=CN(O)CCCP(=O)([O-])O.[Na+],IC50,'=',1100.0,nM,5.958607315,,,UO_0000065,0,CHEMBL5387097,organism-based format,,CHEMBL5385862,1,Scientific Literature,Eur J Med Chem,,Antiplasmodial activity against asexual blood stage mefloquine-resistant Plasmodium falciparum Dd2 assessed as inhibition of parasitic growth,Dd2,,,,,,
CHEMBL4283416,,,429.36,1.0,2.88,13k,CC(C)OC(=O)OCOP(=O)(CCCC(=O)N(C)O)OCOC(=O)OC(C)C,IC50,'=',110.0,nM,6.958607315,,,UO_0000065,0,CHEMBL5387098,organism-based format,,CHEMBL5385862,1,Scientific Literature,Eur J Med Chem,,Antiplasmodial activity against asexual blood stage Plasmodium falciparum K1 assessed as inhibition of parasitic growth,K1,,,,,,
CHEMBL4537881,,,563.72,2.0,5.28,19i,CCCCCOC(=O)[C@H](CC(C)C)NP(=O)(CCCC(=O)N(C)O)N[C@@H](CC(C)C)C(=O)OCCCCC,IC50,'=',2370.0,nM,5.625251654,,,UO_0000065,0,CHEMBL4424188,organism-based format,,CHEMBL4422657,1,Scientific Literature,Bioorg Med Chem,,Antiplasmodial activity against chloroquine-resistant Plasmodium falciparum K1 infected in human erythrocytes measured after 72 hrs Malstat/NBT reagent based assay,K1,,,,,,
CHEMBL565415,,,383.45,0.0,4.84,3d,CCNC(=N)CCCCCCCCCCCCC(=N)NCC.Cl.Cl,IC50,'=',9.4,nM,8.026872146,,,UO_0000065,0,CHEMBL1047150,organism-based format,,CHEMBL1155337,1,Scientific Literature,Bioorg Med Chem Lett,,Antimalarial activity against chloroquine-sensitive Plasmodium falciparum Nigerian,Nigerian,,,,,,
CHEMBL3593457,,,447.49,1.0,6.67,4a,C/C=C/C=C/C=C/C[N+](C)(C)CCCCCCCCCCCC.[I-],IC50,'=',4710.0,nM,5.326979093,,,UO_0000065,0,CHEMBL3594597,organism-based format,,CHEMBL3593187,1,Scientific Literature,Bioorg Med Chem,,Antiplasmodial activity against chloroquine-resistant Plasmodium falciparum W2 assessed as inhibition of parasite growth after 72 hrs by parasite lactate dehydrogenase assay,W2,,,,,,
CHEMBL1256024,,,161.16,0.0,-0.78,NCGC00093578-01,NCCCS(=O)(=O)[O-].[Na+],IC50,'=',10000.0,nM,5.0,,,UO_0000065,0,CHEMBL1267251,organism-based format,,CHEMBL1255382,1,Scientific Literature,Nat Chem Biol,,Antiplasmodial activity against Plasmodium falciparum W2 after 72 hrs by SYBR green assay,W2,,,,,,
CHEMBL3593458,,,461.52,1.0,7.06,4b,C/C=C/C=C/C=C/C[N+](C)(C)CCCCCCCCCCCCC.[I-],IC50,'=',630.0,nM,6.200659451,,,UO_0000065,0,CHEMBL3594597,organism-based format,,CHEMBL3593187,1,Scientific Literature,Bioorg Med Chem,,Antiplasmodial activity against chloroquine-resistant Plasmodium falciparum W2 assessed as inhibition of parasite growth after 72 hrs by parasite lactate dehydrogenase assay,W2,,,,,,
CHEMBL161343,ARACHIDONOYL GLYCINE,,361.53,1.0,5.33,NCGC00093582-01,CCCCC/C=C\C/C=C\C/C=C\C/C=C\CCCC(=O)NCC(=O)O,IC50,'=',12589.25,nM,4.900000142,,,UO_0000065,0,CHEMBL1267246,organism-based format,,CHEMBL1255382,1,Scientific Literature,Nat Chem Biol,,Antiplasmodial activity against Plasmodium falciparum 7G8 after 72 hrs by SYBR green assay,7G8,,,,,,
CHEMBL2164257,FOSMIDOMYCIN SODIUM,,205.08,0.0,-0.6,1,O=CN(O)CCCP(=O)([O-])O.[Na+],IC50,'=',880.0,nM,6.055517328,,,UO_0000065,0,CHEMBL2167524,organism-based format,,CHEMBL2163278,1,Scientific Literature,J Med Chem,,Antiplasmodial activity against chloroquine-sensitive Plasmodium falciparum 3D7 incubated for 3 days by HRP2 detection based ELISA method,3D7,,,,,,
CHEMBL205338,FR-900098,,197.13,0.0,-0.21,"FR-900098, 5",CC(=O)N(O)CCCP(=O)(O)O,IC50,'=',430.0,nM,6.366531544,,,UO_0000065,0,CHEMBL922680,organism-based format,,CHEMBL1143891,1,Scientific Literature,Bioorg Med Chem,,Antimalarial activity against Plasmodium falciparum 3D7 in infected human erythrocytes after 48 hrs,3D7,,,,,,
CHEMBL1609891,BUTHIONINE SULFOXIMINE,1.0,222.31,0.0,0.64,NCGC00093690-01,CCCC[S+](=N)([O-])CC[C@H](N)C(=O)O,IC50,'=',12589.25,nM,4.900000142,,,UO_0000065,0,CHEMBL1267249,organism-based format,,CHEMBL1255382,1,Scientific Literature,Nat Chem Biol,,Antiplasmodial activity against Plasmodium falciparum GB4 after 72 hrs by SYBR green assay,GB4,,,,,,
CHEMBL4286356,,,501.62,1.0,6.7,20d,CCCCCCCCCCCCCCCCOCCCOP(=O)([O-])CCCC(=O)N(C)O.[Na+],IC50,'=',950.0,nM,6.022276395,,,UO_0000065,0,CHEMBL4269457,organism-based format,,CHEMBL4266002,1,Scientific Literature,ACS Med Chem Lett,,Antiplasmodial activity against chloroquine-resistant Plasmodium falciparum K1 infected in human erythrocytes measured after 72 hrs Malstat/NBT reagent based assay,K1,,,,,,
CHEMBL4279944,,,333.3,0.0,2.02,20a,CCCCOCCCOP(=O)([O-])CCCC(=O)N(C)O.[Na+],IC50,'=',16000.0,nM,4.795880017,,,UO_0000065,0,CHEMBL4269457,organism-based format,,CHEMBL4266002,1,Scientific Literature,ACS Med Chem Lett,,Antiplasmodial activity against chloroquine-resistant Plasmodium falciparum K1 infected in human erythrocytes measured after 72 hrs Malstat/NBT reagent based assay,K1,,,,,,
CHEMBL4516720,,,479.56,0.0,2.94,19d,CCOC(=O)[C@@H](NP(=O)(CCCC(=O)N(C)O)N[C@H](C(=O)OCC)[C@@H](C)CC)[C@@H](C)CC,IC50,'=',2000.0,nM,5.698970004,,,UO_0000065,0,CHEMBL4424188,organism-based format,,CHEMBL4422657,1,Scientific Literature,Bioorg Med Chem,,Antiplasmodial activity against chloroquine-resistant Plasmodium falciparum K1 infected in human erythrocytes measured after 72 hrs Malstat/NBT reagent based assay,K1,,,,,,
CHEMBL964,DISULFIRAM,4.0,296.55,0.0,3.62,NCGC00094423-01,CCN(CC)C(=S)SSC(=S)N(CC)CC,IC50,'=',3162.28,nM,5.499999679,,,UO_0000065,0,CHEMBL1267250,organism-based format,,CHEMBL1255382,1,Scientific Literature,Nat Chem Biol,,Antiplasmodial activity against Plasmodium falciparum HB3 after 72 hrs by SYBR green assay,HB3,,,,,,
CHEMBL1089060,,,391.49,1.0,-1.36,E64,CC(C)CC(NC(=O)C(O)C(S)C(=O)O)C(=O)NCCCCNC(=N)N,IC50,'=',47.33,nM,7.324863496,,,UO_0000065,0,CHEMBL1112571,organism-based format,,CHEMBL1156312,1,Scientific Literature,Bioorg Med Chem Lett,,Antimicrobial activity against chloroquine-resistant Plasmodium falciparum W2,W2,,,,,,
CHEMBL203125,FOSMIDOMYCIN,3.0,183.1,0.0,-0.6,A,O=CN(O)CCCP(=O)(O)O,IC50,'=',810.0,nM,6.091514981,,,UO_0000065,0,CHEMBL3407199,assay format,,CHEMBL3399940,1,Scientific Literature,Bioorg Med Chem Lett,,Antimalarial activity against chloroquine and mefloquine-resistant Plasmodium falciparum Dd2 after 48 hrs by SYBR Green I assay,Dd2,,,,,,
CHEMBL2408989,,,302.42,0.0,0.57,HoPanAm-3,CCCCCNC(=O)CCCNC(=O)[C@H](O)C(C)(C)CO,IC50,'=',3900.0,nM,5.408935393,,,UO_0000065,0,CHEMBL2410786,organism-based format,,CHEMBL2407032,1,Scientific Literature,ACS Med Chem Lett,,Antiplasmodial activity against intraerythrocytic Plasmodium falciparum 3D7 infected in human erythrocytes in fresh RPMI-1640 culture medium assessed as parasite growth inhibition after 96 hrs by microscopic analysis,3D7,,,,,,
CHEMBL2408989,,,302.42,0.0,0.57,HoPanAm-3,CCCCCNC(=O)CCCNC(=O)[C@H](O)C(C)(C)CO,IC50,'=',2200.0,nM,5.657577319,,,UO_0000065,0,CHEMBL2410785,organism-based format,,CHEMBL2407032,1,Scientific Literature,ACS Med Chem Lett,,Antiplasmodial activity against intraerythrocytic Plasmodium falciparum 3D7 infected in human erythrocytes in heat treated RPMI-1640 culture medium assessed as parasite growth inhibition after 96 hrs by microscopic analysis,3D7,,,,,,
CHEMBL203125,FOSMIDOMYCIN,3.0,183.1,0.0,-0.6,1,O=CN(O)CCCP(=O)(O)O,IC50,'=',3700.0,nM,5.431798276,,,UO_0000065,0,CHEMBL1832570,organism-based format,,CHEMBL1828585,1,Scientific Literature,J Med Chem,,Antimicrobial activity against chloroquine-resistant Plasmodium falciparum K1 infected in human erythrocytes assessed as inhibition of parasite replication,K1,,,,,,
CHEMBL367149,DOCONEXENT,3.0,328.5,1.0,6.55,DHA,CC/C=C\C/C=C\C/C=C\C/C=C\C/C=C\C/C=C\CCC(=O)O,IC50,'=',0.4,nM,9.397940009,,,UO_0000065,0,CHEMBL4017947,assay format,,CHEMBL4017462,1,Scientific Literature,Bioorg Med Chem Lett,,Antiplasmodial activity against chloroquine-sensitive Plasmodium falciparum 3D7 measured after 72 hrs by DAPI staining based high throughput screening assay,3D7,,,,,,
CHEMBL570383,,,172.32,0.0,2.02,NCGC00093873-01,NCCCCCCCCCCN,IC50,'=',12589.25,nM,4.900000142,,,UO_0000065,0,CHEMBL1267251,organism-based format,,CHEMBL1255382,1,Scientific Literature,Nat Chem Biol,,Antiplasmodial activity against Plasmodium falciparum W2 after 72 hrs by SYBR green assay,W2,,,,,,
CHEMBL3144388,,,206.18,0.0,1.29,NCGC00094045-01,CC(C)C[C@H](N)CS.Cl.Cl,IC50,'=',15848.93,nM,4.800000053,,,UO_0000065,0,CHEMBL1267250,organism-based format,,CHEMBL1255382,1,Scientific Literature,Nat Chem Biol,,Antiplasmodial activity against Plasmodium falciparum HB3 after 72 hrs by SYBR green assay,HB3,,,,,,
CHEMBL5411052,,,509.58,2.0,5.56,13j,CCCCCCCC(=O)OCOP(=O)(CCCC(=O)N(C)O)OCOC(=O)CCCCCCC,IC50,'=',30.0,nM,7.522878745,,,UO_0000065,0,CHEMBL5387098,organism-based format,,CHEMBL5385862,1,Scientific Literature,Eur J Med Chem,,Antiplasmodial activity against asexual blood stage Plasmodium falciparum K1 assessed as inhibition of parasitic growth,K1,,,,,,
CHEMBL3593459,,,475.54,1.0,7.45,4c,C/C=C/C=C/C=C/C[N+](C)(C)CCCCCCCCCCCCCC.[I-],IC50,'=',210.0,nM,6.677780705,,,UO_0000065,0,CHEMBL3594596,organism-based format,,CHEMBL3593187,1,Scientific Literature,Bioorg Med Chem,,Antiplasmodial activity against chloroquine-sensitive Plasmodium falciparum D10 assessed as inhibition of parasite growth after 72 hrs by parasite lactate dehydrogenase assay,D10,,,,,,
CHEMBL1256024,,,161.16,0.0,-0.78,NCGC00093578-01,NCCCS(=O)(=O)[O-].[Na+],IC50,'=',12589.25,nM,4.900000142,,,UO_0000065,0,CHEMBL1267250,organism-based format,,CHEMBL1255382,1,Scientific Literature,Nat Chem Biol,,Antiplasmodial activity against Plasmodium falciparum HB3 after 72 hrs by SYBR green assay,HB3,,,,,,
CHEMBL1134,DECAMETHONIUM BROMIDE,4.0,418.3,0.0,3.52,NCGC00093814-01,C[N+](C)(C)CCCCCCCCCC[N+](C)(C)C.[Br-].[Br-],IC50,'=',794.33,nM,6.099999035,,,UO_0000065,0,CHEMBL1267247,organism-based format,,CHEMBL1255382,1,Scientific Literature,Nat Chem Biol,,Antiplasmodial activity against Plasmodium falciparum D10 after 72 hrs by SYBR green assay,D10,,,,,,
CHEMBL434435,TETRAETHYLAMMONIUM CHLORIDE,-1.0,165.71,0.0,1.88,NCGC00094439-01,CC[N+](CC)(CC)CC.[Cl-],IC50,'=',12589.25,nM,4.900000142,,,UO_0000065,0,CHEMBL1267246,organism-based format,,CHEMBL1255382,1,Scientific Literature,Nat Chem Biol,,Antiplasmodial activity against Plasmodium falciparum 7G8 after 72 hrs by SYBR green assay,7G8,,,,,,
CHEMBL434435,TETRAETHYLAMMONIUM CHLORIDE,-1.0,165.71,0.0,1.88,NCGC00094439-01,CC[N+](CC)(CC)CC.[Cl-],IC50,'=',10000.0,nM,5.0,,,UO_0000065,0,CHEMBL1267250,organism-based format,,CHEMBL1255382,1,Scientific Literature,Nat Chem Biol,,Antiplasmodial activity against Plasmodium falciparum HB3 after 72 hrs by SYBR green assay,HB3,,,,,,
CHEMBL4128508,,,467.75,1.0,4.43,1,CCCCCCCCCCCCCCCC(=O)N(CCCCNC(=N)N)CCCNC(=N)N,IC50,'=',12890.0,nM,4.889747083,,,UO_0000065,0,CHEMBL4119091,organism-based format,,CHEMBL4118022,1,Scientific Literature,J Nat Prod,,Antiplasmodial activity against Plasmodium falciparum 3D7 erythrocytic stage assessed as reduction in parasitic LDH activity measured after 48 hrs by colorimetric method,3D7,,,,,,
CHEMBL1134,DECAMETHONIUM BROMIDE,4.0,418.3,0.0,3.52,3h,C[N+](C)(C)CCCCCCCCCC[N+](C)(C)C.[Br-].[Br-],IC50,'=',1700.0,nM,5.769551079,,,UO_0000065,0,CHEMBL1121089,organism-based format,,CHEMBL1158566,1,Scientific Literature,Bioorg Med Chem,,Antiplasmodial activity against chloroquine-sensitive Plasmodium falciparum 3D7 by micro dilution assay,3D7,,,,,,
CHEMBL4552192,,,451.5,0.0,2.16,19a,CCOC(=O)[C@@H](NP(=O)(CCCC(=O)N(C)O)N[C@H](C(=O)OCC)C(C)C)C(C)C,IC50,'=',12700.0,nM,4.896196279,,,UO_0000065,0,CHEMBL4424188,organism-based format,,CHEMBL4422657,1,Scientific Literature,Bioorg Med Chem,,Antiplasmodial activity against chloroquine-resistant Plasmodium falciparum K1 infected in human erythrocytes measured after 72 hrs Malstat/NBT reagent based assay,K1,,,,,,
CHEMBL258981,,,197.13,0.0,-0.21,9,CN(O)C(=O)CCCP(=O)(O)O,IC50,'=',980.0,nM,6.008773924,,,UO_0000065,0,CHEMBL922680,organism-based format,,CHEMBL1143891,1,Scientific Literature,Bioorg Med Chem,,Antimalarial activity against Plasmodium falciparum 3D7 in infected human erythrocytes after 48 hrs,3D7,,,,,,
CHEMBL1951763,,,301.52,0.0,4.15,2,CCCCCCCCCCCCC[C@H](O)C[C@@H](O)[C@H](C)N,IC50,'=',17800.0,nM,4.749579998,,,UO_0000065,0,CHEMBL2039435,organism-based format,,CHEMBL2034950,1,Scientific Literature,ACS Med Chem Lett,,Antimalarial activity against chloroquine-sensitive Plasmodium falciparum D6 infected in O-positive human RBC assessed as [3H]-hypoxanthine incorporation after 48 hrs by scintillation counting,D6,,,,,,
CHEMBL417675,PALMIDROL,3.0,299.5,0.0,4.58,NCGC00024840-02,CCCCCCCCCCCCCCCC(=O)NCCO,IC50,'=',3162.28,nM,5.499999679,,,UO_0000065,0,CHEMBL1267251,organism-based format,,CHEMBL1255382,1,Scientific Literature,Nat Chem Biol,,Antiplasmodial activity against Plasmodium falciparum W2 after 72 hrs by SYBR green assay,W2,,,,,,
CHEMBL1256182,,,281.02,0.0,-0.43,NCGC00093585-01,Br.Br.N=C(N)SCCN,IC50,'=',12589.25,nM,4.900000142,,,UO_0000065,0,CHEMBL1267246,organism-based format,,CHEMBL1255382,1,Scientific Literature,Nat Chem Biol,,Antiplasmodial activity against Plasmodium falciparum 7G8 after 72 hrs by SYBR green assay,7G8,,,,,,
CHEMBL4207168,,,203.07,0.0,-0.47,12a,O=CN(O)C/C=C/P(=O)([O-])O.[Na+],IC50,'=',19.0,nM,7.721246399,,,UO_0000065,0,CHEMBL4201411,organism-based format,,CHEMBL4196192,1,Scientific Literature,J Med Chem,,Growth inhibition of Plasmodium falciparum 3D7 asynchronous cultures by PicoGreen dye based assay,3D7,,,,,,
CHEMBL447943,,,288.39,0.0,0.18,n-PanAm-3,CCCCCNC(=O)CCNC(=O)[C@H](O)C(C)(C)CO,IC50,'=',182000.0,nM,3.739928612,Outside typical range,,UO_0000065,0,CHEMBL2410786,organism-based format,,CHEMBL2407032,1,Scientific Literature,ACS Med Chem Lett,,Antiplasmodial activity against intraerythrocytic Plasmodium falciparum 3D7 infected in human erythrocytes in fresh RPMI-1640 culture medium assessed as parasite growth inhibition after 96 hrs by microscopic analysis,3D7,,,,,,
CHEMBL205338,FR-900098,,197.13,0.0,-0.21,"2, FR-900098",CC(=O)N(O)CCCP(=O)(O)O,IC50,'=',420.0,nM,6.37675071,,,UO_0000065,0,CHEMBL1118495,organism-based format,,CHEMBL1155443,1,Scientific Literature,J Med Chem,,Antiplasmodial activity against Plasmodium falciparum K1 by micro dilution assay,K1,,,,,,
CHEMBL285629,,,522.71,2.0,5.2,NCGC00093938-01,CCCCCCCCCCCCCCCC(=O)NCC(COP(=O)([O-])OCC[N+](C)(C)C)OCC,IC50,'=',10000.0,nM,5.0,,,UO_0000065,0,CHEMBL1267251,organism-based format,,CHEMBL1255382,1,Scientific Literature,Nat Chem Biol,,Antiplasmodial activity against Plasmodium falciparum W2 after 72 hrs by SYBR green assay,W2,,,,,,
CHEMBL203125,FOSMIDOMYCIN,3.0,183.1,0.0,-0.6,1,O=CN(O)CCCP(=O)(O)O,IC50,'=',1730.0,nM,5.761953897,,,UO_0000065,0,CHEMBL1118495,organism-based format,,CHEMBL1155443,1,Scientific Literature,J Med Chem,,Antiplasmodial activity against Plasmodium falciparum K1 by micro dilution assay,K1,,,,,,
CHEMBL203125,FOSMIDOMYCIN,3.0,183.1,0.0,-0.6,fosmidomycin,O=CN(O)CCCP(=O)(O)O,IC50,'=',360.0,nM,6.443697499,,,UO_0000065,0,CHEMBL860878,organism-based format,,CHEMBL1146140,1,Scientific Literature,Bioorg Med Chem Lett,,Antimalarial activity against Plasmodium falciparum Dd2,Dd2,,,,,,
CHEMBL1922604,,,219.11,0.0,-0.21,"B, mono Na+ salt",CC(=O)N(O)CCCP(=O)([O-])O.[Na+],IC50,'=',893.0,nM,6.049148541,,,UO_0000065,0,CHEMBL3407199,assay format,,CHEMBL3399940,1,Scientific Literature,Bioorg Med Chem Lett,,Antimalarial activity against chloroquine and mefloquine-resistant Plasmodium falciparum Dd2 after 48 hrs by SYBR Green I assay,Dd2,,,,,,
CHEMBL261371,,,425.42,0.0,2.93,Bis(POM)-B,CC(=O)N(O)CCCP(=O)(OCOC(=O)C(C)(C)C)OCOC(=O)C(C)(C)C,IC50,'=',272.0,nM,6.565431096,,,UO_0000065,0,CHEMBL3407199,assay format,,CHEMBL3399940,1,Scientific Literature,Bioorg Med Chem Lett,,Antimalarial activity against chloroquine and mefloquine-resistant Plasmodium falciparum Dd2 after 48 hrs by SYBR Green I assay,Dd2,,,,,,
CHEMBL299988,,,262.13,0.0,0.57,NBP7,CCCCCC(O)(P(=O)(O)O)P(=O)(O)O,IC50,'=',130000.0,nM,3.886056648,Outside typical range,,UO_0000065,0,CHEMBL5150360,organism-based format,Erythrocyte,CHEMBL5149966,1,Scientific Literature,J Med Chem,CHEMBL3833281,Antiparasitic activity against Plasmodium falciparum 3D7 infected in human erythrocyte assessed as intraerythrocytic growth inhibition incubated for 24 hrs followed by [3H]hypoxanthine addition by microbeta scintillation counter analysis,3D7,,,,,,
CHEMBL1256182,,,281.02,0.0,-0.43,NCGC00093585-01,Br.Br.N=C(N)SCCN,IC50,'=',15848.93,nM,4.800000053,,,UO_0000065,0,CHEMBL1267249,organism-based format,,CHEMBL1255382,1,Scientific Literature,Nat Chem Biol,,Antiplasmodial activity against Plasmodium falciparum GB4 after 72 hrs by SYBR green assay,GB4,,,,,,
CHEMBL1256182,,,281.02,0.0,-0.43,NCGC00093585-01,Br.Br.N=C(N)SCCN,IC50,'=',12589.25,nM,4.900000142,,,UO_0000065,0,CHEMBL1267247,organism-based format,,CHEMBL1255382,1,Scientific Literature,Nat Chem Biol,,Antiplasmodial activity against Plasmodium falciparum D10 after 72 hrs by SYBR green assay,D10,,,,,,
CHEMBL1134,DECAMETHONIUM BROMIDE,4.0,418.3,0.0,3.52,NCGC00093814-01,C[N+](C)(C)CCCCCCCCCC[N+](C)(C)C.[Br-].[Br-],IC50,'=',1000.0,nM,6.0,,,UO_0000065,0,CHEMBL1267251,organism-based format,,CHEMBL1255382,1,Scientific Literature,Nat Chem Biol,,Antiplasmodial activity against Plasmodium falciparum W2 after 72 hrs by SYBR green assay,W2,,,,,,
CHEMBL367149,DOCONEXENT,3.0,328.5,1.0,6.55,DHA,CC/C=C\C/C=C\C/C=C\C/C=C\C/C=C\C/C=C\CCC(=O)O,IC50,'=',0.43,nM,9.366531544,,,UO_0000065,0,CHEMBL4017948,assay format,,CHEMBL4017462,1,Scientific Literature,Bioorg Med Chem Lett,,Antiplasmodial activity against chloroquine-resistant Plasmodium falciparum Dd2 measured after 72 hrs by DAPI staining based high throughput screening assay,Dd2,,,,,,
CHEMBL88621,,,169.07,0.0,-1.42,APPA,NC(CP(=O)(O)O)C(=O)O,IC50,'=',84.4,nM,7.073657553,,,UO_0000065,0,CHEMBL1112873,organism-based format,,CHEMBL1157896,1,Scientific Literature,J Med Chem,,Antimalarial activity against chloroquine-resistant Plasmodium falciparum W2 infected in human erythrocytes after 48 hrs by flow-cytometry,W2,,,,,,
CHEMBL964,DISULFIRAM,4.0,296.55,0.0,3.62,NCGC00094423-01,CCN(CC)C(=S)SSC(=S)N(CC)CC,IC50,'=',3981.07,nM,5.400000186,,,UO_0000065,0,CHEMBL1267249,organism-based format,,CHEMBL1255382,1,Scientific Literature,Nat Chem Biol,,Antiplasmodial activity against Plasmodium falciparum GB4 after 72 hrs by SYBR green assay,GB4,,,,,,
CHEMBL434435,TETRAETHYLAMMONIUM CHLORIDE,-1.0,165.71,0.0,1.88,NCGC00094439-01,CC[N+](CC)(CC)CC.[Cl-],IC50,'=',10000.0,nM,5.0,,,UO_0000065,0,CHEMBL1267245,organism-based format,,CHEMBL1255382,1,Scientific Literature,Nat Chem Biol,,Antiplasmodial activity against Plasmodium falciparum 3D7 after 72 hrs by SYBR green assay,3D7,,,,,,
CHEMBL494887,TETRAISOPROPYL PYROPHOSPHORAMIDE,,342.36,0.0,3.21,NCGC00094438-01,CC(C)NP(=O)(NC(C)C)OP(=O)(NC(C)C)NC(C)C,IC50,'=',12589.25,nM,4.900000142,,,UO_0000065,0,CHEMBL1267250,organism-based format,,CHEMBL1255382,1,Scientific Literature,Nat Chem Biol,,Antiplasmodial activity against Plasmodium falciparum HB3 after 72 hrs by SYBR green assay,HB3,,,,,,
CHEMBL1951765,,,315.54,0.0,4.41,5,CCCCCCCCCCCCC[C@H](O)C[C@H](O)[C@H](C)NC,IC50,'=',4700.0,nM,5.327902142,,,UO_0000065,0,CHEMBL2039435,organism-based format,,CHEMBL2034950,1,Scientific Literature,ACS Med Chem Lett,,Antimalarial activity against chloroquine-sensitive Plasmodium falciparum D6 infected in O-positive human RBC assessed as [3H]-hypoxanthine incorporation after 48 hrs by scintillation counting,D6,,,,,,
CHEMBL4556237,,,451.5,0.0,2.16,19f,COC(=O)[C@H](CC(C)C)NP(=O)(CCCC(=O)N(C)O)N[C@@H](CC(C)C)C(=O)OC,IC50,'=',1760.0,nM,5.754487332,,,UO_0000065,0,CHEMBL4424188,organism-based format,,CHEMBL4422657,1,Scientific Literature,Bioorg Med Chem,,Antiplasmodial activity against chloroquine-resistant Plasmodium falciparum K1 infected in human erythrocytes measured after 72 hrs Malstat/NBT reagent based assay,K1,,,,,,
CHEMBL2164257,FOSMIDOMYCIN SODIUM,,205.08,0.0,-0.6,1,O=CN(O)CCCP(=O)([O-])O.[Na+],IC50,'=',810.0,nM,6.091514981,,,UO_0000065,0,CHEMBL2167525,organism-based format,,CHEMBL2163278,1,Scientific Literature,J Med Chem,,Antiplasmodial activity against chloroquine-resistant Plasmodium falciparum Dd2 incubated for 3 days by HRP2 detection based ELISA method,Dd2,,,,,,
CHEMBL54004,,,318.24,0.0,2.13,NBP8,CCCCCCCCCC(O)(P(=O)(O)O)P(=O)(O)O,IC50,'=',830.0,nM,6.080921908,,,UO_0000065,0,CHEMBL5150360,organism-based format,Erythrocyte,CHEMBL5149966,1,Scientific Literature,J Med Chem,CHEMBL3833281,Antiparasitic activity against Plasmodium falciparum 3D7 infected in human erythrocyte assessed as intraerythrocytic growth inhibition incubated for 24 hrs followed by [3H]hypoxanthine addition by microbeta scintillation counter analysis,3D7,,,,,,
CHEMBL161343,ARACHIDONOYL GLYCINE,,361.53,1.0,5.33,NCGC00093582-01,CCCCC/C=C\C/C=C\C/C=C\C/C=C\CCCC(=O)NCC(=O)O,IC50,'=',12589.25,nM,4.900000142,,,UO_0000065,0,CHEMBL1267247,organism-based format,,CHEMBL1255382,1,Scientific Literature,Nat Chem Biol,,Antiplasmodial activity against Plasmodium falciparum D10 after 72 hrs by SYBR green assay,D10,,,,,,
CHEMBL1134,DECAMETHONIUM BROMIDE,4.0,418.3,0.0,3.52,NCGC00093814-01,C[N+](C)(C)CCCCCCCCCC[N+](C)(C)C.[Br-].[Br-],IC50,'=',10000.0,nM,5.0,,,UO_0000065,0,CHEMBL1267248,organism-based format,,CHEMBL1255382,1,Scientific Literature,Nat Chem Biol,,Antiplasmodial activity against Plasmodium falciparum Dd2 after 72 hrs by SYBR green assay,Dd2,,,,,,
CHEMBL50300,FOSFONET,2.0,140.03,0.0,-0.75,NCGC00094288-01,O=C(O)CP(=O)(O)O,IC50,'=',12589.25,nM,4.900000142,,,UO_0000065,0,CHEMBL1267249,organism-based format,,CHEMBL1255382,1,Scientific Literature,Nat Chem Biol,,Antiplasmodial activity against Plasmodium falciparum GB4 after 72 hrs by SYBR green assay,GB4,,,,,,
CHEMBL964,DISULFIRAM,4.0,296.55,0.0,3.62,NCGC00094423-01,CCN(CC)C(=S)SSC(=S)N(CC)CC,IC50,'=',10000.0,nM,5.0,,,UO_0000065,0,CHEMBL1267251,organism-based format,,CHEMBL1255382,1,Scientific Literature,Nat Chem Biol,,Antiplasmodial activity against Plasmodium falciparum W2 after 72 hrs by SYBR green assay,W2,,,,,,
CHEMBL203125,FOSMIDOMYCIN,3.0,183.1,0.0,-0.6,fosmidomycin,O=CN(O)CCCP(=O)(O)O,IC50,'=',480.0,nM,6.318758763,,,UO_0000065,0,CHEMBL870711,organism-based format,,CHEMBL1146121,1,Scientific Literature,J Med Chem,,Inhibition of Plasmodium falciparum Dd2,Dd2,,,,,,
CHEMBL203125,FOSMIDOMYCIN,3.0,183.1,0.0,-0.6,fosmidomycin,O=CN(O)CCCP(=O)(O)O,IC50,'=',400.0,nM,6.397940009,,,UO_0000065,0,CHEMBL870712,organism-based format,,CHEMBL1146121,1,Scientific Literature,J Med Chem,,Inhibition of Plasmodium falciparum 3D7,3D7,,,,,,
CHEMBL395827,CITRONELLOL,,156.27,0.0,2.75,6,CC(C)=CCCC(C)CCO,IC50,'=',192000.0,nM,3.716698771,Outside typical range,,UO_0000065,0,CHEMBL900468,organism-based format,,CHEMBL1137552,1,Scientific Literature,Bioorg Med Chem Lett,,Antiplasmodial activity after 48 hrs against chloroquine-resistant Plasmodium falciparum FcM29-Cameroon by [3H]hypoxanthine uptake,FcM29,,,,,,
CHEMBL261371,,,425.42,0.0,2.93,2c,CC(=O)N(O)CCCP(=O)(OCOC(=O)C(C)(C)C)OCOC(=O)C(C)(C)C,IC50,'=',41.0,nM,7.387216143,,,UO_0000065,0,CHEMBL3411607,organism-based format,,CHEMBL3407342,1,Scientific Literature,J Med Chem,,Antiplasmodial activity against blood stage forms of chloroquine-sensitive Plasmodium falciparum 3D7 incubated for 3 days by HRP2 detection based ELISA method,3D7,,,,,,
CHEMBL261371,,,425.42,0.0,2.93,2c,CC(=O)N(O)CCCP(=O)(OCOC(=O)C(C)(C)C)OCOC(=O)C(C)(C)C,IC50,'=',28.0,nM,7.552841969,,,UO_0000065,0,CHEMBL3411606,organism-based format,,CHEMBL3407342,1,Scientific Literature,J Med Chem,,Antiplasmodial activity against blood stage forms of multidrug-resistant Plasmodium falciparum Dd2 incubated for 3 days by HRP2 detection based ELISA method,Dd2,,,,,,
CHEMBL1134,DECAMETHONIUM BROMIDE,4.0,418.3,0.0,3.52,NCGC00093814-01,C[N+](C)(C)CCCCCCCCCC[N+](C)(C)C.[Br-].[Br-],IC50,'=',3162.28,nM,5.499999679,,,UO_0000065,0,CHEMBL1267249,organism-based format,,CHEMBL1255382,1,Scientific Literature,Nat Chem Biol,,Antiplasmodial activity against Plasmodium falciparum GB4 after 72 hrs by SYBR green assay,GB4,,,,,,
CHEMBL1256147,,,173.58,0.0,0.24,"NCGC00093599-01, SKF-97541 hydrochloride",CP(=O)(O)CCCN.Cl,IC50,'=',3162.28,nM,5.499999679,,,UO_0000065,0,CHEMBL1267249,organism-based format,,CHEMBL1255382,1,Scientific Literature,Nat Chem Biol,,Antiplasmodial activity against Plasmodium falciparum GB4 after 72 hrs by SYBR green assay,GB4,,,,,,
CHEMBL1256182,,,281.02,0.0,-0.43,NCGC00093585-01,Br.Br.N=C(N)SCCN,IC50,'=',10000.0,nM,5.0,,,UO_0000065,0,CHEMBL1267251,organism-based format,,CHEMBL1255382,1,Scientific Literature,Nat Chem Biol,,Antiplasmodial activity against Plasmodium falciparum W2 after 72 hrs by SYBR green assay,W2,,,,,,
CHEMBL25306,LINALOOL,,154.25,0.0,2.67,2 (LIN),C=CC(C)(O)CCC=C(C)C,IC50,'=',519000.0,nM,3.284832642,Outside typical range,,UO_0000065,0,CHEMBL900468,organism-based format,,CHEMBL1137552,1,Scientific Literature,Bioorg Med Chem Lett,,Antiplasmodial activity after 48 hrs against chloroquine-resistant Plasmodium falciparum FcM29-Cameroon by [3H]hypoxanthine uptake,FcM29,,,,,,
CHEMBL203125,FOSMIDOMYCIN,3.0,183.1,0.0,-0.6,FOS,O=CN(O)CCCP(=O)(O)O,IC50,'=',880.0,nM,6.055517328,,,UO_0000065,0,CHEMBL3406688,assay format,,CHEMBL3400070,1,Scientific Literature,Bioorg Med Chem Lett,,"Antimalarial activity against MRA-150, chloroquine, pyrimethamine, mefloquine-resistant asexual blood stage Plasmodium falciparum Dd2 after 72 hrs by SYBR green assay",Dd2,,,,,,
CHEMBL261371,,,425.42,0.0,2.93,2c,CC(=O)N(O)CCCP(=O)(OCOC(=O)C(C)(C)C)OCOC(=O)C(C)(C)C,IC50,'=',98.0,nM,7.008773924,,,UO_0000065,0,CHEMBL3411608,organism-based format,,CHEMBL3407342,1,Scientific Literature,J Med Chem,,Antiplasmodial activity against blood stage forms of chloroquine-sensitive Plasmodium falciparum D10 incubated for 3 days by HRP2 detection based ELISA method,D10,,,,,,
CHEMBL161343,ARACHIDONOYL GLYCINE,,361.53,1.0,5.33,NCGC00093582-01,CCCCC/C=C\C/C=C\C/C=C\C/C=C\CCCC(=O)NCC(=O)O,IC50,'=',12589.25,nM,4.900000142,,,UO_0000065,0,CHEMBL1267250,organism-based format,,CHEMBL1255382,1,Scientific Literature,Nat Chem Biol,,Antiplasmodial activity against Plasmodium falciparum HB3 after 72 hrs by SYBR green assay,HB3,,,,,,
CHEMBL161343,ARACHIDONOYL GLYCINE,,361.53,1.0,5.33,NCGC00093582-01,CCCCC/C=C\C/C=C\C/C=C\C/C=C\CCCC(=O)NCC(=O)O,IC50,'=',15848.93,nM,4.800000053,,,UO_0000065,0,CHEMBL1267251,organism-based format,,CHEMBL1255382,1,Scientific Literature,Nat Chem Biol,,Antiplasmodial activity against Plasmodium falciparum W2 after 72 hrs by SYBR green assay,W2,,,,,,
CHEMBL417675,PALMIDROL,3.0,299.5,0.0,4.58,NCGC00024840-02,CCCCCCCCCCCCCCCC(=O)NCCO,IC50,'=',501.19,nM,6.299997603,,,UO_0000065,0,CHEMBL1267249,organism-based format,,CHEMBL1255382,1,Scientific Literature,Nat Chem Biol,,Antiplasmodial activity against Plasmodium falciparum GB4 after 72 hrs by SYBR green assay,GB4,,,,,,
CHEMBL417675,PALMIDROL,3.0,299.5,0.0,4.58,NCGC00024840-02,CCCCCCCCCCCCCCCC(=O)NCCO,IC50,'=',10000.0,nM,5.0,,,UO_0000065,0,CHEMBL1267250,organism-based format,,CHEMBL1255382,1,Scientific Literature,Nat Chem Biol,,Antiplasmodial activity against Plasmodium falciparum HB3 after 72 hrs by SYBR green assay,HB3,,,,,,
CHEMBL25719,GERANIOL,,154.25,0.0,2.67,1 (GER),CC(C)=CCC/C(C)=C/CO,IC50,'=',52000.0,nM,4.283996656,,,UO_0000065,0,CHEMBL900468,organism-based format,,CHEMBL1137552,1,Scientific Literature,Bioorg Med Chem Lett,,Antiplasmodial activity after 48 hrs against chloroquine-resistant Plasmodium falciparum FcM29-Cameroon by [3H]hypoxanthine uptake,FcM29,,,,,,
CHEMBL3938070,,,247.23,0.0,1.39,18b,C#CCNC(=O)CCP(=O)(OCC)OCC,IC50,'=',20090.0,nM,4.697020063,,,UO_0000065,0,CHEMBL3863780,cell-based format,,CHEMBL3862027,1,Scientific Literature,Bioorg Med Chem,,Antimalarial activity against Plasmodium falciparum 3D7 infected in human erythrocytes after 48 hrs by lactate dehydrogenase assay,3D7,,,,,,
CHEMBL332524,HEXAMETHONIUM BROMIDE,2.0,362.19,0.0,1.96,3d,C[N+](C)(C)CCCCCC[N+](C)(C)C.[Br-].[Br-],IC50,'=',700000.0,nM,3.15490196,Outside typical range,,UO_0000065,0,CHEMBL1121089,organism-based format,,CHEMBL1158566,1,Scientific Literature,Bioorg Med Chem,,Antiplasmodial activity against chloroquine-sensitive Plasmodium falciparum 3D7 by micro dilution assay,3D7,,,,,,
CHEMBL296588,PEPSTATIN,2.0,685.9,2.0,1.47,Pepstatin A,CC(C)CC(=O)N[C@H](C(=O)N[C@H](C(=O)N[C@@H](CC(C)C)[C@@H](O)CC(=O)N[C@@H](C)C(=O)N[C@@H](CC(C)C)[C@@H](O)CC(=O)O)C(C)C)C(C)C,IC50,'=',39200.0,nM,4.406713933,,,UO_0000065,0,CHEMBL1697474,organism-based format,,CHEMBL1687707,1,Scientific Literature,Antimicrob Agents Chemother,,Antimicrobial activity against wild type Plasmodium falciparum HB3 infected in erythrocytes assessed as growth inhibition after 72 hrs by SYBR Green I-based fluorescence assay,HB3,,,,,,
CHEMBL2012484,,,425.42,0.0,2.93,4,CN(O)C(=O)CCCP(=O)(OCOC(=O)C(C)(C)C)OCOC(=O)C(C)(C)C,IC50,'=',730.0,nM,6.13667714,,,UO_0000065,0,CHEMBL4269457,organism-based format,,CHEMBL4266002,1,Scientific Literature,ACS Med Chem Lett,,Antiplasmodial activity against chloroquine-resistant Plasmodium falciparum K1 infected in human erythrocytes measured after 72 hrs Malstat/NBT reagent based assay,K1,,,,,,
CHEMBL52761,,,234.08,0.0,-0.21,NBP6,CCCC(O)(P(=O)(O)O)P(=O)(O)O,IC50,'=',5530.0,nM,5.257274869,,,UO_0000065,0,CHEMBL5150360,organism-based format,Erythrocyte,CHEMBL5149966,1,Scientific Literature,J Med Chem,CHEMBL3833281,Antiparasitic activity against Plasmodium falciparum 3D7 infected in human erythrocyte assessed as intraerythrocytic growth inhibition incubated for 24 hrs followed by [3H]hypoxanthine addition by microbeta scintillation counter analysis,3D7,,,,,,
CHEMBL298852,,,332.27,0.0,2.52,NBP9,CCCCCCCCCCC(O)(P(=O)(O)O)P(=O)(O)O,IC50,'=',5230.0,nM,5.281498311,,,UO_0000065,0,CHEMBL5150360,organism-based format,Erythrocyte,CHEMBL5149966,1,Scientific Literature,J Med Chem,CHEMBL3833281,Antiparasitic activity against Plasmodium falciparum 3D7 infected in human erythrocyte assessed as intraerythrocytic growth inhibition incubated for 24 hrs followed by [3H]hypoxanthine addition by microbeta scintillation counter analysis,3D7,,,,,,
CHEMBL299988,,,262.13,0.0,0.57,17,CCCCCC(O)(P(=O)(O)O)P(=O)(O)O,IC50,'=',5100.0,nM,5.292429824,,,UO_0000065,0,CHEMBL753354,organism-based format,,CHEMBL1134372,1,Scientific Literature,J Med Chem,,Inhibition of Plasmodium falciparum 3D7 in erythrocytes,3D7,,,,,,
CHEMBL1951761,ENIGMOL,,301.52,0.0,4.15,"1, Enigmol",CCCCCCCCCCCCC[C@H](O)C[C@H](O)[C@H](C)N,IC50,'=',9200.0,nM,5.036212173,,,UO_0000065,0,CHEMBL2039532,organism-based format,,CHEMBL2034950,1,Scientific Literature,ACS Med Chem Lett,,Antimalarial activity against chloroquine-resistant Plasmodium falciparum W2 infected in O-positive human RBC assessed as [3H]-hypoxanthine incorporation after 48 hrs by scintillation counting in presence of BSA,W2,,,,,,
CHEMBL3593600,,,406.54,1.0,7.34,7,CCCCCCCCCCCC[N+](C)(C)CCCCCCCC.[Br-],IC50,'=',480.0,nM,6.318758763,,,UO_0000065,0,CHEMBL3594597,organism-based format,,CHEMBL3593187,1,Scientific Literature,Bioorg Med Chem,,Antiplasmodial activity against chloroquine-resistant Plasmodium falciparum W2 assessed as inhibition of parasite growth after 72 hrs by parasite lactate dehydrogenase assay,W2,,,,,,
CHEMBL3261887,,,253.43,0.0,4.08,10,CC(C)=CCC/C(C)=C/CNCCOC(C)(C)C,IC50,'=',13000.0,nM,4.886056648,,,UO_0000065,0,CHEMBL3267780,organism-based format,,CHEMBL3259693,1,Scientific Literature,J Med Chem,,Antimicrobial activity against Plasmodium falciparum 3D7 by intraerythrocytic assay,3D7,,,,,,
CHEMBL4164243,,,217.22,0.0,-0.92,"(R,E)-1a; CJ-15,801",CC(C)(CO)[C@@H](O)C(=O)N/C=C/C(=O)O,IC50,'=',36000.0,nM,4.443697499,,,UO_0000065,0,CHEMBL4143868,organism-based format,,CHEMBL4138249,1,Scientific Literature,Eur J Med Chem,,Antimalarial activity against Plasmodium falciparum 3D7 infected in human erythrocytes after 96 hrs in presence of 1 uM pantothenate by SYBR green fluorescence-based method,3D7,,,,,,
CHEMBL3593600,,,406.54,1.0,7.34,7,CCCCCCCCCCCC[N+](C)(C)CCCCCCCC.[Br-],IC50,'=',190.0,nM,6.721246399,,,UO_0000065,0,CHEMBL3594596,organism-based format,,CHEMBL3593187,1,Scientific Literature,Bioorg Med Chem,,Antiplasmodial activity against chloroquine-sensitive Plasmodium falciparum D10 assessed as inhibition of parasite growth after 72 hrs by parasite lactate dehydrogenase assay,D10,,,,,,
CHEMBL280065,OLEOYLETHANOLAMIDE,,325.54,1.0,5.13,NCGC00025182-02,CCCCCCCC/C=C\CCCCCCCC(=O)NCCO,IC50,'=',5011.87,nM,5.300000202,,,UO_0000065,0,CHEMBL1267246,organism-based format,,CHEMBL1255382,1,Scientific Literature,Nat Chem Biol,,Antiplasmodial activity against Plasmodium falciparum 7G8 after 72 hrs by SYBR green assay,7G8,,,,,,
CHEMBL280065,OLEOYLETHANOLAMIDE,,325.54,1.0,5.13,NCGC00025182-02,CCCCCCCC/C=C\CCCCCCCC(=O)NCCO,IC50,'=',6309.57,nM,5.200000237,,,UO_0000065,0,CHEMBL1267245,organism-based format,,CHEMBL1255382,1,Scientific Literature,Nat Chem Biol,,Antiplasmodial activity against Plasmodium falciparum 3D7 after 72 hrs by SYBR green assay,3D7,,,,,,
CHEMBL320497,SUBEROHYDROXAMIC ACID,,204.23,0.0,0.34,SAHA,O=C(CCCCCCC(=O)NO)NO,IC50,'=',940.0,nM,6.026872146,,,UO_0000065,0,CHEMBL1261995,organism-based format,,CHEMBL1255291,1,Scientific Literature,Antimicrob Agents Chemother,,Antimalarial activity against chloroquine-sensitive Plasmodium falciparum D6 infected in O+ human erythrocytes by [3H]hypoxanthine incorporation assay,D6,,,,,,
CHEMBL1256147,,,173.58,0.0,0.24,"NCGC00093599-01, SKF-97541 hydrochloride",CP(=O)(O)CCCN.Cl,IC50,'=',1995.26,nM,5.700000504,,,UO_0000065,0,CHEMBL1267247,organism-based format,,CHEMBL1255382,1,Scientific Literature,Nat Chem Biol,,Antiplasmodial activity against Plasmodium falciparum D10 after 72 hrs by SYBR green assay,D10,,,,,,
CHEMBL1951765,,,315.54,0.0,4.41,5,CCCCCCCCCCCCC[C@H](O)C[C@H](O)[C@H](C)NC,IC50,'=',1600.0,nM,5.795880017,,,UO_0000065,0,CHEMBL2039434,organism-based format,,CHEMBL2034950,1,Scientific Literature,ACS Med Chem Lett,,Antimalarial activity against chloroquine-resistant Plasmodium falciparum W2 infected in O-positive human RBC assessed as [3H]-hypoxanthine incorporation after 48 hrs by scintillation counting,W2,,,,,,
CHEMBL205338,FR-900098,,197.13,0.0,-0.21,60; FR900098,CC(=O)N(O)CCCP(=O)(O)O,IC50,'=',90.0,nM,7.045757491,,,UO_0000065,0,CHEMBL4425220,organism-based format,,CHEMBL4425082,1,Scientific Literature,J Med Chem,,Antimalarial activity against Plasmodium falciparum Dd2 assessed as reduction in parasite viability by [3H]-hypoxanthine incorporation assay,Dd2,,,,,,
CHEMBL280065,OLEOYLETHANOLAMIDE,,325.54,1.0,5.13,NCGC00025182-02,CCCCCCCC/C=C\CCCCCCCC(=O)NCCO,IC50,'=',3981.07,nM,5.400000186,,,UO_0000065,0,CHEMBL1267250,organism-based format,,CHEMBL1255382,1,Scientific Literature,Nat Chem Biol,,Antiplasmodial activity against Plasmodium falciparum HB3 after 72 hrs by SYBR green assay,HB3,,,,,,
CHEMBL1134,DECAMETHONIUM BROMIDE,4.0,418.3,0.0,3.52,NCGC00093814-01,C[N+](C)(C)CCCCCCCCCC[N+](C)(C)C.[Br-].[Br-],IC50,'=',5011.87,nM,5.300000202,,,UO_0000065,0,CHEMBL1267246,organism-based format,,CHEMBL1255382,1,Scientific Literature,Nat Chem Biol,,Antiplasmodial activity against Plasmodium falciparum 7G8 after 72 hrs by SYBR green assay,7G8,,,,,,
CHEMBL447943,,,288.39,0.0,0.18,n-PanAm-3,CCCCCNC(=O)CCNC(=O)[C@H](O)C(C)(C)CO,IC50,'=',7500.0,nM,5.124938737,,,UO_0000065,0,CHEMBL2410785,organism-based format,,CHEMBL2407032,1,Scientific Literature,ACS Med Chem Lett,,Antiplasmodial activity against intraerythrocytic Plasmodium falciparum 3D7 infected in human erythrocytes in heat treated RPMI-1640 culture medium assessed as parasite growth inhibition after 96 hrs by microscopic analysis,3D7,,,,,,
CHEMBL1256024,,,161.16,0.0,-0.78,NCGC00093578-01,NCCCS(=O)(=O)[O-].[Na+],IC50,'=',10000.0,nM,5.0,,,UO_0000065,0,CHEMBL1267245,organism-based format,,CHEMBL1255382,1,Scientific Literature,Nat Chem Biol,,Antiplasmodial activity against Plasmodium falciparum 3D7 after 72 hrs by SYBR green assay,3D7,,,,,,
CHEMBL964,DISULFIRAM,4.0,296.55,0.0,3.62,NCGC00094423-01,CCN(CC)C(=S)SSC(=S)N(CC)CC,IC50,'=',2511.89,nM,5.599999383,,,UO_0000065,0,CHEMBL1267245,organism-based format,,CHEMBL1255382,1,Scientific Literature,Nat Chem Biol,,Antiplasmodial activity against Plasmodium falciparum 3D7 after 72 hrs by SYBR green assay,3D7,,,,,,
CHEMBL964,DISULFIRAM,4.0,296.55,0.0,3.62,NCGC00094423-01,CCN(CC)C(=S)SSC(=S)N(CC)CC,IC50,'=',6309.57,nM,5.200000237,,,UO_0000065,0,CHEMBL1267246,organism-based format,,CHEMBL1255382,1,Scientific Literature,Nat Chem Biol,,Antiplasmodial activity against Plasmodium falciparum 7G8 after 72 hrs by SYBR green assay,7G8,,,,,,
CHEMBL205338,FR-900098,,197.13,0.0,-0.21,"2, FR900098",CC(=O)N(O)CCCP(=O)(O)O,IC50,'=',320.0,nM,6.494850022,,,UO_0000065,0,CHEMBL2320620,organism-based format,,CHEMBL2311477,1,Scientific Literature,J Med Chem,,Antimalarial activity against Plasmodium falciparum 3D7 assessed as parasite growth inhibition,3D7,,,,,,
CHEMBL416301,,,346.3,0.0,2.91,NBP10,CCCCCCCCCCCC(O)(P(=O)(O)O)P(=O)(O)O,IC50,'=',1070.0,nM,5.970616222,,,UO_0000065,0,CHEMBL5150360,organism-based format,Erythrocyte,CHEMBL5149966,1,Scientific Literature,J Med Chem,CHEMBL3833281,Antiparasitic activity against Plasmodium falciparum 3D7 infected in human erythrocyte assessed as intraerythrocytic growth inhibition incubated for 24 hrs followed by [3H]hypoxanthine addition by microbeta scintillation counter analysis,3D7,,,,,,
CHEMBL203125,FOSMIDOMYCIN,3.0,183.1,0.0,-0.6,1,O=CN(O)CCCP(=O)(O)O,IC50,'=',1000.0,nM,6.0,,,UO_0000065,0,CHEMBL2320620,organism-based format,,CHEMBL2311477,1,Scientific Literature,J Med Chem,,Antimalarial activity against Plasmodium falciparum 3D7 assessed as parasite growth inhibition,3D7,,,,,,
CHEMBL1256024,,,161.16,0.0,-0.78,NCGC00093578-01,NCCCS(=O)(=O)[O-].[Na+],IC50,'=',7943.28,nM,5.100000128,,,UO_0000065,0,CHEMBL1267246,organism-based format,,CHEMBL1255382,1,Scientific Literature,Nat Chem Biol,,Antiplasmodial activity against Plasmodium falciparum 7G8 after 72 hrs by SYBR green assay,7G8,,,,,,
CHEMBL4283416,,,429.36,1.0,2.88,5,CC(C)OC(=O)OCOP(=O)(CCCC(=O)N(C)O)OCOC(=O)OC(C)C,IC50,'=',80.0,nM,7.096910013,,,UO_0000065,0,CHEMBL4269457,organism-based format,,CHEMBL4266002,1,Scientific Literature,ACS Med Chem Lett,,Antiplasmodial activity against chloroquine-resistant Plasmodium falciparum K1 infected in human erythrocytes measured after 72 hrs Malstat/NBT reagent based assay,K1,,,,,,
